year,month,state,district,volume,unit,note
2025,August,Andaman and Nicobar Islands,Nicobar,0,volume in million,
2025,August,Andaman and Nicobar Islands,North And Middle Andaman,0.01,volume in million,
2025,August,Andaman and Nicobar Islands,South Andaman,0.09,volume in million,
2025,August,Andhra Pradesh,Ananthapur,0.86,volume in million,
2025,August,Andhra Pradesh,Banganapalle,0,volume in million,
2025,August,Andhra Pradesh,Chittoor,1.59,volume in million,
2025,August,Andhra Pradesh,Cuddapah,0.49,volume in million,
2025,August,Andhra Pradesh,Damaramadugu,0,volume in million,
2025,August,Andhra Pradesh,Others,9.25,volume in million,
2025,August,Arunachal Pradesh,Changlang,0.01,volume in million,
2025,August,Arunachal Pradesh,Dibang Valley,0,volume in million,
2025,August,Arunachal Pradesh,East Kameng,0.01,volume in million,
2025,August,Arunachal Pradesh,East Siang,0.03,volume in million,
2025,August,Arunachal Pradesh,Kurung Kumey,0,volume in million,
2025,August,Arunachal Pradesh,Others,0.22,volume in million,
2025,August,Assam,Barpeta,0.26,volume in million,
2025,August,Assam,Bongaigaon,0.18,volume in million,
2025,August,Assam,Cachar,0.36,volume in million,
2025,August,Assam,Darrang,0.23,volume in million,
2025,August,Assam,Dhamdhama,0,volume in million,
2025,August,Assam,Others,5.31,volume in million,
2025,August,Bihar,Araria,0.14,volume in million,
2025,August,Bihar,Arwal,0.02,volume in million,
2025,August,Bihar,Aurangabad (Bh),0,volume in million,
2025,August,Bihar,Aurangabad(Bh),0.18,volume in million,
2025,August,Bihar,Banka,0.12,volume in million,
2025,August,Bihar,Others,9.47,volume in million,
2025,August,Chandigarh,Bastanar,0,volume in million,
2025,August,Chandigarh,Chandigarh,0.66,volume in million,
2025,August,Chhattisgarh,Bagbahara,0,volume in million,
2025,August,Chhattisgarh,Bastar,0.27,volume in million,
2025,August,Chhattisgarh,Bijapur(Cgh),0.03,volume in million,
2025,August,Chhattisgarh,Bilaspur,0,volume in million,
2025,August,Chhattisgarh,Bilaspur(Cgh),0.5,volume in million,
2025,August,Chhattisgarh,Others,4.72,volume in million,
2025,August,Dadra and Nagar Haveli,Dadra And Nagar Haveli,0.29,volume in million,
2025,August,Dadra and Nagar Haveli,Korba,0,volume in million,
2025,August,Daman and Diu,Daman,0.18,volume in million,
2025,August,Daman and Diu,Diu,0.01,volume in million,
2025,August,Delhi,Central Delhi,0.79,volume in million,
2025,August,Delhi,Delhi,0.01,volume in million,
2025,August,Delhi,East Delhi,1.33,volume in million,
2025,August,Delhi,North Delhi,0.86,volume in million,
2025,August,Delhi,North East Delhi,0.14,volume in million,
2025,August,Delhi,Others,6.09,volume in million,
2025,August,Goa,Moira,0,volume in million,
2025,August,Goa,North Goa,0.59,volume in million,
2025,August,Goa,Panaji,0,volume in million,
2025,August,Goa,Panjim,0,volume in million,
2025,August,Goa,South Goa,0.53,volume in million,
2025,August,Gujarat,Ahmadabad,0,volume in million,
2025,August,Gujarat,Ahmedabad,3,volume in million,
2025,August,Gujarat,Amreli,0.12,volume in million,
2025,August,Gujarat,Anand,0.62,volume in million,
2025,August,Gujarat,Aravalliâ,0,volume in million,
2025,August,Gujarat,Others,13.02,volume in million,
2025,August,Haryana,Ambala,0.41,volume in million,
2025,August,Haryana,Bhiwan,0,volume in million,
2025,August,Haryana,Bhiwani,0.18,volume in million,
2025,August,Haryana,Dhin,0,volume in million,
2025,August,Haryana,Faridabad,1.21,volume in million,
2025,August,Haryana,Others,5.47,volume in million,
2025,August,Himachal Pradesh,Bilaspur (Hp),0.06,volume in million,
2025,August,Himachal Pradesh,Chamba,0.08,volume in million,
2025,August,Himachal Pradesh,Hamirpur(Hp),0.12,volume in million,
2025,August,Himachal Pradesh,Kangra,0.35,volume in million,
2025,August,Himachal Pradesh,Kinnaur,0.03,volume in million,
2025,August,Himachal Pradesh,Others,1.23,volume in million,
2025,August,Jammu and Kashmir,Ananthnag,0.17,volume in million,
2025,August,Jammu and Kashmir,Anantnag,0,volume in million,
2025,August,Jammu and Kashmir,Baramulla,0.13,volume in million,
2025,August,Jammu and Kashmir,Bishna,0,volume in million,
2025,August,Jammu and Kashmir,Budgam,0.07,volume in million,
2025,August,Jammu and Kashmir,Others,1.94,volume in million,
2025,August,Jharkhand,Banka,0,volume in million,
2025,August,Jharkhand,Bokaro,0.37,volume in million,
2025,August,Jharkhand,Chatra,0.03,volume in million,
2025,August,Jharkhand,Deoghar,0.19,volume in million,
2025,August,Jharkhand,Dhanbad,0.58,volume in million,
2025,August,Jharkhand,Others,3.66,volume in million,
2025,August,Karnataka,Bagalkot,0.44,volume in million,
2025,August,Karnataka,Bangalore,7.57,volume in million,
2025,August,Karnataka,Bangalore Rural,1.23,volume in million,
2025,August,Karnataka,Belgaum,1.55,volume in million,
2025,August,Karnataka,Bellary,0.7,volume in million,
2025,August,Karnataka,Others,13.37,volume in million,
2025,August,Kerala,Alappuzha,1.69,volume in million,
2025,August,Kerala,Anaviratty,0,volume in million,
2025,August,Kerala,Chalakudy,0,volume in million,
2025,August,Kerala,Ernakulam,2.54,volume in million,
2025,August,Kerala,Idikki,0,volume in million,
2025,August,Kerala,Others,16.75,volume in million,
2025,August,Ladakh,Leh Ladakh,0.09,volume in million,
2025,August,Lakshadweep,Lakshadweep,0.01,volume in million,
2025,August,Madhya Pradesh,Alirajpur,0,volume in million,
2025,August,Madhya Pradesh,Anuppur,0.06,volume in million,
2025,August,Madhya Pradesh,Ashok Nagar,0.08,volume in million,
2025,August,Madhya Pradesh,Balaghat,0.22,volume in million,
2025,August,Madhya Pradesh,Barwani,0.14,volume in million,
2025,August,Madhya Pradesh,Others,10.14,volume in million,
2025,August,Maharashtra,Ahmed Nagar,0.85,volume in million,
2025,August,Maharashtra,Akola,0.31,volume in million,
2025,August,Maharashtra,Amravati,0.66,volume in million,
2025,August,Maharashtra,Aurangabad,0.97,volume in million,
2025,August,Maharashtra,Beed,0.27,volume in million,
2025,August,Maharashtra,Others,41.08,volume in million,
2025,August,Manipur,Bishnupur,0.05,volume in million,
2025,August,Manipur,Chandel,0.01,volume in million,
2025,August,Manipur,Churachandpur,0.06,volume in million,
2025,August,Manipur,Imphal East,0.07,volume in million,
2025,August,Manipur,Imphal West,0.24,volume in million,
2025,August,Manipur,Others,0.14,volume in million,
2025,August,Meghalaya,East Garo Hills,0.03,volume in million,
2025,August,Meghalaya,East Khasi Hills,0.31,volume in million,
2025,August,Meghalaya,Jaintia Hills,0.07,volume in million,
2025,August,Meghalaya,Others,0.16,volume in million,
2025,August,Meghalaya,Ri Bhoi,0.04,volume in million,
2025,August,Meghalaya,Riangdo,0,volume in million,
2025,August,Mizoram,Aizawl,0.27,volume in million,
2025,August,Mizoram,Champhai,0.04,volume in million,
2025,August,Mizoram,Kolasib,0.03,volume in million,
2025,August,Mizoram,Lawngtlai,0.03,volume in million,
2025,August,Mizoram,Lunglei,0.05,volume in million,
2025,August,Mizoram,Others,0.03,volume in million,
2025,August,Nagaland,Dimapur,0.16,volume in million,
2025,August,Nagaland,Kiphire,0,volume in million,
2025,August,Nagaland,Kohima,0.09,volume in million,
2025,August,Nagaland,Longleng,0,volume in million,
2025,August,Nagaland,Mon,0.03,volume in million,
2025,August,Nagaland,Others,0.07,volume in million,
2025,August,Odisha,Angul,0.37,volume in million,
2025,August,Odisha,Balangir,0.25,volume in million,
2025,August,Odisha,Baleswar,0.79,volume in million,
2025,August,Odisha,Barambarada,0,volume in million,
2025,August,Odisha,Bargarh,0.17,volume in million,
2025,August,Odisha,Others,8.33,volume in million,
2025,August,Others,Others,1.39,volume in million,
2025,August,Puducherry,Karaikal,0.16,volume in million,
2025,August,Puducherry,Mahe,0.01,volume in million,
2025,August,Puducherry,Pondicherry,0.87,volume in million,
2025,August,Punjab,Amritsar,0.93,volume in million,
2025,August,Punjab,Baghapurana,0,volume in million,
2025,August,Punjab,Barnala,0.11,volume in million,
2025,August,Punjab,Bathinda,0.31,volume in million,
2025,August,Punjab,Bilga,0,volume in million,
2025,August,Punjab,Others,7.17,volume in million,
2025,August,Rajasthan,Ajmer,0.39,volume in million,
2025,August,Rajasthan,Alwar,0.81,volume in million,
2025,August,Rajasthan,Banswara,0.13,volume in million,
2025,August,Rajasthan,Baran,0.06,volume in million,
2025,August,Rajasthan,Barmer,0.15,volume in million,
2025,August,Rajasthan,Others,7.81,volume in million,
2025,August,Sikkim,East Sikkim,0.18,volume in million,
2025,August,Sikkim,North Sikkim,0.01,volume in million,
2025,August,Sikkim,South Sikkim,0.04,volume in million,
2025,August,Sikkim,West Sikkim,0.04,volume in million,
2025,August,Tamil Nadu,Ariyalur,0.51,volume in million,
2025,August,Tamil Nadu,Chennai,3.38,volume in million,
2025,August,Tamil Nadu,Coimbatore,5.22,volume in million,
2025,August,Tamil Nadu,Cuddalore,1.59,volume in million,
2025,August,Tamil Nadu,Dharmapuri,0.84,volume in million,
2025,August,Tamil Nadu,Others,38.62,volume in million,
2025,August,Telangana,Adilabad,0.35,volume in million,
2025,August,Telangana,Gajwel,0,volume in million,
2025,August,Telangana,Hyderabad,3.77,volume in million,
2025,August,Telangana,Karim Nagar,0.72,volume in million,
2025,August,Telangana,Khammam,0.43,volume in million,
2025,August,Telangana,Others,4.68,volume in million,
2025,August,Tripura,Dhalai,0.04,volume in million,
2025,August,Tripura,North Tripura,0.13,volume in million,
2025,August,Tripura,South Tripura,0.1,volume in million,
2025,August,Tripura,West Tripura,0.48,volume in million,
2025,August,Uttar Pradesh,Agra,1.09,volume in million,
2025,August,Uttar Pradesh,Aligarh,0.48,volume in million,
2025,August,Uttar Pradesh,Allahabad,1.05,volume in million,
2025,August,Uttar Pradesh,Ambedkar Nagar,0.32,volume in million,
2025,August,Uttar Pradesh,Auraiya,0.17,volume in million,
2025,August,Uttar Pradesh,Others,24.38,volume in million,
2025,August,Uttarakhand,Almora,0.14,volume in million,
2025,August,Uttarakhand,Bageshwar,0.05,volume in million,
2025,August,Uttarakhand,Chamoli,0.06,volume in million,
2025,August,Uttarakhand,Champawat,0.06,volume in million,
2025,August,Uttarakhand,Dehradun,1,volume in million,
2025,August,Uttarakhand,Others,1.94,volume in million,
2025,August,West Bengal,24 Paraganas North,0.01,volume in million,
2025,August,West Bengal,Asansol,0,volume in million,
2025,August,West Bengal,Bainan,0,volume in million,
2025,August,West Bengal,Bankura,0.42,volume in million,
2025,August,West Bengal,Bardhaman,1.62,volume in million,
2025,August,West Bengal,Others,16.72,volume in million,
2025,July,Andaman and Nicobar Islands,Nicobar,0,volume in million,
2025,July,Andaman and Nicobar Islands,North And Middle Andaman,0.01,volume in million,
2025,July,Andaman and Nicobar Islands,South Andaman,0.1,volume in million,
2025,July,Andhra Pradesh,Ananthapur,0.86,volume in million,
2025,July,Andhra Pradesh,Banganapalle,0,volume in million,
2025,July,Andhra Pradesh,Chittoor,1.61,volume in million,
2025,July,Andhra Pradesh,Cuddapah,0.5,volume in million,
2025,July,Andhra Pradesh,Damaramadugu,0,volume in million,
2025,July,Andhra Pradesh,Others,9.21,volume in million,
2025,July,Arunachal Pradesh,Changlang,0.01,volume in million,
2025,July,Arunachal Pradesh,Dibang Valley,0,volume in million,
2025,July,Arunachal Pradesh,East Kameng,0.01,volume in million,
2025,July,Arunachal Pradesh,East Siang,0.02,volume in million,
2025,July,Arunachal Pradesh,Kurung Kumey,0,volume in million,
2025,July,Arunachal Pradesh,Others,0.23,volume in million,
2025,July,Assam,Barpeta,0.27,volume in million,
2025,July,Assam,Bongaigaon,0.18,volume in million,
2025,July,Assam,Cachar,0.37,volume in million,
2025,July,Assam,Darrang,0.22,volume in million,
2025,July,Assam,Dhamdhama,0,volume in million,
2025,July,Assam,Others,5.36,volume in million,
2025,July,Bihar,Araria,0.15,volume in million,
2025,July,Bihar,Arwal,0.02,volume in million,
2025,July,Bihar,Aurangabad (Bh),0,volume in million,
2025,July,Bihar,Aurangabad(Bh),0.17,volume in million,
2025,July,Bihar,Banka,0.12,volume in million,
2025,July,Bihar,Others,9.44,volume in million,
2025,July,Chandigarh,Bastanar,0,volume in million,
2025,July,Chandigarh,Chandigarh,0.65,volume in million,
2025,July,Chhattisgarh,Bagbahara,0,volume in million,
2025,July,Chhattisgarh,Bastar,0.26,volume in million,
2025,July,Chhattisgarh,Bijapur(Cgh),0.03,volume in million,
2025,July,Chhattisgarh,Bilaspur,0,volume in million,
2025,July,Chhattisgarh,Bilaspur(Cgh),0.46,volume in million,
2025,July,Chhattisgarh,Others,4.37,volume in million,
2025,July,Dadra and Nagar Haveli,Dadra And Nagar Haveli,0.27,volume in million,
2025,July,Daman and Diu,Daman,0.17,volume in million,
2025,July,Daman and Diu,Diu,0.01,volume in million,
2025,July,Delhi,Central Delhi,0.76,volume in million,
2025,July,Delhi,Delhi,0.01,volume in million,
2025,July,Delhi,East Delhi,1.23,volume in million,
2025,July,Delhi,North Delhi,0.82,volume in million,
2025,July,Delhi,North East Delhi,0.13,volume in million,
2025,July,Delhi,Others,5.64,volume in million,
2025,July,Goa,Moira,0,volume in million,
2025,July,Goa,North Goa,0.54,volume in million,
2025,July,Goa,Panaji,0,volume in million,
2025,July,Goa,Panjim,0,volume in million,
2025,July,Goa,South Goa,0.5,volume in million,
2025,July,Gujarat,Ahmadabad,0,volume in million,
2025,July,Gujarat,Ahmedabad,2.82,volume in million,
2025,July,Gujarat,Amreli,0.11,volume in million,
2025,July,Gujarat,Anand,0.61,volume in million,
2025,July,Gujarat,Aravalliâ,0,volume in million,
2025,July,Gujarat,Others,12.11,volume in million,
2025,July,Haryana,Ambala,0.39,volume in million,
2025,July,Haryana,Bhiwan,0,volume in million,
2025,July,Haryana,Bhiwani,0.17,volume in million,
2025,July,Haryana,Dhin,0,volume in million,
2025,July,Haryana,Faridabad,1.11,volume in million,
2025,July,Haryana,Others,5.21,volume in million,
2025,July,Himachal Pradesh,Bilaspur (Hp),0.06,volume in million,
2025,July,Himachal Pradesh,Chamba,0.08,volume in million,
2025,July,Himachal Pradesh,Hamirpur(Hp),0.13,volume in million,
2025,July,Himachal Pradesh,Kangra,0.37,volume in million,
2025,July,Himachal Pradesh,Kinnaur,0.03,volume in million,
2025,July,Himachal Pradesh,Others,1.25,volume in million,
2025,July,Jammu and Kashmir,Ananthnag,0.18,volume in million,
2025,July,Jammu and Kashmir,Anantnag,0,volume in million,
2025,July,Jammu and Kashmir,Baramulla,0.13,volume in million,
2025,July,Jammu and Kashmir,Bishna,0,volume in million,
2025,July,Jammu and Kashmir,Budgam,0.06,volume in million,
2025,July,Jammu and Kashmir,Others,2.01,volume in million,
2025,July,Jharkhand,Banka,0,volume in million,
2025,July,Jharkhand,Bokaro,0.31,volume in million,
2025,July,Jharkhand,Chatra,0.03,volume in million,
2025,July,Jharkhand,Deoghar,0.17,volume in million,
2025,July,Jharkhand,Dhanbad,0.52,volume in million,
2025,July,Jharkhand,Others,3.38,volume in million,
2025,July,Karnataka,Bagalkot,0.42,volume in million,
2025,July,Karnataka,Bangalore,7.12,volume in million,
2025,July,Karnataka,Bangalore Rural,1.15,volume in million,
2025,July,Karnataka,Belgaum,1.45,volume in million,
2025,July,Karnataka,Bellary,0.67,volume in million,
2025,July,Karnataka,Others,12.55,volume in million,
2025,July,Kerala,Alappuzha,1.54,volume in million,
2025,July,Kerala,Anaviratty,0,volume in million,
2025,July,Kerala,Chalakudy,0,volume in million,
2025,July,Kerala,Ernakulam,2.39,volume in million,
2025,July,Kerala,Idikki,0,volume in million,
2025,July,Kerala,Others,15.64,volume in million,
2025,July,Ladakh,Leh Ladakh,0.08,volume in million,
2025,July,Lakshadweep,Lakshadweep,0.01,volume in million,
2025,July,Madhya Pradesh,Alirajpur,0,volume in million,
2025,July,Madhya Pradesh,Anuppur,0.06,volume in million,
2025,July,Madhya Pradesh,Ashok Nagar,0.07,volume in million,
2025,July,Madhya Pradesh,Balaghat,0.17,volume in million,
2025,July,Madhya Pradesh,Barwani,0.12,volume in million,
2025,July,Madhya Pradesh,Others,9.16,volume in million,
2025,July,Maharashtra,Ahmed Nagar,0.86,volume in million,
2025,July,Maharashtra,Akola,0.29,volume in million,
2025,July,Maharashtra,Amravati,0.62,volume in million,
2025,July,Maharashtra,Aurangabad,0.91,volume in million,
2025,July,Maharashtra,Beed,0.27,volume in million,
2025,July,Maharashtra,Others,38.4,volume in million,
2025,July,Manipur,Bishnupur,0.05,volume in million,
2025,July,Manipur,Chandel,0.01,volume in million,
2025,July,Manipur,Churachandpur,0.06,volume in million,
2025,July,Manipur,Imphal East,0.07,volume in million,
2025,July,Manipur,Imphal West,0.25,volume in million,
2025,July,Manipur,Others,0.14,volume in million,
2025,July,Meghalaya,East Garo Hills,0.02,volume in million,
2025,July,Meghalaya,East Khasi Hills,0.31,volume in million,
2025,July,Meghalaya,Jaintia Hills,0.07,volume in million,
2025,July,Meghalaya,Others,0.14,volume in million,
2025,July,Meghalaya,Ri Bhoi,0.04,volume in million,
2025,July,Meghalaya,Riangdo,0,volume in million,
2025,July,Mizoram,Aizawl,0.27,volume in million,
2025,July,Mizoram,Champhai,0.04,volume in million,
2025,July,Mizoram,Kolasib,0.03,volume in million,
2025,July,Mizoram,Lawngtlai,0.03,volume in million,
2025,July,Mizoram,Lunglei,0.05,volume in million,
2025,July,Mizoram,Others,0.03,volume in million,
2025,July,Nagaland,Dimapur,0.16,volume in million,
2025,July,Nagaland,Kiphire,0,volume in million,
2025,July,Nagaland,Kohima,0.09,volume in million,
2025,July,Nagaland,Longleng,0,volume in million,
2025,July,Nagaland,Mon,0.02,volume in million,
2025,July,Nagaland,Others,0.07,volume in million,
2025,July,Odisha,Angul,0.33,volume in million,
2025,July,Odisha,Balangir,0.2,volume in million,
2025,July,Odisha,Baleswar,0.71,volume in million,
2025,July,Odisha,Barambarada,0,volume in million,
2025,July,Odisha,Bargarh,0.15,volume in million,
2025,July,Odisha,Others,7.3,volume in million,
2025,July,Others,Others,1.3,volume in million,state: Pincode data or location mapping not available
2025,July,Puducherry,Karaikal,0.15,volume in million,
2025,July,Puducherry,Mahe,0.01,volume in million,
2025,July,Puducherry,Pondicherry,0.85,volume in million,
2025,July,Punjab,Amritsar,0.92,volume in million,
2025,July,Punjab,Baghapurana,0,volume in million,
2025,July,Punjab,Barnala,0.11,volume in million,
2025,July,Punjab,Bathinda,0.29,volume in million,
2025,July,Punjab,Bilga,0,volume in million,
2025,July,Punjab,Others,7.06,volume in million,
2025,July,Rajasthan,Ajmer,0.36,volume in million,
2025,July,Rajasthan,Alwar,0.77,volume in million,
2025,July,Rajasthan,Banswara,0.13,volume in million,
2025,July,Rajasthan,Baran,0.05,volume in million,
2025,July,Rajasthan,Barmer,0.14,volume in million,
2025,July,Rajasthan,Others,7.39,volume in million,
2025,July,Sikkim,East Sikkim,0.18,volume in million,
2025,July,Sikkim,North Sikkim,0.01,volume in million,
2025,July,Sikkim,South Sikkim,0.04,volume in million,
2025,July,Sikkim,West Sikkim,0.04,volume in million,
2025,July,Tamil Nadu,Ariyalur,0.5,volume in million,
2025,July,Tamil Nadu,Chennai,3.33,volume in million,
2025,July,Tamil Nadu,Coimbatore,5.06,volume in million,
2025,July,Tamil Nadu,Cuddalore,1.56,volume in million,
2025,July,Tamil Nadu,Dharmapuri,0.82,volume in million,
2025,July,Tamil Nadu,Others,37.62,volume in million,
2025,July,Telangana,Adilabad,0.36,volume in million,
2025,July,Telangana,Gajwel,0,volume in million,
2025,July,Telangana,Hyderabad,3.63,volume in million,
2025,July,Telangana,Karim Nagar,0.74,volume in million,
2025,July,Telangana,Khammam,0.43,volume in million,
2025,July,Telangana,Others,4.66,volume in million,
2025,July,Tripura,Dhalai,0.04,volume in million,
2025,July,Tripura,North Tripura,0.14,volume in million,
2025,July,Tripura,South Tripura,0.1,volume in million,
2025,July,Tripura,West Tripura,0.47,volume in million,
2025,July,Uttar Pradesh,Agra,1.02,volume in million,
2025,July,Uttar Pradesh,Aligarh,0.45,volume in million,
2025,July,Uttar Pradesh,Allahabad,1.02,volume in million,
2025,July,Uttar Pradesh,Ambedkar Nagar,0.32,volume in million,
2025,July,Uttar Pradesh,Auraiya,0.15,volume in million,
2025,July,Uttar Pradesh,Others,23.41,volume in million,
2025,July,Uttarakhand,Almora,0.15,volume in million,
2025,July,Uttarakhand,Bageshwar,0.05,volume in million,
2025,July,Uttarakhand,Chamoli,0.06,volume in million,
2025,July,Uttarakhand,Champawat,0.06,volume in million,
2025,July,Uttarakhand,Dehradun,0.99,volume in million,
2025,July,Uttarakhand,Others,1.91,volume in million,
2025,July,West Bengal,24 Paraganas North,0,volume in million,
2025,July,West Bengal,Asansol,0,volume in million,
2025,July,West Bengal,Bainan,0,volume in million,
2025,July,West Bengal,Bankura,0.38,volume in million,
2025,July,West Bengal,Bardhaman,1.51,volume in million,
2025,July,West Bengal,Others,15.75,volume in million,
2025,June,Andaman and Nicobar Islands,Nicobar,0,volume in million,
2025,June,Andaman and Nicobar Islands,North And Middle Andaman,0.02,volume in million,
2025,June,Andaman and Nicobar Islands,South Andaman,0.1,volume in million,
2025,June,Andhra Pradesh,Ananthapur,0.92,volume in million,
2025,June,Andhra Pradesh,Banganapalle,0,volume in million,
2025,June,Andhra Pradesh,Chittoor,1.67,volume in million,
2025,June,Andhra Pradesh,Cuddapah,0.53,volume in million,
2025,June,Andhra Pradesh,Damaramadugu,0,volume in million,
2025,June,Andhra Pradesh,Others,9.64,volume in million,
2025,June,Arunachal Pradesh,Changlang,0.01,volume in million,
2025,June,Arunachal Pradesh,Dibang Valley,0,volume in million,
2025,June,Arunachal Pradesh,East Kameng,0.01,volume in million,
2025,June,Arunachal Pradesh,East Siang,0.02,volume in million,
2025,June,Arunachal Pradesh,Kurung Kumey,0,volume in million,
2025,June,Arunachal Pradesh,Others,0.22,volume in million,
2025,June,Assam,Barpeta,0.27,volume in million,
2025,June,Assam,Bongaigaon,0.18,volume in million,
2025,June,Assam,Cachar,0.38,volume in million,
2025,June,Assam,Darrang,0.22,volume in million,
2025,June,Assam,Dhamdhama,0,volume in million,
2025,June,Assam,Others,5.27,volume in million,
2025,June,Bihar,Araria,0.18,volume in million,
2025,June,Bihar,Arwal,0.03,volume in million,
2025,June,Bihar,Aurangabad (Bh),0,volume in million,
2025,June,Bihar,Aurangabad(Bh),0.18,volume in million,
2025,June,Bihar,Banka,0.12,volume in million,
2025,June,Bihar,Others,9.76,volume in million,
2025,June,Chandigarh,Bastanar,0,volume in million,
2025,June,Chandigarh,Chandigarh,0.61,volume in million,
2025,June,Chhattisgarh,Bagbahara,0,volume in million,
2025,June,Chhattisgarh,Bastar,0.26,volume in million,
2025,June,Chhattisgarh,Bijapur(Cgh),0.03,volume in million,
2025,June,Chhattisgarh,Bilaspur,0,volume in million,
2025,June,Chhattisgarh,Bilaspur(Cgh),0.48,volume in million,
2025,June,Chhattisgarh,Others,4.5,volume in million,
2025,June,Dadra and Nagar Haveli,Dadra And Nagar Haveli,0.26,volume in million,
2025,June,Daman and Diu,Daman,0.16,volume in million,
2025,June,Daman and Diu,Diu,0.01,volume in million,
2025,June,Delhi,Central Delhi,0.71,volume in million,
2025,June,Delhi,Delhi,0,volume in million,
2025,June,Delhi,East Delhi,1.2,volume in million,
2025,June,Delhi,North Delhi,0.78,volume in million,
2025,June,Delhi,North East Delhi,0.14,volume in million,
2025,June,Delhi,Others,5.4,volume in million,
2025,June,Goa,Moira,0,volume in million,
2025,June,Goa,North Goa,0.55,volume in million,
2025,June,Goa,Panaji,0,volume in million,
2025,June,Goa,Panjim,0,volume in million,
2025,June,Goa,South Goa,0.49,volume in million,
2025,June,Gujarat,Ahmadabad,0,volume in million,
2025,June,Gujarat,Ahmedabad,2.67,volume in million,
2025,June,Gujarat,Amreli,0.11,volume in million,
2025,June,Gujarat,Anand,0.57,volume in million,
2025,June,Gujarat,Aravalliâ,0,volume in million,
2025,June,Gujarat,Others,11.39,volume in million,
2025,June,Haryana,Ambala,0.38,volume in million,
2025,June,Haryana,Bhiwan,0,volume in million,
2025,June,Haryana,Bhiwani,0.16,volume in million,
2025,June,Haryana,Dhin,0,volume in million,
2025,June,Haryana,Faridabad,1.09,volume in million,
2025,June,Haryana,Others,5.03,volume in million,
2025,June,Himachal Pradesh,Bilaspur (Hp),0.06,volume in million,
2025,June,Himachal Pradesh,Chamba,0.08,volume in million,
2025,June,Himachal Pradesh,Hamirpur(Hp),0.13,volume in million,
2025,June,Himachal Pradesh,Kangra,0.38,volume in million,
2025,June,Himachal Pradesh,Kinnaur,0.03,volume in million,
2025,June,Himachal Pradesh,Others,1.27,volume in million,
2025,June,Jammu and Kashmir,Ananthnag,0.16,volume in million,
2025,June,Jammu and Kashmir,Anantnag,0,volume in million,
2025,June,Jammu and Kashmir,Baramulla,0.13,volume in million,
2025,June,Jammu and Kashmir,Bishna,0,volume in million,
2025,June,Jammu and Kashmir,Budgam,0.06,volume in million,
2025,June,Jammu and Kashmir,Others,1.83,volume in million,
2025,June,Jharkhand,Banka,0,volume in million,
2025,June,Jharkhand,Bokaro,0.31,volume in million,
2025,June,Jharkhand,Chatra,0.03,volume in million,
2025,June,Jharkhand,Deoghar,0.16,volume in million,
2025,June,Jharkhand,Dhanbad,0.51,volume in million,
2025,June,Jharkhand,Others,3.33,volume in million,
2025,June,Karnataka,Bagalkot,0.42,volume in million,
2025,June,Karnataka,Bangalore,6.93,volume in million,
2025,June,Karnataka,Bangalore Rural,1.14,volume in million,
2025,June,Karnataka,Belgaum,1.48,volume in million,
2025,June,Karnataka,Bellary,0.69,volume in million,
2025,June,Karnataka,Others,12.76,volume in million,
2025,June,Kerala,Alappuzha,1.54,volume in million,
2025,June,Kerala,Anaviratty,0,volume in million,
2025,June,Kerala,Chalakudy,0,volume in million,
2025,June,Kerala,Ernakulam,2.34,volume in million,
2025,June,Kerala,Idikki,0,volume in million,
2025,June,Kerala,Others,15.53,volume in million,
2025,June,Ladakh,Leh Ladakh,0.08,volume in million,
2025,June,Lakshadweep,Lakshadweep,0.01,volume in million,
2025,June,Madhya Pradesh,Alirajpur,0,volume in million,
2025,June,Madhya Pradesh,Anuppur,0.06,volume in million,
2025,June,Madhya Pradesh,Ashok Nagar,0.06,volume in million,
2025,June,Madhya Pradesh,Balaghat,0.18,volume in million,
2025,June,Madhya Pradesh,Barwani,0.11,volume in million,
2025,June,Madhya Pradesh,Others,9.05,volume in million,
2025,June,Maharashtra,Ahmed Nagar,0.86,volume in million,
2025,June,Maharashtra,Akola,0.3,volume in million,
2025,June,Maharashtra,Amravati,0.62,volume in million,
2025,June,Maharashtra,Aurangabad,0.9,volume in million,
2025,June,Maharashtra,Beed,0.27,volume in million,
2025,June,Maharashtra,Others,37.37,volume in million,
2025,June,Manipur,Bishnupur,0.05,volume in million,
2025,June,Manipur,Chandel,0.01,volume in million,
2025,June,Manipur,Churachandpur,0.05,volume in million,
2025,June,Manipur,Imphal East,0.06,volume in million,
2025,June,Manipur,Imphal West,0.24,volume in million,
2025,June,Manipur,Others,0.13,volume in million,
2025,June,Meghalaya,East Garo Hills,0.02,volume in million,
2025,June,Meghalaya,East Khasi Hills,0.3,volume in million,
2025,June,Meghalaya,Jaintia Hills,0.07,volume in million,
2025,June,Meghalaya,Others,0.13,volume in million,
2025,June,Meghalaya,Ri Bhoi,0.04,volume in million,
2025,June,Meghalaya,Riangdo,0,volume in million,
2025,June,Mizoram,Aizawl,0.26,volume in million,
2025,June,Mizoram,Champhai,0.04,volume in million,
2025,June,Mizoram,Kolasib,0.03,volume in million,
2025,June,Mizoram,Lawngtlai,0.03,volume in million,
2025,June,Mizoram,Lunglei,0.04,volume in million,
2025,June,Mizoram,Others,0.03,volume in million,
2025,June,Nagaland,Dimapur,0.15,volume in million,
2025,June,Nagaland,Kiphire,0,volume in million,
2025,June,Nagaland,Kohima,0.08,volume in million,
2025,June,Nagaland,Longleng,0,volume in million,
2025,June,Nagaland,Mon,0.02,volume in million,
2025,June,Nagaland,Others,0.06,volume in million,
2025,June,Odisha,Angul,0.32,volume in million,
2025,June,Odisha,Balangir,0.21,volume in million,
2025,June,Odisha,Baleswar,0.68,volume in million,
2025,June,Odisha,Barambarada,0,volume in million,
2025,June,Odisha,Bargarh,0.15,volume in million,
2025,June,Odisha,Others,7.27,volume in million,
2025,June,Others,Others,1.28,volume in million,state: Pincode data or location mapping not available
2025,June,Puducherry,Karaikal,0.15,volume in million,
2025,June,Puducherry,Mahe,0,volume in million,
2025,June,Puducherry,Pondicherry,0.84,volume in million,
2025,June,Punjab,Amritsar,0.85,volume in million,
2025,June,Punjab,Baghapurana,0,volume in million,
2025,June,Punjab,Barnala,0.1,volume in million,
2025,June,Punjab,Bathinda,0.28,volume in million,
2025,June,Punjab,Bilga,0,volume in million,
2025,June,Punjab,Others,6.6,volume in million,
2025,June,Rajasthan,Ajmer,0.34,volume in million,
2025,June,Rajasthan,Alwar,0.73,volume in million,
2025,June,Rajasthan,Banswara,0.13,volume in million,
2025,June,Rajasthan,Baran,0.05,volume in million,
2025,June,Rajasthan,Barmer,0.14,volume in million,
2025,June,Rajasthan,Others,7.06,volume in million,
2025,June,Sikkim,East Sikkim,0.18,volume in million,
2025,June,Sikkim,North Sikkim,0.01,volume in million,
2025,June,Sikkim,South Sikkim,0.04,volume in million,
2025,June,Sikkim,West Sikkim,0.04,volume in million,
2025,June,Tamil Nadu,Ariyalur,0.49,volume in million,
2025,June,Tamil Nadu,Chennai,3.23,volume in million,
2025,June,Tamil Nadu,Coimbatore,5.01,volume in million,
2025,June,Tamil Nadu,Cuddalore,1.55,volume in million,
2025,June,Tamil Nadu,Dharmapuri,0.84,volume in million,
2025,June,Tamil Nadu,Others,37.31,volume in million,
2025,June,Telangana,Adilabad,0.39,volume in million,
2025,June,Telangana,Gajwel,0,volume in million,
2025,June,Telangana,Hyderabad,3.63,volume in million,
2025,June,Telangana,Karim Nagar,0.83,volume in million,
2025,June,Telangana,Khammam,0.48,volume in million,
2025,June,Telangana,Others,4.97,volume in million,
2025,June,Tripura,Dhalai,0.04,volume in million,
2025,June,Tripura,North Tripura,0.14,volume in million,
2025,June,Tripura,South Tripura,0.1,volume in million,
2025,June,Tripura,West Tripura,0.45,volume in million,
2025,June,Uttar Pradesh,Agra,1,volume in million,
2025,June,Uttar Pradesh,Aligarh,0.45,volume in million,
2025,June,Uttar Pradesh,Allahabad,1.02,volume in million,
2025,June,Uttar Pradesh,Ambedkar Nagar,0.34,volume in million,
2025,June,Uttar Pradesh,Auraiya,0.17,volume in million,
2025,June,Uttar Pradesh,Others,23.53,volume in million,
2025,June,Uttarakhand,Almora,0.16,volume in million,
2025,June,Uttarakhand,Bageshwar,0.05,volume in million,
2025,June,Uttarakhand,Chamoli,0.07,volume in million,
2025,June,Uttarakhand,Champawat,0.06,volume in million,
2025,June,Uttarakhand,Dehradun,0.99,volume in million,
2025,June,Uttarakhand,Others,1.95,volume in million,
2025,June,West Bengal,24 Paraganas North,0,volume in million,
2025,June,West Bengal,Asansol,0,volume in million,
2025,June,West Bengal,Bainan,0,volume in million,
2025,June,West Bengal,Bankura,0.38,volume in million,
2025,June,West Bengal,Bardhaman,1.49,volume in million,
2025,June,West Bengal,Others,15.69,volume in million,
2025,May,Andaman and Nicobar Islands,Nicobar,0,volume in million,
2025,May,Andaman and Nicobar Islands,North And Middle Andaman,0.02,volume in million,
2025,May,Andaman and Nicobar Islands,South Andaman,0.1,volume in million,
2025,May,Andhra Pradesh,Chittoor,1.62,volume in million,
2025,May,Andhra Pradesh,East Godavari,1.21,volume in million,
2025,May,Andhra Pradesh,Guntur,1.15,volume in million,
2025,May,Andhra Pradesh,Krishna,1.37,volume in million,
2025,May,Andhra Pradesh,Others,5.16,volume in million,
2025,May,Andhra Pradesh,Visakhapatnam,1.69,volume in million,
2025,May,Arunachal Pradesh,East Siang,0.02,volume in million,
2025,May,Arunachal Pradesh,Lohit,0.03,volume in million,
2025,May,Arunachal Pradesh,Lower Subansiri,0.03,volume in million,
2025,May,Arunachal Pradesh,Others,0.08,volume in million,
2025,May,Arunachal Pradesh,Papum Pare,0.11,volume in million,
2025,May,Arunachal Pradesh,Upper Subansiri,0.02,volume in million,
2025,May,Assam,Cachar,0.37,volume in million,
2025,May,Assam,Dibrugarh,0.34,volume in million,
2025,May,Assam,Kamrup,1.41,volume in million,
2025,May,Assam,Nagaon,0.5,volume in million,
2025,May,Assam,Others,3.42,volume in million,
2025,May,Assam,Sonitpur,0.4,volume in million,
2025,May,Bihar,Muzaffarpur,0.58,volume in million,
2025,May,Bihar,Others,7.35,volume in million,
2025,May,Bihar,Patna,1.79,volume in million,
2025,May,Bihar,Saran,0.48,volume in million,
2025,May,Bihar,Vaishali,0.47,volume in million,
2025,May,Bihar,West Champaran,0.49,volume in million,
2025,May,Chandigarh,Bastanar,0,volume in million,
2025,May,Chandigarh,Chandigarh,0.65,volume in million,
2025,May,Chhattisgarh,Bilaspur(Cgh),0.51,volume in million,
2025,May,Chhattisgarh,Durg,1,volume in million,
2025,May,Chhattisgarh,Korba,0.34,volume in million,
2025,May,Chhattisgarh,Others,1.96,volume in million,
2025,May,Chhattisgarh,Raipur,1.3,volume in million,
2025,May,Chhattisgarh,Rajnandgaon,0.32,volume in million,
2025,May,Dadra and Nagar Haveli,Dadra And Nagar Haveli,0.27,volume in million,
2025,May,Daman and Diu,Daman,0.17,volume in million,
2025,May,Daman and Diu,Diu,0.01,volume in million,
2025,May,Delhi,East Delhi,1.3,volume in million,
2025,May,Delhi,North West Delhi,1.4,volume in million,
2025,May,Delhi,Others,1.78,volume in million,
2025,May,Delhi,South Delhi,1.43,volume in million,
2025,May,Delhi,South West Delhi,1.62,volume in million,
2025,May,Delhi,West Delhi,1.36,volume in million,
2025,May,Goa,Moira,0,volume in million,
2025,May,Goa,North Goa,0.58,volume in million,
2025,May,Goa,Panaji,0,volume in million,
2025,May,Goa,Panjim,0,volume in million,
2025,May,Goa,South Goa,0.51,volume in million,
2025,May,Gujarat,Ahmedabad,2.74,volume in million,
2025,May,Gujarat,Others,6.87,volume in million,
2025,May,Gujarat,Rajkot,0.95,volume in million,
2025,May,Gujarat,Surat,2.69,volume in million,
2025,May,Gujarat,Vadodara,1.45,volume in million,
2025,May,Gujarat,Valsad,0.69,volume in million,
2025,May,Haryana,Ambala,0.4,volume in million,
2025,May,Haryana,Faridabad,1.13,volume in million,
2025,May,Haryana,Gurgaon,1.81,volume in million,
2025,May,Haryana,Karnal,0.34,volume in million,
2025,May,Haryana,Others,3.02,volume in million,
2025,May,Haryana,Sonipat,0.38,volume in million,
2025,May,Himachal Pradesh,Kangra,0.39,volume in million,
2025,May,Himachal Pradesh,Mandi,0.16,volume in million,
2025,May,Himachal Pradesh,Others,0.59,volume in million,
2025,May,Himachal Pradesh,Shimla,0.24,volume in million,
2025,May,Himachal Pradesh,Sirmaur,0.15,volume in million,
2025,May,Himachal Pradesh,Solan,0.46,volume in million,
2025,May,Jammu and Kashmir,Ananthnag,0.17,volume in million,
2025,May,Jammu and Kashmir,Jammu,0.76,volume in million,
2025,May,Jammu and Kashmir,Kathua,0.15,volume in million,
2025,May,Jammu and Kashmir,Others,0.71,volume in million,
2025,May,Jammu and Kashmir,Srinagar,0.25,volume in million,
2025,May,Jammu and Kashmir,Udhampur,0.16,volume in million,
2025,May,Jharkhand,Bokaro,0.31,volume in million,
2025,May,Jharkhand,Dhanbad,0.52,volume in million,
2025,May,Jharkhand,East Singhbhum,0.72,volume in million,
2025,May,Jharkhand,Others,1.78,volume in million,
2025,May,Jharkhand,Ranchi,0.91,volume in million,
2025,May,Jharkhand,West Singhbhum,0.25,volume in million,
2025,May,Karnataka,Bangalore,7.12,volume in million,
2025,May,Karnataka,Bangalore Rural,1.17,volume in million,
2025,May,Karnataka,Belgaum,1.56,volume in million,
2025,May,Karnataka,Dakshina Kannada,0.96,volume in million,
2025,May,Karnataka,Mysore,1.4,volume in million,
2025,May,Karnataka,Others,12.14,volume in million,
2025,May,Kerala,Ernakulam,2.45,volume in million,
2025,May,Kerala,Kollam,2.17,volume in million,
2025,May,Kerala,Malappuram,1.96,volume in million,
2025,May,Kerala,Others,9.43,volume in million,
2025,May,Kerala,Thiruvananthapuram,2.54,volume in million,
2025,May,Kerala,Thrissur,1.81,volume in million,
2025,May,Ladakh,Leh Ladakh,0.07,volume in million,
2025,May,Lakshadweep,Lakshadweep,0.01,volume in million,
2025,May,Madhya Pradesh,Bhopal,0.97,volume in million,
2025,May,Madhya Pradesh,Dhar,0.39,volume in million,
2025,May,Madhya Pradesh,Gwalior,0.52,volume in million,
2025,May,Madhya Pradesh,Indore,1.6,volume in million,
2025,May,Madhya Pradesh,Jabalpur,0.49,volume in million,
2025,May,Madhya Pradesh,Others,6.47,volume in million,
2025,May,Maharashtra,Mumbai,6.75,volume in million,
2025,May,Maharashtra,Nagpur,2.14,volume in million,
2025,May,Maharashtra,Nashik,1.57,volume in million,
2025,May,Maharashtra,Others,14.76,volume in million,
2025,May,Maharashtra,Pune,6.18,volume in million,
2025,May,Maharashtra,Thane,11.1,volume in million,
2025,May,Manipur,Bishnupur,0.06,volume in million,
2025,May,Manipur,Churachandpur,0.06,volume in million,
2025,May,Manipur,Imphal East,0.07,volume in million,
2025,May,Manipur,Imphal West,0.27,volume in million,
2025,May,Manipur,Others,0.08,volume in million,
2025,May,Manipur,Thoubal,0.09,volume in million,
2025,May,Meghalaya,East Khasi Hills,0.31,volume in million,
2025,May,Meghalaya,Jaintia Hills,0.07,volume in million,
2025,May,Meghalaya,Others,0.04,volume in million,
2025,May,Meghalaya,Ri Bhoi,0.04,volume in million,
2025,May,Meghalaya,West Garo Hills,0.11,volume in million,
2025,May,Meghalaya,West Khasi Hills,0.04,volume in million,
2025,May,Mizoram,Aizawl,0.28,volume in million,
2025,May,Mizoram,Champhai,0.04,volume in million,
2025,May,Mizoram,Kolasib,0.03,volume in million,
2025,May,Mizoram,Lawngtlai,0.03,volume in million,
2025,May,Mizoram,Lunglei,0.05,volume in million,
2025,May,Mizoram,Others,0.03,volume in million,
2025,May,Nagaland,Dimapur,0.17,volume in million,
2025,May,Nagaland,Kohima,0.1,volume in million,
2025,May,Nagaland,Mokokchung,0.02,volume in million,
2025,May,Nagaland,Mon,0.02,volume in million,
2025,May,Nagaland,Others,0.03,volume in million,
2025,May,Nagaland,Wokha,0.02,volume in million,
2025,May,Odisha,Baleswar,0.82,volume in million,
2025,May,Odisha,Cuttack,0.75,volume in million,
2025,May,Odisha,Ganjam,0.67,volume in million,
2025,May,Odisha,Khorda,1.26,volume in million,
2025,May,Odisha,Mayurbhanj,0.52,volume in million,
2025,May,Odisha,Others,5.34,volume in million,
2025,May,Others,Others,1.37,volume in million,state: Pincode data or location mapping not available
2025,May,Puducherry,Karaikal,0.16,volume in million,
2025,May,Puducherry,Mahe,0.01,volume in million,
2025,May,Puducherry,Pondicherry,0.89,volume in million,
2025,May,Punjab,Amritsar,0.93,volume in million,
2025,May,Punjab,Gurdaspur,0.7,volume in million,
2025,May,Punjab,Jalandhar,0.84,volume in million,
2025,May,Punjab,Ludhiana,1.59,volume in million,
2025,May,Punjab,Others,3.81,volume in million,
2025,May,Punjab,Rupnagar,0.65,volume in million,
2025,May,Rajasthan,Alwar,0.77,volume in million,
2025,May,Rajasthan,Dausa,0.59,volume in million,
2025,May,Rajasthan,Jaipur,1.99,volume in million,
2025,May,Rajasthan,Jodhpur,0.56,volume in million,
2025,May,Rajasthan,Others,4.67,volume in million,
2025,May,Rajasthan,Udaipur,0.41,volume in million,
2025,May,Sikkim,East Sikkim,0.19,volume in million,
2025,May,Sikkim,North Sikkim,0.01,volume in million,
2025,May,Sikkim,South Sikkim,0.04,volume in million,
2025,May,Sikkim,West Sikkim,0.05,volume in million,
2025,May,Tamil Nadu,Chennai,3.35,volume in million,
2025,May,Tamil Nadu,Coimbatore,5.12,volume in million,
2025,May,Tamil Nadu,Kanchipuram,4.64,volume in million,
2025,May,Tamil Nadu,Others,31.63,volume in million,
2025,May,Tamil Nadu,Tiruvallur,3.66,volume in million,
2025,May,Tamil Nadu,Vellore,2.67,volume in million,
2025,May,Telangana,Hyderabad,3.71,volume in million,
2025,May,Telangana,Karim Nagar,0.86,volume in million,
2025,May,Telangana,Medak,0.83,volume in million,
2025,May,Telangana,Others,2.35,volume in million,
2025,May,Telangana,Rangareddy,1.94,volume in million,
2025,May,Telangana,Warangal,0.62,volume in million,
2025,May,Tripura,Dhalai,0.04,volume in million,
2025,May,Tripura,North Tripura,0.14,volume in million,
2025,May,Tripura,South Tripura,0.1,volume in million,
2025,May,Tripura,West Tripura,0.45,volume in million,
2025,May,Uttar Pradesh,Allahabad,1.12,volume in million,
2025,May,Uttar Pradesh,Gautam Buddha Nagar,1.77,volume in million,
2025,May,Uttar Pradesh,Ghaziabad,1.81,volume in million,
2025,May,Uttar Pradesh,Lucknow,2.21,volume in million,
2025,May,Uttar Pradesh,Others,20.82,volume in million,
2025,May,Uttar Pradesh,Varanasi,1.17,volume in million,
2025,May,Uttarakhand,Almora,0.16,volume in million,
2025,May,Uttarakhand,Dehradun,1.07,volume in million,
2025,May,Uttarakhand,Haridwar,0.66,volume in million,
2025,May,Uttarakhand,Nainital,0.37,volume in million,
2025,May,Uttarakhand,Others,0.6,volume in million,
2025,May,Uttarakhand,Udham Singh Nagar,0.63,volume in million,
2025,May,West Bengal,Bardhaman,1.56,volume in million,
2025,May,West Bengal,Howrah,1.34,volume in million,
2025,May,West Bengal,Kolkata,2.93,volume in million,
2025,May,West Bengal,North 24 Parganas,2.66,volume in million,
2025,May,West Bengal,Others,8.65,volume in million,
2025,May,West Bengal,South 24 Parganas,1.45,volume in million,
2025,April,Andaman and Nicobar Islands,Nicobar,0,volume in million,
2025,April,Andaman and Nicobar Islands,North And Middle Andaman,0.01,volume in million,
2025,April,Andaman and Nicobar Islands,South Andaman,0.1,volume in million,
2025,April,Andhra Pradesh,Chittoor,1.64,volume in million,
2025,April,Andhra Pradesh,East Godavari,1.22,volume in million,
2025,April,Andhra Pradesh,Guntur,1.17,volume in million,
2025,April,Andhra Pradesh,Krishna,1.39,volume in million,
2025,April,Andhra Pradesh,Rest Of Locations,5.24,volume in million,
2025,April,Andhra Pradesh,Visakhapatnam,1.75,volume in million,
2025,April,Arunachal Pradesh,East Siang,0.02,volume in million,
2025,April,Arunachal Pradesh,Lohit,0.03,volume in million,
2025,April,Arunachal Pradesh,Lower Subansiri,0.02,volume in million,
2025,April,Arunachal Pradesh,Papum Pare,0.11,volume in million,
2025,April,Arunachal Pradesh,Rest Of Locations,0.07,volume in million,
2025,April,Arunachal Pradesh,Upper Subansiri,0.02,volume in million,
2025,April,Assam,Cachar,0.41,volume in million,
2025,April,Assam,Dibrugarh,0.37,volume in million,
2025,April,Assam,Kamrup,1.44,volume in million,
2025,April,Assam,Nagaon,0.54,volume in million,
2025,April,Assam,Rest Of Locations,3.61,volume in million,
2025,April,Assam,Sonitpur,0.41,volume in million,
2025,April,Bihar,Muzaffarpur,0.57,volume in million,
2025,April,Bihar,Patna,1.8,volume in million,
2025,April,Bihar,Rest Of Locations,7.12,volume in million,
2025,April,Bihar,Saran,0.45,volume in million,
2025,April,Bihar,Vaishali,0.46,volume in million,
2025,April,Bihar,West Champaran,0.5,volume in million,
2025,April,Chandigarh,Bastanar,0,volume in million,
2025,April,Chandigarh,Chandigarh,0.68,volume in million,
2025,April,Chhattisgarh,Bilaspur(Cgh),0.53,volume in million,
2025,April,Chhattisgarh,Durg,1.03,volume in million,
2025,April,Chhattisgarh,Raipur,1.32,volume in million,
2025,April,Chhattisgarh,Rajnandgaon,0.36,volume in million,
2025,April,Chhattisgarh,Rest Of Locations,2.07,volume in million,
2025,April,Chhattisgarh,Surguja,0.35,volume in million,
2025,April,Dadra and Nagar Haveli,Dadra And Nagar Haveli,0.29,volume in million,
2025,April,Daman and Diu,Daman,0.18,volume in million,
2025,April,Daman and Diu,Diu,0.01,volume in million,
2025,April,Delhi,East Delhi,1.33,volume in million,
2025,April,Delhi,North West Delhi,1.42,volume in million,
2025,April,Delhi,Rest Of Locations,1.88,volume in million,
2025,April,Delhi,South Delhi,1.45,volume in million,
2025,April,Delhi,South West Delhi,1.69,volume in million,
2025,April,Delhi,West Delhi,1.38,volume in million,
2025,April,Goa,Moira,0,volume in million,
2025,April,Goa,North Goa,0.6,volume in million,
2025,April,Goa,Panaji,0,volume in million,
2025,April,Goa,Panjim,0,volume in million,
2025,April,Goa,South Goa,0.54,volume in million,
2025,April,Gujarat,Ahmedabad,2.89,volume in million,
2025,April,Gujarat,Rajkot,0.98,volume in million,
2025,April,Gujarat,Rest Of Locations,7.03,volume in million,
2025,April,Gujarat,Surat,2.81,volume in million,
2025,April,Gujarat,Vadodara,1.54,volume in million,
2025,April,Gujarat,Valsad,0.71,volume in million,
2025,April,Haryana,Ambala,0.41,volume in million,
2025,April,Haryana,Faridabad,1.18,volume in million,
2025,April,Haryana,Gurgaon,1.82,volume in million,
2025,April,Haryana,Karnal,0.35,volume in million,
2025,April,Haryana,Rest Of Locations,3.07,volume in million,
2025,April,Haryana,Sonipat,0.38,volume in million,
2025,April,Himachal Pradesh,Kangra,0.42,volume in million,
2025,April,Himachal Pradesh,Mandi,0.18,volume in million,
2025,April,Himachal Pradesh,Rest Of Locations,0.61,volume in million,
2025,April,Himachal Pradesh,Shimla,0.25,volume in million,
2025,April,Himachal Pradesh,Sirmaur,0.15,volume in million,
2025,April,Himachal Pradesh,Solan,0.48,volume in million,
2025,April,Jammu and Kashmir,Ananthnag,0.16,volume in million,
2025,April,Jammu and Kashmir,Jammu,0.87,volume in million,
2025,April,Jammu and Kashmir,Kathua,0.17,volume in million,
2025,April,Jammu and Kashmir,Rest Of Locations,0.75,volume in million,
2025,April,Jammu and Kashmir,Srinagar,0.25,volume in million,
2025,April,Jammu and Kashmir,Udhampur,0.2,volume in million,
2025,April,Jharkhand,Bokaro,0.33,volume in million,
2025,April,Jharkhand,Dhanbad,0.55,volume in million,
2025,April,Jharkhand,East Singhbhum,0.74,volume in million,
2025,April,Jharkhand,Ranchi,0.92,volume in million,
2025,April,Jharkhand,Rest Of Locations,1.86,volume in million,
2025,April,Jharkhand,West Singhbhum,0.27,volume in million,
2025,April,Karnataka,Bangalore,7.13,volume in million,
2025,April,Karnataka,Bangalore Rural,1.15,volume in million,
2025,April,Karnataka,Belgaum,1.6,volume in million,
2025,April,Karnataka,Dakshina Kannada,1.02,volume in million,
2025,April,Karnataka,Mysore,1.42,volume in million,
2025,April,Karnataka,Rest Of Locations,12.17,volume in million,
2025,April,Kerala,Ernakulam,2.49,volume in million,
2025,April,Kerala,Kollam,2.15,volume in million,
2025,April,Kerala,Malappuram,1.95,volume in million,
2025,April,Kerala,Rest Of Locations,9.56,volume in million,
2025,April,Kerala,Thiruvananthapuram,2.56,volume in million,
2025,April,Kerala,Thrissur,1.82,volume in million,
2025,April,Ladakh,Leh Ladakh,0.07,volume in million,
2025,April,Lakshadweep,Lakshadweep,0.01,volume in million,
2025,April,Madhya Pradesh,Bhopal,0.98,volume in million,
2025,April,Madhya Pradesh,Dhar,0.4,volume in million,
2025,April,Madhya Pradesh,Gwalior,0.53,volume in million,
2025,April,Madhya Pradesh,Indore,1.65,volume in million,
2025,April,Madhya Pradesh,Jabalpur,0.51,volume in million,
2025,April,Madhya Pradesh,Rest Of Locations,6.32,volume in million,
2025,April,Maharashtra,Mumbai,7.1,volume in million,
2025,April,Maharashtra,Nagpur,2.14,volume in million,
2025,April,Maharashtra,Nashik,1.58,volume in million,
2025,April,Maharashtra,Pune,6.48,volume in million,
2025,April,Maharashtra,Rest Of Locations,14.72,volume in million,
2025,April,Maharashtra,Thane,11.31,volume in million,
2025,April,Manipur,Bishnupur,0.06,volume in million,
2025,April,Manipur,Churachandpur,0.07,volume in million,
2025,April,Manipur,Imphal East,0.07,volume in million,
2025,April,Manipur,Imphal West,0.26,volume in million,
2025,April,Manipur,Rest Of Locations,0.07,volume in million,
2025,April,Manipur,Thoubal,0.09,volume in million,
2025,April,Meghalaya,East Khasi Hills,0.31,volume in million,
2025,April,Meghalaya,Jaintia Hills,0.07,volume in million,
2025,April,Meghalaya,Rest Of Locations,0.03,volume in million,
2025,April,Meghalaya,Ri Bhoi,0.04,volume in million,
2025,April,Meghalaya,West Garo Hills,0.1,volume in million,
2025,April,Meghalaya,West Khasi Hills,0.04,volume in million,
2025,April,Mizoram,Aizawl,0.28,volume in million,
2025,April,Mizoram,Champhai,0.04,volume in million,
2025,April,Mizoram,Kolasib,0.03,volume in million,
2025,April,Mizoram,Lawngtlai,0.03,volume in million,
2025,April,Mizoram,Lunglei,0.04,volume in million,
2025,April,Mizoram,Rest Of Locations,0.03,volume in million,
2025,April,Nagaland,Dimapur,0.17,volume in million,
2025,April,Nagaland,Kohima,0.1,volume in million,
2025,April,Nagaland,Mokokchung,0.02,volume in million,
2025,April,Nagaland,Mon,0.02,volume in million,
2025,April,Nagaland,Rest Of Locations,0.03,volume in million,
2025,April,Nagaland,Wokha,0.02,volume in million,
2025,April,Odisha,Baleswar,0.79,volume in million,
2025,April,Odisha,Cuttack,0.77,volume in million,
2025,April,Odisha,Ganjam,0.69,volume in million,
2025,April,Odisha,Jajapur,0.51,volume in million,
2025,April,Odisha,Khorda,1.29,volume in million,
2025,April,Odisha,Rest Of Locations,5.37,volume in million,
2025,April,Others,Others,1.38,volume in million,state: Pincode data or location mapping not available
2025,April,Puducherry,Karaikal,0.16,volume in million,
2025,April,Puducherry,Mahe,0.01,volume in million,
2025,April,Puducherry,Pondicherry,0.88,volume in million,
2025,April,Punjab,Amritsar,0.97,volume in million,
2025,April,Punjab,Gurdaspur,0.75,volume in million,
2025,April,Punjab,Jalandhar,0.87,volume in million,
2025,April,Punjab,Ludhiana,1.65,volume in million,
2025,April,Punjab,Rest Of Locations,3.86,volume in million,
2025,April,Punjab,Rupnagar,0.67,volume in million,
2025,April,Rajasthan,Alwar,0.77,volume in million,
2025,April,Rajasthan,Dausa,0.53,volume in million,
2025,April,Rajasthan,Jaipur,2.02,volume in million,
2025,April,Rajasthan,Jodhpur,0.6,volume in million,
2025,April,Rajasthan,Rest Of Locations,4.76,volume in million,
2025,April,Rajasthan,Udaipur,0.42,volume in million,
2025,April,Sikkim,East Sikkim,0.2,volume in million,
2025,April,Sikkim,North Sikkim,0.01,volume in million,
2025,April,Sikkim,South Sikkim,0.04,volume in million,
2025,April,Sikkim,West Sikkim,0.05,volume in million,
2025,April,Tamil Nadu,Chennai,3.36,volume in million,
2025,April,Tamil Nadu,Coimbatore,5.09,volume in million,
2025,April,Tamil Nadu,Kanchipuram,4.62,volume in million,
2025,April,Tamil Nadu,Rest Of Locations,30.76,volume in million,
2025,April,Tamil Nadu,Tiruvallur,3.63,volume in million,
2025,April,Tamil Nadu,Vellore,2.6,volume in million,
2025,April,Telangana,Hyderabad,3.78,volume in million,
2025,April,Telangana,Karim Nagar,0.77,volume in million,
2025,April,Telangana,Medak,0.79,volume in million,
2025,April,Telangana,Rangareddy,1.97,volume in million,
2025,April,Telangana,Rest Of Locations,2.27,volume in million,
2025,April,Telangana,Warangal,0.6,volume in million,
2025,April,Tripura,Dhalai,0.04,volume in million,
2025,April,Tripura,North Tripura,0.14,volume in million,
2025,April,Tripura,South Tripura,0.1,volume in million,
2025,April,Tripura,West Tripura,0.48,volume in million,
2025,April,Uttar Pradesh,Allahabad,1.14,volume in million,
2025,April,Uttar Pradesh,Gautam Buddha Nagar,1.79,volume in million,
2025,April,Uttar Pradesh,Ghaziabad,1.88,volume in million,
2025,April,Uttar Pradesh,Lucknow,2.27,volume in million,
2025,April,Uttar Pradesh,Rest Of Locations,20.72,volume in million,
2025,April,Uttar Pradesh,Varanasi,1.16,volume in million,
2025,April,Uttarakhand,Almora,0.16,volume in million,
2025,April,Uttarakhand,Dehradun,1.11,volume in million,
2025,April,Uttarakhand,Haridwar,0.66,volume in million,
2025,April,Uttarakhand,Nainital,0.39,volume in million,
2025,April,Uttarakhand,Rest Of Locations,0.59,volume in million,
2025,April,Uttarakhand,Udham Singh Nagar,0.66,volume in million,
2025,April,West Bengal,Bardhaman,1.59,volume in million,
2025,April,West Bengal,Howrah,1.32,volume in million,
2025,April,West Bengal,Kolkata,2.93,volume in million,
2025,April,West Bengal,North 24 Parganas,2.68,volume in million,
2025,April,West Bengal,Rest Of Locations,8.72,volume in million,
2025,April,West Bengal,South 24 Parganas,1.43,volume in million,
2025,March,Andaman and Nicobar Islands,Nicobar,0,volume in million,
2025,March,Andaman and Nicobar Islands,North And Middle Andaman,0.02,volume in million,
2025,March,Andaman and Nicobar Islands,South Andaman,0.11,volume in million,
2025,March,Andhra Pradesh,Chittoor,1.79,volume in million,
2025,March,Andhra Pradesh,East Godavari,1.33,volume in million,
2025,March,Andhra Pradesh,Guntur,1.29,volume in million,
2025,March,Andhra Pradesh,Krishna,1.53,volume in million,
2025,March,Andhra Pradesh,Rest Of Locations,5.67,volume in million,
2025,March,Andhra Pradesh,Visakhapatnam,1.9,volume in million,
2025,March,Arunachal Pradesh,East Siang,0.02,volume in million,
2025,March,Arunachal Pradesh,Lohit,0.03,volume in million,
2025,March,Arunachal Pradesh,Lower Subansiri,0.03,volume in million,
2025,March,Arunachal Pradesh,Papum Pare,0.11,volume in million,
2025,March,Arunachal Pradesh,Rest Of Locations,0.07,volume in million,
2025,March,Arunachal Pradesh,West Siang,0.02,volume in million,
2025,March,Assam,Cachar,0.41,volume in million,
2025,March,Assam,Kamrup,1.53,volume in million,
2025,March,Assam,Nagaon,0.57,volume in million,
2025,March,Assam,Rest Of Locations,3.64,volume in million,
2025,March,Assam,Sibsagar,0.37,volume in million,
2025,March,Assam,Sonitpur,0.41,volume in million,
2025,March,Bihar,Muzaffarpur,0.61,volume in million,
2025,March,Bihar,Patna,1.91,volume in million,
2025,March,Bihar,Rest Of Locations,7.49,volume in million,
2025,March,Bihar,Saran,0.46,volume in million,
2025,March,Bihar,Vaishali,0.47,volume in million,
2025,March,Bihar,West Champaran,0.53,volume in million,
2025,March,Chandigarh,Bastanar,0,volume in million,
2025,March,Chandigarh,Chandigarh,0.71,volume in million,
2025,March,Chhattisgarh,Bilaspur(Cgh),0.6,volume in million,
2025,March,Chhattisgarh,Durg,1.13,volume in million,
2025,March,Chhattisgarh,Raipur,1.44,volume in million,
2025,March,Chhattisgarh,Rajnandgaon,0.41,volume in million,
2025,March,Chhattisgarh,Rest Of Locations,2.41,volume in million,
2025,March,Chhattisgarh,Surguja,0.41,volume in million,
2025,March,Dadra and Nagar Haveli,Dadra And Nagar Haveli,0.31,volume in million,
2025,March,Daman and Diu,Daman,0.19,volume in million,
2025,March,Daman and Diu,Diu,0.02,volume in million,
2025,March,Delhi,East Delhi,1.43,volume in million,
2025,March,Delhi,North West Delhi,1.47,volume in million,
2025,March,Delhi,Rest Of Locations,1.98,volume in million,
2025,March,Delhi,South Delhi,1.58,volume in million,
2025,March,Delhi,South West Delhi,1.78,volume in million,
2025,March,Delhi,West Delhi,1.43,volume in million,
2025,March,Goa,Moira,0,volume in million,
2025,March,Goa,North Goa,0.62,volume in million,
2025,March,Goa,Panaji,0,volume in million,
2025,March,Goa,Panjim,0,volume in million,
2025,March,Goa,South Goa,0.57,volume in million,
2025,March,Gujarat,Ahmedabad,3.09,volume in million,
2025,March,Gujarat,Rajkot,1.03,volume in million,
2025,March,Gujarat,Rest Of Locations,7.5,volume in million,
2025,March,Gujarat,Surat,3.03,volume in million,
2025,March,Gujarat,Vadodara,1.59,volume in million,
2025,March,Gujarat,Valsad,0.73,volume in million,
2025,March,Haryana,Ambala,0.43,volume in million,
2025,March,Haryana,Faridabad,1.23,volume in million,
2025,March,Haryana,Gurgaon,1.93,volume in million,
2025,March,Haryana,Karnal,0.37,volume in million,
2025,March,Haryana,Rest Of Locations,3.22,volume in million,
2025,March,Haryana,Sonipat,0.4,volume in million,
2025,March,Himachal Pradesh,Kangra,0.41,volume in million,
2025,March,Himachal Pradesh,Mandi,0.18,volume in million,
2025,March,Himachal Pradesh,Rest Of Locations,0.6,volume in million,
2025,March,Himachal Pradesh,Shimla,0.25,volume in million,
2025,March,Himachal Pradesh,Sirmaur,0.17,volume in million,
2025,March,Himachal Pradesh,Solan,0.51,volume in million,
2025,March,Jammu and Kashmir,Ananthnag,0.18,volume in million,
2025,March,Jammu and Kashmir,Jammu,0.89,volume in million,
2025,March,Jammu and Kashmir,Kathua,0.17,volume in million,
2025,March,Jammu and Kashmir,Rest Of Locations,0.78,volume in million,
2025,March,Jammu and Kashmir,Srinagar,0.27,volume in million,
2025,March,Jammu and Kashmir,Udhampur,0.2,volume in million,
2025,March,Jharkhand,Bokaro,0.36,volume in million,
2025,March,Jharkhand,Dhanbad,0.6,volume in million,
2025,March,Jharkhand,East Singhbhum,0.83,volume in million,
2025,March,Jharkhand,Ranchi,1,volume in million,
2025,March,Jharkhand,Rest Of Locations,1.99,volume in million,
2025,March,Jharkhand,West Singhbhum,0.29,volume in million,
2025,March,Karnataka,Bangalore,8.04,volume in million,
2025,March,Karnataka,Bangalore Rural,1.3,volume in million,
2025,March,Karnataka,Belgaum,1.77,volume in million,
2025,March,Karnataka,Dakshina Kannada,1.13,volume in million,
2025,March,Karnataka,Mysore,1.62,volume in million,
2025,March,Karnataka,Rest Of Locations,13.82,volume in million,
2025,March,Kerala,Ernakulam,2.67,volume in million,
2025,March,Kerala,Kollam,2.28,volume in million,
2025,March,Kerala,Malappuram,3.42,volume in million,
2025,March,Kerala,Rest Of Locations,10.25,volume in million,
2025,March,Kerala,Thiruvananthapuram,2.72,volume in million,
2025,March,Kerala,Thrissur,1.99,volume in million,
2025,March,Ladakh,Leh Ladakh,0.06,volume in million,
2025,March,Lakshadweep,Lakshadweep,0.01,volume in million,
2025,March,Madhya Pradesh,Bhopal,1.04,volume in million,
2025,March,Madhya Pradesh,Dhar,0.42,volume in million,
2025,March,Madhya Pradesh,Gwalior,0.57,volume in million,
2025,March,Madhya Pradesh,Indore,1.74,volume in million,
2025,March,Madhya Pradesh,Jabalpur,0.52,volume in million,
2025,March,Madhya Pradesh,Rest Of Locations,6.52,volume in million,
2025,March,Maharashtra,Mumbai,7.87,volume in million,
2025,March,Maharashtra,Nagpur,2.4,volume in million,
2025,March,Maharashtra,Nashik,1.76,volume in million,
2025,March,Maharashtra,Pune,7.24,volume in million,
2025,March,Maharashtra,Rest Of Locations,15.99,volume in million,
2025,March,Maharashtra,Thane,12.26,volume in million,
2025,March,Manipur,Bishnupur,0.05,volume in million,
2025,March,Manipur,Churachandpur,0.05,volume in million,
2025,March,Manipur,Imphal East,0.07,volume in million,
2025,March,Manipur,Imphal West,0.27,volume in million,
2025,March,Manipur,Rest Of Locations,0.06,volume in million,
2025,March,Manipur,Thoubal,0.08,volume in million,
2025,March,Meghalaya,East Khasi Hills,0.33,volume in million,
2025,March,Meghalaya,Jaintia Hills,0.08,volume in million,
2025,March,Meghalaya,Rest Of Locations,0.03,volume in million,
2025,March,Meghalaya,Ri Bhoi,0.05,volume in million,
2025,March,Meghalaya,West Garo Hills,0.09,volume in million,
2025,March,Meghalaya,West Khasi Hills,0.05,volume in million,
2025,March,Mizoram,Aizawl,0.3,volume in million,
2025,March,Mizoram,Champhai,0.04,volume in million,
2025,March,Mizoram,Kolasib,0.03,volume in million,
2025,March,Mizoram,Lawngtlai,0.03,volume in million,
2025,March,Mizoram,Lunglei,0.05,volume in million,
2025,March,Mizoram,Rest Of Locations,0.02,volume in million,
2025,March,Nagaland,Dimapur,0.17,volume in million,
2025,March,Nagaland,Kohima,0.1,volume in million,
2025,March,Nagaland,Mokokchung,0.02,volume in million,
2025,March,Nagaland,Mon,0.01,volume in million,
2025,March,Nagaland,Rest Of Locations,0.03,volume in million,
2025,March,Nagaland,Wokha,0.02,volume in million,
2025,March,Odisha,Baleswar,0.89,volume in million,
2025,March,Odisha,Cuttack,0.93,volume in million,
2025,March,Odisha,Ganjam,0.79,volume in million,
2025,March,Odisha,Jajapur,0.6,volume in million,
2025,March,Odisha,Khorda,1.54,volume in million,
2025,March,Odisha,Rest Of Locations,6.43,volume in million,
2025,March,Others,Others,1.46,volume in million,state: Pincode data or location mapping not available
2025,March,Puducherry,Karaikal,0.17,volume in million,
2025,March,Puducherry,Mahe,0.01,volume in million,
2025,March,Puducherry,Pondicherry,0.95,volume in million,
2025,March,Punjab,Amritsar,1.03,volume in million,
2025,March,Punjab,Gurdaspur,0.8,volume in million,
2025,March,Punjab,Jalandhar,0.91,volume in million,
2025,March,Punjab,Ludhiana,1.76,volume in million,
2025,March,Punjab,Rest Of Locations,4.11,volume in million,
2025,March,Punjab,Rupnagar,0.71,volume in million,
2025,March,Rajasthan,Alwar,0.8,volume in million,
2025,March,Rajasthan,Dausa,0.53,volume in million,
2025,March,Rajasthan,Jaipur,2.13,volume in million,
2025,March,Rajasthan,Jodhpur,0.64,volume in million,
2025,March,Rajasthan,Rest Of Locations,4.93,volume in million,
2025,March,Rajasthan,Udaipur,0.43,volume in million,
2025,March,Sikkim,East Sikkim,0.2,volume in million,
2025,March,Sikkim,North Sikkim,0.01,volume in million,
2025,March,Sikkim,South Sikkim,0.04,volume in million,
2025,March,Sikkim,West Sikkim,0.05,volume in million,
2025,March,Tamil Nadu,Chennai,3.7,volume in million,
2025,March,Tamil Nadu,Coimbatore,5.63,volume in million,
2025,March,Tamil Nadu,Kanchipuram,5.07,volume in million,
2025,March,Tamil Nadu,Rest Of Locations,33.08,volume in million,
2025,March,Tamil Nadu,Tiruvallur,3.9,volume in million,
2025,March,Tamil Nadu,Vellore,2.82,volume in million,
2025,March,Telangana,Hyderabad,4.24,volume in million,
2025,March,Telangana,Karim Nagar,0.84,volume in million,
2025,March,Telangana,Medak,0.88,volume in million,
2025,March,Telangana,Rangareddy,2.19,volume in million,
2025,March,Telangana,Rest Of Locations,2.47,volume in million,
2025,March,Telangana,Warangal,0.66,volume in million,
2025,March,Tripura,Dhalai,0.04,volume in million,
2025,March,Tripura,North Tripura,0.15,volume in million,
2025,March,Tripura,South Tripura,0.1,volume in million,
2025,March,Tripura,West Tripura,0.49,volume in million,
2025,March,Uttar Pradesh,Allahabad,1.17,volume in million,
2025,March,Uttar Pradesh,Gautam Buddha Nagar,1.89,volume in million,
2025,March,Uttar Pradesh,Ghaziabad,2,volume in million,
2025,March,Uttar Pradesh,Lucknow,2.41,volume in million,
2025,March,Uttar Pradesh,Rest Of Locations,22.32,volume in million,
2025,March,Uttar Pradesh,Varanasi,1.22,volume in million,
2025,March,Uttarakhand,Almora,0.16,volume in million,
2025,March,Uttarakhand,Dehradun,1.13,volume in million,
2025,March,Uttarakhand,Haridwar,0.69,volume in million,
2025,March,Uttarakhand,Nainital,0.4,volume in million,
2025,March,Uttarakhand,Rest Of Locations,0.58,volume in million,
2025,March,Uttarakhand,Udham Singh Nagar,0.7,volume in million,
2025,March,West Bengal,Bardhaman,1.68,volume in million,
2025,March,West Bengal,Howrah,1.43,volume in million,
2025,March,West Bengal,Kolkata,3.16,volume in million,
2025,March,West Bengal,North 24 Parganas,2.82,volume in million,
2025,March,West Bengal,Rest Of Locations,9.14,volume in million,
2025,March,West Bengal,South 24 Parganas,1.55,volume in million,
2025,February,Andaman and Nicobar Islands,Nicobar,0,volume in million,
2025,February,Andaman and Nicobar Islands,North And Middle Andaman,0.01,volume in million,
2025,February,Andaman and Nicobar Islands,South Andaman,0.1,volume in million,
2025,February,Andhra Pradesh,Chittoor,1.6,volume in million,
2025,February,Andhra Pradesh,East Godavari,1.2,volume in million,
2025,February,Andhra Pradesh,Guntur,1.16,volume in million,
2025,February,Andhra Pradesh,Krishna,1.38,volume in million,
2025,February,Andhra Pradesh,Rest Of Locations,5.06,volume in million,
2025,February,Andhra Pradesh,Visakhapatnam,1.71,volume in million,
2025,February,Arunachal Pradesh,East Siang,0.02,volume in million,
2025,February,Arunachal Pradesh,Lohit,0.02,volume in million,
2025,February,Arunachal Pradesh,Lower Subansiri,0.03,volume in million,
2025,February,Arunachal Pradesh,Papum Pare,0.1,volume in million,
2025,February,Arunachal Pradesh,Rest Of Locations,0.06,volume in million,
2025,February,Arunachal Pradesh,West Siang,0.02,volume in million,
2025,February,Assam,Cachar,0.37,volume in million,
2025,February,Assam,Kamrup,1.37,volume in million,
2025,February,Assam,Nagaon,0.5,volume in million,
2025,February,Assam,Rest Of Locations,3.26,volume in million,
2025,February,Assam,Sibsagar,0.34,volume in million,
2025,February,Assam,Sonitpur,0.36,volume in million,
2025,February,Bihar,Muzaffarpur,0.53,volume in million,
2025,February,Bihar,Patna,1.75,volume in million,
2025,February,Bihar,Rest Of Locations,6.43,volume in million,
2025,February,Bihar,Saran,0.4,volume in million,
2025,February,Bihar,Vaishali,0.41,volume in million,
2025,February,Bihar,West Champaran,0.47,volume in million,
2025,February,Chandigarh,Bastanar,0,volume in million,
2025,February,Chandigarh,Chandigarh,0.65,volume in million,
2025,February,Chhattisgarh,Bilaspur(Cgh),0.63,volume in million,
2025,February,Chhattisgarh,Durg,1.11,volume in million,
2025,February,Chhattisgarh,Raipur,1.38,volume in million,
2025,February,Chhattisgarh,Rajnandgaon,0.45,volume in million,
2025,February,Chhattisgarh,Rest Of Locations,2.55,volume in million,
2025,February,Chhattisgarh,Surguja,0.5,volume in million,
2025,February,Dadra and Nagar Haveli,Dadra And Nagar Haveli,0.29,volume in million,
2025,February,Daman and Diu,Daman,0.18,volume in million,
2025,February,Daman and Diu,Diu,0.01,volume in million,
2025,February,Delhi,East Delhi,1.32,volume in million,
2025,February,Delhi,North West Delhi,1.36,volume in million,
2025,February,Delhi,Rest Of Locations,1.82,volume in million,
2025,February,Delhi,South Delhi,1.49,volume in million,
2025,February,Delhi,South West Delhi,1.63,volume in million,
2025,February,Delhi,West Delhi,1.24,volume in million,
2025,February,Goa,Moira,0,volume in million,
2025,February,Goa,North Goa,0.57,volume in million,
2025,February,Goa,Panjim,0,volume in million,
2025,February,Goa,South Goa,0.52,volume in million,
2025,February,Gujarat,Ahmedabad,2.87,volume in million,
2025,February,Gujarat,Rajkot,0.94,volume in million,
2025,February,Gujarat,Rest Of Locations,7.06,volume in million,
2025,February,Gujarat,Surat,2.77,volume in million,
2025,February,Gujarat,Vadodara,1.49,volume in million,
2025,February,Gujarat,Valsad,0.7,volume in million,
2025,February,Haryana,Ambala,0.39,volume in million,
2025,February,Haryana,Faridabad,1.15,volume in million,
2025,February,Haryana,Gurgaon,1.81,volume in million,
2025,February,Haryana,Karnal,0.35,volume in million,
2025,February,Haryana,Rest Of Locations,2.97,volume in million,
2025,February,Haryana,Sonipat,0.37,volume in million,
2025,February,Himachal Pradesh,Kangra,0.36,volume in million,
2025,February,Himachal Pradesh,Mandi,0.16,volume in million,
2025,February,Himachal Pradesh,Rest Of Locations,0.51,volume in million,
2025,February,Himachal Pradesh,Shimla,0.21,volume in million,
2025,February,Himachal Pradesh,Sirmaur,0.15,volume in million,
2025,February,Himachal Pradesh,Solan,0.47,volume in million,
2025,February,Jammu and Kashmir,Ananthnag,0.13,volume in million,
2025,February,Jammu and Kashmir,Jammu,0.86,volume in million,
2025,February,Jammu and Kashmir,Kathua,0.16,volume in million,
2025,February,Jammu and Kashmir,Rest Of Locations,0.61,volume in million,
2025,February,Jammu and Kashmir,Srinagar,0.21,volume in million,
2025,February,Jammu and Kashmir,Udhampur,0.16,volume in million,
2025,February,Jharkhand,Bokaro,0.3,volume in million,
2025,February,Jharkhand,Dhanbad,0.51,volume in million,
2025,February,Jharkhand,East Singhbhum,0.72,volume in million,
2025,February,Jharkhand,Ranchi,0.86,volume in million,
2025,February,Jharkhand,Rest Of Locations,1.63,volume in million,
2025,February,Jharkhand,West Singhbhum,0.25,volume in million,
2025,February,Karnataka,Bangalore,7.12,volume in million,
2025,February,Karnataka,Bangalore Rural,1.13,volume in million,
2025,February,Karnataka,Belgaum,1.52,volume in million,
2025,February,Karnataka,Dakshina Kannada,1,volume in million,
2025,February,Karnataka,Mysore,1.34,volume in million,
2025,February,Karnataka,Rest Of Locations,11.61,volume in million,
2025,February,Kerala,Ernakulam,2.46,volume in million,
2025,February,Kerala,Kollam,2.05,volume in million,
2025,February,Kerala,Malappuram,3.11,volume in million,
2025,February,Kerala,Rest Of Locations,9.31,volume in million,
2025,February,Kerala,Thiruvananthapuram,2.46,volume in million,
2025,February,Kerala,Thrissur,1.81,volume in million,
2025,February,Ladakh,Leh Ladakh,0.05,volume in million,
2025,February,Lakshadweep,Lakshadweep,0.01,volume in million,
2025,February,Madhya Pradesh,Bhopal,0.96,volume in million,
2025,February,Madhya Pradesh,Dhar,0.39,volume in million,
2025,February,Madhya Pradesh,Gwalior,0.51,volume in million,
2025,February,Madhya Pradesh,Indore,1.59,volume in million,
2025,February,Madhya Pradesh,Jabalpur,0.49,volume in million,
2025,February,Madhya Pradesh,Rest Of Locations,6.2,volume in million,
2025,February,Maharashtra,Mumbai,7.02,volume in million,
2025,February,Maharashtra,Nagpur,2.08,volume in million,
2025,February,Maharashtra,Nashik,1.49,volume in million,
2025,February,Maharashtra,Pune,6.32,volume in million,
2025,February,Maharashtra,Rest Of Locations,13.63,volume in million,
2025,February,Maharashtra,Thane,10.07,volume in million,
2025,February,Manipur,Bishnupur,0.04,volume in million,
2025,February,Manipur,Churachandpur,0.04,volume in million,
2025,February,Manipur,Imphal East,0.06,volume in million,
2025,February,Manipur,Imphal West,0.24,volume in million,
2025,February,Manipur,Rest Of Locations,0.05,volume in million,
2025,February,Manipur,Thoubal,0.07,volume in million,
2025,February,Meghalaya,East Khasi Hills,0.29,volume in million,
2025,February,Meghalaya,Jaintia Hills,0.07,volume in million,
2025,February,Meghalaya,Rest Of Locations,0.03,volume in million,
2025,February,Meghalaya,Ri Bhoi,0.04,volume in million,
2025,February,Meghalaya,West Garo Hills,0.08,volume in million,
2025,February,Meghalaya,West Khasi Hills,0.04,volume in million,
2025,February,Mizoram,Aizawl,0.27,volume in million,
2025,February,Mizoram,Champhai,0.04,volume in million,
2025,February,Mizoram,Kolasib,0.02,volume in million,
2025,February,Mizoram,Lawngtlai,0.03,volume in million,
2025,February,Mizoram,Lunglei,0.04,volume in million,
2025,February,Mizoram,Rest Of Locations,0.03,volume in million,
2025,February,Nagaland,Dimapur,0.16,volume in million,
2025,February,Nagaland,Kohima,0.1,volume in million,
2025,February,Nagaland,Mokokchung,0.02,volume in million,
2025,February,Nagaland,Mon,0.01,volume in million,
2025,February,Nagaland,Rest Of Locations,0.03,volume in million,
2025,February,Nagaland,Wokha,0.02,volume in million,
2025,February,Odisha,Baleswar,0.87,volume in million,
2025,February,Odisha,Cuttack,0.82,volume in million,
2025,February,Odisha,Ganjam,0.7,volume in million,
2025,February,Odisha,Jajapur,0.53,volume in million,
2025,February,Odisha,Khorda,1.37,volume in million,
2025,February,Odisha,Rest Of Locations,5.79,volume in million,
2025,February,Others,Others,1.32,volume in million,state: Pincode data or location mapping not available
2025,February,Puducherry,Karaikal,0.16,volume in million,
2025,February,Puducherry,Mahe,0,volume in million,
2025,February,Puducherry,Pondicherry,0.87,volume in million,
2025,February,Punjab,Amritsar,0.93,volume in million,
2025,February,Punjab,Gurdaspur,0.72,volume in million,
2025,February,Punjab,Jalandhar,0.81,volume in million,
2025,February,Punjab,Ludhiana,1.58,volume in million,
2025,February,Punjab,Rest Of Locations,3.72,volume in million,
2025,February,Punjab,Rupnagar,0.64,volume in million,
2025,February,Rajasthan,Alwar,0.74,volume in million,
2025,February,Rajasthan,Dausa,0.48,volume in million,
2025,February,Rajasthan,Jaipur,1.93,volume in million,
2025,February,Rajasthan,Jodhpur,0.58,volume in million,
2025,February,Rajasthan,Rest Of Locations,4.67,volume in million,
2025,February,Rajasthan,Udaipur,0.41,volume in million,
2025,February,Sikkim,East Sikkim,0.18,volume in million,
2025,February,Sikkim,North Sikkim,0.01,volume in million,
2025,February,Sikkim,South Sikkim,0.04,volume in million,
2025,February,Sikkim,West Sikkim,0.04,volume in million,
2025,February,Tamil Nadu,Chennai,3.45,volume in million,
2025,February,Tamil Nadu,Coimbatore,5.13,volume in million,
2025,February,Tamil Nadu,Kanchipuram,4.64,volume in million,
2025,February,Tamil Nadu,Rest Of Locations,30.49,volume in million,
2025,February,Tamil Nadu,Tiruvallur,3.61,volume in million,
2025,February,Tamil Nadu,Vellore,2.57,volume in million,
2025,February,Telangana,Hyderabad,3.86,volume in million,
2025,February,Telangana,Karim Nagar,0.79,volume in million,
2025,February,Telangana,Medak,0.87,volume in million,
2025,February,Telangana,Rangareddy,2.01,volume in million,
2025,February,Telangana,Rest Of Locations,2.36,volume in million,
2025,February,Telangana,Warangal,0.63,volume in million,
2025,February,Tripura,Dhalai,0.04,volume in million,
2025,February,Tripura,North Tripura,0.14,volume in million,
2025,February,Tripura,South Tripura,0.1,volume in million,
2025,February,Tripura,West Tripura,0.46,volume in million,
2025,February,Uttar Pradesh,Allahabad,1.15,volume in million,
2025,February,Uttar Pradesh,Gautam Buddha Nagar,1.78,volume in million,
2025,February,Uttar Pradesh,Ghaziabad,1.81,volume in million,
2025,February,Uttar Pradesh,Lucknow,2.22,volume in million,
2025,February,Uttar Pradesh,Rest Of Locations,19.97,volume in million,
2025,February,Uttar Pradesh,Varanasi,1.17,volume in million,
2025,February,Uttarakhand,Almora,0.14,volume in million,
2025,February,Uttarakhand,Dehradun,1.01,volume in million,
2025,February,Uttarakhand,Haridwar,0.62,volume in million,
2025,February,Uttarakhand,Nainital,0.36,volume in million,
2025,February,Uttarakhand,Rest Of Locations,0.52,volume in million,
2025,February,Uttarakhand,Udham Singh Nagar,0.64,volume in million,
2025,February,West Bengal,Bardhaman,1.52,volume in million,
2025,February,West Bengal,Howrah,1.28,volume in million,
2025,February,West Bengal,Kolkata,2.89,volume in million,
2025,February,West Bengal,North 24 Parganas,2.55,volume in million,
2025,February,West Bengal,Rest Of Locations,8.16,volume in million,
2025,February,West Bengal,South 24 Parganas,1.37,volume in million,
2025,January,Andaman and Nicobar Islands,Nicobar,0,volume in million,
2025,January,Andaman and Nicobar Islands,North And Middle Andaman,0.02,volume in million,
2025,January,Andaman and Nicobar Islands,South Andaman,0.11,volume in million,
2025,January,Andhra Pradesh,Chittoor,1.72,volume in million,
2025,January,Andhra Pradesh,East Godavari,1.38,volume in million,
2025,January,Andhra Pradesh,Guntur,1.25,volume in million,
2025,January,Andhra Pradesh,Krishna,1.51,volume in million,
2025,January,Andhra Pradesh,Rest Of Locations,5.63,volume in million,
2025,January,Andhra Pradesh,Visakhapatnam,1.87,volume in million,
2025,January,Arunachal Pradesh,East Siang,0.02,volume in million,
2025,January,Arunachal Pradesh,Lohit,0.03,volume in million,
2025,January,Arunachal Pradesh,Lower Subansiri,0.03,volume in million,
2025,January,Arunachal Pradesh,Papum Pare,0.1,volume in million,
2025,January,Arunachal Pradesh,Rest Of Locations,0.07,volume in million,
2025,January,Arunachal Pradesh,Upper Subansiri,0.02,volume in million,
2025,January,Assam,Cachar,0.4,volume in million,
2025,January,Assam,Dibrugarh,0.37,volume in million,
2025,January,Assam,Kamrup,1.53,volume in million,
2025,January,Assam,Nagaon,0.54,volume in million,
2025,January,Assam,Rest Of Locations,3.5,volume in million,
2025,January,Assam,Sonitpur,0.39,volume in million,
2025,January,Bihar,Bhagalpur,0.4,volume in million,
2025,January,Bihar,Muzaffarpur,0.53,volume in million,
2025,January,Bihar,Patna,1.83,volume in million,
2025,January,Bihar,Rest Of Locations,6.51,volume in million,
2025,January,Bihar,Vaishali,0.42,volume in million,
2025,January,Bihar,West Champaran,0.46,volume in million,
2025,January,Chandigarh,Bastanar,0,volume in million,
2025,January,Chandigarh,Chandigarh,0.71,volume in million,
2025,January,Chhattisgarh,Bilaspur(Cgh),0.68,volume in million,
2025,January,Chhattisgarh,Durg,1.17,volume in million,
2025,January,Chhattisgarh,Raipur,1.53,volume in million,
2025,January,Chhattisgarh,Rajnandgaon,0.42,volume in million,
2025,January,Chhattisgarh,Rest Of Locations,2.72,volume in million,
2025,January,Chhattisgarh,Surguja,0.53,volume in million,
2025,January,Dadra and Nagar Haveli,Dadra And Nagar Haveli,0.32,volume in million,
2025,January,Daman and Diu,Daman,0.19,volume in million,
2025,January,Daman and Diu,Diu,0.01,volume in million,
2025,January,Delhi,East Delhi,1.39,volume in million,
2025,January,Delhi,North West Delhi,1.51,volume in million,
2025,January,Delhi,Rest Of Locations,1.99,volume in million,
2025,January,Delhi,South Delhi,1.61,volume in million,
2025,January,Delhi,South West Delhi,1.73,volume in million,
2025,January,Delhi,West Delhi,1.35,volume in million,
2025,January,Goa,Moira,0,volume in million,
2025,January,Goa,North Goa,0.66,volume in million,
2025,January,Goa,Panjim,0,volume in million,
2025,January,Goa,South Goa,0.59,volume in million,
2025,January,Gujarat,Ahmedabad,3.19,volume in million,
2025,January,Gujarat,Rajkot,1.07,volume in million,
2025,January,Gujarat,Rest Of Locations,7.74,volume in million,
2025,January,Gujarat,Surat,3.1,volume in million,
2025,January,Gujarat,Vadodara,1.65,volume in million,
2025,January,Gujarat,Valsad,0.77,volume in million,
2025,January,Haryana,Ambala,0.42,volume in million,
2025,January,Haryana,Faridabad,1.21,volume in million,
2025,January,Haryana,Gurgaon,1.92,volume in million,
2025,January,Haryana,Karnal,0.37,volume in million,
2025,January,Haryana,Rest Of Locations,3.14,volume in million,
2025,January,Haryana,Sonipat,0.4,volume in million,
2025,January,Himachal Pradesh,Kangra,0.41,volume in million,
2025,January,Himachal Pradesh,Mandi,0.17,volume in million,
2025,January,Himachal Pradesh,Rest Of Locations,0.58,volume in million,
2025,January,Himachal Pradesh,Shimla,0.23,volume in million,
2025,January,Himachal Pradesh,Sirmaur,0.16,volume in million,
2025,January,Himachal Pradesh,Solan,0.51,volume in million,
2025,January,Jammu and Kashmir,Jammu,0.92,volume in million,
2025,January,Jammu and Kashmir,Kathua,0.17,volume in million,
2025,January,Jammu and Kashmir,Poonch,0.13,volume in million,
2025,January,Jammu and Kashmir,Rest Of Locations,0.65,volume in million,
2025,January,Jammu and Kashmir,Srinagar,0.22,volume in million,
2025,January,Jammu and Kashmir,Udhampur,0.19,volume in million,
2025,January,Jharkhand,Bokaro,0.35,volume in million,
2025,January,Jharkhand,Dhanbad,0.58,volume in million,
2025,January,Jharkhand,East Singhbhum,0.81,volume in million,
2025,January,Jharkhand,Ranchi,0.94,volume in million,
2025,January,Jharkhand,Rest Of Locations,1.85,volume in million,
2025,January,Jharkhand,West Singhbhum,0.28,volume in million,
2025,January,Karnataka,Bangalore,7.79,volume in million,
2025,January,Karnataka,Bangalore Rural,1.2,volume in million,
2025,January,Karnataka,Belgaum,1.65,volume in million,
2025,January,Karnataka,Dakshina Kannada,1.1,volume in million,
2025,January,Karnataka,Mysore,1.48,volume in million,
2025,January,Karnataka,Rest Of Locations,12.63,volume in million,
2025,January,Kerala,Ernakulam,2.74,volume in million,
2025,January,Kerala,Kollam,2.27,volume in million,
2025,January,Kerala,Malappuram,3.55,volume in million,
2025,January,Kerala,Rest Of Locations,10.4,volume in million,
2025,January,Kerala,Thiruvananthapuram,2.72,volume in million,
2025,January,Kerala,Thrissur,2.01,volume in million,
2025,January,Ladakh,Leh Ladakh,0.05,volume in million,
2025,January,Lakshadweep,Lakshadweep,0.01,volume in million,
2025,January,Madhya Pradesh,Bhopal,1.05,volume in million,
2025,January,Madhya Pradesh,Dhar,0.42,volume in million,
2025,January,Madhya Pradesh,Gwalior,0.53,volume in million,
2025,January,Madhya Pradesh,Indore,1.73,volume in million,
2025,January,Madhya Pradesh,Jabalpur,0.52,volume in million,
2025,January,Madhya Pradesh,Rest Of Locations,6.48,volume in million,
2025,January,Maharashtra,Mumbai,7.8,volume in million,
2025,January,Maharashtra,Nagpur,2.29,volume in million,
2025,January,Maharashtra,Nashik,1.67,volume in million,
2025,January,Maharashtra,Pune,7.1,volume in million,
2025,January,Maharashtra,Rest Of Locations,15.04,volume in million,
2025,January,Maharashtra,Thane,10.6,volume in million,
2025,January,Manipur,Bishnupur,0.05,volume in million,
2025,January,Manipur,Churachandpur,0.05,volume in million,
2025,January,Manipur,Imphal East,0.07,volume in million,
2025,January,Manipur,Imphal West,0.27,volume in million,
2025,January,Manipur,Rest Of Locations,0.06,volume in million,
2025,January,Manipur,Thoubal,0.08,volume in million,
2025,January,Meghalaya,East Khasi Hills,0.29,volume in million,
2025,January,Meghalaya,Jaintia Hills,0.07,volume in million,
2025,January,Meghalaya,Rest Of Locations,0.03,volume in million,
2025,January,Meghalaya,Ri Bhoi,0.04,volume in million,
2025,January,Meghalaya,West Garo Hills,0.08,volume in million,
2025,January,Meghalaya,West Khasi Hills,0.04,volume in million,
2025,January,Mizoram,Aizawl,0.27,volume in million,
2025,January,Mizoram,Champhai,0.04,volume in million,
2025,January,Mizoram,Kolasib,0.02,volume in million,
2025,January,Mizoram,Lawngtlai,0.03,volume in million,
2025,January,Mizoram,Lunglei,0.04,volume in million,
2025,January,Mizoram,Rest Of Locations,0.03,volume in million,
2025,January,Nagaland,Dimapur,0.18,volume in million,
2025,January,Nagaland,Kohima,0.09,volume in million,
2025,January,Nagaland,Mokokchung,0.02,volume in million,
2025,January,Nagaland,Mon,0.01,volume in million,
2025,January,Nagaland,Rest Of Locations,0.03,volume in million,
2025,January,Nagaland,Wokha,0.02,volume in million,
2025,January,Odisha,Baleswar,1.02,volume in million,
2025,January,Odisha,Cuttack,0.85,volume in million,
2025,January,Odisha,Ganjam,0.7,volume in million,
2025,January,Odisha,Khorda,1.47,volume in million,
2025,January,Odisha,Mayurbhanj,0.59,volume in million,
2025,January,Odisha,Rest Of Locations,6.18,volume in million,
2025,January,Others,Others,1.39,volume in million,state: Pincode data or location mapping not available
2025,January,Puducherry,Karaikal,0.18,volume in million,
2025,January,Puducherry,Mahe,0,volume in million,
2025,January,Puducherry,Pondicherry,0.97,volume in million,
2025,January,Punjab,Amritsar,1.01,volume in million,
2025,January,Punjab,Gurdaspur,0.79,volume in million,
2025,January,Punjab,Jalandhar,0.88,volume in million,
2025,January,Punjab,Ludhiana,1.72,volume in million,
2025,January,Punjab,Rest Of Locations,3.99,volume in million,
2025,January,Punjab,Rupnagar,0.69,volume in million,
2025,January,Rajasthan,Alwar,0.79,volume in million,
2025,January,Rajasthan,Dausa,0.51,volume in million,
2025,January,Rajasthan,Jaipur,2.12,volume in million,
2025,January,Rajasthan,Jodhpur,0.64,volume in million,
2025,January,Rajasthan,Rest Of Locations,5.08,volume in million,
2025,January,Rajasthan,Udaipur,0.46,volume in million,
2025,January,Sikkim,East Sikkim,0.18,volume in million,
2025,January,Sikkim,North Sikkim,0.01,volume in million,
2025,January,Sikkim,South Sikkim,0.04,volume in million,
2025,January,Sikkim,West Sikkim,0.05,volume in million,
2025,January,Tamil Nadu,Chennai,3.61,volume in million,
2025,January,Tamil Nadu,Coimbatore,5.33,volume in million,
2025,January,Tamil Nadu,Kanchipuram,4.9,volume in million,
2025,January,Tamil Nadu,Rest Of Locations,33.11,volume in million,
2025,January,Tamil Nadu,Tiruvallur,3.78,volume in million,
2025,January,Tamil Nadu,Vellore,2.81,volume in million,
2025,January,Telangana,Hyderabad,4.05,volume in million,
2025,January,Telangana,Karim Nagar,0.84,volume in million,
2025,January,Telangana,Medak,0.89,volume in million,
2025,January,Telangana,Rangareddy,2.1,volume in million,
2025,January,Telangana,Rest Of Locations,2.49,volume in million,
2025,January,Telangana,Warangal,0.66,volume in million,
2025,January,Tripura,Dhalai,0.05,volume in million,
2025,January,Tripura,North Tripura,0.15,volume in million,
2025,January,Tripura,South Tripura,0.1,volume in million,
2025,January,Tripura,West Tripura,0.5,volume in million,
2025,January,Uttar Pradesh,Allahabad,1.22,volume in million,
2025,January,Uttar Pradesh,Gautam Buddha Nagar,1.87,volume in million,
2025,January,Uttar Pradesh,Ghaziabad,1.88,volume in million,
2025,January,Uttar Pradesh,Lucknow,2.31,volume in million,
2025,January,Uttar Pradesh,Rest Of Locations,20.11,volume in million,
2025,January,Uttar Pradesh,Varanasi,1.19,volume in million,
2025,January,Uttarakhand,Almora,0.14,volume in million,
2025,January,Uttarakhand,Dehradun,1.08,volume in million,
2025,January,Uttarakhand,Haridwar,0.64,volume in million,
2025,January,Uttarakhand,Nainital,0.38,volume in million,
2025,January,Uttarakhand,Rest Of Locations,0.56,volume in million,
2025,January,Uttarakhand,Udham Singh Nagar,0.67,volume in million,
2025,January,West Bengal,Bardhaman,1.66,volume in million,
2025,January,West Bengal,Howrah,1.38,volume in million,
2025,January,West Bengal,Kolkata,3.2,volume in million,
2025,January,West Bengal,North 24 Parganas,2.82,volume in million,
2025,January,West Bengal,Rest Of Locations,8.93,volume in million,
2025,January,West Bengal,South 24 Parganas,1.52,volume in million,
2024,December,Andaman and Nicobar Islands,Nicobar,0,volume in million,
2024,December,Andaman and Nicobar Islands,North And Middle Andaman,0.02,volume in million,
2024,December,Andaman and Nicobar Islands,South Andaman,0.11,volume in million,
2024,December,Andhra Pradesh,Chittoor,1.74,volume in million,
2024,December,Andhra Pradesh,East Godavari,1.36,volume in million,
2024,December,Andhra Pradesh,Guntur,1.29,volume in million,
2024,December,Andhra Pradesh,Krishna,1.53,volume in million,
2024,December,Andhra Pradesh,Rest Of Locations,5.59,volume in million,
2024,December,Andhra Pradesh,Visakhapatnam,1.89,volume in million,
2024,December,Arunachal Pradesh,East Siang,0.03,volume in million,
2024,December,Arunachal Pradesh,Lohit,0.03,volume in million,
2024,December,Arunachal Pradesh,Lower Subansiri,0.03,volume in million,
2024,December,Arunachal Pradesh,Papum Pare,0.11,volume in million,
2024,December,Arunachal Pradesh,Rest Of Locations,0.08,volume in million,
2024,December,Arunachal Pradesh,Upper Subansiri,0.02,volume in million,
2024,December,Assam,Cachar,0.41,volume in million,
2024,December,Assam,Dibrugarh,0.39,volume in million,
2024,December,Assam,Kamrup,1.64,volume in million,
2024,December,Assam,Nagaon,0.56,volume in million,
2024,December,Assam,Rest Of Locations,3.63,volume in million,
2024,December,Assam,Sonitpur,0.39,volume in million,
2024,December,Bihar,Muzaffarpur,0.58,volume in million,
2024,December,Bihar,Patna,2.02,volume in million,
2024,December,Bihar,Rest Of Locations,7.07,volume in million,
2024,December,Bihar,Saran,0.46,volume in million,
2024,December,Bihar,Vaishali,0.52,volume in million,
2024,December,Bihar,West Champaran,0.5,volume in million,
2024,December,Chandigarh,Bastanar,0,volume in million,
2024,December,Chandigarh,Chandigarh,0.72,volume in million,
2024,December,Chhattisgarh,Bilaspur(Cgh),0.67,volume in million,
2024,December,Chhattisgarh,Durg,1.18,volume in million,
2024,December,Chhattisgarh,Raipur,1.54,volume in million,
2024,December,Chhattisgarh,Rajnandgaon,0.43,volume in million,
2024,December,Chhattisgarh,Rest Of Locations,2.49,volume in million,
2024,December,Chhattisgarh,Surguja,0.44,volume in million,
2024,December,Dadra and Nagar Haveli,Dadra And Nagar Haveli,0.31,volume in million,
2024,December,Dadra and Nagar Haveli,Korba,0,volume in million,
2024,December,Daman and Diu,Daman,0.19,volume in million,
2024,December,Daman and Diu,Diu,0.01,volume in million,
2024,December,Delhi,East Delhi,1.44,volume in million,
2024,December,Delhi,North West Delhi,1.55,volume in million,
2024,December,Delhi,Rest Of Locations,2.03,volume in million,
2024,December,Delhi,South Delhi,1.66,volume in million,
2024,December,Delhi,South West Delhi,1.77,volume in million,
2024,December,Delhi,West Delhi,1.38,volume in million,
2024,December,Goa,Moira,0,volume in million,
2024,December,Goa,North Goa,0.71,volume in million,
2024,December,Goa,Panjim,0,volume in million,
2024,December,Goa,South Goa,0.63,volume in million,
2024,December,Gujarat,Ahmedabad,3.14,volume in million,
2024,December,Gujarat,Rajkot,1.05,volume in million,
2024,December,Gujarat,Rest Of Locations,7.59,volume in million,
2024,December,Gujarat,Surat,2.96,volume in million,
2024,December,Gujarat,Vadodara,1.62,volume in million,
2024,December,Gujarat,Valsad,0.75,volume in million,
2024,December,Haryana,Ambala,0.42,volume in million,
2024,December,Haryana,Faridabad,1.23,volume in million,
2024,December,Haryana,Gurgaon,1.96,volume in million,
2024,December,Haryana,Karnal,0.37,volume in million,
2024,December,Haryana,Rest Of Locations,3.15,volume in million,
2024,December,Haryana,Sonipat,0.4,volume in million,
2024,December,Himachal Pradesh,Kangra,0.41,volume in million,
2024,December,Himachal Pradesh,Mandi,0.17,volume in million,
2024,December,Himachal Pradesh,Rest Of Locations,0.6,volume in million,
2024,December,Himachal Pradesh,Shimla,0.25,volume in million,
2024,December,Himachal Pradesh,Sirmaur,0.16,volume in million,
2024,December,Himachal Pradesh,Solan,0.52,volume in million,
2024,December,Jammu and Kashmir,Ananthnag,0.14,volume in million,
2024,December,Jammu and Kashmir,Jammu,0.9,volume in million,
2024,December,Jammu and Kashmir,Kathua,0.17,volume in million,
2024,December,Jammu and Kashmir,Rest Of Locations,0.7,volume in million,
2024,December,Jammu and Kashmir,Srinagar,0.24,volume in million,
2024,December,Jammu and Kashmir,Udhampur,0.18,volume in million,
2024,December,Jharkhand,Bokaro,0.34,volume in million,
2024,December,Jharkhand,Dhanbad,0.57,volume in million,
2024,December,Jharkhand,East Singhbhum,0.8,volume in million,
2024,December,Jharkhand,Ranchi,1.01,volume in million,
2024,December,Jharkhand,Rest Of Locations,1.84,volume in million,
2024,December,Jharkhand,West Singhbhum,0.28,volume in million,
2024,December,Karnataka,Bangalore,8.02,volume in million,
2024,December,Karnataka,Bangalore Rural,1.21,volume in million,
2024,December,Karnataka,Belgaum,1.6,volume in million,
2024,December,Karnataka,Dakshina Kannada,1.13,volume in million,
2024,December,Karnataka,Mysore,1.5,volume in million,
2024,December,Karnataka,Rest Of Locations,12.72,volume in million,
2024,December,Kerala,Ernakulam,2.81,volume in million,
2024,December,Kerala,Kollam,2.29,volume in million,
2024,December,Kerala,Malappuram,3.54,volume in million,
2024,December,Kerala,Rest Of Locations,10.55,volume in million,
2024,December,Kerala,Thiruvananthapuram,2.8,volume in million,
2024,December,Kerala,Thrissur,2.02,volume in million,
2024,December,Ladakh,Leh Ladakh,0.07,volume in million,
2024,December,Lakshadweep,Lakshadweep,0.01,volume in million,
2024,December,Madhya Pradesh,Bhopal,1.09,volume in million,
2024,December,Madhya Pradesh,Dhar,0.42,volume in million,
2024,December,Madhya Pradesh,Gwalior,0.53,volume in million,
2024,December,Madhya Pradesh,Indore,1.75,volume in million,
2024,December,Madhya Pradesh,Jabalpur,0.54,volume in million,
2024,December,Madhya Pradesh,Rest Of Locations,6.4,volume in million,
2024,December,Maharashtra,Mumbai,7.85,volume in million,
2024,December,Maharashtra,Nagpur,2.28,volume in million,
2024,December,Maharashtra,Nashik,1.62,volume in million,
2024,December,Maharashtra,Pune,7.07,volume in million,
2024,December,Maharashtra,Rest Of Locations,14.66,volume in million,
2024,December,Maharashtra,Thane,10.66,volume in million,
2024,December,Manipur,Bishnupur,0.06,volume in million,
2024,December,Manipur,Churachandpur,0.06,volume in million,
2024,December,Manipur,Imphal East,0.08,volume in million,
2024,December,Manipur,Imphal West,0.3,volume in million,
2024,December,Manipur,Rest Of Locations,0.07,volume in million,
2024,December,Manipur,Thoubal,0.08,volume in million,
2024,December,Meghalaya,East Khasi Hills,0.36,volume in million,
2024,December,Meghalaya,Jaintia Hills,0.09,volume in million,
2024,December,Meghalaya,Rest Of Locations,0.04,volume in million,
2024,December,Meghalaya,Ri Bhoi,0.05,volume in million,
2024,December,Meghalaya,West Garo Hills,0.11,volume in million,
2024,December,Meghalaya,West Khasi Hills,0.05,volume in million,
2024,December,Mizoram,Aizawl,0.33,volume in million,
2024,December,Mizoram,Champhai,0.04,volume in million,
2024,December,Mizoram,Kolasib,0.03,volume in million,
2024,December,Mizoram,Lawngtlai,0.03,volume in million,
2024,December,Mizoram,Lunglei,0.05,volume in million,
2024,December,Mizoram,Rest Of Locations,0.04,volume in million,
2024,December,Nagaland,Dimapur,0.19,volume in million,
2024,December,Nagaland,Kohima,0.1,volume in million,
2024,December,Nagaland,Mokokchung,0.02,volume in million,
2024,December,Nagaland,Mon,0.01,volume in million,
2024,December,Nagaland,Rest Of Locations,0.04,volume in million,
2024,December,Nagaland,Wokha,0.02,volume in million,
2024,December,Odisha,Baleswar,1.07,volume in million,
2024,December,Odisha,Cuttack,0.81,volume in million,
2024,December,Odisha,Ganjam,0.66,volume in million,
2024,December,Odisha,Khorda,1.45,volume in million,
2024,December,Odisha,Rest Of Locations,5.9,volume in million,
2024,December,Odisha,Sundergarh,0.56,volume in million,
2024,December,Others,Others,1.38,volume in million,state: Pincode data or location mapping not available
2024,December,Puducherry,Karaikal,0.18,volume in million,
2024,December,Puducherry,Mahe,0,volume in million,
2024,December,Puducherry,Pondicherry,0.97,volume in million,
2024,December,Punjab,Amritsar,0.99,volume in million,
2024,December,Punjab,Gurdaspur,0.77,volume in million,
2024,December,Punjab,Jalandhar,0.89,volume in million,
2024,December,Punjab,Ludhiana,1.74,volume in million,
2024,December,Punjab,Rest Of Locations,3.93,volume in million,
2024,December,Punjab,Rupnagar,0.69,volume in million,
2024,December,Rajasthan,Alwar,0.78,volume in million,
2024,December,Rajasthan,Dausa,0.53,volume in million,
2024,December,Rajasthan,Jaipur,2.14,volume in million,
2024,December,Rajasthan,Jodhpur,0.64,volume in million,
2024,December,Rajasthan,Rest Of Locations,5.12,volume in million,
2024,December,Rajasthan,Udaipur,0.47,volume in million,
2024,December,Sikkim,East Sikkim,0.22,volume in million,
2024,December,Sikkim,North Sikkim,0.01,volume in million,
2024,December,Sikkim,South Sikkim,0.05,volume in million,
2024,December,Sikkim,West Sikkim,0.05,volume in million,
2024,December,Tamil Nadu,Chennai,3.75,volume in million,
2024,December,Tamil Nadu,Coimbatore,5.63,volume in million,
2024,December,Tamil Nadu,Kanchipuram,5.07,volume in million,
2024,December,Tamil Nadu,Rest Of Locations,32.92,volume in million,
2024,December,Tamil Nadu,Tiruvallur,3.89,volume in million,
2024,December,Tamil Nadu,Vellore,2.82,volume in million,
2024,December,Telangana,Hyderabad,4.24,volume in million,
2024,December,Telangana,Karim Nagar,0.87,volume in million,
2024,December,Telangana,Medak,0.93,volume in million,
2024,December,Telangana,Rangareddy,2.21,volume in million,
2024,December,Telangana,Rest Of Locations,2.47,volume in million,
2024,December,Telangana,Warangal,0.67,volume in million,
2024,December,Tripura,Dhalai,0.04,volume in million,
2024,December,Tripura,North Tripura,0.15,volume in million,
2024,December,Tripura,South Tripura,0.1,volume in million,
2024,December,Tripura,West Tripura,0.51,volume in million,
2024,December,Uttar Pradesh,Allahabad,1.24,volume in million,
2024,December,Uttar Pradesh,Gautam Buddha Nagar,1.92,volume in million,
2024,December,Uttar Pradesh,Ghaziabad,1.93,volume in million,
2024,December,Uttar Pradesh,Lucknow,2.42,volume in million,
2024,December,Uttar Pradesh,Rest Of Locations,21.21,volume in million,
2024,December,Uttar Pradesh,Varanasi,1.27,volume in million,
2024,December,Uttarakhand,Almora,0.16,volume in million,
2024,December,Uttarakhand,Dehradun,1.12,volume in million,
2024,December,Uttarakhand,Haridwar,0.67,volume in million,
2024,December,Uttarakhand,Nainital,0.4,volume in million,
2024,December,Uttarakhand,Rest Of Locations,0.6,volume in million,
2024,December,Uttarakhand,Udham Singh Nagar,0.69,volume in million,
2024,December,West Bengal,Bardhaman,1.67,volume in million,
2024,December,West Bengal,Howrah,1.41,volume in million,
2024,December,West Bengal,Kolkata,3.29,volume in million,
2024,December,West Bengal,North 24 Parganas,2.89,volume in million,
2024,December,West Bengal,Rest Of Locations,9,volume in million,
2024,December,West Bengal,South 24 Parganas,1.53,volume in million,
2024,November,Andaman and Nicobar Islands,Nicobar,0,volume in million,
2024,November,Andaman and Nicobar Islands,North And Middle Andaman,0.02,volume in million,
2024,November,Andaman and Nicobar Islands,South Andaman,0.11,volume in million,
2024,November,Andhra Pradesh,Chittoor,1.68,volume in million,
2024,November,Andhra Pradesh,East Godavari,1.3,volume in million,
2024,November,Andhra Pradesh,Guntur,1.24,volume in million,
2024,November,Andhra Pradesh,Krishna,1.49,volume in million,
2024,November,Andhra Pradesh,Rest Of Locations,5.43,volume in million,
2024,November,Andhra Pradesh,Visakhapatnam,1.86,volume in million,
2024,November,Arunachal Pradesh,East Siang,0.03,volume in million,
2024,November,Arunachal Pradesh,Lohit,0.03,volume in million,
2024,November,Arunachal Pradesh,Lower Subansiri,0.03,volume in million,
2024,November,Arunachal Pradesh,Papum Pare,0.11,volume in million,
2024,November,Arunachal Pradesh,Rest Of Locations,0.08,volume in million,
2024,November,Arunachal Pradesh,West Siang,0.02,volume in million,
2024,November,Assam,Cachar,0.39,volume in million,
2024,November,Assam,Dibrugarh,0.36,volume in million,
2024,November,Assam,Kamrup,1.53,volume in million,
2024,November,Assam,Nagaon,0.53,volume in million,
2024,November,Assam,Rest Of Locations,3.45,volume in million,
2024,November,Assam,Sonitpur,0.37,volume in million,
2024,November,Bihar,Muzaffarpur,0.65,volume in million,
2024,November,Bihar,Patna,1.86,volume in million,
2024,November,Bihar,Rest Of Locations,7.58,volume in million,
2024,November,Bihar,Saran,0.54,volume in million,
2024,November,Bihar,Vaishali,0.55,volume in million,
2024,November,Bihar,West Champaran,0.53,volume in million,
2024,November,Chandigarh,Bastanar,0,volume in million,
2024,November,Chandigarh,Chandigarh,0.69,volume in million,
2024,November,Chhattisgarh,Bilaspur(Cgh),0.53,volume in million,
2024,November,Chhattisgarh,Durg,0.99,volume in million,
2024,November,Chhattisgarh,Korba,0.33,volume in million,
2024,November,Chhattisgarh,Raipur,1.25,volume in million,
2024,November,Chhattisgarh,Rajnandgaon,0.33,volume in million,
2024,November,Chhattisgarh,Rest Of Locations,1.91,volume in million,
2024,November,Dadra and Nagar Haveli,Dadra And Nagar Haveli,0.29,volume in million,
2024,November,Dadra and Nagar Haveli,Korba,0,volume in million,
2024,November,Daman and Diu,Daman,0.19,volume in million,
2024,November,Daman and Diu,Diu,0.01,volume in million,
2024,November,Delhi,East Delhi,1.39,volume in million,
2024,November,Delhi,North West Delhi,1.5,volume in million,
2024,November,Delhi,Rest Of Locations,1.94,volume in million,
2024,November,Delhi,South Delhi,1.6,volume in million,
2024,November,Delhi,South West Delhi,1.72,volume in million,
2024,November,Delhi,West Delhi,1.35,volume in million,
2024,November,Goa,Moira,0,volume in million,
2024,November,Goa,North Goa,0.63,volume in million,
2024,November,Goa,Panaji,0,volume in million,
2024,November,Goa,South Goa,0.57,volume in million,
2024,November,Gujarat,Ahmedabad,2.7,volume in million,
2024,November,Gujarat,Rajkot,0.95,volume in million,
2024,November,Gujarat,Rest Of Locations,6.95,volume in million,
2024,November,Gujarat,Surat,2.47,volume in million,
2024,November,Gujarat,Vadodara,1.44,volume in million,
2024,November,Gujarat,Valsad,0.72,volume in million,
2024,November,Haryana,Ambala,0.43,volume in million,
2024,November,Haryana,Faridabad,1.2,volume in million,
2024,November,Haryana,Gurgaon,1.88,volume in million,
2024,November,Haryana,Karnal,0.36,volume in million,
2024,November,Haryana,Rest Of Locations,3.22,volume in million,
2024,November,Haryana,Sonipat,0.4,volume in million,
2024,November,Himachal Pradesh,Kangra,0.42,volume in million,
2024,November,Himachal Pradesh,Mandi,0.16,volume in million,
2024,November,Himachal Pradesh,Rest Of Locations,0.62,volume in million,
2024,November,Himachal Pradesh,Shimla,0.25,volume in million,
2024,November,Himachal Pradesh,Sirmaur,0.15,volume in million,
2024,November,Himachal Pradesh,Solan,0.49,volume in million,
2024,November,Jammu and Kashmir,Ananthnag,0.15,volume in million,
2024,November,Jammu and Kashmir,Jammu,0.91,volume in million,
2024,November,Jammu and Kashmir,Kathua,0.17,volume in million,
2024,November,Jammu and Kashmir,Rest Of Locations,0.73,volume in million,
2024,November,Jammu and Kashmir,Srinagar,0.24,volume in million,
2024,November,Jammu and Kashmir,Udhampur,0.19,volume in million,
2024,November,Jharkhand,Bokaro,0.35,volume in million,
2024,November,Jharkhand,Dhanbad,0.58,volume in million,
2024,November,Jharkhand,East Singhbhum,0.79,volume in million,
2024,November,Jharkhand,Ranchi,0.94,volume in million,
2024,November,Jharkhand,Rest Of Locations,1.84,volume in million,
2024,November,Jharkhand,West Singhbhum,0.26,volume in million,
2024,November,Karnataka,Bangalore,7.77,volume in million,
2024,November,Karnataka,Bangalore Rural,1.16,volume in million,
2024,November,Karnataka,Belgaum,1.56,volume in million,
2024,November,Karnataka,Dakshina Kannada,1.1,volume in million,
2024,November,Karnataka,Mysore,1.54,volume in million,
2024,November,Karnataka,Rest Of Locations,12.58,volume in million,
2024,November,Kerala,Ernakulam,2.71,volume in million,
2024,November,Kerala,Kollam,2.2,volume in million,
2024,November,Kerala,Malappuram,3.4,volume in million,
2024,November,Kerala,Rest Of Locations,10.2,volume in million,
2024,November,Kerala,Thiruvananthapuram,2.67,volume in million,
2024,November,Kerala,Thrissur,1.98,volume in million,
2024,November,Ladakh,Leh Ladakh,0.08,volume in million,
2024,November,Lakshadweep,Lakshadweep,0.01,volume in million,
2024,November,Madhya Pradesh,Bhopal,0.98,volume in million,
2024,November,Madhya Pradesh,Dhar,0.39,volume in million,
2024,November,Madhya Pradesh,Gwalior,0.5,volume in million,
2024,November,Madhya Pradesh,Indore,1.59,volume in million,
2024,November,Madhya Pradesh,Jabalpur,0.51,volume in million,
2024,November,Madhya Pradesh,Rest Of Locations,6.26,volume in million,
2024,November,Maharashtra,Mumbai,7.16,volume in million,
2024,November,Maharashtra,Nagpur,2.04,volume in million,
2024,November,Maharashtra,Nashik,1.45,volume in million,
2024,November,Maharashtra,Pune,6.13,volume in million,
2024,November,Maharashtra,Rest Of Locations,13.19,volume in million,
2024,November,Maharashtra,Thane,9.99,volume in million,
2024,November,Manipur,Bishnupur,0.04,volume in million,
2024,November,Manipur,Churachandpur,0.05,volume in million,
2024,November,Manipur,Imphal East,0.07,volume in million,
2024,November,Manipur,Imphal West,0.26,volume in million,
2024,November,Manipur,Rest Of Locations,0.06,volume in million,
2024,November,Manipur,Thoubal,0.07,volume in million,
2024,November,Meghalaya,East Khasi Hills,0.35,volume in million,
2024,November,Meghalaya,Jaintia Hills,0.08,volume in million,
2024,November,Meghalaya,Rest Of Locations,0.03,volume in million,
2024,November,Meghalaya,Ri Bhoi,0.05,volume in million,
2024,November,Meghalaya,West Garo Hills,0.1,volume in million,
2024,November,Meghalaya,West Khasi Hills,0.05,volume in million,
2024,November,Mizoram,Aizawl,0.33,volume in million,
2024,November,Mizoram,Champhai,0.04,volume in million,
2024,November,Mizoram,Kolasib,0.03,volume in million,
2024,November,Mizoram,Lawngtlai,0.03,volume in million,
2024,November,Mizoram,Lunglei,0.05,volume in million,
2024,November,Mizoram,Rest Of Locations,0.03,volume in million,
2024,November,Nagaland,Dimapur,0.18,volume in million,
2024,November,Nagaland,Kohima,0.11,volume in million,
2024,November,Nagaland,Mokokchung,0.02,volume in million,
2024,November,Nagaland,Mon,0.02,volume in million,
2024,November,Nagaland,Rest Of Locations,0.03,volume in million,
2024,November,Nagaland,Wokha,0.02,volume in million,
2024,November,Odisha,Baleswar,1.19,volume in million,
2024,November,Odisha,Cuttack,0.85,volume in million,
2024,November,Odisha,Ganjam,0.69,volume in million,
2024,November,Odisha,Khorda,1.43,volume in million,
2024,November,Odisha,Mayurbhanj,0.55,volume in million,
2024,November,Odisha,Rest Of Locations,5.88,volume in million,
2024,November,Others,Others,1.33,volume in million,state: Pincode data or location mapping not available
2024,November,Puducherry,Karaikal,0.16,volume in million,
2024,November,Puducherry,Mahe,0,volume in million,
2024,November,Puducherry,Pondicherry,0.87,volume in million,
2024,November,Punjab,Amritsar,1.01,volume in million,
2024,November,Punjab,Gurdaspur,0.8,volume in million,
2024,November,Punjab,Jalandhar,0.9,volume in million,
2024,November,Punjab,Ludhiana,1.74,volume in million,
2024,November,Punjab,Rest Of Locations,4.02,volume in million,
2024,November,Punjab,Rupnagar,0.68,volume in million,
2024,November,Rajasthan,Alwar,0.76,volume in million,
2024,November,Rajasthan,Dausa,0.5,volume in million,
2024,November,Rajasthan,Jaipur,2.02,volume in million,
2024,November,Rajasthan,Jodhpur,0.6,volume in million,
2024,November,Rajasthan,Nagaur,0.51,volume in million,
2024,November,Rajasthan,Rest Of Locations,5.03,volume in million,
2024,November,Sikkim,East Sikkim,0.18,volume in million,
2024,November,Sikkim,North Sikkim,0.01,volume in million,
2024,November,Sikkim,South Sikkim,0.04,volume in million,
2024,November,Sikkim,West Sikkim,0.04,volume in million,
2024,November,Tamil Nadu,Chennai,3.5,volume in million,
2024,November,Tamil Nadu,Coimbatore,5.28,volume in million,
2024,November,Tamil Nadu,Kanchipuram,4.69,volume in million,
2024,November,Tamil Nadu,Rest Of Locations,32.25,volume in million,
2024,November,Tamil Nadu,Tiruvallur,3.68,volume in million,
2024,November,Tamil Nadu,Vellore,2.76,volume in million,
2024,November,Telangana,Hyderabad,4.08,volume in million,
2024,November,Telangana,Karim Nagar,0.8,volume in million,
2024,November,Telangana,Medak,0.85,volume in million,
2024,November,Telangana,Rangareddy,2.09,volume in million,
2024,November,Telangana,Rest Of Locations,2.34,volume in million,
2024,November,Telangana,Warangal,0.61,volume in million,
2024,November,Tripura,Dhalai,0.04,volume in million,
2024,November,Tripura,North Tripura,0.15,volume in million,
2024,November,Tripura,South Tripura,0.11,volume in million,
2024,November,Tripura,West Tripura,0.5,volume in million,
2024,November,Uttar Pradesh,Allahabad,1.17,volume in million,
2024,November,Uttar Pradesh,Gautam Buddha Nagar,1.8,volume in million,
2024,November,Uttar Pradesh,Ghaziabad,1.89,volume in million,
2024,November,Uttar Pradesh,Lucknow,2.29,volume in million,
2024,November,Uttar Pradesh,Rest Of Locations,21.8,volume in million,
2024,November,Uttar Pradesh,Varanasi,1.25,volume in million,
2024,November,Uttarakhand,Almora,0.16,volume in million,
2024,November,Uttarakhand,Dehradun,1.09,volume in million,
2024,November,Uttarakhand,Haridwar,0.65,volume in million,
2024,November,Uttarakhand,Nainital,0.38,volume in million,
2024,November,Uttarakhand,Rest Of Locations,0.6,volume in million,
2024,November,Uttarakhand,Udham Singh Nagar,0.66,volume in million,
2024,November,West Bengal,Bardhaman,1.65,volume in million,
2024,November,West Bengal,Howrah,1.39,volume in million,
2024,November,West Bengal,Kolkata,3.15,volume in million,
2024,November,West Bengal,North 24 Parganas,2.77,volume in million,
2024,November,West Bengal,Rest Of Locations,9,volume in million,
2024,November,West Bengal,South 24 Parganas,1.49,volume in million,
2024,October,Andaman and Nicobar Islands,Nicobar,0,volume in million,
2024,October,Andaman and Nicobar Islands,North And Middle Andaman,0.02,volume in million,
2024,October,Andaman and Nicobar Islands,South Andaman,0.12,volume in million,
2024,October,Andhra Pradesh,Chittoor,1.88,volume in million,
2024,October,Andhra Pradesh,East Godavari,1.44,volume in million,
2024,October,Andhra Pradesh,Guntur,1.37,volume in million,
2024,October,Andhra Pradesh,Krishna,1.64,volume in million,
2024,October,Andhra Pradesh,Rest Of Locations,6.13,volume in million,
2024,October,Andhra Pradesh,Visakhapatnam,2.12,volume in million,
2024,October,Arunachal Pradesh,East Siang,0.03,volume in million,
2024,October,Arunachal Pradesh,Lohit,0.03,volume in million,
2024,October,Arunachal Pradesh,Lower Subansiri,0.03,volume in million,
2024,October,Arunachal Pradesh,Papum Pare,0.12,volume in million,
2024,October,Arunachal Pradesh,Rest Of Locations,0.09,volume in million,
2024,October,Arunachal Pradesh,West Siang,0.03,volume in million,
2024,October,Assam,Cachar,0.45,volume in million,
2024,October,Assam,Dibrugarh,0.42,volume in million,
2024,October,Assam,Kamrup,1.72,volume in million,
2024,October,Assam,Nagaon,0.61,volume in million,
2024,October,Assam,Rest Of Locations,3.99,volume in million,
2024,October,Assam,Sonitpur,0.41,volume in million,
2024,October,Bihar,East Champaran,0.49,volume in million,
2024,October,Bihar,Muzaffarpur,0.66,volume in million,
2024,October,Bihar,Patna,2.21,volume in million,
2024,October,Bihar,Rest Of Locations,7.98,volume in million,
2024,October,Bihar,Vaishali,0.61,volume in million,
2024,October,Bihar,West Champaran,0.62,volume in million,
2024,October,Chandigarh,Bastanar,0,volume in million,
2024,October,Chandigarh,Chandigarh,0.86,volume in million,
2024,October,Chhattisgarh,Bilaspur(Cgh),0.68,volume in million,
2024,October,Chhattisgarh,Durg,1.28,volume in million,
2024,October,Chhattisgarh,Korba,0.44,volume in million,
2024,October,Chhattisgarh,Raipur,1.66,volume in million,
2024,October,Chhattisgarh,Rajnandgaon,0.44,volume in million,
2024,October,Chhattisgarh,Rest Of Locations,2.52,volume in million,
2024,October,Dadra and Nagar Haveli,Dadra And Nagar Haveli,0.38,volume in million,
2024,October,Dadra and Nagar Haveli,Korba,0,volume in million,
2024,October,Daman and Diu,Daman,0.24,volume in million,
2024,October,Daman and Diu,Diu,0.02,volume in million,
2024,October,Delhi,East Delhi,1.72,volume in million,
2024,October,Delhi,North West Delhi,1.85,volume in million,
2024,October,Delhi,Rest Of Locations,2.36,volume in million,
2024,October,Delhi,South Delhi,1.94,volume in million,
2024,October,Delhi,South West Delhi,2.12,volume in million,
2024,October,Delhi,West Delhi,1.66,volume in million,
2024,October,Goa,North Goa,0.68,volume in million,
2024,October,Goa,Panjim,0,volume in million,
2024,October,Goa,South Goa,0.63,volume in million,
2024,October,Gujarat,Ahmedabad,3.92,volume in million,
2024,October,Gujarat,Rajkot,1.26,volume in million,
2024,October,Gujarat,Rest Of Locations,9.41,volume in million,
2024,October,Gujarat,Surat,3.72,volume in million,
2024,October,Gujarat,Vadodara,2,volume in million,
2024,October,Gujarat,Valsad,0.92,volume in million,
2024,October,Haryana,Ambala,0.52,volume in million,
2024,October,Haryana,Faridabad,1.5,volume in million,
2024,October,Haryana,Gurgaon,2.43,volume in million,
2024,October,Haryana,Karnal,0.43,volume in million,
2024,October,Haryana,Rest Of Locations,3.86,volume in million,
2024,October,Haryana,Sonipat,0.5,volume in million,
2024,October,Himachal Pradesh,Kangra,0.51,volume in million,
2024,October,Himachal Pradesh,Mandi,0.2,volume in million,
2024,October,Himachal Pradesh,Rest Of Locations,0.77,volume in million,
2024,October,Himachal Pradesh,Shimla,0.33,volume in million,
2024,October,Himachal Pradesh,Sirmaur,0.2,volume in million,
2024,October,Himachal Pradesh,Solan,0.65,volume in million,
2024,October,Jammu and Kashmir,Ananthnag,0.17,volume in million,
2024,October,Jammu and Kashmir,Jammu,1.02,volume in million,
2024,October,Jammu and Kashmir,Kathua,0.2,volume in million,
2024,October,Jammu and Kashmir,Rest Of Locations,0.82,volume in million,
2024,October,Jammu and Kashmir,Srinagar,0.27,volume in million,
2024,October,Jammu and Kashmir,Udhampur,0.22,volume in million,
2024,October,Jharkhand,Bokaro,0.41,volume in million,
2024,October,Jharkhand,Dhanbad,0.7,volume in million,
2024,October,Jharkhand,East Singhbhum,0.92,volume in million,
2024,October,Jharkhand,Ranchi,1.11,volume in million,
2024,October,Jharkhand,Rest Of Locations,2.17,volume in million,
2024,October,Jharkhand,West Singhbhum,0.3,volume in million,
2024,October,Karnataka,Bangalore,8.66,volume in million,
2024,October,Karnataka,Bangalore Rural,1.3,volume in million,
2024,October,Karnataka,Belgaum,1.83,volume in million,
2024,October,Karnataka,Dakshina Kannada,1.2,volume in million,
2024,October,Karnataka,Mysore,1.75,volume in million,
2024,October,Karnataka,Rest Of Locations,14.61,volume in million,
2024,October,Kerala,Ernakulam,2.87,volume in million,
2024,October,Kerala,Kollam,2.27,volume in million,
2024,October,Kerala,Malappuram,3.84,volume in million,
2024,October,Kerala,Rest Of Locations,10.59,volume in million,
2024,October,Kerala,Thiruvananthapuram,2.75,volume in million,
2024,October,Kerala,Thrissur,2.06,volume in million,
2024,October,Ladakh,Leh Ladakh,0.1,volume in million,
2024,October,Lakshadweep,Lakshadweep,0.01,volume in million,
2024,October,Madhya Pradesh,Bhopal,1.23,volume in million,
2024,October,Madhya Pradesh,Dhar,0.5,volume in million,
2024,October,Madhya Pradesh,Gwalior,0.65,volume in million,
2024,October,Madhya Pradesh,Indore,2,volume in million,
2024,October,Madhya Pradesh,Jabalpur,0.63,volume in million,
2024,October,Madhya Pradesh,Rest Of Locations,7.75,volume in million,
2024,October,Maharashtra,Mumbai,9.19,volume in million,
2024,October,Maharashtra,Nagpur,2.76,volume in million,
2024,October,Maharashtra,Nashik,2.08,volume in million,
2024,October,Maharashtra,Pune,8.68,volume in million,
2024,October,Maharashtra,Rest Of Locations,18.57,volume in million,
2024,October,Maharashtra,Thane,12.73,volume in million,
2024,October,Manipur,Bishnupur,0.05,volume in million,
2024,October,Manipur,Churachandpur,0.06,volume in million,
2024,October,Manipur,Imphal East,0.08,volume in million,
2024,October,Manipur,Imphal West,0.31,volume in million,
2024,October,Manipur,Rest Of Locations,0.07,volume in million,
2024,October,Manipur,Thoubal,0.09,volume in million,
2024,October,Meghalaya,East Khasi Hills,0.37,volume in million,
2024,October,Meghalaya,Jaintia Hills,0.08,volume in million,
2024,October,Meghalaya,Rest Of Locations,0.04,volume in million,
2024,October,Meghalaya,Ri Bhoi,0.05,volume in million,
2024,October,Meghalaya,West Garo Hills,0.11,volume in million,
2024,October,Meghalaya,West Khasi Hills,0.05,volume in million,
2024,October,Mizoram,Aizawl,0.35,volume in million,
2024,October,Mizoram,Champhai,0.04,volume in million,
2024,October,Mizoram,Kolasib,0.03,volume in million,
2024,October,Mizoram,Lawngtlai,0.04,volume in million,
2024,October,Mizoram,Lunglei,0.05,volume in million,
2024,October,Mizoram,Rest Of Locations,0.04,volume in million,
2024,October,Nagaland,Dimapur,0.19,volume in million,
2024,October,Nagaland,Kohima,0.12,volume in million,
2024,October,Nagaland,Mokokchung,0.03,volume in million,
2024,October,Nagaland,Mon,0.03,volume in million,
2024,October,Nagaland,Rest Of Locations,0.05,volume in million,
2024,October,Nagaland,Wokha,0.03,volume in million,
2024,October,Odisha,Baleswar,1.46,volume in million,
2024,October,Odisha,Cuttack,0.93,volume in million,
2024,October,Odisha,Ganjam,0.81,volume in million,
2024,October,Odisha,Khorda,1.64,volume in million,
2024,October,Odisha,Mayurbhanj,0.67,volume in million,
2024,October,Odisha,Rest Of Locations,6.99,volume in million,
2024,October,Others,Others,1.58,volume in million,state: Pincode data or location mapping not available
2024,October,Puducherry,Karaikal,0.19,volume in million,
2024,October,Puducherry,Mahe,0,volume in million,
2024,October,Puducherry,Pondicherry,1.07,volume in million,
2024,October,Punjab,Amritsar,1.14,volume in million,
2024,October,Punjab,Gurdaspur,0.89,volume in million,
2024,October,Punjab,Jalandhar,1.06,volume in million,
2024,October,Punjab,Ludhiana,2.11,volume in million,
2024,October,Punjab,Rest Of Locations,4.69,volume in million,
2024,October,Punjab,Rupnagar,0.84,volume in million,
2024,October,Rajasthan,Alwar,0.98,volume in million,
2024,October,Rajasthan,Dausa,0.73,volume in million,
2024,October,Rajasthan,Jaipur,2.69,volume in million,
2024,October,Rajasthan,Jodhpur,0.81,volume in million,
2024,October,Rajasthan,Nagaur,0.7,volume in million,
2024,October,Rajasthan,Rest Of Locations,6.32,volume in million,
2024,October,Sikkim,East Sikkim,0.23,volume in million,
2024,October,Sikkim,North Sikkim,0.01,volume in million,
2024,October,Sikkim,South Sikkim,0.05,volume in million,
2024,October,Sikkim,West Sikkim,0.05,volume in million,
2024,October,Tamil Nadu,Chennai,4.11,volume in million,
2024,October,Tamil Nadu,Coimbatore,6.3,volume in million,
2024,October,Tamil Nadu,Kanchipuram,5.63,volume in million,
2024,October,Tamil Nadu,Rest Of Locations,36.25,volume in million,
2024,October,Tamil Nadu,Tiruvallur,4.33,volume in million,
2024,October,Tamil Nadu,Vellore,3.11,volume in million,
2024,October,Telangana,Hyderabad,4.56,volume in million,
2024,October,Telangana,Karim Nagar,0.93,volume in million,
2024,October,Telangana,Medak,0.98,volume in million,
2024,October,Telangana,Rangareddy,2.36,volume in million,
2024,October,Telangana,Rest Of Locations,2.77,volume in million,
2024,October,Telangana,Warangal,0.71,volume in million,
2024,October,Tripura,Dhalai,0.05,volume in million,
2024,October,Tripura,North Tripura,0.18,volume in million,
2024,October,Tripura,South Tripura,0.12,volume in million,
2024,October,Tripura,West Tripura,0.57,volume in million,
2024,October,Uttar Pradesh,Allahabad,1.38,volume in million,
2024,October,Uttar Pradesh,Gautam Buddha Nagar,2.38,volume in million,
2024,October,Uttar Pradesh,Ghaziabad,2.36,volume in million,
2024,October,Uttar Pradesh,Lucknow,2.85,volume in million,
2024,October,Uttar Pradesh,Rest Of Locations,24.66,volume in million,
2024,October,Uttar Pradesh,Varanasi,1.44,volume in million,
2024,October,Uttarakhand,Almora,0.2,volume in million,
2024,October,Uttarakhand,Dehradun,1.35,volume in million,
2024,October,Uttarakhand,Haridwar,0.84,volume in million,
2024,October,Uttarakhand,Nainital,0.47,volume in million,
2024,October,Uttarakhand,Rest Of Locations,0.74,volume in million,
2024,October,Uttarakhand,Udham Singh Nagar,0.83,volume in million,
2024,October,West Bengal,Bardhaman,1.85,volume in million,
2024,October,West Bengal,Howrah,1.52,volume in million,
2024,October,West Bengal,Kolkata,3.43,volume in million,
2024,October,West Bengal,North 24 Parganas,3.04,volume in million,
2024,October,West Bengal,Rest Of Locations,9.99,volume in million,
2024,October,West Bengal,South 24 Parganas,1.62,volume in million,
2024,September,Andaman and Nicobar Islands,Nicobar,0,volume in million,
2024,September,Andaman and Nicobar Islands,North And Middle Andaman,0.02,volume in million,
2024,September,Andaman and Nicobar Islands,South Andaman,0.11,volume in million,
2024,September,Andhra Pradesh,Chittoor,1.8,volume in million,
2024,September,Andhra Pradesh,East Godavari,1.32,volume in million,
2024,September,Andhra Pradesh,Guntur,1.3,volume in million,
2024,September,Andhra Pradesh,Krishna,1.51,volume in million,
2024,September,Andhra Pradesh,Rest Of Locations,5.7,volume in million,
2024,September,Andhra Pradesh,Visakhapatnam,1.93,volume in million,
2024,September,Arunachal Pradesh,East Siang,0.03,volume in million,
2024,September,Arunachal Pradesh,Lohit,0.03,volume in million,
2024,September,Arunachal Pradesh,Lower Subansiri,0.04,volume in million,
2024,September,Arunachal Pradesh,Papum Pare,0.11,volume in million,
2024,September,Arunachal Pradesh,Rest Of Locations,0.08,volume in million,
2024,September,Arunachal Pradesh,West Siang,0.02,volume in million,
2024,September,Assam,Cachar,0.41,volume in million,
2024,September,Assam,Dibrugarh,0.38,volume in million,
2024,September,Assam,Kamrup,1.62,volume in million,
2024,September,Assam,Nagaon,0.56,volume in million,
2024,September,Assam,Rest Of Locations,3.62,volume in million,
2024,September,Assam,Sonitpur,0.38,volume in million,
2024,September,Bihar,Gaya,0.41,volume in million,
2024,September,Bihar,Muzaffarpur,0.55,volume in million,
2024,September,Bihar,Patna,2.03,volume in million,
2024,September,Bihar,Rest Of Locations,6.63,volume in million,
2024,September,Bihar,Vaishali,0.53,volume in million,
2024,September,Bihar,West Champaran,0.55,volume in million,
2024,September,Chandigarh,Bastanar,0,volume in million,
2024,September,Chandigarh,Chandigarh,0.75,volume in million,
2024,September,Chhattisgarh,Bilaspur(Cgh),0.59,volume in million,
2024,September,Chhattisgarh,Durg,1.08,volume in million,
2024,September,Chhattisgarh,Korba,0.36,volume in million,
2024,September,Chhattisgarh,Raipur,1.43,volume in million,
2024,September,Chhattisgarh,Rajnandgaon,0.36,volume in million,
2024,September,Chhattisgarh,Rest Of Locations,2.12,volume in million,
2024,September,Dadra and Nagar Haveli,Dadra And Nagar Haveli,0.32,volume in million,
2024,September,Dadra and Nagar Haveli,Korba,0,volume in million,
2024,September,Daman and Diu,Daman,0.21,volume in million,
2024,September,Daman and Diu,Diu,0.01,volume in million,
2024,September,Delhi,East Delhi,1.47,volume in million,
2024,September,Delhi,North West Delhi,1.59,volume in million,
2024,September,Delhi,Rest Of Locations,2.08,volume in million,
2024,September,Delhi,South Delhi,1.71,volume in million,
2024,September,Delhi,South West Delhi,1.85,volume in million,
2024,September,Delhi,West Delhi,1.44,volume in million,
2024,September,Goa,Moira,0,volume in million,
2024,September,Goa,North Goa,0.63,volume in million,
2024,September,Goa,Panaji,0,volume in million,
2024,September,Goa,South Goa,0.58,volume in million,
2024,September,Gujarat,Ahmedabad,3.26,volume in million,
2024,September,Gujarat,Banaskantha,0.78,volume in million,
2024,September,Gujarat,Rajkot,1.06,volume in million,
2024,September,Gujarat,Rest Of Locations,7.83,volume in million,
2024,September,Gujarat,Surat,3.13,volume in million,
2024,September,Gujarat,Vadodara,1.58,volume in million,
2024,September,Haryana,Ambala,0.43,volume in million,
2024,September,Haryana,Faridabad,1.28,volume in million,
2024,September,Haryana,Gurgaon,2.11,volume in million,
2024,September,Haryana,Karnal,0.37,volume in million,
2024,September,Haryana,Rest Of Locations,3.24,volume in million,
2024,September,Haryana,Sonipat,0.43,volume in million,
2024,September,Himachal Pradesh,Kangra,0.39,volume in million,
2024,September,Himachal Pradesh,Mandi,0.17,volume in million,
2024,September,Himachal Pradesh,Rest Of Locations,0.62,volume in million,
2024,September,Himachal Pradesh,Shimla,0.28,volume in million,
2024,September,Himachal Pradesh,Sirmaur,0.16,volume in million,
2024,September,Himachal Pradesh,Solan,0.56,volume in million,
2024,September,Jammu and Kashmir,Ananthnag,0.17,volume in million,
2024,September,Jammu and Kashmir,Jammu,0.85,volume in million,
2024,September,Jammu and Kashmir,Kathua,0.16,volume in million,
2024,September,Jammu and Kashmir,Rest Of Locations,0.75,volume in million,
2024,September,Jammu and Kashmir,Srinagar,0.25,volume in million,
2024,September,Jammu and Kashmir,Udhampur,0.18,volume in million,
2024,September,Jharkhand,Bokaro,0.35,volume in million,
2024,September,Jharkhand,Dhanbad,0.57,volume in million,
2024,September,Jharkhand,East Singhbhum,0.81,volume in million,
2024,September,Jharkhand,Ranchi,0.99,volume in million,
2024,September,Jharkhand,Rest Of Locations,1.84,volume in million,
2024,September,Jharkhand,West Singhbhum,0.28,volume in million,
2024,September,Karnataka,Bangalore,8.26,volume in million,
2024,September,Karnataka,Bangalore Rural,1.18,volume in million,
2024,September,Karnataka,Belgaum,1.57,volume in million,
2024,September,Karnataka,Dakshina Kannada,1.07,volume in million,
2024,September,Karnataka,Mysore,1.51,volume in million,
2024,September,Karnataka,Rest Of Locations,12.57,volume in million,
2024,September,Kerala,Ernakulam,2.81,volume in million,
2024,September,Kerala,Kollam,2.34,volume in million,
2024,September,Kerala,Malappuram,3.61,volume in million,
2024,September,Kerala,Rest Of Locations,10.59,volume in million,
2024,September,Kerala,Thiruvananthapuram,2.75,volume in million,
2024,September,Kerala,Thrissur,2.02,volume in million,
2024,September,Ladakh,Leh Ladakh,0.1,volume in million,
2024,September,Lakshadweep,Lakshadweep,0.01,volume in million,
2024,September,Madhya Pradesh,Bhopal,1.08,volume in million,
2024,September,Madhya Pradesh,Dhar,0.44,volume in million,
2024,September,Madhya Pradesh,Gwalior,0.54,volume in million,
2024,September,Madhya Pradesh,Indore,1.76,volume in million,
2024,September,Madhya Pradesh,Jabalpur,0.55,volume in million,
2024,September,Madhya Pradesh,Rest Of Locations,6.59,volume in million,
2024,September,Maharashtra,Mumbai,7.85,volume in million,
2024,September,Maharashtra,Nagpur,2.34,volume in million,
2024,September,Maharashtra,Nashik,1.69,volume in million,
2024,September,Maharashtra,Pune,7.3,volume in million,
2024,September,Maharashtra,Rest Of Locations,15.28,volume in million,
2024,September,Maharashtra,Thane,10.69,volume in million,
2024,September,Manipur,Bishnupur,0.05,volume in million,
2024,September,Manipur,Churachandpur,0.05,volume in million,
2024,September,Manipur,Imphal East,0.06,volume in million,
2024,September,Manipur,Imphal West,0.26,volume in million,
2024,September,Manipur,Rest Of Locations,0.06,volume in million,
2024,September,Manipur,Thoubal,0.08,volume in million,
2024,September,Meghalaya,East Khasi Hills,0.35,volume in million,
2024,September,Meghalaya,Jaintia Hills,0.08,volume in million,
2024,September,Meghalaya,Rest Of Locations,0.04,volume in million,
2024,September,Meghalaya,Ri Bhoi,0.05,volume in million,
2024,September,Meghalaya,West Garo Hills,0.09,volume in million,
2024,September,Meghalaya,West Khasi Hills,0.05,volume in million,
2024,September,Mizoram,Aizawl,0.33,volume in million,
2024,September,Mizoram,Champhai,0.04,volume in million,
2024,September,Mizoram,Kolasib,0.03,volume in million,
2024,September,Mizoram,Lawngtlai,0.03,volume in million,
2024,September,Mizoram,Lunglei,0.05,volume in million,
2024,September,Mizoram,Rest Of Locations,0.03,volume in million,
2024,September,Nagaland,Dimapur,0.18,volume in million,
2024,September,Nagaland,Kohima,0.11,volume in million,
2024,September,Nagaland,Mokokchung,0.02,volume in million,
2024,September,Nagaland,Mon,0.02,volume in million,
2024,September,Nagaland,Rest Of Locations,0.03,volume in million,
2024,September,Nagaland,Wokha,0.02,volume in million,
2024,September,Odisha,Baleswar,1.53,volume in million,
2024,September,Odisha,Cuttack,0.87,volume in million,
2024,September,Odisha,Ganjam,0.71,volume in million,
2024,September,Odisha,Khorda,1.51,volume in million,
2024,September,Odisha,Mayurbhanj,0.63,volume in million,
2024,September,Odisha,Rest Of Locations,6.51,volume in million,
2024,September,Others,Others,1.38,volume in million,state: Pincode data or location mapping not available
2024,September,Puducherry,Karaikal,0.18,volume in million,
2024,September,Puducherry,Mahe,0,volume in million,
2024,September,Puducherry,Pondicherry,0.97,volume in million,
2024,September,Punjab,Amritsar,1.01,volume in million,
2024,September,Punjab,Gurdaspur,0.78,volume in million,
2024,September,Punjab,Jalandhar,0.94,volume in million,
2024,September,Punjab,Ludhiana,1.86,volume in million,
2024,September,Punjab,Rest Of Locations,4.12,volume in million,
2024,September,Punjab,Rupnagar,0.73,volume in million,
2024,September,Rajasthan,Alwar,0.86,volume in million,
2024,September,Rajasthan,Dausa,0.66,volume in million,
2024,September,Rajasthan,Jaipur,2.38,volume in million,
2024,September,Rajasthan,Jodhpur,0.73,volume in million,
2024,September,Rajasthan,Nagaur,0.69,volume in million,
2024,September,Rajasthan,Rest Of Locations,5.56,volume in million,
2024,September,Sikkim,East Sikkim,0.21,volume in million,
2024,September,Sikkim,North Sikkim,0.01,volume in million,
2024,September,Sikkim,South Sikkim,0.04,volume in million,
2024,September,Sikkim,West Sikkim,0.05,volume in million,
2024,September,Tamil Nadu,Chennai,3.98,volume in million,
2024,September,Tamil Nadu,Coimbatore,5.96,volume in million,
2024,September,Tamil Nadu,Kanchipuram,5.36,volume in million,
2024,September,Tamil Nadu,Rest Of Locations,34.58,volume in million,
2024,September,Tamil Nadu,Tiruvallur,4.15,volume in million,
2024,September,Tamil Nadu,Vellore,2.95,volume in million,
2024,September,Telangana,Hyderabad,4.25,volume in million,
2024,September,Telangana,Karim Nagar,0.82,volume in million,
2024,September,Telangana,Medak,0.9,volume in million,
2024,September,Telangana,Rangareddy,2.21,volume in million,
2024,September,Telangana,Rest Of Locations,2.47,volume in million,
2024,September,Telangana,Warangal,0.64,volume in million,
2024,September,Tripura,Dhalai,0.05,volume in million,
2024,September,Tripura,North Tripura,0.15,volume in million,
2024,September,Tripura,South Tripura,0.11,volume in million,
2024,September,Tripura,West Tripura,0.53,volume in million,
2024,September,Uttar Pradesh,Allahabad,1.17,volume in million,
2024,September,Uttar Pradesh,Gautam Buddha Nagar,2.02,volume in million,
2024,September,Uttar Pradesh,Ghaziabad,1.98,volume in million,
2024,September,Uttar Pradesh,Lucknow,2.41,volume in million,
2024,September,Uttar Pradesh,Rest Of Locations,20.28,volume in million,
2024,September,Uttar Pradesh,Varanasi,1.24,volume in million,
2024,September,Uttarakhand,Almora,0.16,volume in million,
2024,September,Uttarakhand,Dehradun,1.14,volume in million,
2024,September,Uttarakhand,Haridwar,0.7,volume in million,
2024,September,Uttarakhand,Nainital,0.39,volume in million,
2024,September,Uttarakhand,Rest Of Locations,0.59,volume in million,
2024,September,Uttarakhand,Udham Singh Nagar,0.7,volume in million,
2024,September,West Bengal,Bardhaman,1.65,volume in million,
2024,September,West Bengal,Howrah,1.44,volume in million,
2024,September,West Bengal,Kolkata,3.31,volume in million,
2024,September,West Bengal,North 24 Parganas,2.88,volume in million,
2024,September,West Bengal,Rest Of Locations,8.85,volume in million,
2024,September,West Bengal,South 24 Parganas,1.53,volume in million,
2024,August,Andaman and Nicobar Islands,Nicobar,0,volume in million,
2024,August,Andaman and Nicobar Islands,North And Middle Andaman,0.02,volume in million,
2024,August,Andaman and Nicobar Islands,South Andaman,0.11,volume in million,
2024,August,Andhra Pradesh,Chittoor,1.86,volume in million,
2024,August,Andhra Pradesh,East Godavari,1.4,volume in million,
2024,August,Andhra Pradesh,Guntur,1.35,volume in million,
2024,August,Andhra Pradesh,Krishna,1.62,volume in million,
2024,August,Andhra Pradesh,Rest Of Locations,6.15,volume in million,
2024,August,Andhra Pradesh,Visakhapatnam,2.05,volume in million,
2024,August,Arunachal Pradesh,East Siang,0.03,volume in million,
2024,August,Arunachal Pradesh,Lohit,0.03,volume in million,
2024,August,Arunachal Pradesh,Lower Subansiri,0.04,volume in million,
2024,August,Arunachal Pradesh,Papum Pare,0.11,volume in million,
2024,August,Arunachal Pradesh,Rest Of Locations,0.08,volume in million,
2024,August,Arunachal Pradesh,West Siang,0.02,volume in million,
2024,August,Assam,Cachar,0.41,volume in million,
2024,August,Assam,Dibrugarh,0.39,volume in million,
2024,August,Assam,Kamrup,1.61,volume in million,
2024,August,Assam,Nagaon,0.56,volume in million,
2024,August,Assam,Rest Of Locations,3.7,volume in million,
2024,August,Assam,Sonitpur,0.39,volume in million,
2024,August,Bihar,East Champaran,0.43,volume in million,
2024,August,Bihar,Muzaffarpur,0.58,volume in million,
2024,August,Bihar,Patna,2.05,volume in million,
2024,August,Bihar,Rest Of Locations,7.04,volume in million,
2024,August,Bihar,Vaishali,0.55,volume in million,
2024,August,Bihar,West Champaran,0.56,volume in million,
2024,August,Chandigarh,Bastanar,0,volume in million,
2024,August,Chandigarh,Chandigarh,0.79,volume in million,
2024,August,Chhattisgarh,Bilaspur(Cgh),0.59,volume in million,
2024,August,Chhattisgarh,Durg,1.11,volume in million,
2024,August,Chhattisgarh,Korba,0.36,volume in million,
2024,August,Chhattisgarh,Raipur,1.45,volume in million,
2024,August,Chhattisgarh,Rajnandgaon,0.36,volume in million,
2024,August,Chhattisgarh,Rest Of Locations,2.18,volume in million,
2024,August,Dadra and Nagar Haveli,Dadra And Nagar Haveli,0.33,volume in million,
2024,August,Dadra and Nagar Haveli,Korba,0,volume in million,
2024,August,Daman and Diu,Daman,0.21,volume in million,
2024,August,Daman and Diu,Diu,0.02,volume in million,
2024,August,Delhi,East Delhi,1.53,volume in million,
2024,August,Delhi,North West Delhi,1.65,volume in million,
2024,August,Delhi,Rest Of Locations,2.12,volume in million,
2024,August,Delhi,South Delhi,1.77,volume in million,
2024,August,Delhi,South West Delhi,1.93,volume in million,
2024,August,Delhi,West Delhi,1.5,volume in million,
2024,August,Goa,Moira,0,volume in million,
2024,August,Goa,North Goa,0.64,volume in million,
2024,August,Goa,Panjim,0,volume in million,
2024,August,Goa,South Goa,0.6,volume in million,
2024,August,Gujarat,Ahmedabad,3.34,volume in million,
2024,August,Gujarat,Rajkot,1.09,volume in million,
2024,August,Gujarat,Rest Of Locations,8.11,volume in million,
2024,August,Gujarat,Surat,3.22,volume in million,
2024,August,Gujarat,Vadodara,1.62,volume in million,
2024,August,Gujarat,Valsad,0.78,volume in million,
2024,August,Haryana,Ambala,0.46,volume in million,
2024,August,Haryana,Faridabad,1.36,volume in million,
2024,August,Haryana,Gurgaon,2.21,volume in million,
2024,August,Haryana,Karnal,0.4,volume in million,
2024,August,Haryana,Rest Of Locations,3.53,volume in million,
2024,August,Haryana,Sonipat,0.45,volume in million,
2024,August,Himachal Pradesh,Kangra,0.42,volume in million,
2024,August,Himachal Pradesh,Mandi,0.18,volume in million,
2024,August,Himachal Pradesh,Rest Of Locations,0.68,volume in million,
2024,August,Himachal Pradesh,Shimla,0.29,volume in million,
2024,August,Himachal Pradesh,Sirmaur,0.17,volume in million,
2024,August,Himachal Pradesh,Solan,0.58,volume in million,
2024,August,Jammu and Kashmir,Ananthnag,0.18,volume in million,
2024,August,Jammu and Kashmir,Jammu,0.9,volume in million,
2024,August,Jammu and Kashmir,Kathua,0.17,volume in million,
2024,August,Jammu and Kashmir,Rest Of Locations,0.81,volume in million,
2024,August,Jammu and Kashmir,Srinagar,0.27,volume in million,
2024,August,Jammu and Kashmir,Udhampur,0.19,volume in million,
2024,August,Jharkhand,Bokaro,0.36,volume in million,
2024,August,Jharkhand,Dhanbad,0.57,volume in million,
2024,August,Jharkhand,East Singhbhum,0.79,volume in million,
2024,August,Jharkhand,Ranchi,0.98,volume in million,
2024,August,Jharkhand,Rest Of Locations,1.91,volume in million,
2024,August,Jharkhand,West Singhbhum,0.28,volume in million,
2024,August,Karnataka,Bangalore,8.78,volume in million,
2024,August,Karnataka,Bangalore Rural,1.26,volume in million,
2024,August,Karnataka,Belgaum,1.65,volume in million,
2024,August,Karnataka,Dakshina Kannada,1.13,volume in million,
2024,August,Karnataka,Mysore,1.66,volume in million,
2024,August,Karnataka,Rest Of Locations,13.73,volume in million,
2024,August,Kerala,Ernakulam,2.84,volume in million,
2024,August,Kerala,Kollam,2.27,volume in million,
2024,August,Kerala,Malappuram,3.66,volume in million,
2024,August,Kerala,Rest Of Locations,10.52,volume in million,
2024,August,Kerala,Thiruvananthapuram,2.77,volume in million,
2024,August,Kerala,Thrissur,2.08,volume in million,
2024,August,Ladakh,Leh Ladakh,0.1,volume in million,
2024,August,Lakshadweep,Lakshadweep,0.01,volume in million,
2024,August,Madhya Pradesh,Bhopal,1.12,volume in million,
2024,August,Madhya Pradesh,Dhar,0.48,volume in million,
2024,August,Madhya Pradesh,Gwalior,0.58,volume in million,
2024,August,Madhya Pradesh,Indore,1.85,volume in million,
2024,August,Madhya Pradesh,Jabalpur,0.56,volume in million,
2024,August,Madhya Pradesh,Rest Of Locations,7.19,volume in million,
2024,August,Maharashtra,Mumbai,8.29,volume in million,
2024,August,Maharashtra,Nagpur,2.45,volume in million,
2024,August,Maharashtra,Nashik,1.74,volume in million,
2024,August,Maharashtra,Pune,7.68,volume in million,
2024,August,Maharashtra,Rest Of Locations,16.02,volume in million,
2024,August,Maharashtra,Thane,11.16,volume in million,
2024,August,Manipur,Bishnupur,0.05,volume in million,
2024,August,Manipur,Churachandpur,0.06,volume in million,
2024,August,Manipur,Imphal East,0.07,volume in million,
2024,August,Manipur,Imphal West,0.29,volume in million,
2024,August,Manipur,Rest Of Locations,0.07,volume in million,
2024,August,Manipur,Thoubal,0.09,volume in million,
2024,August,Meghalaya,East Khasi Hills,0.36,volume in million,
2024,August,Meghalaya,Jaintia Hills,0.08,volume in million,
2024,August,Meghalaya,Rest Of Locations,0.04,volume in million,
2024,August,Meghalaya,Ri Bhoi,0.05,volume in million,
2024,August,Meghalaya,West Garo Hills,0.09,volume in million,
2024,August,Meghalaya,West Khasi Hills,0.05,volume in million,
2024,August,Mizoram,Aizawl,0.34,volume in million,
2024,August,Mizoram,Champhai,0.04,volume in million,
2024,August,Mizoram,Kolasib,0.03,volume in million,
2024,August,Mizoram,Lawngtlai,0.03,volume in million,
2024,August,Mizoram,Lunglei,0.05,volume in million,
2024,August,Mizoram,Rest Of Locations,0.03,volume in million,
2024,August,Nagaland,Dimapur,0.19,volume in million,
2024,August,Nagaland,Kohima,0.1,volume in million,
2024,August,Nagaland,Mokokchung,0.02,volume in million,
2024,August,Nagaland,Mon,0.02,volume in million,
2024,August,Nagaland,Rest Of Locations,0.04,volume in million,
2024,August,Nagaland,Wokha,0.02,volume in million,
2024,August,Odisha,Baleswar,1.46,volume in million,
2024,August,Odisha,Cuttack,0.82,volume in million,
2024,August,Odisha,Ganjam,0.65,volume in million,
2024,August,Odisha,Khorda,1.47,volume in million,
2024,August,Odisha,Mayurbhanj,0.61,volume in million,
2024,August,Odisha,Rest Of Locations,5.83,volume in million,
2024,August,Others,Others,1.43,volume in million,state: Pincode data or location mapping not available
2024,August,Puducherry,Karaikal,0.18,volume in million,
2024,August,Puducherry,Mahe,0,volume in million,
2024,August,Puducherry,Pondicherry,0.97,volume in million,
2024,August,Punjab,Amritsar,1.05,volume in million,
2024,August,Punjab,Gurdaspur,0.82,volume in million,
2024,August,Punjab,Jalandhar,0.96,volume in million,
2024,August,Punjab,Ludhiana,1.89,volume in million,
2024,August,Punjab,Rest Of Locations,4.33,volume in million,
2024,August,Punjab,Rupnagar,0.76,volume in million,
2024,August,Rajasthan,Alwar,0.9,volume in million,
2024,August,Rajasthan,Dausa,0.65,volume in million,
2024,August,Rajasthan,Jaipur,2.37,volume in million,
2024,August,Rajasthan,Jodhpur,0.77,volume in million,
2024,August,Rajasthan,Nagaur,0.7,volume in million,
2024,August,Rajasthan,Rest Of Locations,5.84,volume in million,
2024,August,Sikkim,East Sikkim,0.21,volume in million,
2024,August,Sikkim,North Sikkim,0.01,volume in million,
2024,August,Sikkim,South Sikkim,0.04,volume in million,
2024,August,Sikkim,West Sikkim,0.05,volume in million,
2024,August,Tamil Nadu,Chennai,4.18,volume in million,
2024,August,Tamil Nadu,Coimbatore,6.1,volume in million,
2024,August,Tamil Nadu,Kanchipuram,5.52,volume in million,
2024,August,Tamil Nadu,Rest Of Locations,35.08,volume in million,
2024,August,Tamil Nadu,Tiruvallur,4.25,volume in million,
2024,August,Tamil Nadu,Vellore,2.99,volume in million,
2024,August,Telangana,Hyderabad,4.5,volume in million,
2024,August,Telangana,Karim Nagar,0.89,volume in million,
2024,August,Telangana,Medak,0.96,volume in million,
2024,August,Telangana,Rangareddy,2.33,volume in million,
2024,August,Telangana,Rest Of Locations,2.68,volume in million,
2024,August,Telangana,Warangal,0.7,volume in million,
2024,August,Tripura,Dhalai,0.05,volume in million,
2024,August,Tripura,North Tripura,0.14,volume in million,
2024,August,Tripura,South Tripura,0.1,volume in million,
2024,August,Tripura,West Tripura,0.5,volume in million,
2024,August,Uttar Pradesh,Allahabad,1.24,volume in million,
2024,August,Uttar Pradesh,Gautam Buddha Nagar,2.12,volume in million,
2024,August,Uttar Pradesh,Ghaziabad,2.09,volume in million,
2024,August,Uttar Pradesh,Lucknow,2.52,volume in million,
2024,August,Uttar Pradesh,Rest Of Locations,22.15,volume in million,
2024,August,Uttar Pradesh,Varanasi,1.3,volume in million,
2024,August,Uttarakhand,Almora,0.17,volume in million,
2024,August,Uttarakhand,Dehradun,1.2,volume in million,
2024,August,Uttarakhand,Haridwar,0.73,volume in million,
2024,August,Uttarakhand,Nainital,0.42,volume in million,
2024,August,Uttarakhand,Rest Of Locations,0.64,volume in million,
2024,August,Uttarakhand,Udham Singh Nagar,0.73,volume in million,
2024,August,West Bengal,Bardhaman,1.64,volume in million,
2024,August,West Bengal,Howrah,1.41,volume in million,
2024,August,West Bengal,Kolkata,3.26,volume in million,
2024,August,West Bengal,North 24 Parganas,2.83,volume in million,
2024,August,West Bengal,Rest Of Locations,8.92,volume in million,
2024,August,West Bengal,South 24 Parganas,1.49,volume in million,
2024,July,Andaman and Nicobar Islands,Nicobar,0,volume in million,
2024,July,Andaman and Nicobar Islands,North And Middle Andaman,0.02,volume in million,
2024,July,Andaman and Nicobar Islands,South Andaman,0.11,volume in million,
2024,July,Andhra Pradesh,Chittoor,1.8,volume in million,
2024,July,Andhra Pradesh,East Godavari,1.34,volume in million,
2024,July,Andhra Pradesh,Guntur,1.34,volume in million,
2024,July,Andhra Pradesh,Krishna,1.58,volume in million,
2024,July,Andhra Pradesh,Rest Of Locations,5.93,volume in million,
2024,July,Andhra Pradesh,Visakhapatnam,1.97,volume in million,
2024,July,Arunachal Pradesh,East Siang,0.02,volume in million,
2024,July,Arunachal Pradesh,Lohit,0.03,volume in million,
2024,July,Arunachal Pradesh,Lower Subansiri,0.04,volume in million,
2024,July,Arunachal Pradesh,Papum Pare,0.12,volume in million,
2024,July,Arunachal Pradesh,Rest Of Locations,0.08,volume in million,
2024,July,Arunachal Pradesh,West Siang,0.02,volume in million,
2024,July,Assam,Cachar,0.4,volume in million,
2024,July,Assam,Dibrugarh,0.37,volume in million,
2024,July,Assam,Kamrup,1.61,volume in million,
2024,July,Assam,Nagaon,0.54,volume in million,
2024,July,Assam,Rest Of Locations,3.55,volume in million,
2024,July,Assam,Sonitpur,0.38,volume in million,
2024,July,Bihar,East Champaran,0.48,volume in million,
2024,July,Bihar,Muzaffarpur,0.61,volume in million,
2024,July,Bihar,Patna,2.04,volume in million,
2024,July,Bihar,Rest Of Locations,7.34,volume in million,
2024,July,Bihar,Vaishali,0.58,volume in million,
2024,July,Bihar,West Champaran,0.68,volume in million,
2024,July,Chandigarh,Bastanar,0,volume in million,
2024,July,Chandigarh,Chandigarh,0.78,volume in million,
2024,July,Chhattisgarh,Bilaspur(Cgh),0.59,volume in million,
2024,July,Chhattisgarh,Durg,1.09,volume in million,
2024,July,Chhattisgarh,Korba,0.36,volume in million,
2024,July,Chhattisgarh,Raipur,1.44,volume in million,
2024,July,Chhattisgarh,Rest Of Locations,2.22,volume in million,
2024,July,Chhattisgarh,Surguja,0.36,volume in million,
2024,July,Dadra and Nagar Haveli,Dadra And Nagar Haveli,0.31,volume in million,
2024,July,Dadra and Nagar Haveli,Korba,0,volume in million,
2024,July,Daman and Diu,Daman,0.2,volume in million,
2024,July,Daman and Diu,Diu,0.01,volume in million,
2024,July,Delhi,East Delhi,1.46,volume in million,
2024,July,Delhi,North West Delhi,1.62,volume in million,
2024,July,Delhi,Rest Of Locations,2.07,volume in million,
2024,July,Delhi,South Delhi,1.7,volume in million,
2024,July,Delhi,South West Delhi,1.86,volume in million,
2024,July,Delhi,West Delhi,1.45,volume in million,
2024,July,Goa,Moira,0,volume in million,
2024,July,Goa,North Goa,0.6,volume in million,
2024,July,Goa,Panjim,0,volume in million,
2024,July,Goa,South Goa,0.55,volume in million,
2024,July,Gujarat,Ahmedabad,3.32,volume in million,
2024,July,Gujarat,Rajkot,1.08,volume in million,
2024,July,Gujarat,Rest Of Locations,7.89,volume in million,
2024,July,Gujarat,Surat,3.05,volume in million,
2024,July,Gujarat,Vadodara,1.62,volume in million,
2024,July,Gujarat,Valsad,0.74,volume in million,
2024,July,Haryana,Ambala,0.45,volume in million,
2024,July,Haryana,Faridabad,1.31,volume in million,
2024,July,Haryana,Gurgaon,2.16,volume in million,
2024,July,Haryana,Karnal,0.39,volume in million,
2024,July,Haryana,Rest Of Locations,3.39,volume in million,
2024,July,Haryana,Sonipat,0.44,volume in million,
2024,July,Himachal Pradesh,Kangra,0.42,volume in million,
2024,July,Himachal Pradesh,Mandi,0.18,volume in million,
2024,July,Himachal Pradesh,Rest Of Locations,0.68,volume in million,
2024,July,Himachal Pradesh,Shimla,0.3,volume in million,
2024,July,Himachal Pradesh,Sirmaur,0.16,volume in million,
2024,July,Himachal Pradesh,Solan,0.57,volume in million,
2024,July,Jammu and Kashmir,Ananthnag,0.19,volume in million,
2024,July,Jammu and Kashmir,Jammu,0.9,volume in million,
2024,July,Jammu and Kashmir,Kathua,0.18,volume in million,
2024,July,Jammu and Kashmir,Rest Of Locations,0.84,volume in million,
2024,July,Jammu and Kashmir,Srinagar,0.31,volume in million,
2024,July,Jammu and Kashmir,Udhampur,0.21,volume in million,
2024,July,Jharkhand,Bokaro,0.36,volume in million,
2024,July,Jharkhand,Dhanbad,0.58,volume in million,
2024,July,Jharkhand,East Singhbhum,0.8,volume in million,
2024,July,Jharkhand,Ranchi,1.02,volume in million,
2024,July,Jharkhand,Rest Of Locations,1.97,volume in million,
2024,July,Jharkhand,West Singhbhum,0.27,volume in million,
2024,July,Karnataka,Bangalore,8.47,volume in million,
2024,July,Karnataka,Bangalore Rural,1.2,volume in million,
2024,July,Karnataka,Belgaum,1.55,volume in million,
2024,July,Karnataka,Dakshina Kannada,1.04,volume in million,
2024,July,Karnataka,Mysore,1.62,volume in million,
2024,July,Karnataka,Rest Of Locations,13.27,volume in million,
2024,July,Kerala,Ernakulam,2.79,volume in million,
2024,July,Kerala,Kollam,2.27,volume in million,
2024,July,Kerala,Malappuram,3.54,volume in million,
2024,July,Kerala,Rest Of Locations,10.2,volume in million,
2024,July,Kerala,Thiruvananthapuram,2.79,volume in million,
2024,July,Kerala,Thrissur,2.03,volume in million,
2024,July,Ladakh,Leh Ladakh,0.11,volume in million,
2024,July,Lakshadweep,Lakshadweep,0.01,volume in million,
2024,July,Madhya Pradesh,Bhopal,1.09,volume in million,
2024,July,Madhya Pradesh,Dhar,0.46,volume in million,
2024,July,Madhya Pradesh,Gwalior,0.56,volume in million,
2024,July,Madhya Pradesh,Indore,1.8,volume in million,
2024,July,Madhya Pradesh,Jabalpur,0.55,volume in million,
2024,July,Madhya Pradesh,Rest Of Locations,7.1,volume in million,
2024,July,Maharashtra,Mumbai,7.66,volume in million,
2024,July,Maharashtra,Nagpur,2.29,volume in million,
2024,July,Maharashtra,Nashik,1.69,volume in million,
2024,July,Maharashtra,Pune,7.21,volume in million,
2024,July,Maharashtra,Rest Of Locations,15.03,volume in million,
2024,July,Maharashtra,Thane,10.42,volume in million,
2024,July,Manipur,Bishnupur,0.05,volume in million,
2024,July,Manipur,Churachandpur,0.05,volume in million,
2024,July,Manipur,Imphal East,0.07,volume in million,
2024,July,Manipur,Imphal West,0.28,volume in million,
2024,July,Manipur,Rest Of Locations,0.07,volume in million,
2024,July,Manipur,Thoubal,0.09,volume in million,
2024,July,Meghalaya,East Khasi Hills,0.36,volume in million,
2024,July,Meghalaya,Jaintia Hills,0.08,volume in million,
2024,July,Meghalaya,Rest Of Locations,0.03,volume in million,
2024,July,Meghalaya,Ri Bhoi,0.05,volume in million,
2024,July,Meghalaya,West Garo Hills,0.09,volume in million,
2024,July,Meghalaya,West Khasi Hills,0.05,volume in million,
2024,July,Mizoram,Aizawl,0.35,volume in million,
2024,July,Mizoram,Champhai,0.04,volume in million,
2024,July,Mizoram,Kolasib,0.03,volume in million,
2024,July,Mizoram,Lawngtlai,0.03,volume in million,
2024,July,Mizoram,Lunglei,0.05,volume in million,
2024,July,Mizoram,Rest Of Locations,0.03,volume in million,
2024,July,Nagaland,Dimapur,0.19,volume in million,
2024,July,Nagaland,Kohima,0.11,volume in million,
2024,July,Nagaland,Mokokchung,0.02,volume in million,
2024,July,Nagaland,Mon,0.02,volume in million,
2024,July,Nagaland,Rest Of Locations,0.03,volume in million,
2024,July,Nagaland,Wokha,0.02,volume in million,
2024,July,Odisha,Baleswar,1.44,volume in million,
2024,July,Odisha,Cuttack,0.83,volume in million,
2024,July,Odisha,Ganjam,0.68,volume in million,
2024,July,Odisha,Khorda,1.49,volume in million,
2024,July,Odisha,Mayurbhanj,0.61,volume in million,
2024,July,Odisha,Rest Of Locations,6.06,volume in million,
2024,July,Others,Others,1.37,volume in million,state: Pincode data or location mapping not available
2024,July,Puducherry,Karaikal,0.18,volume in million,
2024,July,Puducherry,Mahe,0,volume in million,
2024,July,Puducherry,Pondicherry,0.99,volume in million,
2024,July,Punjab,Amritsar,1.04,volume in million,
2024,July,Punjab,Gurdaspur,0.81,volume in million,
2024,July,Punjab,Jalandhar,0.95,volume in million,
2024,July,Punjab,Ludhiana,1.85,volume in million,
2024,July,Punjab,Rest Of Locations,4.22,volume in million,
2024,July,Punjab,Rupnagar,0.75,volume in million,
2024,July,Rajasthan,Alwar,0.92,volume in million,
2024,July,Rajasthan,Dausa,0.74,volume in million,
2024,July,Rajasthan,Jaipur,2.38,volume in million,
2024,July,Rajasthan,Jodhpur,0.85,volume in million,
2024,July,Rajasthan,Nagaur,0.74,volume in million,
2024,July,Rajasthan,Rest Of Locations,5.92,volume in million,
2024,July,Sikkim,East Sikkim,0.22,volume in million,
2024,July,Sikkim,North Sikkim,0.01,volume in million,
2024,July,Sikkim,South Sikkim,0.04,volume in million,
2024,July,Sikkim,West Sikkim,0.05,volume in million,
2024,July,Tamil Nadu,Chennai,4.18,volume in million,
2024,July,Tamil Nadu,Coimbatore,6.02,volume in million,
2024,July,Tamil Nadu,Kanchipuram,5.45,volume in million,
2024,July,Tamil Nadu,Rest Of Locations,34.69,volume in million,
2024,July,Tamil Nadu,Tiruvallur,4.19,volume in million,
2024,July,Tamil Nadu,Vellore,2.97,volume in million,
2024,July,Telangana,Hyderabad,4.45,volume in million,
2024,July,Telangana,Karim Nagar,0.87,volume in million,
2024,July,Telangana,Medak,0.92,volume in million,
2024,July,Telangana,Rangareddy,2.27,volume in million,
2024,July,Telangana,Rest Of Locations,2.58,volume in million,
2024,July,Telangana,Warangal,0.66,volume in million,
2024,July,Tripura,Dhalai,0.05,volume in million,
2024,July,Tripura,North Tripura,0.15,volume in million,
2024,July,Tripura,South Tripura,0.11,volume in million,
2024,July,Tripura,West Tripura,0.53,volume in million,
2024,July,Uttar Pradesh,Allahabad,1.22,volume in million,
2024,July,Uttar Pradesh,Gautam Buddha Nagar,2.03,volume in million,
2024,July,Uttar Pradesh,Ghaziabad,1.99,volume in million,
2024,July,Uttar Pradesh,Lucknow,2.46,volume in million,
2024,July,Uttar Pradesh,Rest Of Locations,21.97,volume in million,
2024,July,Uttar Pradesh,Varanasi,1.28,volume in million,
2024,July,Uttarakhand,Almora,0.16,volume in million,
2024,July,Uttarakhand,Dehradun,1.14,volume in million,
2024,July,Uttarakhand,Haridwar,0.71,volume in million,
2024,July,Uttarakhand,Nainital,0.39,volume in million,
2024,July,Uttarakhand,Rest Of Locations,0.63,volume in million,
2024,July,Uttarakhand,Udham Singh Nagar,0.69,volume in million,
2024,July,West Bengal,Bardhaman,1.67,volume in million,
2024,July,West Bengal,Howrah,1.42,volume in million,
2024,July,West Bengal,Kolkata,3.3,volume in million,
2024,July,West Bengal,North 24 Parganas,2.85,volume in million,
2024,July,West Bengal,Rest Of Locations,9.05,volume in million,
2024,July,West Bengal,South 24 Parganas,1.49,volume in million,
2024,June,Andaman and Nicobar Islands,Nicobar,0,volume in million,
2024,June,Andaman and Nicobar Islands,North And Middle Andaman,0.02,volume in million,
2024,June,Andaman and Nicobar Islands,South Andaman,0.11,volume in million,
2024,June,Andhra Pradesh,Chittoor,1.86,volume in million,
2024,June,Andhra Pradesh,East Godavari,1.4,volume in million,
2024,June,Andhra Pradesh,Guntur,1.36,volume in million,
2024,June,Andhra Pradesh,Krishna,1.61,volume in million,
2024,June,Andhra Pradesh,Rest Of Locations,6.24,volume in million,
2024,June,Andhra Pradesh,Visakhapatnam,2.08,volume in million,
2024,June,Arunachal Pradesh,East Siang,0.02,volume in million,
2024,June,Arunachal Pradesh,Lohit,0.03,volume in million,
2024,June,Arunachal Pradesh,Lower Subansiri,0.03,volume in million,
2024,June,Arunachal Pradesh,Papum Pare,0.11,volume in million,
2024,June,Arunachal Pradesh,Rest Of Locations,0.08,volume in million,
2024,June,Arunachal Pradesh,West Siang,0.02,volume in million,
2024,June,Assam,Cachar,0.4,volume in million,
2024,June,Assam,Kamrup,1.58,volume in million,
2024,June,Assam,Nagaon,0.56,volume in million,
2024,June,Assam,Rest Of Locations,3.58,volume in million,
2024,June,Assam,Sibsagar,0.38,volume in million,
2024,June,Assam,Sonitpur,0.38,volume in million,
2024,June,Bihar,East Champaran,0.52,volume in million,
2024,June,Bihar,Muzaffarpur,0.64,volume in million,
2024,June,Bihar,Patna,1.99,volume in million,
2024,June,Bihar,Rest Of Locations,7.63,volume in million,
2024,June,Bihar,Vaishali,0.63,volume in million,
2024,June,Bihar,West Champaran,0.74,volume in million,
2024,June,Chandigarh,Bastanar,0,volume in million,
2024,June,Chandigarh,Chandigarh,0.75,volume in million,
2024,June,Chhattisgarh,Bilaspur(Cgh),0.6,volume in million,
2024,June,Chhattisgarh,Durg,1.14,volume in million,
2024,June,Chhattisgarh,Korba,0.37,volume in million,
2024,June,Chhattisgarh,Raipur,1.46,volume in million,
2024,June,Chhattisgarh,Rest Of Locations,2.32,volume in million,
2024,June,Chhattisgarh,Surguja,0.37,volume in million,
2024,June,Dadra and Nagar Haveli,Dadra And Nagar Haveli,0.33,volume in million,
2024,June,Dadra and Nagar Haveli,Korba,0,volume in million,
2024,June,Daman and Diu,Daman,0.21,volume in million,
2024,June,Daman and Diu,Diu,0.02,volume in million,
2024,June,Delhi,East Delhi,1.46,volume in million,
2024,June,Delhi,North West Delhi,1.64,volume in million,
2024,June,Delhi,Rest Of Locations,2.04,volume in million,
2024,June,Delhi,South Delhi,1.69,volume in million,
2024,June,Delhi,South West Delhi,1.85,volume in million,
2024,June,Delhi,West Delhi,1.44,volume in million,
2024,June,Goa,Moira,0,volume in million,
2024,June,Goa,North Goa,0.63,volume in million,
2024,June,Goa,Panaji,0,volume in million,
2024,June,Goa,South Goa,0.56,volume in million,
2024,June,Gujarat,Ahmedabad,3.31,volume in million,
2024,June,Gujarat,Rajkot,1.06,volume in million,
2024,June,Gujarat,Rest Of Locations,7.91,volume in million,
2024,June,Gujarat,Surat,3.14,volume in million,
2024,June,Gujarat,Vadodara,1.64,volume in million,
2024,June,Gujarat,Valsad,0.8,volume in million,
2024,June,Haryana,Ambala,0.44,volume in million,
2024,June,Haryana,Faridabad,1.32,volume in million,
2024,June,Haryana,Gurgaon,2.16,volume in million,
2024,June,Haryana,Karnal,0.38,volume in million,
2024,June,Haryana,Rest Of Locations,3.34,volume in million,
2024,June,Haryana,Sonipat,0.44,volume in million,
2024,June,Himachal Pradesh,Kangra,0.44,volume in million,
2024,June,Himachal Pradesh,Kullu,0.17,volume in million,
2024,June,Himachal Pradesh,Mandi,0.19,volume in million,
2024,June,Himachal Pradesh,Rest Of Locations,0.7,volume in million,
2024,June,Himachal Pradesh,Shimla,0.3,volume in million,
2024,June,Himachal Pradesh,Solan,0.58,volume in million,
2024,June,Jammu and Kashmir,Ananthnag,0.19,volume in million,
2024,June,Jammu and Kashmir,Jammu,0.86,volume in million,
2024,June,Jammu and Kashmir,Kathua,0.17,volume in million,
2024,June,Jammu and Kashmir,Rest Of Locations,0.85,volume in million,
2024,June,Jammu and Kashmir,Srinagar,0.3,volume in million,
2024,June,Jammu and Kashmir,Udhampur,0.21,volume in million,
2024,June,Jharkhand,Bokaro,0.34,volume in million,
2024,June,Jharkhand,Dhanbad,0.58,volume in million,
2024,June,Jharkhand,East Singhbhum,0.78,volume in million,
2024,June,Jharkhand,Ranchi,1.03,volume in million,
2024,June,Jharkhand,Rest Of Locations,1.9,volume in million,
2024,June,Jharkhand,West Singhbhum,0.27,volume in million,
2024,June,Karnataka,Bangalore,8.43,volume in million,
2024,June,Karnataka,Bangalore Rural,1.2,volume in million,
2024,June,Karnataka,Belgaum,1.62,volume in million,
2024,June,Karnataka,Dakshina Kannada,1.07,volume in million,
2024,June,Karnataka,Mysore,1.63,volume in million,
2024,June,Karnataka,Rest Of Locations,13.38,volume in million,
2024,June,Kerala,Ernakulam,2.75,volume in million,
2024,June,Kerala,Kollam,2.21,volume in million,
2024,June,Kerala,Malappuram,3.55,volume in million,
2024,June,Kerala,Rest Of Locations,10.29,volume in million,
2024,June,Kerala,Thiruvananthapuram,2.73,volume in million,
2024,June,Kerala,Thrissur,2.02,volume in million,
2024,June,Ladakh,Leh Ladakh,0.1,volume in million,
2024,June,Lakshadweep,Lakshadweep,0.01,volume in million,
2024,June,Madhya Pradesh,Bhopal,1.1,volume in million,
2024,June,Madhya Pradesh,Dhar,0.46,volume in million,
2024,June,Madhya Pradesh,Gwalior,0.54,volume in million,
2024,June,Madhya Pradesh,Indore,1.79,volume in million,
2024,June,Madhya Pradesh,Jabalpur,0.54,volume in million,
2024,June,Madhya Pradesh,Rest Of Locations,7.12,volume in million,
2024,June,Maharashtra,Mumbai,7.86,volume in million,
2024,June,Maharashtra,Nagpur,2.27,volume in million,
2024,June,Maharashtra,Nashik,1.71,volume in million,
2024,June,Maharashtra,Pune,7.35,volume in million,
2024,June,Maharashtra,Rest Of Locations,15.82,volume in million,
2024,June,Maharashtra,Thane,10.81,volume in million,
2024,June,Manipur,Bishnupur,0.05,volume in million,
2024,June,Manipur,Churachandpur,0.06,volume in million,
2024,June,Manipur,Imphal East,0.07,volume in million,
2024,June,Manipur,Imphal West,0.27,volume in million,
2024,June,Manipur,Rest Of Locations,0.07,volume in million,
2024,June,Manipur,Thoubal,0.08,volume in million,
2024,June,Meghalaya,East Khasi Hills,0.34,volume in million,
2024,June,Meghalaya,Jaintia Hills,0.07,volume in million,
2024,June,Meghalaya,Rest Of Locations,0.03,volume in million,
2024,June,Meghalaya,Ri Bhoi,0.05,volume in million,
2024,June,Meghalaya,West Garo Hills,0.09,volume in million,
2024,June,Meghalaya,West Khasi Hills,0.04,volume in million,
2024,June,Mizoram,Aizawl,0.33,volume in million,
2024,June,Mizoram,Champhai,0.04,volume in million,
2024,June,Mizoram,Kolasib,0.03,volume in million,
2024,June,Mizoram,Lawngtlai,0.04,volume in million,
2024,June,Mizoram,Lunglei,0.05,volume in million,
2024,June,Mizoram,Rest Of Locations,0.03,volume in million,
2024,June,Nagaland,Dimapur,0.18,volume in million,
2024,June,Nagaland,Kohima,0.1,volume in million,
2024,June,Nagaland,Mokokchung,0.02,volume in million,
2024,June,Nagaland,Mon,0.02,volume in million,
2024,June,Nagaland,Rest Of Locations,0.04,volume in million,
2024,June,Nagaland,Wokha,0.02,volume in million,
2024,June,Odisha,Baleswar,1.41,volume in million,
2024,June,Odisha,Cuttack,0.83,volume in million,
2024,June,Odisha,Ganjam,0.66,volume in million,
2024,June,Odisha,Khorda,1.45,volume in million,
2024,June,Odisha,Mayurbhanj,0.61,volume in million,
2024,June,Odisha,Rest Of Locations,6.12,volume in million,
2024,June,Others,Others,1.37,volume in million,state: Pincode data or location mapping not available
2024,June,Puducherry,Karaikal,0.18,volume in million,
2024,June,Puducherry,Mahe,0,volume in million,
2024,June,Puducherry,Pondicherry,0.98,volume in million,
2024,June,Punjab,Amritsar,0.99,volume in million,
2024,June,Punjab,Gurdaspur,0.78,volume in million,
2024,June,Punjab,Jalandhar,0.91,volume in million,
2024,June,Punjab,Ludhiana,1.78,volume in million,
2024,June,Punjab,Rest Of Locations,4.05,volume in million,
2024,June,Punjab,Rupnagar,0.72,volume in million,
2024,June,Rajasthan,Alwar,0.89,volume in million,
2024,June,Rajasthan,Dausa,0.86,volume in million,
2024,June,Rajasthan,Jaipur,2.29,volume in million,
2024,June,Rajasthan,Jodhpur,0.78,volume in million,
2024,June,Rajasthan,Nagaur,0.72,volume in million,
2024,June,Rajasthan,Rest Of Locations,5.74,volume in million,
2024,June,Sikkim,East Sikkim,0.22,volume in million,
2024,June,Sikkim,North Sikkim,0.01,volume in million,
2024,June,Sikkim,South Sikkim,0.04,volume in million,
2024,June,Sikkim,West Sikkim,0.05,volume in million,
2024,June,Tamil Nadu,Chennai,4.18,volume in million,
2024,June,Tamil Nadu,Coimbatore,6.09,volume in million,
2024,June,Tamil Nadu,Kanchipuram,5.46,volume in million,
2024,June,Tamil Nadu,Rest Of Locations,35.12,volume in million,
2024,June,Tamil Nadu,Tiruvallur,4.25,volume in million,
2024,June,Tamil Nadu,Vellore,3,volume in million,
2024,June,Telangana,Hyderabad,4.49,volume in million,
2024,June,Telangana,Karim Nagar,0.92,volume in million,
2024,June,Telangana,Medak,0.97,volume in million,
2024,June,Telangana,Rangareddy,2.28,volume in million,
2024,June,Telangana,Rest Of Locations,2.67,volume in million,
2024,June,Telangana,Warangal,0.68,volume in million,
2024,June,Tripura,Dhalai,0.05,volume in million,
2024,June,Tripura,North Tripura,0.15,volume in million,
2024,June,Tripura,South Tripura,0.1,volume in million,
2024,June,Tripura,West Tripura,0.5,volume in million,
2024,June,Uttar Pradesh,Allahabad,1.2,volume in million,
2024,June,Uttar Pradesh,Gautam Buddha Nagar,2.02,volume in million,
2024,June,Uttar Pradesh,Ghaziabad,1.99,volume in million,
2024,June,Uttar Pradesh,Lucknow,2.4,volume in million,
2024,June,Uttar Pradesh,Rest Of Locations,22.25,volume in million,
2024,June,Uttar Pradesh,Varanasi,1.26,volume in million,
2024,June,Uttarakhand,Almora,0.19,volume in million,
2024,June,Uttarakhand,Dehradun,1.18,volume in million,
2024,June,Uttarakhand,Haridwar,0.75,volume in million,
2024,June,Uttarakhand,Nainital,0.41,volume in million,
2024,June,Uttarakhand,Rest Of Locations,0.7,volume in million,
2024,June,Uttarakhand,Udham Singh Nagar,0.71,volume in million,
2024,June,West Bengal,Bardhaman,1.7,volume in million,
2024,June,West Bengal,Howrah,1.44,volume in million,
2024,June,West Bengal,Kolkata,3.22,volume in million,
2024,June,West Bengal,North 24 Parganas,2.86,volume in million,
2024,June,West Bengal,Rest Of Locations,9.56,volume in million,
2024,June,West Bengal,South 24 Parganas,1.54,volume in million,
2024,May,Andaman and Nicobar Islands,Nicobar,0,volume in million,
2024,May,Andaman and Nicobar Islands,North And Middle Andaman,0.02,volume in million,
2024,May,Andaman and Nicobar Islands,South Andaman,0.11,volume in million,
2024,May,Andhra Pradesh,Chittoor,1.78,volume in million,
2024,May,Andhra Pradesh,East Godavari,1.4,volume in million,
2024,May,Andhra Pradesh,Krishna,1.62,volume in million,
2024,May,Andhra Pradesh,Rest Of Locations,7.68,volume in million,
2024,May,Andhra Pradesh,Visakhapatnam,2.04,volume in million,
2024,May,Arunachal Pradesh,East Siang,0.02,volume in million,
2024,May,Arunachal Pradesh,Lohit,0.03,volume in million,
2024,May,Arunachal Pradesh,Lower Subansiri,0.03,volume in million,
2024,May,Arunachal Pradesh,Papum Pare,0.12,volume in million,
2024,May,Arunachal Pradesh,Rest Of Locations,0.08,volume in million,
2024,May,Arunachal Pradesh,West Siang,0.02,volume in million,
2024,May,Assam,Cachar,0.42,volume in million,
2024,May,Assam,Kamrup,1.62,volume in million,
2024,May,Assam,Nagaon,0.57,volume in million,
2024,May,Assam,Rest Of Locations,3.69,volume in million,
2024,May,Assam,Sibsagar,0.39,volume in million,
2024,May,Assam,Sonitpur,0.4,volume in million,
2024,May,Bihar,East Champaran,0.88,volume in million,
2024,May,Bihar,Muzaffarpur,0.65,volume in million,
2024,May,Bihar,Patna,2.17,volume in million,
2024,May,Bihar,Rest Of Locations,8.26,volume in million,
2024,May,Bihar,Vaishali,0.95,volume in million,
2024,May,Bihar,West Champaran,1.61,volume in million,
2024,May,Chandigarh,Bastanar,0,volume in million,
2024,May,Chandigarh,Chandigarh,0.81,volume in million,
2024,May,Chhattisgarh,Bilaspur(Cgh),0.63,volume in million,
2024,May,Chhattisgarh,Durg,1.13,volume in million,
2024,May,Chhattisgarh,Korba,0.37,volume in million,
2024,May,Chhattisgarh,Raipur,1.47,volume in million,
2024,May,Chhattisgarh,Rajnandgaon,0.37,volume in million,
2024,May,Chhattisgarh,Rest Of Locations,2.3,volume in million,
2024,May,Dadra and Nagar Haveli,Dadra And Nagar Haveli,0.33,volume in million,
2024,May,Dadra and Nagar Haveli,Korba,0,volume in million,
2024,May,Daman and Diu,Daman,0.21,volume in million,
2024,May,Daman and Diu,Diu,0.02,volume in million,
2024,May,Delhi,East Delhi,1.53,volume in million,
2024,May,Delhi,North West Delhi,1.72,volume in million,
2024,May,Delhi,Rest Of Locations,2.16,volume in million,
2024,May,Delhi,South Delhi,1.78,volume in million,
2024,May,Delhi,South West Delhi,1.92,volume in million,
2024,May,Delhi,West Delhi,1.5,volume in million,
2024,May,Goa,Moira,0,volume in million,
2024,May,Goa,North Goa,0.69,volume in million,
2024,May,Goa,Panjim,0,volume in million,
2024,May,Goa,South Goa,0.61,volume in million,
2024,May,Gujarat,Ahmedabad,3.34,volume in million,
2024,May,Gujarat,Rajkot,1.11,volume in million,
2024,May,Gujarat,Rest Of Locations,8.02,volume in million,
2024,May,Gujarat,Surat,3.18,volume in million,
2024,May,Gujarat,Vadodara,1.64,volume in million,
2024,May,Gujarat,Valsad,0.82,volume in million,
2024,May,Haryana,Ambala,0.46,volume in million,
2024,May,Haryana,Faridabad,1.34,volume in million,
2024,May,Haryana,Gurgaon,2.22,volume in million,
2024,May,Haryana,Karnal,0.39,volume in million,
2024,May,Haryana,Rest Of Locations,3.52,volume in million,
2024,May,Haryana,Sonipat,0.45,volume in million,
2024,May,Himachal Pradesh,Kangra,0.43,volume in million,
2024,May,Himachal Pradesh,Kullu,0.18,volume in million,
2024,May,Himachal Pradesh,Mandi,0.19,volume in million,
2024,May,Himachal Pradesh,Rest Of Locations,0.69,volume in million,
2024,May,Himachal Pradesh,Shimla,0.31,volume in million,
2024,May,Himachal Pradesh,Solan,0.58,volume in million,
2024,May,Jammu and Kashmir,Ananthnag,0.17,volume in million,
2024,May,Jammu and Kashmir,Jammu,0.91,volume in million,
2024,May,Jammu and Kashmir,Kathua,0.17,volume in million,
2024,May,Jammu and Kashmir,Rest Of Locations,0.81,volume in million,
2024,May,Jammu and Kashmir,Srinagar,0.3,volume in million,
2024,May,Jammu and Kashmir,Udhampur,0.22,volume in million,
2024,May,Jharkhand,Bokaro,0.35,volume in million,
2024,May,Jharkhand,Dhanbad,0.61,volume in million,
2024,May,Jharkhand,East Singhbhum,0.8,volume in million,
2024,May,Jharkhand,Ranchi,1.06,volume in million,
2024,May,Jharkhand,Rest Of Locations,1.95,volume in million,
2024,May,Jharkhand,West Singhbhum,0.28,volume in million,
2024,May,Karnataka,Bangalore,8.69,volume in million,
2024,May,Karnataka,Bangalore Rural,1.23,volume in million,
2024,May,Karnataka,Belgaum,1.73,volume in million,
2024,May,Karnataka,Dakshina Kannada,1.15,volume in million,
2024,May,Karnataka,Mysore,1.73,volume in million,
2024,May,Karnataka,Rest Of Locations,14.18,volume in million,
2024,May,Kerala,Ernakulam,2.75,volume in million,
2024,May,Kerala,Kollam,2.14,volume in million,
2024,May,Kerala,Malappuram,3.55,volume in million,
2024,May,Kerala,Rest Of Locations,10.34,volume in million,
2024,May,Kerala,Thiruvananthapuram,2.66,volume in million,
2024,May,Kerala,Thrissur,2.03,volume in million,
2024,May,Ladakh,Leh Ladakh,0.09,volume in million,
2024,May,Lakshadweep,Lakshadweep,0.01,volume in million,
2024,May,Madhya Pradesh,Bhopal,1.13,volume in million,
2024,May,Madhya Pradesh,Dhar,0.47,volume in million,
2024,May,Madhya Pradesh,Gwalior,0.54,volume in million,
2024,May,Madhya Pradesh,Indore,1.8,volume in million,
2024,May,Madhya Pradesh,Jabalpur,0.57,volume in million,
2024,May,Madhya Pradesh,Rest Of Locations,7.41,volume in million,
2024,May,Maharashtra,Mumbai,7.92,volume in million,
2024,May,Maharashtra,Nagpur,2.33,volume in million,
2024,May,Maharashtra,Nashik,1.78,volume in million,
2024,May,Maharashtra,Pune,7.34,volume in million,
2024,May,Maharashtra,Rest Of Locations,16.82,volume in million,
2024,May,Maharashtra,Thane,10.7,volume in million,
2024,May,Manipur,Bishnupur,0.05,volume in million,
2024,May,Manipur,Churachandpur,0.06,volume in million,
2024,May,Manipur,Imphal East,0.08,volume in million,
2024,May,Manipur,Imphal West,0.29,volume in million,
2024,May,Manipur,Rest Of Locations,0.07,volume in million,
2024,May,Manipur,Thoubal,0.09,volume in million,
2024,May,Meghalaya,East Khasi Hills,0.36,volume in million,
2024,May,Meghalaya,Jaintia Hills,0.08,volume in million,
2024,May,Meghalaya,Rest Of Locations,0.03,volume in million,
2024,May,Meghalaya,Ri Bhoi,0.05,volume in million,
2024,May,Meghalaya,West Garo Hills,0.1,volume in million,
2024,May,Meghalaya,West Khasi Hills,0.04,volume in million,
2024,May,Mizoram,Aizawl,0.34,volume in million,
2024,May,Mizoram,Champhai,0.04,volume in million,
2024,May,Mizoram,Kolasib,0.03,volume in million,
2024,May,Mizoram,Lawngtlai,0.04,volume in million,
2024,May,Mizoram,Lunglei,0.05,volume in million,
2024,May,Mizoram,Rest Of Locations,0.03,volume in million,
2024,May,Nagaland,Dimapur,0.19,volume in million,
2024,May,Nagaland,Kohima,0.11,volume in million,
2024,May,Nagaland,Mokokchung,0.02,volume in million,
2024,May,Nagaland,Mon,0.02,volume in million,
2024,May,Nagaland,Rest Of Locations,0.03,volume in million,
2024,May,Nagaland,Wokha,0.02,volume in million,
2024,May,Odisha,Baleswar,1.5,volume in million,
2024,May,Odisha,Cuttack,0.85,volume in million,
2024,May,Odisha,Ganjam,0.68,volume in million,
2024,May,Odisha,Khorda,1.48,volume in million,
2024,May,Odisha,Mayurbhanj,0.65,volume in million,
2024,May,Odisha,Rest Of Locations,5.91,volume in million,
2024,May,Others,Others,1.42,volume in million,state: Pincode data or location mapping not available
2024,May,Puducherry,Karaikal,0.18,volume in million,
2024,May,Puducherry,Mahe,0,volume in million,
2024,May,Puducherry,Pondicherry,1,volume in million,
2024,May,Punjab,Amritsar,1.07,volume in million,
2024,May,Punjab,Gurdaspur,0.85,volume in million,
2024,May,Punjab,Jalandhar,0.97,volume in million,
2024,May,Punjab,Ludhiana,1.88,volume in million,
2024,May,Punjab,Rest Of Locations,4.36,volume in million,
2024,May,Punjab,Rupnagar,0.78,volume in million,
2024,May,Rajasthan,Alwar,0.96,volume in million,
2024,May,Rajasthan,Dausa,0.86,volume in million,
2024,May,Rajasthan,Jaipur,2.37,volume in million,
2024,May,Rajasthan,Jodhpur,0.79,volume in million,
2024,May,Rajasthan,Nagaur,0.77,volume in million,
2024,May,Rajasthan,Rest Of Locations,6.08,volume in million,
2024,May,Sikkim,East Sikkim,0.24,volume in million,
2024,May,Sikkim,North Sikkim,0.01,volume in million,
2024,May,Sikkim,South Sikkim,0.05,volume in million,
2024,May,Sikkim,West Sikkim,0.05,volume in million,
2024,May,Tamil Nadu,Chennai,4.25,volume in million,
2024,May,Tamil Nadu,Coimbatore,6.07,volume in million,
2024,May,Tamil Nadu,Kanchipuram,5.56,volume in million,
2024,May,Tamil Nadu,Rest Of Locations,35.26,volume in million,
2024,May,Tamil Nadu,Tiruvallur,4.28,volume in million,
2024,May,Tamil Nadu,Vellore,2.96,volume in million,
2024,May,Telangana,Hyderabad,4.38,volume in million,
2024,May,Telangana,Karim Nagar,0.94,volume in million,
2024,May,Telangana,Mahabub Nagar,0.68,volume in million,
2024,May,Telangana,Medak,0.94,volume in million,
2024,May,Telangana,Rangareddy,2.22,volume in million,
2024,May,Telangana,Rest Of Locations,2.72,volume in million,
2024,May,Tripura,Dhalai,0.05,volume in million,
2024,May,Tripura,North Tripura,0.15,volume in million,
2024,May,Tripura,South Tripura,0.1,volume in million,
2024,May,Tripura,West Tripura,0.52,volume in million,
2024,May,Uttar Pradesh,Allahabad,1.25,volume in million,
2024,May,Uttar Pradesh,Gautam Buddha Nagar,2.09,volume in million,
2024,May,Uttar Pradesh,Ghaziabad,2.07,volume in million,
2024,May,Uttar Pradesh,Lucknow,2.48,volume in million,
2024,May,Uttar Pradesh,Rest Of Locations,22.87,volume in million,
2024,May,Uttar Pradesh,Varanasi,1.35,volume in million,
2024,May,Uttarakhand,Almora,0.18,volume in million,
2024,May,Uttarakhand,Dehradun,1.25,volume in million,
2024,May,Uttarakhand,Haridwar,0.77,volume in million,
2024,May,Uttarakhand,Nainital,0.43,volume in million,
2024,May,Uttarakhand,Rest Of Locations,0.7,volume in million,
2024,May,Uttarakhand,Udham Singh Nagar,0.74,volume in million,
2024,May,West Bengal,Bardhaman,1.66,volume in million,
2024,May,West Bengal,Howrah,1.41,volume in million,
2024,May,West Bengal,Kolkata,3.29,volume in million,
2024,May,West Bengal,North 24 Parganas,2.85,volume in million,
2024,May,West Bengal,Rest Of Locations,9.3,volume in million,
2024,May,West Bengal,South 24 Parganas,1.5,volume in million,
2024,April,Andaman and Nicobar Islands,Nicobar,0,volume in million,
2024,April,Andaman and Nicobar Islands,North And Middle Andaman,0.02,volume in million,
2024,April,Andaman and Nicobar Islands,South Andaman,0.11,volume in million,
2024,April,Andhra Pradesh,Chittoor,1.9,volume in million,
2024,April,Andhra Pradesh,East Godavari,1.48,volume in million,
2024,April,Andhra Pradesh,Guntur,1.43,volume in million,
2024,April,Andhra Pradesh,Krishna,1.67,volume in million,
2024,April,Andhra Pradesh,Rest Of Locations,6.49,volume in million,
2024,April,Andhra Pradesh,Visakhapatnam,2.11,volume in million,
2024,April,Arunachal Pradesh,Lohit,0.02,volume in million,
2024,April,Arunachal Pradesh,Lower Subansiri,0.03,volume in million,
2024,April,Arunachal Pradesh,Papum Pare,0.1,volume in million,
2024,April,Arunachal Pradesh,Rest Of Locations,0.07,volume in million,
2024,April,Arunachal Pradesh,Upper Subansiri,0.02,volume in million,
2024,April,Arunachal Pradesh,West Siang,0.02,volume in million,
2024,April,Assam,Cachar,0.44,volume in million,
2024,April,Assam,Kamrup,1.68,volume in million,
2024,April,Assam,Nagaon,0.63,volume in million,
2024,April,Assam,Rest Of Locations,3.95,volume in million,
2024,April,Assam,Sibsagar,0.39,volume in million,
2024,April,Assam,Sonitpur,0.41,volume in million,
2024,April,Bihar,East Champaran,1.33,volume in million,
2024,April,Bihar,Patna,2.22,volume in million,
2024,April,Bihar,Rest Of Locations,8.96,volume in million,
2024,April,Bihar,Samastipur,0.78,volume in million,
2024,April,Bihar,Vaishali,1.16,volume in million,
2024,April,Bihar,West Champaran,2.42,volume in million,
2024,April,Chandigarh,Bastanar,0,volume in million,
2024,April,Chandigarh,Chandigarh,0.82,volume in million,
2024,April,Chhattisgarh,Bilaspur(Cgh),0.67,volume in million,
2024,April,Chhattisgarh,Durg,1.15,volume in million,
2024,April,Chhattisgarh,Raipur,1.49,volume in million,
2024,April,Chhattisgarh,Rajnandgaon,0.41,volume in million,
2024,April,Chhattisgarh,Rest Of Locations,2.47,volume in million,
2024,April,Chhattisgarh,Surguja,0.41,volume in million,
2024,April,Dadra and Nagar Haveli,Dadra And Nagar Haveli,0.33,volume in million,
2024,April,Dadra and Nagar Haveli,Korba,0,volume in million,
2024,April,Daman and Diu,Daman,0.21,volume in million,
2024,April,Daman and Diu,Diu,0.01,volume in million,
2024,April,Delhi,East Delhi,1.55,volume in million,
2024,April,Delhi,North West Delhi,1.75,volume in million,
2024,April,Delhi,Rest Of Locations,2.2,volume in million,
2024,April,Delhi,South Delhi,1.81,volume in million,
2024,April,Delhi,South West Delhi,1.95,volume in million,
2024,April,Delhi,West Delhi,1.52,volume in million,
2024,April,Goa,Moira,0,volume in million,
2024,April,Goa,North Goa,0.67,volume in million,
2024,April,Goa,Panaji,0,volume in million,
2024,April,Goa,Panjim,0,volume in million,
2024,April,Goa,South Goa,0.61,volume in million,
2024,April,Gujarat,Ahmedabad,3.38,volume in million,
2024,April,Gujarat,Rajkot,1.1,volume in million,
2024,April,Gujarat,Rest Of Locations,8.19,volume in million,
2024,April,Gujarat,Surat,3.16,volume in million,
2024,April,Gujarat,Vadodara,1.68,volume in million,
2024,April,Gujarat,Valsad,0.82,volume in million,
2024,April,Haryana,Ambala,0.47,volume in million,
2024,April,Haryana,Faridabad,1.36,volume in million,
2024,April,Haryana,Gurgaon,2.21,volume in million,
2024,April,Haryana,Karnal,0.4,volume in million,
2024,April,Haryana,Rest Of Locations,3.56,volume in million,
2024,April,Haryana,Sonipat,0.46,volume in million,
2024,April,Himachal Pradesh,Kangra,0.46,volume in million,
2024,April,Himachal Pradesh,Mandi,0.21,volume in million,
2024,April,Himachal Pradesh,Rest Of Locations,0.72,volume in million,
2024,April,Himachal Pradesh,Shimla,0.31,volume in million,
2024,April,Himachal Pradesh,Sirmaur,0.18,volume in million,
2024,April,Himachal Pradesh,Solan,0.58,volume in million,
2024,April,Jammu and Kashmir,Ananthnag,0.19,volume in million,
2024,April,Jammu and Kashmir,Jammu,0.96,volume in million,
2024,April,Jammu and Kashmir,Kathua,0.18,volume in million,
2024,April,Jammu and Kashmir,Rest Of Locations,0.86,volume in million,
2024,April,Jammu and Kashmir,Srinagar,0.27,volume in million,
2024,April,Jammu and Kashmir,Udhampur,0.22,volume in million,
2024,April,Jharkhand,Bokaro,0.37,volume in million,
2024,April,Jharkhand,Dhanbad,0.69,volume in million,
2024,April,Jharkhand,East Singhbhum,0.83,volume in million,
2024,April,Jharkhand,Ranchi,1.08,volume in million,
2024,April,Jharkhand,Rest Of Locations,2.16,volume in million,
2024,April,Jharkhand,West Singhbhum,0.31,volume in million,
2024,April,Karnataka,Bangalore,8.6,volume in million,
2024,April,Karnataka,Bangalore Rural,1.22,volume in million,
2024,April,Karnataka,Belgaum,1.78,volume in million,
2024,April,Karnataka,Dakshina Kannada,1.19,volume in million,
2024,April,Karnataka,Mysore,1.75,volume in million,
2024,April,Karnataka,Rest Of Locations,14.41,volume in million,
2024,April,Kerala,Ernakulam,2.79,volume in million,
2024,April,Kerala,Kollam,2.2,volume in million,
2024,April,Kerala,Malappuram,3.69,volume in million,
2024,April,Kerala,Rest Of Locations,10.64,volume in million,
2024,April,Kerala,Thiruvananthapuram,2.73,volume in million,
2024,April,Kerala,Thrissur,2.09,volume in million,
2024,April,Ladakh,Leh Ladakh,0.08,volume in million,
2024,April,Lakshadweep,Lakshadweep,0.02,volume in million,
2024,April,Madhya Pradesh,Bhopal,1.16,volume in million,
2024,April,Madhya Pradesh,Dhar,0.48,volume in million,
2024,April,Madhya Pradesh,Gwalior,0.59,volume in million,
2024,April,Madhya Pradesh,Indore,1.88,volume in million,
2024,April,Madhya Pradesh,Jabalpur,0.58,volume in million,
2024,April,Madhya Pradesh,Rest Of Locations,7.92,volume in million,
2024,April,Maharashtra,Mumbai,8.35,volume in million,
2024,April,Maharashtra,Nagpur,2.37,volume in million,
2024,April,Maharashtra,Nashik,1.84,volume in million,
2024,April,Maharashtra,Pune,7.58,volume in million,
2024,April,Maharashtra,Rest Of Locations,16.95,volume in million,
2024,April,Maharashtra,Thane,11.16,volume in million,
2024,April,Manipur,Bishnupur,0.05,volume in million,
2024,April,Manipur,Churachandpur,0.05,volume in million,
2024,April,Manipur,Imphal East,0.08,volume in million,
2024,April,Manipur,Imphal West,0.29,volume in million,
2024,April,Manipur,Rest Of Locations,0.06,volume in million,
2024,April,Manipur,Thoubal,0.08,volume in million,
2024,April,Meghalaya,East Khasi Hills,0.35,volume in million,
2024,April,Meghalaya,Jaintia Hills,0.08,volume in million,
2024,April,Meghalaya,Rest Of Locations,0.03,volume in million,
2024,April,Meghalaya,Ri Bhoi,0.06,volume in million,
2024,April,Meghalaya,West Garo Hills,0.1,volume in million,
2024,April,Meghalaya,West Khasi Hills,0.05,volume in million,
2024,April,Mizoram,Aizawl,0.35,volume in million,
2024,April,Mizoram,Champhai,0.04,volume in million,
2024,April,Mizoram,Kolasib,0.03,volume in million,
2024,April,Mizoram,Lawngtlai,0.04,volume in million,
2024,April,Mizoram,Lunglei,0.05,volume in million,
2024,April,Mizoram,Rest Of Locations,0.04,volume in million,
2024,April,Nagaland,Dimapur,0.19,volume in million,
2024,April,Nagaland,Kohima,0.11,volume in million,
2024,April,Nagaland,Mokokchung,0.02,volume in million,
2024,April,Nagaland,Mon,0.02,volume in million,
2024,April,Nagaland,Rest Of Locations,0.04,volume in million,
2024,April,Nagaland,Wokha,0.02,volume in million,
2024,April,Odisha,Baleswar,1.81,volume in million,
2024,April,Odisha,Cuttack,0.86,volume in million,
2024,April,Odisha,Ganjam,0.75,volume in million,
2024,April,Odisha,Khorda,1.5,volume in million,
2024,April,Odisha,Mayurbhanj,0.63,volume in million,
2024,April,Odisha,Rest Of Locations,6.31,volume in million,
2024,April,Others,Other,1.5,volume in million,state: Pincode data or location mapping not available
2024,April,Puducherry,Karaikal,0.18,volume in million,
2024,April,Puducherry,Mahe,0,volume in million,
2024,April,Puducherry,Pondicherry,0.97,volume in million,
2024,April,Punjab,Amritsar,1.08,volume in million,
2024,April,Punjab,Gurdaspur,0.85,volume in million,
2024,April,Punjab,Jalandhar,0.97,volume in million,
2024,April,Punjab,Ludhiana,1.91,volume in million,
2024,April,Punjab,Rest Of Locations,4.42,volume in million,
2024,April,Punjab,Rupnagar,0.79,volume in million,
2024,April,Rajasthan,Alwar,0.92,volume in million,
2024,April,Rajasthan,Dausa,0.88,volume in million,
2024,April,Rajasthan,Jaipur,2.37,volume in million,
2024,April,Rajasthan,Jodhpur,0.73,volume in million,
2024,April,Rajasthan,Nagaur,0.79,volume in million,
2024,April,Rajasthan,Rest Of Locations,6.3,volume in million,
2024,April,Sikkim,East Sikkim,0.21,volume in million,
2024,April,Sikkim,North Sikkim,0.01,volume in million,
2024,April,Sikkim,South Sikkim,0.04,volume in million,
2024,April,Sikkim,West Sikkim,0.05,volume in million,
2024,April,Tamil Nadu,Chennai,4.17,volume in million,
2024,April,Tamil Nadu,Coimbatore,5.89,volume in million,
2024,April,Tamil Nadu,Kanchipuram,5.46,volume in million,
2024,April,Tamil Nadu,Rest Of Locations,34.3,volume in million,
2024,April,Tamil Nadu,Tiruvallur,4.23,volume in million,
2024,April,Tamil Nadu,Vellore,2.96,volume in million,
2024,April,Telangana,Hyderabad,4.62,volume in million,
2024,April,Telangana,Karim Nagar,0.91,volume in million,
2024,April,Telangana,Mahabub Nagar,0.69,volume in million,
2024,April,Telangana,Medak,0.94,volume in million,
2024,April,Telangana,Rangareddy,2.3,volume in million,
2024,April,Telangana,Rest Of Locations,2.75,volume in million,
2024,April,Tripura,Dhalai,0.05,volume in million,
2024,April,Tripura,North Tripura,0.17,volume in million,
2024,April,Tripura,South Tripura,0.12,volume in million,
2024,April,Tripura,West Tripura,0.54,volume in million,
2024,April,Uttar Pradesh,Allahabad,1.31,volume in million,
2024,April,Uttar Pradesh,Gautam Buddha Nagar,2.07,volume in million,
2024,April,Uttar Pradesh,Ghaziabad,2.09,volume in million,
2024,April,Uttar Pradesh,Lucknow,2.61,volume in million,
2024,April,Uttar Pradesh,Rest Of Locations,24.63,volume in million,
2024,April,Uttar Pradesh,Varanasi,1.39,volume in million,
2024,April,Uttarakhand,Almora,0.18,volume in million,
2024,April,Uttarakhand,Dehradun,1.25,volume in million,
2024,April,Uttarakhand,Haridwar,0.73,volume in million,
2024,April,Uttarakhand,Nainital,0.43,volume in million,
2024,April,Uttarakhand,Rest Of Locations,0.7,volume in million,
2024,April,Uttarakhand,Udham Singh Nagar,0.74,volume in million,
2024,April,West Bengal,Bardhaman,1.75,volume in million,
2024,April,West Bengal,Howrah,1.49,volume in million,
2024,April,West Bengal,Kolkata,3.35,volume in million,
2024,April,West Bengal,North 24 Parganas,2.97,volume in million,
2024,April,West Bengal,Rest Of Locations,9.89,volume in million,
2024,April,West Bengal,South 24 Parganas,1.58,volume in million,
2024,March,Andaman and Nicobar Islands,Nicobar,0,volume in million,
2024,March,Andaman and Nicobar Islands,North And Middle Andaman,0.02,volume in million,
2024,March,Andaman and Nicobar Islands,South Andaman,0.11,volume in million,
2024,March,Andhra Pradesh,Chittoor,2.04,volume in million,
2024,March,Andhra Pradesh,East Godavari,1.59,volume in million,
2024,March,Andhra Pradesh,Guntur,1.52,volume in million,
2024,March,Andhra Pradesh,Krishna,1.8,volume in million,
2024,March,Andhra Pradesh,Rest Of Locations,6.96,volume in million,
2024,March,Andhra Pradesh,Visakhapatnam,2.27,volume in million,
2024,March,Arunachal Pradesh,East Siang,0.03,volume in million,
2024,March,Arunachal Pradesh,Lohit,0.03,volume in million,
2024,March,Arunachal Pradesh,Lower Subansiri,0.03,volume in million,
2024,March,Arunachal Pradesh,Papum Pare,0.11,volume in million,
2024,March,Arunachal Pradesh,Rest Of Locations,0.09,volume in million,
2024,March,Arunachal Pradesh,Upper Subansiri,0.03,volume in million,
2024,March,Assam,Cachar,0.45,volume in million,
2024,March,Assam,Kamrup,1.71,volume in million,
2024,March,Assam,Nagaon,0.61,volume in million,
2024,March,Assam,Rest Of Locations,4.04,volume in million,
2024,March,Assam,Sibsagar,0.42,volume in million,
2024,March,Assam,Sonitpur,0.42,volume in million,
2024,March,Bihar,East Champaran,0.96,volume in million,
2024,March,Bihar,Muzaffarpur,0.73,volume in million,
2024,March,Bihar,Patna,2.13,volume in million,
2024,March,Bihar,Rest Of Locations,8.78,volume in million,
2024,March,Bihar,Vaishali,0.95,volume in million,
2024,March,Bihar,West Champaran,1.72,volume in million,
2024,March,Chandigarh,Bastanar,0,volume in million,
2024,March,Chandigarh,Chandigarh,0.83,volume in million,
2024,March,Chhattisgarh,Bilaspur(Cgh),0.78,volume in million,
2024,March,Chhattisgarh,Durg,1.33,volume in million,
2024,March,Chhattisgarh,Raipur,1.73,volume in million,
2024,March,Chhattisgarh,Rajnandgaon,0.5,volume in million,
2024,March,Chhattisgarh,Rest Of Locations,2.99,volume in million,
2024,March,Chhattisgarh,Surguja,0.5,volume in million,
2024,March,Dadra and Nagar Haveli,Dadra & Nagar Haveli,0.37,volume in million,
2024,March,Dadra and Nagar Haveli,Korba,0,volume in million,
2024,March,Daman and Diu,Daman,0.22,volume in million,
2024,March,Daman and Diu,Diu,0.02,volume in million,
2024,March,Delhi,East Delhi,1.61,volume in million,
2024,March,Delhi,North West Delhi,1.8,volume in million,
2024,March,Delhi,Rest Of Locations,2.31,volume in million,
2024,March,Delhi,South Delhi,1.89,volume in million,
2024,March,Delhi,South West Delhi,2,volume in million,
2024,March,Delhi,West Delhi,1.57,volume in million,
2024,March,Goa,Moira,0,volume in million,
2024,March,Goa,North Goa,0.69,volume in million,
2024,March,Goa,Panaji,0,volume in million,
2024,March,Goa,Panjim,0,volume in million,
2024,March,Goa,South Goa,0.63,volume in million,
2024,March,Gujarat,Ahmedabad,3.55,volume in million,
2024,March,Gujarat,Rajkot,1.13,volume in million,
2024,March,Gujarat,Rest Of Locations,8.49,volume in million,
2024,March,Gujarat,Surat,3.38,volume in million,
2024,March,Gujarat,Vadodara,1.75,volume in million,
2024,March,Gujarat,Valsad,0.86,volume in million,
2024,March,Haryana,Ambala,0.47,volume in million,
2024,March,Haryana,Faridabad,1.4,volume in million,
2024,March,Haryana,Gurgaon,2.34,volume in million,
2024,March,Haryana,Karnal,0.4,volume in million,
2024,March,Haryana,Rest Of Locations,3.6,volume in million,
2024,March,Haryana,Sonipat,0.47,volume in million,
2024,March,Himachal Pradesh,Kangra,0.45,volume in million,
2024,March,Himachal Pradesh,Mandi,0.21,volume in million,
2024,March,Himachal Pradesh,Rest Of Locations,0.7,volume in million,
2024,March,Himachal Pradesh,Shimla,0.3,volume in million,
2024,March,Himachal Pradesh,Sirmaur,0.18,volume in million,
2024,March,Himachal Pradesh,Solan,0.6,volume in million,
2024,March,Jammu and Kashmir,Ananthnag,0.18,volume in million,
2024,March,Jammu and Kashmir,Jammu,0.99,volume in million,
2024,March,Jammu and Kashmir,Kathua,0.19,volume in million,
2024,March,Jammu and Kashmir,Rest Of Locations,0.81,volume in million,
2024,March,Jammu and Kashmir,Srinagar,0.25,volume in million,
2024,March,Jammu and Kashmir,Udhampur,0.21,volume in million,
2024,March,Jharkhand,Bokaro,0.38,volume in million,
2024,March,Jharkhand,Dhanbad,0.68,volume in million,
2024,March,Jharkhand,East Singhbhum,0.89,volume in million,
2024,March,Jharkhand,Ranchi,1.07,volume in million,
2024,March,Jharkhand,Rest Of Locations,2.14,volume in million,
2024,March,Jharkhand,West Singhbhum,0.31,volume in million,
2024,March,Karnataka,Bangalore,9.2,volume in million,
2024,March,Karnataka,Bangalore Rural,1.29,volume in million,
2024,March,Karnataka,Belgaum,1.83,volume in million,
2024,March,Karnataka,Dakshina Kannada,1.23,volume in million,
2024,March,Karnataka,Mysore,1.75,volume in million,
2024,March,Karnataka,Rest Of Locations,14.81,volume in million,
2024,March,Kerala,Ernakulam,2.92,volume in million,
2024,March,Kerala,Kollam,2.3,volume in million,
2024,March,Kerala,Malappuram,3.94,volume in million,
2024,March,Kerala,Rest Of Locations,11,volume in million,
2024,March,Kerala,Thiruvananthapuram,2.87,volume in million,
2024,March,Kerala,Thrissur,2.16,volume in million,
2024,March,Ladakh,Leh Ladakh,0.08,volume in million,
2024,March,Lakshadweep,Lakshadweep,0.01,volume in million,
2024,March,Madhya Pradesh,Bhopal,1.21,volume in million,
2024,March,Madhya Pradesh,Dhar,0.52,volume in million,
2024,March,Madhya Pradesh,Gwalior,0.62,volume in million,
2024,March,Madhya Pradesh,Indore,1.93,volume in million,
2024,March,Madhya Pradesh,Jabalpur,0.6,volume in million,
2024,March,Madhya Pradesh,Rest Of Locations,8.24,volume in million,
2024,March,Maharashtra,Mumbai,8.73,volume in million,
2024,March,Maharashtra,Nagpur,2.45,volume in million,
2024,March,Maharashtra,Nashik,1.92,volume in million,
2024,March,Maharashtra,Pune,8.11,volume in million,
2024,March,Maharashtra,Rest Of Locations,17.76,volume in million,
2024,March,Maharashtra,Thane,11.8,volume in million,
2024,March,Manipur,Bishnupur,0.06,volume in million,
2024,March,Manipur,Churachandpur,0.06,volume in million,
2024,March,Manipur,Imphal East,0.08,volume in million,
2024,March,Manipur,Imphal West,0.32,volume in million,
2024,March,Manipur,Rest Of Locations,0.08,volume in million,
2024,March,Manipur,Thoubal,0.1,volume in million,
2024,March,Meghalaya,East Khasi Hills,0.36,volume in million,
2024,March,Meghalaya,Jaintia Hills,0.08,volume in million,
2024,March,Meghalaya,Rest Of Locations,0.04,volume in million,
2024,March,Meghalaya,Ri Bhoi,0.06,volume in million,
2024,March,Meghalaya,West Garo Hills,0.11,volume in million,
2024,March,Meghalaya,West Khasi Hills,0.05,volume in million,
2024,March,Mizoram,Aizawl,0.37,volume in million,
2024,March,Mizoram,Champhai,0.05,volume in million,
2024,March,Mizoram,Kolasib,0.03,volume in million,
2024,March,Mizoram,Lawngtlai,0.04,volume in million,
2024,March,Mizoram,Lunglei,0.05,volume in million,
2024,March,Mizoram,Rest Of Locations,0.04,volume in million,
2024,March,Nagaland,Dimapur,0.2,volume in million,
2024,March,Nagaland,Kohima,0.1,volume in million,
2024,March,Nagaland,Mokokchung,0.02,volume in million,
2024,March,Nagaland,Mon,0.02,volume in million,
2024,March,Nagaland,Rest Of Locations,0.05,volume in million,
2024,March,Nagaland,Wokha,0.02,volume in million,
2024,March,Odisha,Baleswar,1.82,volume in million,
2024,March,Odisha,Bhadrak,0.71,volume in million,
2024,March,Odisha,Cuttack,0.97,volume in million,
2024,March,Odisha,Ganjam,0.83,volume in million,
2024,March,Odisha,Khorda,1.71,volume in million,
2024,March,Odisha,Rest Of Locations,7.12,volume in million,
2024,March,Others,Other,1.48,volume in million,state: Pincode data or location mapping not available
2024,March,Puducherry,Karaikal,0.19,volume in million,
2024,March,Puducherry,Mahe,0,volume in million,
2024,March,Puducherry,Pondicherry,1.02,volume in million,
2024,March,Punjab,Amritsar,1.1,volume in million,
2024,March,Punjab,Gurdaspur,0.86,volume in million,
2024,March,Punjab,Jalandhar,0.98,volume in million,
2024,March,Punjab,Ludhiana,1.97,volume in million,
2024,March,Punjab,Rest Of Locations,4.53,volume in million,
2024,March,Punjab,Rupnagar,0.8,volume in million,
2024,March,Rajasthan,Alwar,0.94,volume in million,
2024,March,Rajasthan,Dausa,0.94,volume in million,
2024,March,Rajasthan,Jaipur,2.48,volume in million,
2024,March,Rajasthan,Jodhpur,0.75,volume in million,
2024,March,Rajasthan,Nagaur,1.25,volume in million,
2024,March,Rajasthan,Rest Of Locations,6.64,volume in million,
2024,March,Sikkim,East Sikkim,0.25,volume in million,
2024,March,Sikkim,North Sikkim,0.01,volume in million,
2024,March,Sikkim,South Sikkim,0.05,volume in million,
2024,March,Sikkim,West Sikkim,0.05,volume in million,
2024,March,Tamil Nadu,Chennai,4.46,volume in million,
2024,March,Tamil Nadu,Coimbatore,6.38,volume in million,
2024,March,Tamil Nadu,Kanchipuram,5.89,volume in million,
2024,March,Tamil Nadu,Rest Of Locations,36.31,volume in million,
2024,March,Tamil Nadu,Tiruvallur,4.45,volume in million,
2024,March,Tamil Nadu,Vellore,3.13,volume in million,
2024,March,Telangana,Hyderabad,4.85,volume in million,
2024,March,Telangana,Karim Nagar,0.93,volume in million,
2024,March,Telangana,Mahabub Nagar,0.72,volume in million,
2024,March,Telangana,Medak,0.99,volume in million,
2024,March,Telangana,Rangareddy,2.42,volume in million,
2024,March,Telangana,Rest Of Locations,2.79,volume in million,
2024,March,Tripura,Dhalai,0.06,volume in million,
2024,March,Tripura,North Tripura,0.19,volume in million,
2024,March,Tripura,South Tripura,0.12,volume in million,
2024,March,Tripura,West Tripura,0.56,volume in million,
2024,March,Uttar Pradesh,Allahabad,1.29,volume in million,
2024,March,Uttar Pradesh,Gautam Buddha Nagar,2.18,volume in million,
2024,March,Uttar Pradesh,Ghaziabad,2.14,volume in million,
2024,March,Uttar Pradesh,Lucknow,2.63,volume in million,
2024,March,Uttar Pradesh,Rest Of Locations,24.82,volume in million,
2024,March,Uttar Pradesh,Varanasi,1.39,volume in million,
2024,March,Uttarakhand,Almora,0.17,volume in million,
2024,March,Uttarakhand,Dehradun,1.22,volume in million,
2024,March,Uttarakhand,Haridwar,0.75,volume in million,
2024,March,Uttarakhand,Nainital,0.42,volume in million,
2024,March,Uttarakhand,Rest Of Locations,0.66,volume in million,
2024,March,Uttarakhand,Udham Singh Nagar,0.76,volume in million,
2024,March,West Bengal,Bardhaman,1.79,volume in million,
2024,March,West Bengal,Howrah,1.52,volume in million,
2024,March,West Bengal,Kolkata,3.48,volume in million,
2024,March,West Bengal,North 24 Parganas,3.43,volume in million,
2024,March,West Bengal,Rest Of Locations,10.18,volume in million,
2024,March,West Bengal,South 24 Parganas,1.64,volume in million,
2024,February,Andaman and Nicobar Islands,Nicobar,0,volume in million,
2024,February,Andaman and Nicobar Islands,North And Middle Andaman,0.02,volume in million,
2024,February,Andaman and Nicobar Islands,South Andaman,0.11,volume in million,
2024,February,Andhra Pradesh,Chittoor,1.86,volume in million,
2024,February,Andhra Pradesh,East Godavari,1.42,volume in million,
2024,February,Andhra Pradesh,Guntur,1.37,volume in million,
2024,February,Andhra Pradesh,Krishna,1.62,volume in million,
2024,February,Andhra Pradesh,Rest Of Locations,6.2,volume in million,
2024,February,Andhra Pradesh,Visakhapatnam,2.1,volume in million,
2024,February,Arunachal Pradesh,East Siang,0.02,volume in million,
2024,February,Arunachal Pradesh,Lohit,0.03,volume in million,
2024,February,Arunachal Pradesh,Lower Subansiri,0.03,volume in million,
2024,February,Arunachal Pradesh,Papum Pare,0.11,volume in million,
2024,February,Arunachal Pradesh,Rest Of Locations,0.08,volume in million,
2024,February,Arunachal Pradesh,West Siang,0.02,volume in million,
2024,February,Assam,Cachar,0.43,volume in million,
2024,February,Assam,Dibrugarh,0.38,volume in million,
2024,February,Assam,Kamrup,1.62,volume in million,
2024,February,Assam,Nagaon,0.58,volume in million,
2024,February,Assam,Rest Of Locations,3.73,volume in million,
2024,February,Assam,Sonitpur,0.38,volume in million,
2024,February,Bihar,East Champaran,0.88,volume in million,
2024,February,Bihar,Muzaffarpur,0.64,volume in million,
2024,February,Bihar,Patna,1.99,volume in million,
2024,February,Bihar,Rest Of Locations,7.91,volume in million,
2024,February,Bihar,Vaishali,0.87,volume in million,
2024,February,Bihar,West Champaran,1.58,volume in million,
2024,February,Chandigarh,Bastanar,0,volume in million,
2024,February,Chandigarh,Chandigarh,0.78,volume in million,
2024,February,Chhattisgarh,Bilaspur(Cgh),0.66,volume in million,
2024,February,Chhattisgarh,Durg,1.11,volume in million,
2024,February,Chhattisgarh,Raipur,1.48,volume in million,
2024,February,Chhattisgarh,Rajnandgaon,0.38,volume in million,
2024,February,Chhattisgarh,Rest Of Locations,2.56,volume in million,
2024,February,Chhattisgarh,Surguja,0.44,volume in million,
2024,February,Dadra and Nagar Haveli,Dadra & Nagar Haveli,0.34,volume in million,
2024,February,Dadra and Nagar Haveli,Korba,0,volume in million,
2024,February,Daman and Diu,Daman,0.21,volume in million,
2024,February,Daman and Diu,Diu,0.01,volume in million,
2024,February,Delhi,East Delhi,1.49,volume in million,
2024,February,Delhi,North West Delhi,1.68,volume in million,
2024,February,Delhi,Rest Of Locations,2.21,volume in million,
2024,February,Delhi,South Delhi,1.78,volume in million,
2024,February,Delhi,South West Delhi,1.88,volume in million,
2024,February,Delhi,West Delhi,1.46,volume in million,
2024,February,Goa,Moira,0,volume in million,
2024,February,Goa,North Goa,0.67,volume in million,
2024,February,Goa,Panaji,0,volume in million,
2024,February,Goa,Panjim,0,volume in million,
2024,February,Goa,South Goa,0.6,volume in million,
2024,February,Gujarat,Ahmedabad,3.34,volume in million,
2024,February,Gujarat,Rajkot,1.06,volume in million,
2024,February,Gujarat,Rest Of Locations,7.99,volume in million,
2024,February,Gujarat,Surat,3.16,volume in million,
2024,February,Gujarat,Vadodara,1.66,volume in million,
2024,February,Gujarat,Valsad,0.8,volume in million,
2024,February,Haryana,Ambala,0.53,volume in million,
2024,February,Haryana,Faridabad,1.32,volume in million,
2024,February,Haryana,Gurgaon,2.22,volume in million,
2024,February,Haryana,Karnal,0.38,volume in million,
2024,February,Haryana,Rest Of Locations,3.62,volume in million,
2024,February,Haryana,Sonipat,0.45,volume in million,
2024,February,Himachal Pradesh,Kangra,0.41,volume in million,
2024,February,Himachal Pradesh,Mandi,0.19,volume in million,
2024,February,Himachal Pradesh,Rest Of Locations,0.62,volume in million,
2024,February,Himachal Pradesh,Shimla,0.26,volume in million,
2024,February,Himachal Pradesh,Sirmaur,0.17,volume in million,
2024,February,Himachal Pradesh,Solan,0.56,volume in million,
2024,February,Jammu and Kashmir,Ananthnag,0.15,volume in million,
2024,February,Jammu and Kashmir,Jammu,0.97,volume in million,
2024,February,Jammu and Kashmir,Kathua,0.17,volume in million,
2024,February,Jammu and Kashmir,Rest Of Locations,0.69,volume in million,
2024,February,Jammu and Kashmir,Srinagar,0.21,volume in million,
2024,February,Jammu and Kashmir,Udhampur,0.19,volume in million,
2024,February,Jharkhand,Bokaro,0.35,volume in million,
2024,February,Jharkhand,Dhanbad,0.59,volume in million,
2024,February,Jharkhand,East Singhbhum,0.81,volume in million,
2024,February,Jharkhand,Ranchi,1,volume in million,
2024,February,Jharkhand,Rest Of Locations,1.86,volume in million,
2024,February,Jharkhand,West Singhbhum,0.28,volume in million,
2024,February,Karnataka,Bangalore,8.68,volume in million,
2024,February,Karnataka,Bangalore Rural,1.21,volume in million,
2024,February,Karnataka,Belgaum,1.7,volume in million,
2024,February,Karnataka,Dakshina Kannada,1.14,volume in million,
2024,February,Karnataka,Mysore,1.62,volume in million,
2024,February,Karnataka,Rest Of Locations,13.55,volume in million,
2024,February,Kerala,Ernakulam,2.72,volume in million,
2024,February,Kerala,Kollam,2.03,volume in million,
2024,February,Kerala,Malappuram,3.57,volume in million,
2024,February,Kerala,Rest Of Locations,9.97,volume in million,
2024,February,Kerala,Thiruvananthapuram,2.61,volume in million,
2024,February,Kerala,Thrissur,1.98,volume in million,
2024,February,Ladakh,Leh Ladakh,0.06,volume in million,
2024,February,Lakshadweep,Lakshadweep,0.01,volume in million,
2024,February,Madhya Pradesh,Bhopal,1.14,volume in million,
2024,February,Madhya Pradesh,Dhar,0.47,volume in million,
2024,February,Madhya Pradesh,Gwalior,0.59,volume in million,
2024,February,Madhya Pradesh,Indore,1.82,volume in million,
2024,February,Madhya Pradesh,Jabalpur,0.56,volume in million,
2024,February,Madhya Pradesh,Rest Of Locations,7.28,volume in million,
2024,February,Maharashtra,Mumbai,8.18,volume in million,
2024,February,Maharashtra,Nagpur,2.29,volume in million,
2024,February,Maharashtra,Nashik,1.75,volume in million,
2024,February,Maharashtra,Pune,7.54,volume in million,
2024,February,Maharashtra,Rest Of Locations,16.06,volume in million,
2024,February,Maharashtra,Thane,10.78,volume in million,
2024,February,Manipur,Bishnupur,0.05,volume in million,
2024,February,Manipur,Churachandpur,0.04,volume in million,
2024,February,Manipur,Imphal East,0.08,volume in million,
2024,February,Manipur,Imphal West,0.29,volume in million,
2024,February,Manipur,Rest Of Locations,0.06,volume in million,
2024,February,Manipur,Thoubal,0.08,volume in million,
2024,February,Meghalaya,East Khasi Hills,0.33,volume in million,
2024,February,Meghalaya,Jaintia Hills,0.08,volume in million,
2024,February,Meghalaya,Rest Of Locations,0.03,volume in million,
2024,February,Meghalaya,Ri Bhoi,0.05,volume in million,
2024,February,Meghalaya,West Garo Hills,0.09,volume in million,
2024,February,Meghalaya,West Khasi Hills,0.04,volume in million,
2024,February,Mizoram,Aizawl,0.34,volume in million,
2024,February,Mizoram,Champhai,0.04,volume in million,
2024,February,Mizoram,Kolasib,0.03,volume in million,
2024,February,Mizoram,Lawngtlai,0.04,volume in million,
2024,February,Mizoram,Lunglei,0.05,volume in million,
2024,February,Mizoram,Rest Of Locations,0.04,volume in million,
2024,February,Nagaland,Dimapur,0.19,volume in million,
2024,February,Nagaland,Kohima,0.1,volume in million,
2024,February,Nagaland,Mokokchung,0.02,volume in million,
2024,February,Nagaland,Mon,0.02,volume in million,
2024,February,Nagaland,Rest Of Locations,0.04,volume in million,
2024,February,Nagaland,Wokha,0.02,volume in million,
2024,February,Odisha,Baleswar,1.52,volume in million,
2024,February,Odisha,Bhadrak,0.66,volume in million,
2024,February,Odisha,Cuttack,0.86,volume in million,
2024,February,Odisha,Ganjam,0.7,volume in million,
2024,February,Odisha,Khorda,1.6,volume in million,
2024,February,Odisha,Rest Of Locations,6.22,volume in million,
2024,February,Others,Other,1.35,volume in million,state: Pincode data or location mapping not available
2024,February,Puducherry,Karaikal,0.18,volume in million,
2024,February,Puducherry,Mahe,0,volume in million,
2024,February,Puducherry,Pondicherry,0.97,volume in million,
2024,February,Punjab,Amritsar,1.03,volume in million,
2024,February,Punjab,Gurdaspur,0.79,volume in million,
2024,February,Punjab,Jalandhar,0.92,volume in million,
2024,February,Punjab,Ludhiana,1.82,volume in million,
2024,February,Punjab,Rest Of Locations,4.23,volume in million,
2024,February,Punjab,Rupnagar,0.74,volume in million,
2024,February,Rajasthan,Alwar,0.87,volume in million,
2024,February,Rajasthan,Dausa,0.85,volume in million,
2024,February,Rajasthan,Jaipur,2.31,volume in million,
2024,February,Rajasthan,Jodhpur,0.67,volume in million,
2024,February,Rajasthan,Nagaur,1.24,volume in million,
2024,February,Rajasthan,Rest Of Locations,6.24,volume in million,
2024,February,Sikkim,East Sikkim,0.23,volume in million,
2024,February,Sikkim,North Sikkim,0.01,volume in million,
2024,February,Sikkim,South Sikkim,0.04,volume in million,
2024,February,Sikkim,West Sikkim,0.05,volume in million,
2024,February,Tamil Nadu,Chennai,4.22,volume in million,
2024,February,Tamil Nadu,Coimbatore,5.93,volume in million,
2024,February,Tamil Nadu,Kanchipuram,5.46,volume in million,
2024,February,Tamil Nadu,Rest Of Locations,33.59,volume in million,
2024,February,Tamil Nadu,Tiruvallur,4.16,volume in million,
2024,February,Tamil Nadu,Vellore,2.9,volume in million,
2024,February,Telangana,Hyderabad,4.66,volume in million,
2024,February,Telangana,Karim Nagar,0.89,volume in million,
2024,February,Telangana,Medak,0.96,volume in million,
2024,February,Telangana,Rangareddy,2.29,volume in million,
2024,February,Telangana,Rest Of Locations,2.65,volume in million,
2024,February,Telangana,Warangal,0.69,volume in million,
2024,February,Tripura,Dhalai,0.05,volume in million,
2024,February,Tripura,North Tripura,0.16,volume in million,
2024,February,Tripura,South Tripura,0.11,volume in million,
2024,February,Tripura,West Tripura,0.51,volume in million,
2024,February,Uttar Pradesh,Allahabad,1.24,volume in million,
2024,February,Uttar Pradesh,Gautam Buddha Nagar,2.04,volume in million,
2024,February,Uttar Pradesh,Ghaziabad,1.98,volume in million,
2024,February,Uttar Pradesh,Lucknow,2.48,volume in million,
2024,February,Uttar Pradesh,Rest Of Locations,22.64,volume in million,
2024,February,Uttar Pradesh,Varanasi,1.28,volume in million,
2024,February,Uttarakhand,Almora,0.16,volume in million,
2024,February,Uttarakhand,Dehradun,1.15,volume in million,
2024,February,Uttarakhand,Haridwar,0.69,volume in million,
2024,February,Uttarakhand,Nainital,0.37,volume in million,
2024,February,Uttarakhand,Rest Of Locations,0.6,volume in million,
2024,February,Uttarakhand,Udham Singh Nagar,0.71,volume in million,
2024,February,West Bengal,Bardhaman,1.66,volume in million,
2024,February,West Bengal,Howrah,1.42,volume in million,
2024,February,West Bengal,Kolkata,3.28,volume in million,
2024,February,West Bengal,North 24 Parganas,3.6,volume in million,
2024,February,West Bengal,Rest Of Locations,9.34,volume in million,
2024,February,West Bengal,South 24 Parganas,1.49,volume in million,
2024,January,Andaman and Nicobar Islands,Nicobar,0,volume in million,
2024,January,Andaman and Nicobar Islands,North And Middle Andaman,0.02,volume in million,
2024,January,Andaman and Nicobar Islands,South Andaman,0.12,volume in million,
2024,January,Andhra Pradesh,Chittoor,1.98,volume in million,
2024,January,Andhra Pradesh,East Godavari,1.53,volume in million,
2024,January,Andhra Pradesh,Guntur,1.46,volume in million,
2024,January,Andhra Pradesh,Krishna,1.76,volume in million,
2024,January,Andhra Pradesh,Rest Of Locations,6.81,volume in million,
2024,January,Andhra Pradesh,Visakhapatnam,2.22,volume in million,
2024,January,Arunachal Pradesh,East Siang,0.03,volume in million,
2024,January,Arunachal Pradesh,Lohit,0.03,volume in million,
2024,January,Arunachal Pradesh,Lower Subansiri,0.03,volume in million,
2024,January,Arunachal Pradesh,Papum Pare,0.11,volume in million,
2024,January,Arunachal Pradesh,Rest Of Locations,0.08,volume in million,
2024,January,Arunachal Pradesh,West Siang,0.02,volume in million,
2024,January,Assam,Cachar,0.44,volume in million,
2024,January,Assam,Kamrup,1.66,volume in million,
2024,January,Assam,Nagaon,0.6,volume in million,
2024,January,Assam,Rest Of Locations,3.94,volume in million,
2024,January,Assam,Sibsagar,0.4,volume in million,
2024,January,Assam,Sonitpur,0.41,volume in million,
2024,January,Bihar,East Champaran,0.96,volume in million,
2024,January,Bihar,Muzaffarpur,0.64,volume in million,
2024,January,Bihar,Patna,1.97,volume in million,
2024,January,Bihar,Rest Of Locations,7.87,volume in million,
2024,January,Bihar,Vaishali,0.86,volume in million,
2024,January,Bihar,West Champaran,1.77,volume in million,
2024,January,Chandigarh,Bastanar,0,volume in million,
2024,January,Chandigarh,Chandigarh,0.72,volume in million,
2024,January,Chhattisgarh,Bilaspur(Cgh),0.73,volume in million,
2024,January,Chhattisgarh,Durg,1.23,volume in million,
2024,January,Chhattisgarh,Raipur,1.66,volume in million,
2024,January,Chhattisgarh,Rajnandgaon,0.45,volume in million,
2024,January,Chhattisgarh,Rest Of Locations,2.86,volume in million,
2024,January,Chhattisgarh,Surguja,0.5,volume in million,
2024,January,Dadra and Nagar Haveli,Dadra & Nagar Haveli,0.27,volume in million,
2024,January,Dadra and Nagar Haveli,Korba,0,volume in million,
2024,January,Daman and Diu,Daman,0.21,volume in million,
2024,January,Daman and Diu,Diu,0.02,volume in million,
2024,January,Delhi,East Delhi,1.49,volume in million,
2024,January,Delhi,North West Delhi,1.68,volume in million,
2024,January,Delhi,Rest Of Locations,2.2,volume in million,
2024,January,Delhi,South Delhi,1.78,volume in million,
2024,January,Delhi,South West Delhi,1.88,volume in million,
2024,January,Delhi,West Delhi,1.46,volume in million,
2024,January,Goa,Moira,0,volume in million,
2024,January,Goa,North Goa,0.74,volume in million,
2024,January,Goa,Panaji,0,volume in million,
2024,January,Goa,South Goa,0.65,volume in million,
2024,January,Gujarat,Ahmedabad,3.48,volume in million,
2024,January,Gujarat,Rajkot,1.12,volume in million,
2024,January,Gujarat,Rest Of Locations,8.23,volume in million,
2024,January,Gujarat,Surat,3.27,volume in million,
2024,January,Gujarat,Vadodara,1.7,volume in million,
2024,January,Gujarat,Valsad,0.92,volume in million,
2024,January,Haryana,Ambala,0.42,volume in million,
2024,January,Haryana,Faridabad,1.3,volume in million,
2024,January,Haryana,Gurgaon,2.21,volume in million,
2024,January,Haryana,Karnal,0.38,volume in million,
2024,January,Haryana,Rest Of Locations,3.31,volume in million,
2024,January,Haryana,Sonipat,0.44,volume in million,
2024,January,Himachal Pradesh,Kangra,0.42,volume in million,
2024,January,Himachal Pradesh,Mandi,0.2,volume in million,
2024,January,Himachal Pradesh,Rest Of Locations,0.66,volume in million,
2024,January,Himachal Pradesh,Shimla,0.28,volume in million,
2024,January,Himachal Pradesh,Sirmaur,0.18,volume in million,
2024,January,Himachal Pradesh,Solan,0.59,volume in million,
2024,January,Jammu and Kashmir,Ananthnag,0.15,volume in million,
2024,January,Jammu and Kashmir,Jammu,0.98,volume in million,
2024,January,Jammu and Kashmir,Kathua,0.17,volume in million,
2024,January,Jammu and Kashmir,Rest Of Locations,0.79,volume in million,
2024,January,Jammu and Kashmir,Srinagar,0.23,volume in million,
2024,January,Jammu and Kashmir,Udhampur,0.21,volume in million,
2024,January,Jharkhand,Bokaro,0.36,volume in million,
2024,January,Jharkhand,Dhanbad,0.59,volume in million,
2024,January,Jharkhand,East Singhbhum,0.84,volume in million,
2024,January,Jharkhand,Ranchi,1.03,volume in million,
2024,January,Jharkhand,Rest Of Locations,1.89,volume in million,
2024,January,Jharkhand,West Singhbhum,0.28,volume in million,
2024,January,Karnataka,Bangalore,9.13,volume in million,
2024,January,Karnataka,Bangalore Rural,1.29,volume in million,
2024,January,Karnataka,Belgaum,1.82,volume in million,
2024,January,Karnataka,Dakshina Kannada,1.25,volume in million,
2024,January,Karnataka,Mysore,1.75,volume in million,
2024,January,Karnataka,Rest Of Locations,14.77,volume in million,
2024,January,Kerala,Ernakulam,2.92,volume in million,
2024,January,Kerala,Kollam,2.19,volume in million,
2024,January,Kerala,Malappuram,3.75,volume in million,
2024,January,Kerala,Rest Of Locations,10.7,volume in million,
2024,January,Kerala,Thiruvananthapuram,2.77,volume in million,
2024,January,Kerala,Thrissur,2.15,volume in million,
2024,January,Lakshadweep,Lakshadweep,0.01,volume in million,
2024,January,Madhya Pradesh,Bhopal,1.18,volume in million,
2024,January,Madhya Pradesh,Dhar,0.5,volume in million,
2024,January,Madhya Pradesh,Gwalior,0.59,volume in million,
2024,January,Madhya Pradesh,Indore,1.88,volume in million,
2024,January,Madhya Pradesh,Jabalpur,0.59,volume in million,
2024,January,Madhya Pradesh,Rest Of Locations,7.47,volume in million,
2024,January,Maharashtra,Mumbai,8.55,volume in million,
2024,January,Maharashtra,Nagpur,2.41,volume in million,
2024,January,Maharashtra,Nashik,1.82,volume in million,
2024,January,Maharashtra,Pune,7.88,volume in million,
2024,January,Maharashtra,Rest Of Locations,16.75,volume in million,
2024,January,Maharashtra,Thane,11.3,volume in million,
2024,January,Manipur,Bishnupur,0.05,volume in million,
2024,January,Manipur,Churachandpur,0.05,volume in million,
2024,January,Manipur,Imphal East,0.07,volume in million,
2024,January,Manipur,Imphal West,0.29,volume in million,
2024,January,Manipur,Rest Of Locations,0.06,volume in million,
2024,January,Manipur,Thoubal,0.09,volume in million,
2024,January,Meghalaya,East Khasi Hills,0.31,volume in million,
2024,January,Meghalaya,Jaintia Hills,0.08,volume in million,
2024,January,Meghalaya,Rest Of Locations,0.04,volume in million,
2024,January,Meghalaya,Ri Bhoi,0.05,volume in million,
2024,January,Meghalaya,West Garo Hills,0.09,volume in million,
2024,January,Meghalaya,West Khasi Hills,0.05,volume in million,
2024,January,Mizoram,Aizawl,0.33,volume in million,
2024,January,Mizoram,Champhai,0.04,volume in million,
2024,January,Mizoram,Kolasib,0.03,volume in million,
2024,January,Mizoram,Lawngtlai,0.04,volume in million,
2024,January,Mizoram,Lunglei,0.05,volume in million,
2024,January,Mizoram,Rest Of Locations,0.04,volume in million,
2024,January,Nagaland,Dimapur,0.2,volume in million,
2024,January,Nagaland,Kohima,0.09,volume in million,
2024,January,Nagaland,Mokokchung,0.02,volume in million,
2024,January,Nagaland,Mon,0.02,volume in million,
2024,January,Nagaland,Rest Of Locations,0.04,volume in million,
2024,January,Nagaland,Wokha,0.02,volume in million,
2024,January,Odisha,Baleswar,1.49,volume in million,
2024,January,Odisha,Bhadrak,0.67,volume in million,
2024,January,Odisha,Cuttack,0.89,volume in million,
2024,January,Odisha,Ganjam,0.72,volume in million,
2024,January,Odisha,Khorda,1.65,volume in million,
2024,January,Odisha,Rest Of Locations,6.65,volume in million,
2024,January,Others,Other,1.43,volume in million,state: Pincode data or location mapping not available
2024,January,Puducherry,Karaikal,0.18,volume in million,
2024,January,Puducherry,Mahe,0,volume in million,
2024,January,Puducherry,Pondicherry,0.91,volume in million,
2024,January,Punjab,Amritsar,1.05,volume in million,
2024,January,Punjab,Gurdaspur,0.81,volume in million,
2024,January,Punjab,Jalandhar,0.95,volume in million,
2024,January,Punjab,Ludhiana,1.88,volume in million,
2024,January,Punjab,Rest Of Locations,4.3,volume in million,
2024,January,Punjab,Rupnagar,0.84,volume in million,
2024,January,Rajasthan,Alwar,0.87,volume in million,
2024,January,Rajasthan,Dausa,0.84,volume in million,
2024,January,Rajasthan,Jaipur,2.38,volume in million,
2024,January,Rajasthan,Jodhpur,0.7,volume in million,
2024,January,Rajasthan,Nagaur,1.17,volume in million,
2024,January,Rajasthan,Rest Of Locations,6.44,volume in million,
2024,January,Sikkim,East Sikkim,0.24,volume in million,
2024,January,Sikkim,North Sikkim,0.01,volume in million,
2024,January,Sikkim,South Sikkim,0.04,volume in million,
2024,January,Sikkim,West Sikkim,0.06,volume in million,
2024,January,Tamil Nadu,Chennai,4.14,volume in million,
2024,January,Tamil Nadu,Coimbatore,5.85,volume in million,
2024,January,Tamil Nadu,Kanchipuram,5.38,volume in million,
2024,January,Tamil Nadu,Rest Of Locations,35.04,volume in million,
2024,January,Tamil Nadu,Tiruvallur,4.13,volume in million,
2024,January,Tamil Nadu,Vellore,3.02,volume in million,
2024,January,Telangana,Hyderabad,4.74,volume in million,
2024,January,Telangana,K.V.Rangareddy,2.37,volume in million,
2024,January,Telangana,Karim Nagar,0.97,volume in million,
2024,January,Telangana,Mahabub Nagar,0.76,volume in million,
2024,January,Telangana,Medak,1.03,volume in million,
2024,January,Telangana,Rest Of Locations,2.91,volume in million,
2024,January,Tripura,Dhalai,0.05,volume in million,
2024,January,Tripura,North Tripura,0.19,volume in million,
2024,January,Tripura,South Tripura,0.11,volume in million,
2024,January,Tripura,West Tripura,0.55,volume in million,
2024,January,Uttar Pradesh,Allahabad,1.21,volume in million,
2024,January,Uttar Pradesh,Gautam Buddha Nagar,2.02,volume in million,
2024,January,Uttar Pradesh,Ghaziabad,1.96,volume in million,
2024,January,Uttar Pradesh,Lucknow,2.47,volume in million,
2024,January,Uttar Pradesh,Rest Of Locations,21.87,volume in million,
2024,January,Uttar Pradesh,Varanasi,1.33,volume in million,
2024,January,Uttarakhand,Almora,0.16,volume in million,
2024,January,Uttarakhand,Dehradun,1.19,volume in million,
2024,January,Uttarakhand,Haridwar,0.72,volume in million,
2024,January,Uttarakhand,Nainital,0.4,volume in million,
2024,January,Uttarakhand,Rest Of Locations,0.62,volume in million,
2024,January,Uttarakhand,Udham Singh Nagar,0.71,volume in million,
2024,January,West Bengal,Bardhaman,1.73,volume in million,
2024,January,West Bengal,Howrah,1.47,volume in million,
2024,January,West Bengal,Kolkata,3.44,volume in million,
2024,January,West Bengal,North 24 Parganas,3.53,volume in million,
2024,January,West Bengal,Rest Of Locations,9.72,volume in million,
2024,January,West Bengal,South 24 Parganas,1.56,volume in million,
2023,December,Andaman and Nicobar Islands,Nicobar,0,volume in million,
2023,December,Andaman and Nicobar Islands,North And Middle Andaman,0.02,volume in million,
2023,December,Andaman and Nicobar Islands,South Andaman,0.13,volume in million,
2023,December,Andhra Pradesh,Chittoor,1.99,volume in million,
2023,December,Andhra Pradesh,East Godavari,1.53,volume in million,
2023,December,Andhra Pradesh,Guntur,1.52,volume in million,
2023,December,Andhra Pradesh,Krishna,1.76,volume in million,
2023,December,Andhra Pradesh,Rest Of Locations,6.69,volume in million,
2023,December,Andhra Pradesh,Visakhapatnam,2.25,volume in million,
2023,December,Arunachal Pradesh,East Siang,0.03,volume in million,
2023,December,Arunachal Pradesh,Lohit,0.03,volume in million,
2023,December,Arunachal Pradesh,Lower Subansiri,0.03,volume in million,
2023,December,Arunachal Pradesh,Papum Pare,0.12,volume in million,
2023,December,Arunachal Pradesh,Rest Of Locations,0.09,volume in million,
2023,December,Arunachal Pradesh,West Siang,0.03,volume in million,
2023,December,Assam,Cachar,0.46,volume in million,
2023,December,Assam,Kamrup,1.81,volume in million,
2023,December,Assam,Nagaon,0.62,volume in million,
2023,December,Assam,Rest Of Locations,4.18,volume in million,
2023,December,Assam,Sibsagar,0.43,volume in million,
2023,December,Assam,Sonitpur,0.44,volume in million,
2023,December,Bihar,East Champaran,1.05,volume in million,
2023,December,Bihar,Muzaffarpur,0.72,volume in million,
2023,December,Bihar,Patna,2.12,volume in million,
2023,December,Bihar,Rest Of Locations,8.74,volume in million,
2023,December,Bihar,Vaishali,0.91,volume in million,
2023,December,Bihar,West Champaran,1.75,volume in million,
2023,December,Chandigarh,Chandigarh,0.76,volume in million,
2023,December,Chhattisgarh,Bilaspur(Cgh),0.72,volume in million,
2023,December,Chhattisgarh,Durg,1.19,volume in million,
2023,December,Chhattisgarh,Raipur,1.59,volume in million,
2023,December,Chhattisgarh,Rajnandgaon,0.45,volume in million,
2023,December,Chhattisgarh,Rest Of Locations,2.59,volume in million,
2023,December,Chhattisgarh,Surguja,0.4,volume in million,
2023,December,Dadra and Nagar Haveli,Dadra & Nagar Haveli,0.28,volume in million,
2023,December,Daman and Diu,Daman,0.21,volume in million,
2023,December,Daman and Diu,Diu,0.02,volume in million,
2023,December,Delhi,East Delhi,1.58,volume in million,
2023,December,Delhi,North West Delhi,1.76,volume in million,
2023,December,Delhi,Rest Of Locations,2.34,volume in million,
2023,December,Delhi,South Delhi,1.89,volume in million,
2023,December,Delhi,South West Delhi,2.01,volume in million,
2023,December,Delhi,West Delhi,1.53,volume in million,
2023,December,Goa,North Goa,0.78,volume in million,
2023,December,Goa,South Goa,0.69,volume in million,
2023,December,Gujarat,Ahmedabad,3.43,volume in million,
2023,December,Gujarat,Rajkot,1.1,volume in million,
2023,December,Gujarat,Rest Of Locations,8.04,volume in million,
2023,December,Gujarat,Surat,3.12,volume in million,
2023,December,Gujarat,Vadodara,1.69,volume in million,
2023,December,Gujarat,Valsad,0.9,volume in million,
2023,December,Haryana,Ambala,0.46,volume in million,
2023,December,Haryana,Faridabad,1.35,volume in million,
2023,December,Haryana,Gurgaon,2.31,volume in million,
2023,December,Haryana,Karnal,0.4,volume in million,
2023,December,Haryana,Rest Of Locations,3.5,volume in million,
2023,December,Haryana,Sonipat,0.46,volume in million,
2023,December,Himachal Pradesh,Kangra,0.43,volume in million,
2023,December,Himachal Pradesh,Mandi,0.2,volume in million,
2023,December,Himachal Pradesh,Rest Of Locations,0.7,volume in million,
2023,December,Himachal Pradesh,Shimla,0.32,volume in million,
2023,December,Himachal Pradesh,Sirmaur,0.18,volume in million,
2023,December,Himachal Pradesh,Solan,0.6,volume in million,
2023,December,Jammu and Kashmir,Ananthnag,0.17,volume in million,
2023,December,Jammu and Kashmir,Jammu,1.03,volume in million,
2023,December,Jammu and Kashmir,Kathua,0.19,volume in million,
2023,December,Jammu and Kashmir,Rest Of Locations,0.87,volume in million,
2023,December,Jammu and Kashmir,Srinagar,0.26,volume in million,
2023,December,Jammu and Kashmir,Udhampur,0.21,volume in million,
2023,December,Jharkhand,Bokaro,0.37,volume in million,
2023,December,Jharkhand,Dhanbad,0.63,volume in million,
2023,December,Jharkhand,East Singhbhum,0.85,volume in million,
2023,December,Jharkhand,Ranchi,1.11,volume in million,
2023,December,Jharkhand,Rest Of Locations,1.99,volume in million,
2023,December,Jharkhand,West Singhbhum,0.28,volume in million,
2023,December,Karnataka,Bangalore,9.33,volume in million,
2023,December,Karnataka,Bangalore Rural,1.28,volume in million,
2023,December,Karnataka,Belgaum,1.77,volume in million,
2023,December,Karnataka,Dakshina Kannada,1.24,volume in million,
2023,December,Karnataka,Mysore,1.71,volume in million,
2023,December,Karnataka,Rest Of Locations,14.07,volume in million,
2023,December,Kerala,Ernakulam,3.05,volume in million,
2023,December,Kerala,Kollam,2.23,volume in million,
2023,December,Kerala,Malappuram,3.6,volume in million,
2023,December,Kerala,Rest Of Locations,10.96,volume in million,
2023,December,Kerala,Thiruvananthapuram,2.85,volume in million,
2023,December,Kerala,Thrissur,2.18,volume in million,
2023,December,Lakshadweep,Lakshadweep,0.01,volume in million,
2023,December,Madhya Pradesh,Bhopal,1.24,volume in million,
2023,December,Madhya Pradesh,Dhar,0.49,volume in million,
2023,December,Madhya Pradesh,Gwalior,0.6,volume in million,
2023,December,Madhya Pradesh,Indore,1.91,volume in million,
2023,December,Madhya Pradesh,Jabalpur,0.6,volume in million,
2023,December,Madhya Pradesh,Rest Of Locations,7.34,volume in million,
2023,December,Maharashtra,Mumbai,8.72,volume in million,
2023,December,Maharashtra,Nagpur,2.41,volume in million,
2023,December,Maharashtra,Nashik,1.83,volume in million,
2023,December,Maharashtra,Pune,7.99,volume in million,
2023,December,Maharashtra,Rest Of Locations,16.88,volume in million,
2023,December,Maharashtra,Thane,11.59,volume in million,
2023,December,Manipur,Bishnupur,0.05,volume in million,
2023,December,Manipur,Churachandpur,0.06,volume in million,
2023,December,Manipur,Imphal East,0.08,volume in million,
2023,December,Manipur,Imphal West,0.33,volume in million,
2023,December,Manipur,Rest Of Locations,0.07,volume in million,
2023,December,Manipur,Thoubal,0.1,volume in million,
2023,December,Meghalaya,East Khasi Hills,0.39,volume in million,
2023,December,Meghalaya,Jaintia Hills,0.1,volume in million,
2023,December,Meghalaya,Rest Of Locations,0.06,volume in million,
2023,December,Meghalaya,Ri Bhoi,0.06,volume in million,
2023,December,Meghalaya,West Garo Hills,0.13,volume in million,
2023,December,Meghalaya,West Khasi Hills,0.05,volume in million,
2023,December,Mizoram,Aizawl,0.39,volume in million,
2023,December,Mizoram,Champhai,0.04,volume in million,
2023,December,Mizoram,Kolasib,0.03,volume in million,
2023,December,Mizoram,Lawngtlai,0.04,volume in million,
2023,December,Mizoram,Lunglei,0.05,volume in million,
2023,December,Mizoram,Rest Of Locations,0.04,volume in million,
2023,December,Nagaland,Dimapur,0.22,volume in million,
2023,December,Nagaland,Kohima,0.11,volume in million,
2023,December,Nagaland,Mokokchung,0.02,volume in million,
2023,December,Nagaland,Mon,0.02,volume in million,
2023,December,Nagaland,Rest Of Locations,0.04,volume in million,
2023,December,Nagaland,Wokha,0.02,volume in million,
2023,December,Odisha,Baleswar,1.43,volume in million,
2023,December,Odisha,Bhadrak,0.68,volume in million,
2023,December,Odisha,Cuttack,0.95,volume in million,
2023,December,Odisha,Ganjam,0.74,volume in million,
2023,December,Odisha,Khorda,1.74,volume in million,
2023,December,Odisha,Rest Of Locations,6.65,volume in million,
2023,December,Others,Other,2.36,volume in million,state: Pincode data or location mapping not available
2023,December,Puducherry,Karaikal,0.18,volume in million,
2023,December,Puducherry,Pondicherry,0.88,volume in million,
2023,December,Punjab,Amritsar,1.1,volume in million,
2023,December,Punjab,Gurdaspur,0.83,volume in million,
2023,December,Punjab,Jalandhar,1,volume in million,
2023,December,Punjab,Ludhiana,1.97,volume in million,
2023,December,Punjab,Rest Of Locations,4.5,volume in million,
2023,December,Punjab,Rupnagar,0.88,volume in million,
2023,December,Rajasthan,Alwar,0.9,volume in million,
2023,December,Rajasthan,Dausa,0.73,volume in million,
2023,December,Rajasthan,Jaipur,2.34,volume in million,
2023,December,Rajasthan,Jodhpur,0.7,volume in million,
2023,December,Rajasthan,Nagaur,1.04,volume in million,
2023,December,Rajasthan,Rest Of Locations,6.42,volume in million,
2023,December,Sikkim,East Sikkim,0.25,volume in million,
2023,December,Sikkim,North Sikkim,0.01,volume in million,
2023,December,Sikkim,South Sikkim,0.05,volume in million,
2023,December,Sikkim,West Sikkim,0.06,volume in million,
2023,December,Tamil Nadu,Chennai,4.19,volume in million,
2023,December,Tamil Nadu,Coimbatore,6.28,volume in million,
2023,December,Tamil Nadu,Kanchipuram,5.52,volume in million,
2023,December,Tamil Nadu,Rest Of Locations,35.48,volume in million,
2023,December,Tamil Nadu,Tiruvallur,4.13,volume in million,
2023,December,Tamil Nadu,Vellore,3.09,volume in million,
2023,December,Telangana,Hyderabad,4.98,volume in million,
2023,December,Telangana,K.V.Rangareddy,2.45,volume in million,
2023,December,Telangana,Karim Nagar,1.04,volume in million,
2023,December,Telangana,Mahabub Nagar,0.78,volume in million,
2023,December,Telangana,Medak,1.1,volume in million,
2023,December,Telangana,Rest Of Locations,2.91,volume in million,
2023,December,Tripura,Dhalai,0.05,volume in million,
2023,December,Tripura,North Tripura,0.18,volume in million,
2023,December,Tripura,South Tripura,0.12,volume in million,
2023,December,Tripura,West Tripura,0.55,volume in million,
2023,December,Uttar Pradesh,Allahabad,1.33,volume in million,
2023,December,Uttar Pradesh,Gautam Buddha Nagar,2.1,volume in million,
2023,December,Uttar Pradesh,Ghaziabad,2.06,volume in million,
2023,December,Uttar Pradesh,Lucknow,2.67,volume in million,
2023,December,Uttar Pradesh,Rest Of Locations,23.92,volume in million,
2023,December,Uttar Pradesh,Varanasi,1.47,volume in million,
2023,December,Uttarakhand,Almora,0.17,volume in million,
2023,December,Uttarakhand,Dehradun,1.25,volume in million,
2023,December,Uttarakhand,Haridwar,0.75,volume in million,
2023,December,Uttarakhand,Nainital,0.42,volume in million,
2023,December,Uttarakhand,Rest Of Locations,0.66,volume in million,
2023,December,Uttarakhand,Udham Singh Nagar,0.75,volume in million,
2023,December,West Bengal,Bardhaman,1.77,volume in million,
2023,December,West Bengal,Howrah,1.53,volume in million,
2023,December,West Bengal,Kolkata,3.55,volume in million,
2023,December,West Bengal,North 24 Parganas,3.58,volume in million,
2023,December,West Bengal,Rest Of Locations,10.17,volume in million,
2023,December,West Bengal,South 24 Parganas,1.61,volume in million,
2023,November,Andaman and Nicobar Islands,Nicobar,0,volume in million,
2023,November,Andaman and Nicobar Islands,North And Middle Andaman,0.02,volume in million,
2023,November,Andaman and Nicobar Islands,South Andaman,0.13,volume in million,
2023,November,Andhra Pradesh,Chittoor,1.97,volume in million,
2023,November,Andhra Pradesh,East Godavari,1.53,volume in million,
2023,November,Andhra Pradesh,Guntur,1.53,volume in million,
2023,November,Andhra Pradesh,Krishna,1.75,volume in million,
2023,November,Andhra Pradesh,Rest Of Locations,6.76,volume in million,
2023,November,Andhra Pradesh,Visakhapatnam,2.25,volume in million,
2023,November,Arunachal Pradesh,East Siang,0.03,volume in million,
2023,November,Arunachal Pradesh,Lohit,0.03,volume in million,
2023,November,Arunachal Pradesh,Lower Subansiri,0.03,volume in million,
2023,November,Arunachal Pradesh,Papum Pare,0.12,volume in million,
2023,November,Arunachal Pradesh,Rest Of Locations,0.09,volume in million,
2023,November,Arunachal Pradesh,West Siang,0.03,volume in million,
2023,November,Assam,Cachar,0.46,volume in million,
2023,November,Assam,Kamrup,1.77,volume in million,
2023,November,Assam,Nagaon,0.62,volume in million,
2023,November,Assam,Rest Of Locations,4.14,volume in million,
2023,November,Assam,Sibsagar,0.43,volume in million,
2023,November,Assam,Sonitpur,0.43,volume in million,
2023,November,Bihar,East Champaran,1.13,volume in million,
2023,November,Bihar,Muzaffarpur,0.77,volume in million,
2023,November,Bihar,Patna,2,volume in million,
2023,November,Bihar,Rest Of Locations,9.46,volume in million,
2023,November,Bihar,Vaishali,0.96,volume in million,
2023,November,Bihar,West Champaran,1.66,volume in million,
2023,November,Chandigarh,Chandigarh,0.76,volume in million,
2023,November,Chhattisgarh,Bilaspur(Cgh),0.63,volume in million,
2023,November,Chhattisgarh,Durg,1.13,volume in million,
2023,November,Chhattisgarh,Korba,0.36,volume in million,
2023,November,Chhattisgarh,Raipur,1.47,volume in million,
2023,November,Chhattisgarh,Rajnandgaon,0.42,volume in million,
2023,November,Chhattisgarh,Rest Of Locations,2.28,volume in million,
2023,November,Dadra and Nagar Haveli,Dadra & Nagar Haveli,0.31,volume in million,
2023,November,Daman and Diu,Daman,0.23,volume in million,
2023,November,Daman and Diu,Diu,0.02,volume in million,
2023,November,Delhi,East Delhi,1.63,volume in million,
2023,November,Delhi,North West Delhi,1.82,volume in million,
2023,November,Delhi,Rest Of Locations,2.35,volume in million,
2023,November,Delhi,South Delhi,1.91,volume in million,
2023,November,Delhi,South West Delhi,2.05,volume in million,
2023,November,Delhi,West Delhi,1.57,volume in million,
2023,November,Goa,North Goa,0.73,volume in million,
2023,November,Goa,South Goa,0.65,volume in million,
2023,November,Gujarat,Ahmedabad,3.42,volume in million,
2023,November,Gujarat,Rajkot,1.1,volume in million,
2023,November,Gujarat,Rest Of Locations,8.45,volume in million,
2023,November,Gujarat,Surat,3.12,volume in million,
2023,November,Gujarat,Vadodara,1.71,volume in million,
2023,November,Gujarat,Valsad,0.95,volume in million,
2023,November,Haryana,Ambala,0.48,volume in million,
2023,November,Haryana,Faridabad,1.41,volume in million,
2023,November,Haryana,Gurgaon,2.37,volume in million,
2023,November,Haryana,Karnal,0.43,volume in million,
2023,November,Haryana,Rest Of Locations,3.71,volume in million,
2023,November,Haryana,Sonipat,0.48,volume in million,
2023,November,Himachal Pradesh,Kangra,0.47,volume in million,
2023,November,Himachal Pradesh,Mandi,0.21,volume in million,
2023,November,Himachal Pradesh,Rest Of Locations,0.76,volume in million,
2023,November,Himachal Pradesh,Shimla,0.33,volume in million,
2023,November,Himachal Pradesh,Sirmaur,0.19,volume in million,
2023,November,Himachal Pradesh,Solan,0.62,volume in million,
2023,November,Jammu and Kashmir,Ananthnag,0.17,volume in million,
2023,November,Jammu and Kashmir,Jammu,1.01,volume in million,
2023,November,Jammu and Kashmir,Kathua,0.19,volume in million,
2023,November,Jammu and Kashmir,Rest Of Locations,0.89,volume in million,
2023,November,Jammu and Kashmir,Srinagar,0.27,volume in million,
2023,November,Jammu and Kashmir,Udhampur,0.21,volume in million,
2023,November,Jharkhand,Bokaro,0.39,volume in million,
2023,November,Jharkhand,Dhanbad,0.67,volume in million,
2023,November,Jharkhand,East Singhbhum,0.87,volume in million,
2023,November,Jharkhand,Ranchi,1.09,volume in million,
2023,November,Jharkhand,Rest Of Locations,2.11,volume in million,
2023,November,Jharkhand,West Singhbhum,0.29,volume in million,
2023,November,Karnataka,Bangalore,9.02,volume in million,
2023,November,Karnataka,Bangalore Rural,1.25,volume in million,
2023,November,Karnataka,Belgaum,1.78,volume in million,
2023,November,Karnataka,Dakshina Kannada,1.2,volume in million,
2023,November,Karnataka,Mysore,1.69,volume in million,
2023,November,Karnataka,Rest Of Locations,14.17,volume in million,
2023,November,Kerala,Ernakulam,2.93,volume in million,
2023,November,Kerala,Kollam,2.18,volume in million,
2023,November,Kerala,Malappuram,3.61,volume in million,
2023,November,Kerala,Rest Of Locations,10.59,volume in million,
2023,November,Kerala,Thiruvananthapuram,2.79,volume in million,
2023,November,Kerala,Thrissur,2.11,volume in million,
2023,November,Lakshadweep,Lakshadweep,0.01,volume in million,
2023,November,Madhya Pradesh,Bhopal,1.17,volume in million,
2023,November,Madhya Pradesh,Dhar,0.49,volume in million,
2023,November,Madhya Pradesh,Gwalior,0.62,volume in million,
2023,November,Madhya Pradesh,Indore,1.87,volume in million,
2023,November,Madhya Pradesh,Jabalpur,0.6,volume in million,
2023,November,Madhya Pradesh,Rest Of Locations,7.93,volume in million,
2023,November,Maharashtra,Mumbai,8.75,volume in million,
2023,November,Maharashtra,Nagpur,2.42,volume in million,
2023,November,Maharashtra,Nashik,1.88,volume in million,
2023,November,Maharashtra,Pune,7.98,volume in million,
2023,November,Maharashtra,Rest Of Locations,17.81,volume in million,
2023,November,Maharashtra,Thane,11.92,volume in million,
2023,November,Manipur,Bishnupur,0.06,volume in million,
2023,November,Manipur,Churachandpur,0.06,volume in million,
2023,November,Manipur,Imphal East,0.09,volume in million,
2023,November,Manipur,Imphal West,0.35,volume in million,
2023,November,Manipur,Rest Of Locations,0.07,volume in million,
2023,November,Manipur,Thoubal,0.1,volume in million,
2023,November,Meghalaya,East Garo Hills,0.05,volume in million,
2023,November,Meghalaya,East Khasi Hills,0.37,volume in million,
2023,November,Meghalaya,Jaintia Hills,0.08,volume in million,
2023,November,Meghalaya,Rest Of Locations,0.06,volume in million,
2023,November,Meghalaya,Ri Bhoi,0.06,volume in million,
2023,November,Meghalaya,West Garo Hills,0.12,volume in million,
2023,November,Mizoram,Aizawl,0.36,volume in million,
2023,November,Mizoram,Champhai,0.04,volume in million,
2023,November,Mizoram,Kolasib,0.03,volume in million,
2023,November,Mizoram,Lawngtlai,0.05,volume in million,
2023,November,Mizoram,Lunglei,0.06,volume in million,
2023,November,Mizoram,Rest Of Locations,0.04,volume in million,
2023,November,Nagaland,Dimapur,0.21,volume in million,
2023,November,Nagaland,Kohima,0.11,volume in million,
2023,November,Nagaland,Mokokchung,0.02,volume in million,
2023,November,Nagaland,Mon,0.02,volume in million,
2023,November,Nagaland,Rest Of Locations,0.05,volume in million,
2023,November,Nagaland,Wokha,0.02,volume in million,
2023,November,Odisha,Baleswar,1.51,volume in million,
2023,November,Odisha,Bhadrak,0.69,volume in million,
2023,November,Odisha,Cuttack,0.91,volume in million,
2023,November,Odisha,Ganjam,0.76,volume in million,
2023,November,Odisha,Khorda,1.67,volume in million,
2023,November,Odisha,Rest Of Locations,6.69,volume in million,
2023,November,Others,Other,2.36,volume in million,state: Pincode data or location mapping not available
2023,November,Puducherry,Karaikal,0.18,volume in million,
2023,November,Puducherry,Pondicherry,0.91,volume in million,
2023,November,Punjab,Amritsar,1.14,volume in million,
2023,November,Punjab,Gurdaspur,0.87,volume in million,
2023,November,Punjab,Jalandhar,1.02,volume in million,
2023,November,Punjab,Ludhiana,2.07,volume in million,
2023,November,Punjab,Rest Of Locations,4.71,volume in million,
2023,November,Punjab,Rupnagar,0.9,volume in million,
2023,November,Rajasthan,Alwar,0.93,volume in million,
2023,November,Rajasthan,Dausa,0.7,volume in million,
2023,November,Rajasthan,Jaipur,2.39,volume in million,
2023,November,Rajasthan,Jodhpur,0.73,volume in million,
2023,November,Rajasthan,Nagaur,0.97,volume in million,
2023,November,Rajasthan,Rest Of Locations,6.68,volume in million,
2023,November,Sikkim,East Sikkim,0.22,volume in million,
2023,November,Sikkim,North Sikkim,0.01,volume in million,
2023,November,Sikkim,South Sikkim,0.04,volume in million,
2023,November,Sikkim,West Sikkim,0.05,volume in million,
2023,November,Tamil Nadu,Chennai,4.31,volume in million,
2023,November,Tamil Nadu,Coimbatore,6.1,volume in million,
2023,November,Tamil Nadu,Kanchipuram,5.64,volume in million,
2023,November,Tamil Nadu,Rest Of Locations,36.51,volume in million,
2023,November,Tamil Nadu,Tiruvallur,4.35,volume in million,
2023,November,Tamil Nadu,Vellore,3.18,volume in million,
2023,November,Telangana,Hyderabad,4.89,volume in million,
2023,November,Telangana,K.V.Rangareddy,2.41,volume in million,
2023,November,Telangana,Karim Nagar,0.95,volume in million,
2023,November,Telangana,Mahabub Nagar,0.73,volume in million,
2023,November,Telangana,Medak,1,volume in million,
2023,November,Telangana,Rest Of Locations,2.84,volume in million,
2023,November,Tripura,Dhalai,0.05,volume in million,
2023,November,Tripura,North Tripura,0.17,volume in million,
2023,November,Tripura,South Tripura,0.11,volume in million,
2023,November,Tripura,West Tripura,0.53,volume in million,
2023,November,Uttar Pradesh,Gautam Buddha Nagar,2.1,volume in million,
2023,November,Uttar Pradesh,Ghaziabad,2.14,volume in million,
2023,November,Uttar Pradesh,Gorakhpur,1.36,volume in million,
2023,November,Uttar Pradesh,Lucknow,2.72,volume in million,
2023,November,Uttar Pradesh,Rest Of Locations,25.93,volume in million,
2023,November,Uttar Pradesh,Varanasi,1.51,volume in million,
2023,November,Uttarakhand,Almora,0.2,volume in million,
2023,November,Uttarakhand,Dehradun,1.29,volume in million,
2023,November,Uttarakhand,Haridwar,0.79,volume in million,
2023,November,Uttarakhand,Nainital,0.44,volume in million,
2023,November,Uttarakhand,Rest Of Locations,0.73,volume in million,
2023,November,Uttarakhand,Udham Singh Nagar,0.79,volume in million,
2023,November,West Bengal,Bardhaman,1.77,volume in million,
2023,November,West Bengal,Howrah,1.5,volume in million,
2023,November,West Bengal,Kolkata,3.42,volume in million,
2023,November,West Bengal,North 24 Parganas,3.4,volume in million,
2023,November,West Bengal,Rest Of Locations,9.97,volume in million,
2023,November,West Bengal,South 24 Parganas,1.54,volume in million,
2023,October,Andaman and Nicobar Islands,Nicobar,0.01,volume in million,
2023,October,Andaman and Nicobar Islands,North And Middle Andaman,0.02,volume in million,
2023,October,Andaman and Nicobar Islands,South Andaman,0.13,volume in million,
2023,October,Andhra Pradesh,Chittoor,2.02,volume in million,
2023,October,Andhra Pradesh,East Godavari,1.57,volume in million,
2023,October,Andhra Pradesh,Guntur,1.6,volume in million,
2023,October,Andhra Pradesh,Krishna,1.83,volume in million,
2023,October,Andhra Pradesh,Rest Of Locations,7,volume in million,
2023,October,Andhra Pradesh,Visakhapatnam,2.39,volume in million,
2023,October,Arunachal Pradesh,East Siang,0.03,volume in million,
2023,October,Arunachal Pradesh,Lohit,0.04,volume in million,
2023,October,Arunachal Pradesh,Lower Subansiri,0.04,volume in million,
2023,October,Arunachal Pradesh,Papum Pare,0.13,volume in million,
2023,October,Arunachal Pradesh,Rest Of Locations,0.09,volume in million,
2023,October,Arunachal Pradesh,West Siang,0.03,volume in million,
2023,October,Assam,Cachar,0.49,volume in million,
2023,October,Assam,Kamrup,1.9,volume in million,
2023,October,Assam,Nagaon,0.65,volume in million,
2023,October,Assam,Rest Of Locations,4.35,volume in million,
2023,October,Assam,Sibsagar,0.44,volume in million,
2023,October,Assam,Sonitpur,0.45,volume in million,
2023,October,Bihar,East Champaran,1,volume in million,
2023,October,Bihar,Muzaffarpur,0.7,volume in million,
2023,October,Bihar,Patna,2.14,volume in million,
2023,October,Bihar,Rest Of Locations,8.71,volume in million,
2023,October,Bihar,Vaishali,0.94,volume in million,
2023,October,Bihar,West Champaran,1.38,volume in million,
2023,October,Chandigarh,Chandigarh,0.83,volume in million,
2023,October,Chhattisgarh,Bilaspur(Cgh),0.71,volume in million,
2023,October,Chhattisgarh,Durg,1.19,volume in million,
2023,October,Chhattisgarh,Raipur,1.6,volume in million,
2023,October,Chhattisgarh,Rajnandgaon,0.43,volume in million,
2023,October,Chhattisgarh,Rest Of Locations,2.57,volume in million,
2023,October,Chhattisgarh,Surguja,0.41,volume in million,
2023,October,Dadra and Nagar Haveli,Dadra & Nagar Haveli,0.31,volume in million,
2023,October,Daman and Diu,Daman,0.24,volume in million,
2023,October,Daman and Diu,Diu,0.01,volume in million,
2023,October,Delhi,East Delhi,1.75,volume in million,
2023,October,Delhi,North West Delhi,1.95,volume in million,
2023,October,Delhi,Rest Of Locations,2.54,volume in million,
2023,October,Delhi,South Delhi,2.05,volume in million,
2023,October,Delhi,South West Delhi,2.21,volume in million,
2023,October,Delhi,West Delhi,1.68,volume in million,
2023,October,Goa,North Goa,0.73,volume in million,
2023,October,Goa,South Goa,0.66,volume in million,
2023,October,Gujarat,Ahmedabad,3.77,volume in million,
2023,October,Gujarat,Rajkot,1.17,volume in million,
2023,October,Gujarat,Rest Of Locations,8.54,volume in million,
2023,October,Gujarat,Surat,3.57,volume in million,
2023,October,Gujarat,Vadodara,1.85,volume in million,
2023,October,Gujarat,Valsad,0.98,volume in million,
2023,October,Haryana,Ambala,0.51,volume in million,
2023,October,Haryana,Faridabad,1.48,volume in million,
2023,October,Haryana,Gurgaon,2.59,volume in million,
2023,October,Haryana,Karnal,0.45,volume in million,
2023,October,Haryana,Rest Of Locations,3.86,volume in million,
2023,October,Haryana,Sonipat,0.51,volume in million,
2023,October,Himachal Pradesh,Kangra,0.48,volume in million,
2023,October,Himachal Pradesh,Mandi,0.21,volume in million,
2023,October,Himachal Pradesh,Rest Of Locations,0.78,volume in million,
2023,October,Himachal Pradesh,Shimla,0.36,volume in million,
2023,October,Himachal Pradesh,Sirmaur,0.19,volume in million,
2023,October,Himachal Pradesh,Solan,0.67,volume in million,
2023,October,Jammu and Kashmir,Ananthnag,0.2,volume in million,
2023,October,Jammu and Kashmir,Jammu,1.02,volume in million,
2023,October,Jammu and Kashmir,Kathua,0.2,volume in million,
2023,October,Jammu and Kashmir,Rest Of Locations,0.95,volume in million,
2023,October,Jammu and Kashmir,Srinagar,0.31,volume in million,
2023,October,Jammu and Kashmir,Udhampur,0.22,volume in million,
2023,October,Jharkhand,Bokaro,0.41,volume in million,
2023,October,Jharkhand,Dhanbad,0.73,volume in million,
2023,October,Jharkhand,East Singhbhum,0.94,volume in million,
2023,October,Jharkhand,Ranchi,1.16,volume in million,
2023,October,Jharkhand,Rest Of Locations,2.17,volume in million,
2023,October,Jharkhand,West Singhbhum,0.3,volume in million,
2023,October,Karnataka,Bangalore,9.6,volume in million,
2023,October,Karnataka,Bangalore Rural,1.32,volume in million,
2023,October,Karnataka,Belgaum,1.76,volume in million,
2023,October,Karnataka,Dakshina Kannada,1.26,volume in million,
2023,October,Karnataka,Mysore,1.72,volume in million,
2023,October,Karnataka,Rest Of Locations,14.51,volume in million,
2023,October,Kerala,Ernakulam,2.96,volume in million,
2023,October,Kerala,Kollam,2.03,volume in million,
2023,October,Kerala,Malappuram,3.59,volume in million,
2023,October,Kerala,Rest Of Locations,10.35,volume in million,
2023,October,Kerala,Thiruvananthapuram,2.68,volume in million,
2023,October,Kerala,Thrissur,2.09,volume in million,
2023,October,Lakshadweep,Lakshadweep,0.01,volume in million,
2023,October,Madhya Pradesh,Bhopal,1.27,volume in million,
2023,October,Madhya Pradesh,Dhar,0.52,volume in million,
2023,October,Madhya Pradesh,Gwalior,0.63,volume in million,
2023,October,Madhya Pradesh,Indore,2.04,volume in million,
2023,October,Madhya Pradesh,Jabalpur,0.63,volume in million,
2023,October,Madhya Pradesh,Rest Of Locations,8.03,volume in million,
2023,October,Maharashtra,Mumbai,9.15,volume in million,
2023,October,Maharashtra,Nagpur,2.55,volume in million,
2023,October,Maharashtra,Nashik,1.96,volume in million,
2023,October,Maharashtra,Pune,8.58,volume in million,
2023,October,Maharashtra,Rest Of Locations,17.49,volume in million,
2023,October,Maharashtra,Thane,12.14,volume in million,
2023,October,Manipur,Bishnupur,0.05,volume in million,
2023,October,Manipur,Churachandpur,0.06,volume in million,
2023,October,Manipur,Imphal East,0.09,volume in million,
2023,October,Manipur,Imphal West,0.35,volume in million,
2023,October,Manipur,Rest Of Locations,0.08,volume in million,
2023,October,Manipur,Thoubal,0.1,volume in million,
2023,October,Meghalaya,East Garo Hills,0.05,volume in million,
2023,October,Meghalaya,East Khasi Hills,0.38,volume in million,
2023,October,Meghalaya,Jaintia Hills,0.08,volume in million,
2023,October,Meghalaya,Rest Of Locations,0.05,volume in million,
2023,October,Meghalaya,Ri Bhoi,0.06,volume in million,
2023,October,Meghalaya,West Garo Hills,0.11,volume in million,
2023,October,Mizoram,Aizawl,0.39,volume in million,
2023,October,Mizoram,Champhai,0.04,volume in million,
2023,October,Mizoram,Kolasib,0.03,volume in million,
2023,October,Mizoram,Lawngtlai,0.04,volume in million,
2023,October,Mizoram,Lunglei,0.06,volume in million,
2023,October,Mizoram,Rest Of Locations,0.04,volume in million,
2023,October,Nagaland,Dimapur,0.22,volume in million,
2023,October,Nagaland,Kohima,0.11,volume in million,
2023,October,Nagaland,Mokokchung,0.02,volume in million,
2023,October,Nagaland,Mon,0.02,volume in million,
2023,October,Nagaland,Rest Of Locations,0.05,volume in million,
2023,October,Nagaland,Wokha,0.02,volume in million,
2023,October,Odisha,Baleswar,1.55,volume in million,
2023,October,Odisha,Cuttack,0.96,volume in million,
2023,October,Odisha,Ganjam,0.81,volume in million,
2023,October,Odisha,Khorda,1.82,volume in million,
2023,October,Odisha,Rest Of Locations,6.93,volume in million,
2023,October,Odisha,Sundergarh,0.67,volume in million,
2023,October,Others,Other,2.3,volume in million,state: Pincode data or location mapping not available
2023,October,Puducherry,Karaikal,0.18,volume in million,
2023,October,Puducherry,Pondicherry,0.91,volume in million,
2023,October,Punjab,Amritsar,1.17,volume in million,
2023,October,Punjab,Gurdaspur,0.88,volume in million,
2023,October,Punjab,Jalandhar,1.08,volume in million,
2023,October,Punjab,Ludhiana,2.23,volume in million,
2023,October,Punjab,Rest Of Locations,4.84,volume in million,
2023,October,Punjab,Rupnagar,0.96,volume in million,
2023,October,Rajasthan,Alwar,1,volume in million,
2023,October,Rajasthan,Dausa,0.72,volume in million,
2023,October,Rajasthan,Jaipur,2.61,volume in million,
2023,October,Rajasthan,Jodhpur,0.73,volume in million,
2023,October,Rajasthan,Nagaur,0.91,volume in million,
2023,October,Rajasthan,Rest Of Locations,6.82,volume in million,
2023,October,Sikkim,East Sikkim,0.24,volume in million,
2023,October,Sikkim,North Sikkim,0.01,volume in million,
2023,October,Sikkim,South Sikkim,0.05,volume in million,
2023,October,Sikkim,West Sikkim,0.06,volume in million,
2023,October,Tamil Nadu,Chennai,4.68,volume in million,
2023,October,Tamil Nadu,Coimbatore,6.53,volume in million,
2023,October,Tamil Nadu,Kanchipuram,5.93,volume in million,
2023,October,Tamil Nadu,Rest Of Locations,36,volume in million,
2023,October,Tamil Nadu,Tiruvallur,4.54,volume in million,
2023,October,Tamil Nadu,Vellore,3.11,volume in million,
2023,October,Telangana,Hyderabad,5.24,volume in million,
2023,October,Telangana,K.V.Rangareddy,2.58,volume in million,
2023,October,Telangana,Karim Nagar,1.02,volume in million,
2023,October,Telangana,Mahabub Nagar,0.79,volume in million,
2023,October,Telangana,Medak,1.08,volume in million,
2023,October,Telangana,Rest Of Locations,3.11,volume in million,
2023,October,Tripura,Dhalai,0.06,volume in million,
2023,October,Tripura,North Tripura,0.18,volume in million,
2023,October,Tripura,South Tripura,0.13,volume in million,
2023,October,Tripura,West Tripura,0.61,volume in million,
2023,October,Uttar Pradesh,Allahabad,1.39,volume in million,
2023,October,Uttar Pradesh,Gautam Buddha Nagar,2.32,volume in million,
2023,October,Uttar Pradesh,Ghaziabad,2.24,volume in million,
2023,October,Uttar Pradesh,Lucknow,2.82,volume in million,
2023,October,Uttar Pradesh,Rest Of Locations,24.18,volume in million,
2023,October,Uttar Pradesh,Varanasi,1.49,volume in million,
2023,October,Uttarakhand,Dehradun,1.36,volume in million,
2023,October,Uttarakhand,Haridwar,0.85,volume in million,
2023,October,Uttarakhand,Nainital,0.44,volume in million,
2023,October,Uttarakhand,Pauri Garhwal,0.19,volume in million,
2023,October,Uttarakhand,Rest Of Locations,0.71,volume in million,
2023,October,Uttarakhand,Udham Singh Nagar,0.8,volume in million,
2023,October,West Bengal,Bardhaman,1.94,volume in million,
2023,October,West Bengal,Howrah,1.63,volume in million,
2023,October,West Bengal,Kolkata,3.76,volume in million,
2023,October,West Bengal,North 24 Parganas,3.73,volume in million,
2023,October,West Bengal,Rest Of Locations,10.72,volume in million,
2023,October,West Bengal,South 24 Parganas,1.69,volume in million,
2023,September,Andaman and Nicobar Islands,Nicobar,0,volume in million,
2023,September,Andaman and Nicobar Islands,North And Middle Andaman,0.02,volume in million,
2023,September,Andaman and Nicobar Islands,South Andaman,0.12,volume in million,
2023,September,Andhra Pradesh,Chittoor,1.96,volume in million,
2023,September,Andhra Pradesh,East Godavari,1.51,volume in million,
2023,September,Andhra Pradesh,Guntur,1.55,volume in million,
2023,September,Andhra Pradesh,Krishna,1.74,volume in million,
2023,September,Andhra Pradesh,Rest Of Locations,6.77,volume in million,
2023,September,Andhra Pradesh,Visakhapatnam,2.22,volume in million,
2023,September,Arunachal Pradesh,East Siang,0.03,volume in million,
2023,September,Arunachal Pradesh,Lohit,0.04,volume in million,
2023,September,Arunachal Pradesh,Lower Subansiri,0.04,volume in million,
2023,September,Arunachal Pradesh,Papum Pare,0.12,volume in million,
2023,September,Arunachal Pradesh,Rest Of Locations,0.09,volume in million,
2023,September,Arunachal Pradesh,West Siang,0.03,volume in million,
2023,September,Assam,Cachar,0.45,volume in million,
2023,September,Assam,Kamrup,1.76,volume in million,
2023,September,Assam,Nagaon,0.61,volume in million,
2023,September,Assam,Rest Of Locations,3.96,volume in million,
2023,September,Assam,Sibsagar,0.41,volume in million,
2023,September,Assam,Sonitpur,0.41,volume in million,
2023,September,Bihar,East Champaran,0.82,volume in million,
2023,September,Bihar,Muzaffarpur,0.62,volume in million,
2023,September,Bihar,Patna,1.98,volume in million,
2023,September,Bihar,Rest Of Locations,7.52,volume in million,
2023,September,Bihar,Vaishali,0.73,volume in million,
2023,September,Bihar,West Champaran,1.01,volume in million,
2023,September,Chandigarh,Chandigarh,0.79,volume in million,
2023,September,Chhattisgarh,Bilaspur(Cgh),0.63,volume in million,
2023,September,Chhattisgarh,Durg,1.1,volume in million,
2023,September,Chhattisgarh,Raipur,1.49,volume in million,
2023,September,Chhattisgarh,Rajnandgaon,0.39,volume in million,
2023,September,Chhattisgarh,Rest Of Locations,2.31,volume in million,
2023,September,Chhattisgarh,Surguja,0.37,volume in million,
2023,September,Dadra and Nagar Haveli,Dadra & Nagar Haveli,0.29,volume in million,
2023,September,Daman and Diu,Daman,0.22,volume in million,
2023,September,Daman and Diu,Diu,0.02,volume in million,
2023,September,Delhi,East Delhi,1.57,volume in million,
2023,September,Delhi,North West Delhi,1.77,volume in million,
2023,September,Delhi,Rest Of Locations,2.28,volume in million,
2023,September,Delhi,South Delhi,1.88,volume in million,
2023,September,Delhi,South West Delhi,2.02,volume in million,
2023,September,Delhi,West Delhi,1.54,volume in million,
2023,September,Goa,North Goa,0.69,volume in million,
2023,September,Goa,South Goa,0.62,volume in million,
2023,September,Gujarat,Ahmedabad,3.49,volume in million,
2023,September,Gujarat,Rajkot,1.1,volume in million,
2023,September,Gujarat,Rest Of Locations,8.2,volume in million,
2023,September,Gujarat,Surat,3.31,volume in million,
2023,September,Gujarat,Vadodara,1.65,volume in million,
2023,September,Gujarat,Valsad,0.9,volume in million,
2023,September,Haryana,Ambala,0.46,volume in million,
2023,September,Haryana,Faridabad,1.35,volume in million,
2023,September,Haryana,Gurgaon,2.38,volume in million,
2023,September,Haryana,Karnal,0.41,volume in million,
2023,September,Haryana,Rest Of Locations,3.61,volume in million,
2023,September,Haryana,Sonipat,0.48,volume in million,
2023,September,Himachal Pradesh,Kangra,0.44,volume in million,
2023,September,Himachal Pradesh,Mandi,0.21,volume in million,
2023,September,Himachal Pradesh,Rest Of Locations,0.73,volume in million,
2023,September,Himachal Pradesh,Shimla,0.35,volume in million,
2023,September,Himachal Pradesh,Sirmaur,0.19,volume in million,
2023,September,Himachal Pradesh,Solan,0.64,volume in million,
2023,September,Jammu and Kashmir,Ananthnag,0.2,volume in million,
2023,September,Jammu and Kashmir,Jammu,0.95,volume in million,
2023,September,Jammu and Kashmir,Kathua,0.18,volume in million,
2023,September,Jammu and Kashmir,Rest Of Locations,0.95,volume in million,
2023,September,Jammu and Kashmir,Srinagar,0.31,volume in million,
2023,September,Jammu and Kashmir,Udhampur,0.2,volume in million,
2023,September,Jharkhand,Bokaro,0.36,volume in million,
2023,September,Jharkhand,Dhanbad,0.63,volume in million,
2023,September,Jharkhand,East Singhbhum,0.83,volume in million,
2023,September,Jharkhand,Ranchi,1.04,volume in million,
2023,September,Jharkhand,Rest Of Locations,1.95,volume in million,
2023,September,Jharkhand,West Singhbhum,0.27,volume in million,
2023,September,Karnataka,Bangalore,9.3,volume in million,
2023,September,Karnataka,Bangalore Rural,1.26,volume in million,
2023,September,Karnataka,Belgaum,1.7,volume in million,
2023,September,Karnataka,Dakshina Kannada,1.2,volume in million,
2023,September,Karnataka,Mysore,1.66,volume in million,
2023,September,Karnataka,Rest Of Locations,13.96,volume in million,
2023,September,Kerala,Ernakulam,2.82,volume in million,
2023,September,Kerala,Kollam,1.94,volume in million,
2023,September,Kerala,Malappuram,3.36,volume in million,
2023,September,Kerala,Rest Of Locations,9.91,volume in million,
2023,September,Kerala,Thiruvananthapuram,2.55,volume in million,
2023,September,Kerala,Thrissur,1.99,volume in million,
2023,September,Lakshadweep,Lakshadweep,0.01,volume in million,
2023,September,Madhya Pradesh,Bhopal,1.15,volume in million,
2023,September,Madhya Pradesh,Dhar,0.49,volume in million,
2023,September,Madhya Pradesh,Gwalior,0.58,volume in million,
2023,September,Madhya Pradesh,Indore,1.84,volume in million,
2023,September,Madhya Pradesh,Jabalpur,0.58,volume in million,
2023,September,Madhya Pradesh,Rest Of Locations,7.54,volume in million,
2023,September,Maharashtra,Mumbai,8.48,volume in million,
2023,September,Maharashtra,Nagpur,2.34,volume in million,
2023,September,Maharashtra,Nashik,1.78,volume in million,
2023,September,Maharashtra,Pune,7.93,volume in million,
2023,September,Maharashtra,Rest Of Locations,16.63,volume in million,
2023,September,Maharashtra,Thane,11.2,volume in million,
2023,September,Manipur,Bishnupur,0.05,volume in million,
2023,September,Manipur,Churachandpur,0.06,volume in million,
2023,September,Manipur,Imphal East,0.07,volume in million,
2023,September,Manipur,Imphal West,0.3,volume in million,
2023,September,Manipur,Rest Of Locations,0.07,volume in million,
2023,September,Manipur,Thoubal,0.09,volume in million,
2023,September,Meghalaya,East Khasi Hills,0.38,volume in million,
2023,September,Meghalaya,Jaintia Hills,0.08,volume in million,
2023,September,Meghalaya,Rest Of Locations,0.05,volume in million,
2023,September,Meghalaya,Ri Bhoi,0.06,volume in million,
2023,September,Meghalaya,West Garo Hills,0.1,volume in million,
2023,September,Meghalaya,West Khasi Hills,0.04,volume in million,
2023,September,Mizoram,Aizawl,0.39,volume in million,
2023,September,Mizoram,Champhai,0.04,volume in million,
2023,September,Mizoram,Kolasib,0.04,volume in million,
2023,September,Mizoram,Lawngtlai,0.05,volume in million,
2023,September,Mizoram,Lunglei,0.06,volume in million,
2023,September,Mizoram,Rest Of Locations,0.05,volume in million,
2023,September,Nagaland,Dimapur,0.21,volume in million,
2023,September,Nagaland,Kohima,0.1,volume in million,
2023,September,Nagaland,Mokokchung,0.02,volume in million,
2023,September,Nagaland,Mon,0.02,volume in million,
2023,September,Nagaland,Rest Of Locations,0.04,volume in million,
2023,September,Nagaland,Wokha,0.02,volume in million,
2023,September,Odisha,Baleswar,1.38,volume in million,
2023,September,Odisha,Bhadrak,0.6,volume in million,
2023,September,Odisha,Cuttack,0.88,volume in million,
2023,September,Odisha,Ganjam,0.72,volume in million,
2023,September,Odisha,Khorda,1.69,volume in million,
2023,September,Odisha,Rest Of Locations,6.56,volume in million,
2023,September,Others,Other,2.08,volume in million,state: Pincode data or location mapping not available
2023,September,Puducherry,Karaikal,0.17,volume in million,
2023,September,Puducherry,Pondicherry,0.86,volume in million,
2023,September,Punjab,Amritsar,1.11,volume in million,
2023,September,Punjab,Gurdaspur,0.83,volume in million,
2023,September,Punjab,Jalandhar,1.01,volume in million,
2023,September,Punjab,Ludhiana,2.04,volume in million,
2023,September,Punjab,Rest Of Locations,4.6,volume in million,
2023,September,Punjab,Rupnagar,0.9,volume in million,
2023,September,Rajasthan,Alwar,0.93,volume in million,
2023,September,Rajasthan,Dausa,0.63,volume in million,
2023,September,Rajasthan,Jaipur,2.39,volume in million,
2023,September,Rajasthan,Jodhpur,0.69,volume in million,
2023,September,Rajasthan,Nagaur,0.87,volume in million,
2023,September,Rajasthan,Rest Of Locations,6.5,volume in million,
2023,September,Sikkim,East Sikkim,0.26,volume in million,
2023,September,Sikkim,North Sikkim,0.01,volume in million,
2023,September,Sikkim,South Sikkim,0.05,volume in million,
2023,September,Sikkim,West Sikkim,0.06,volume in million,
2023,September,Tamil Nadu,Chennai,4.63,volume in million,
2023,September,Tamil Nadu,Coimbatore,6.37,volume in million,
2023,September,Tamil Nadu,Kanchipuram,5.83,volume in million,
2023,September,Tamil Nadu,Rest Of Locations,35.27,volume in million,
2023,September,Tamil Nadu,Tiruvallur,4.46,volume in million,
2023,September,Tamil Nadu,Vellore,3.03,volume in million,
2023,September,Telangana,Hyderabad,4.92,volume in million,
2023,September,Telangana,K.V.Rangareddy,2.4,volume in million,
2023,September,Telangana,Karim Nagar,0.94,volume in million,
2023,September,Telangana,Mahabub Nagar,0.72,volume in million,
2023,September,Telangana,Medak,0.98,volume in million,
2023,September,Telangana,Rest Of Locations,2.86,volume in million,
2023,September,Tripura,Dhalai,0.05,volume in million,
2023,September,Tripura,North Tripura,0.17,volume in million,
2023,September,Tripura,South Tripura,0.11,volume in million,
2023,September,Tripura,West Tripura,0.54,volume in million,
2023,September,Uttar Pradesh,Allahabad,1.27,volume in million,
2023,September,Uttar Pradesh,Gautam Buddha Nagar,2.12,volume in million,
2023,September,Uttar Pradesh,Ghaziabad,2.02,volume in million,
2023,September,Uttar Pradesh,Lucknow,2.57,volume in million,
2023,September,Uttar Pradesh,Rest Of Locations,22.35,volume in million,
2023,September,Uttar Pradesh,Varanasi,1.38,volume in million,
2023,September,Uttarakhand,Almora,0.17,volume in million,
2023,September,Uttarakhand,Dehradun,1.25,volume in million,
2023,September,Uttarakhand,Haridwar,0.77,volume in million,
2023,September,Uttarakhand,Nainital,0.41,volume in million,
2023,September,Uttarakhand,Rest Of Locations,0.66,volume in million,
2023,September,Uttarakhand,Udham Singh Nagar,0.74,volume in million,
2023,September,West Bengal,Bardhaman,1.74,volume in million,
2023,September,West Bengal,Howrah,1.47,volume in million,
2023,September,West Bengal,Kolkata,3.48,volume in million,
2023,September,West Bengal,North 24 Parganas,3.37,volume in million,
2023,September,West Bengal,Rest Of Locations,9.39,volume in million,
2023,September,West Bengal,South 24 Parganas,1.5,volume in million,
2023,August,Andaman and Nicobar Islands,Nicobar,0,volume in million,
2023,August,Andaman and Nicobar Islands,North And Middle Andaman,0.02,volume in million,
2023,August,Andaman and Nicobar Islands,South Andaman,0.13,volume in million,
2023,August,Andhra Pradesh,Chittoor,2.04,volume in million,
2023,August,Andhra Pradesh,East Godavari,1.58,volume in million,
2023,August,Andhra Pradesh,Guntur,1.59,volume in million,
2023,August,Andhra Pradesh,Krishna,1.82,volume in million,
2023,August,Andhra Pradesh,Rest Of Locations,7.07,volume in million,
2023,August,Andhra Pradesh,Visakhapatnam,2.36,volume in million,
2023,August,Arunachal Pradesh,East Siang,0.03,volume in million,
2023,August,Arunachal Pradesh,Lohit,0.04,volume in million,
2023,August,Arunachal Pradesh,Lower Subansiri,0.04,volume in million,
2023,August,Arunachal Pradesh,Papum Pare,0.13,volume in million,
2023,August,Arunachal Pradesh,Rest Of Locations,0.1,volume in million,
2023,August,Arunachal Pradesh,West Siang,0.03,volume in million,
2023,August,Assam,Cachar,0.48,volume in million,
2023,August,Assam,Kamrup,1.84,volume in million,
2023,August,Assam,Nagaon,0.64,volume in million,
2023,August,Assam,Rest Of Locations,4.27,volume in million,
2023,August,Assam,Sibsagar,0.44,volume in million,
2023,August,Assam,Sonitpur,0.43,volume in million,
2023,August,Bihar,East Champaran,0.82,volume in million,
2023,August,Bihar,Muzaffarpur,0.65,volume in million,
2023,August,Bihar,Patna,2.1,volume in million,
2023,August,Bihar,Rest Of Locations,8.07,volume in million,
2023,August,Bihar,Vaishali,0.69,volume in million,
2023,August,Bihar,West Champaran,1.31,volume in million,
2023,August,Chandigarh,Chandigarh,0.83,volume in million,
2023,August,Chhattisgarh,Bilaspur(Cgh),0.69,volume in million,
2023,August,Chhattisgarh,Durg,1.17,volume in million,
2023,August,Chhattisgarh,Raipur,1.59,volume in million,
2023,August,Chhattisgarh,Rajnandgaon,0.43,volume in million,
2023,August,Chhattisgarh,Rest Of Locations,2.55,volume in million,
2023,August,Chhattisgarh,Surguja,0.4,volume in million,
2023,August,Dadra and Nagar Haveli,Dadra & Nagar Haveli,0.3,volume in million,
2023,August,Daman and Diu,Daman,0.23,volume in million,
2023,August,Daman and Diu,Diu,0.02,volume in million,
2023,August,Delhi,East Delhi,1.71,volume in million,
2023,August,Delhi,North West Delhi,1.93,volume in million,
2023,August,Delhi,Rest Of Locations,2.44,volume in million,
2023,August,Delhi,South Delhi,2.04,volume in million,
2023,August,Delhi,South West Delhi,2.21,volume in million,
2023,August,Delhi,West Delhi,1.68,volume in million,
2023,August,Goa,North Goa,0.72,volume in million,
2023,August,Goa,South Goa,0.67,volume in million,
2023,August,Gujarat,Ahmedabad,3.82,volume in million,
2023,August,Gujarat,Rajkot,1.2,volume in million,
2023,August,Gujarat,Rest Of Locations,8.63,volume in million,
2023,August,Gujarat,Surat,3.57,volume in million,
2023,August,Gujarat,Vadodara,1.85,volume in million,
2023,August,Gujarat,Valsad,0.96,volume in million,
2023,August,Haryana,Ambala,0.49,volume in million,
2023,August,Haryana,Faridabad,1.56,volume in million,
2023,August,Haryana,Gurgaon,2.59,volume in million,
2023,August,Haryana,Karnal,0.45,volume in million,
2023,August,Haryana,Rest Of Locations,3.88,volume in million,
2023,August,Haryana,Sonipat,0.51,volume in million,
2023,August,Himachal Pradesh,Kangra,0.44,volume in million,
2023,August,Himachal Pradesh,Mandi,0.2,volume in million,
2023,August,Himachal Pradesh,Rest Of Locations,0.74,volume in million,
2023,August,Himachal Pradesh,Shimla,0.34,volume in million,
2023,August,Himachal Pradesh,Sirmaur,0.19,volume in million,
2023,August,Himachal Pradesh,Solan,0.66,volume in million,
2023,August,Jammu and Kashmir,Ananthnag,0.21,volume in million,
2023,August,Jammu and Kashmir,Jammu,0.99,volume in million,
2023,August,Jammu and Kashmir,Kathua,0.18,volume in million,
2023,August,Jammu and Kashmir,Rest Of Locations,1.01,volume in million,
2023,August,Jammu and Kashmir,Srinagar,0.34,volume in million,
2023,August,Jammu and Kashmir,Udhampur,0.21,volume in million,
2023,August,Jharkhand,Bokaro,0.38,volume in million,
2023,August,Jharkhand,Dhanbad,0.64,volume in million,
2023,August,Jharkhand,East Singhbhum,0.88,volume in million,
2023,August,Jharkhand,Ranchi,1.11,volume in million,
2023,August,Jharkhand,Rest Of Locations,2.07,volume in million,
2023,August,Jharkhand,West Singhbhum,0.3,volume in million,
2023,August,Karnataka,Bangalore,9.81,volume in million,
2023,August,Karnataka,Bangalore Rural,1.3,volume in million,
2023,August,Karnataka,Belgaum,1.68,volume in million,
2023,August,Karnataka,Dakshina Kannada,1.24,volume in million,
2023,August,Karnataka,Mysore,1.62,volume in million,
2023,August,Karnataka,Rest Of Locations,13.95,volume in million,
2023,August,Kerala,Ernakulam,3.17,volume in million,
2023,August,Kerala,Kollam,2.26,volume in million,
2023,August,Kerala,Malappuram,3.56,volume in million,
2023,August,Kerala,Rest Of Locations,11.14,volume in million,
2023,August,Kerala,Thiruvananthapuram,2.9,volume in million,
2023,August,Kerala,Thrissur,2.26,volume in million,
2023,August,Lakshadweep,Lakshadweep,0.02,volume in million,
2023,August,Madhya Pradesh,Bhopal,1.29,volume in million,
2023,August,Madhya Pradesh,Dhar,0.56,volume in million,
2023,August,Madhya Pradesh,Gwalior,0.62,volume in million,
2023,August,Madhya Pradesh,Indore,2.09,volume in million,
2023,August,Madhya Pradesh,Jabalpur,0.62,volume in million,
2023,August,Madhya Pradesh,Rest Of Locations,8.29,volume in million,
2023,August,Maharashtra,Mumbai,9.02,volume in million,
2023,August,Maharashtra,Nagpur,2.52,volume in million,
2023,August,Maharashtra,Nashik,1.95,volume in million,
2023,August,Maharashtra,Pune,8.66,volume in million,
2023,August,Maharashtra,Rest Of Locations,17.38,volume in million,
2023,August,Maharashtra,Thane,11.94,volume in million,
2023,August,Manipur,Bishnupur,0.05,volume in million,
2023,August,Manipur,Churachandpur,0.05,volume in million,
2023,August,Manipur,Imphal East,0.08,volume in million,
2023,August,Manipur,Imphal West,0.32,volume in million,
2023,August,Manipur,Rest Of Locations,0.07,volume in million,
2023,August,Manipur,Thoubal,0.09,volume in million,
2023,August,Meghalaya,East Garo Hills,0.04,volume in million,
2023,August,Meghalaya,East Khasi Hills,0.37,volume in million,
2023,August,Meghalaya,Jaintia Hills,0.08,volume in million,
2023,August,Meghalaya,Rest Of Locations,0.05,volume in million,
2023,August,Meghalaya,Ri Bhoi,0.05,volume in million,
2023,August,Meghalaya,West Garo Hills,0.1,volume in million,
2023,August,Mizoram,Aizawl,0.38,volume in million,
2023,August,Mizoram,Champhai,0.04,volume in million,
2023,August,Mizoram,Kolasib,0.04,volume in million,
2023,August,Mizoram,Lawngtlai,0.04,volume in million,
2023,August,Mizoram,Lunglei,0.05,volume in million,
2023,August,Mizoram,Rest Of Locations,0.05,volume in million,
2023,August,Nagaland,Dimapur,0.22,volume in million,
2023,August,Nagaland,Kohima,0.11,volume in million,
2023,August,Nagaland,Mokokchung,0.02,volume in million,
2023,August,Nagaland,Mon,0.03,volume in million,
2023,August,Nagaland,Rest Of Locations,0.04,volume in million,
2023,August,Nagaland,Wokha,0.03,volume in million,
2023,August,Odisha,Baleswar,1.52,volume in million,
2023,August,Odisha,Cuttack,0.9,volume in million,
2023,August,Odisha,Ganjam,0.75,volume in million,
2023,August,Odisha,Khorda,1.77,volume in million,
2023,August,Odisha,Rest Of Locations,6.53,volume in million,
2023,August,Odisha,Sundergarh,0.62,volume in million,
2023,August,Others,Other,2.27,volume in million,state: Pincode data or location mapping not available
2023,August,Puducherry,Karaikal,0.18,volume in million,
2023,August,Puducherry,Pondicherry,0.88,volume in million,
2023,August,Punjab,Amritsar,1.17,volume in million,
2023,August,Punjab,Gurdaspur,0.87,volume in million,
2023,August,Punjab,Jalandhar,1.05,volume in million,
2023,August,Punjab,Ludhiana,2.14,volume in million,
2023,August,Punjab,Rest Of Locations,4.89,volume in million,
2023,August,Punjab,Rupnagar,0.96,volume in million,
2023,August,Rajasthan,Alwar,1.04,volume in million,
2023,August,Rajasthan,Dausa,0.75,volume in million,
2023,August,Rajasthan,Jaipur,2.67,volume in million,
2023,August,Rajasthan,Jodhpur,0.77,volume in million,
2023,August,Rajasthan,Nagaur,0.95,volume in million,
2023,August,Rajasthan,Rest Of Locations,7.25,volume in million,
2023,August,Sikkim,East Sikkim,0.27,volume in million,
2023,August,Sikkim,North Sikkim,0.01,volume in million,
2023,August,Sikkim,South Sikkim,0.05,volume in million,
2023,August,Sikkim,West Sikkim,0.06,volume in million,
2023,August,Tamil Nadu,Chennai,4.67,volume in million,
2023,August,Tamil Nadu,Coimbatore,6.33,volume in million,
2023,August,Tamil Nadu,Kanchipuram,5.77,volume in million,
2023,August,Tamil Nadu,Rest Of Locations,34.67,volume in million,
2023,August,Tamil Nadu,Tiruvallur,4.4,volume in million,
2023,August,Tamil Nadu,Vellore,2.97,volume in million,
2023,August,Telangana,Hyderabad,5.44,volume in million,
2023,August,Telangana,K.V.Rangareddy,2.7,volume in million,
2023,August,Telangana,Karim Nagar,1.05,volume in million,
2023,August,Telangana,Mahabub Nagar,0.8,volume in million,
2023,August,Telangana,Medak,1.09,volume in million,
2023,August,Telangana,Rest Of Locations,3.17,volume in million,
2023,August,Tripura,Dhalai,0.06,volume in million,
2023,August,Tripura,North Tripura,0.19,volume in million,
2023,August,Tripura,South Tripura,0.12,volume in million,
2023,August,Tripura,West Tripura,0.58,volume in million,
2023,August,Uttar Pradesh,Allahabad,1.37,volume in million,
2023,August,Uttar Pradesh,Gautam Buddha Nagar,2.32,volume in million,
2023,August,Uttar Pradesh,Ghaziabad,2.2,volume in million,
2023,August,Uttar Pradesh,Lucknow,2.75,volume in million,
2023,August,Uttar Pradesh,Rest Of Locations,23.87,volume in million,
2023,August,Uttar Pradesh,Varanasi,1.48,volume in million,
2023,August,Uttarakhand,Almora,0.19,volume in million,
2023,August,Uttarakhand,Dehradun,1.3,volume in million,
2023,August,Uttarakhand,Haridwar,0.81,volume in million,
2023,August,Uttarakhand,Nainital,0.43,volume in million,
2023,August,Uttarakhand,Rest Of Locations,0.68,volume in million,
2023,August,Uttarakhand,Udham Singh Nagar,0.8,volume in million,
2023,August,West Bengal,Bardhaman,1.75,volume in million,
2023,August,West Bengal,Howrah,1.49,volume in million,
2023,August,West Bengal,Kolkata,3.53,volume in million,
2023,August,West Bengal,North 24 Parganas,3.37,volume in million,
2023,August,West Bengal,Rest Of Locations,9.78,volume in million,
2023,August,West Bengal,South 24 Parganas,1.53,volume in million,
2023,July,Andaman and Nicobar Islands,Nicobar,0,volume in million,
2023,July,Andaman and Nicobar Islands,North And Middle Andaman,0.02,volume in million,
2023,July,Andaman and Nicobar Islands,South Andaman,0.13,volume in million,
2023,July,Andhra Pradesh,Chittoor,2.23,volume in million,
2023,July,Andhra Pradesh,East Godavari,1.75,volume in million,
2023,July,Andhra Pradesh,Guntur,1.8,volume in million,
2023,July,Andhra Pradesh,Krishna,2,volume in million,
2023,July,Andhra Pradesh,Rest Of Locations,8.21,volume in million,
2023,July,Andhra Pradesh,Visakhapatnam,2.65,volume in million,
2023,July,Arunachal Pradesh,East Siang,0.03,volume in million,
2023,July,Arunachal Pradesh,Lohit,0.04,volume in million,
2023,July,Arunachal Pradesh,Lower Subansiri,0.04,volume in million,
2023,July,Arunachal Pradesh,Papum Pare,0.13,volume in million,
2023,July,Arunachal Pradesh,Rest Of Locations,0.1,volume in million,
2023,July,Arunachal Pradesh,West Siang,0.03,volume in million,
2023,July,Assam,Cachar,0.46,volume in million,
2023,July,Assam,Kamrup,1.82,volume in million,
2023,July,Assam,Nagaon,0.6,volume in million,
2023,July,Assam,Rest Of Locations,4.08,volume in million,
2023,July,Assam,Sibsagar,0.42,volume in million,
2023,July,Assam,Sonitpur,0.42,volume in million,
2023,July,Bihar,East Champaran,0.88,volume in million,
2023,July,Bihar,Muzaffarpur,0.71,volume in million,
2023,July,Bihar,Patna,2.06,volume in million,
2023,July,Bihar,Rest Of Locations,8.3,volume in million,
2023,July,Bihar,Vaishali,0.73,volume in million,
2023,July,Bihar,West Champaran,1.48,volume in million,
2023,July,Chandigarh,Chandigarh,0.78,volume in million,
2023,July,Chhattisgarh,Bilaspur(Cgh),0.65,volume in million,
2023,July,Chhattisgarh,Durg,1.09,volume in million,
2023,July,Chhattisgarh,Korba,0.38,volume in million,
2023,July,Chhattisgarh,Raipur,1.51,volume in million,
2023,July,Chhattisgarh,Rest Of Locations,2.37,volume in million,
2023,July,Chhattisgarh,Surguja,0.38,volume in million,
2023,July,Dadra and Nagar Haveli,Dadra & Nagar Haveli,0.28,volume in million,
2023,July,Daman and Diu,Daman,0.22,volume in million,
2023,July,Daman and Diu,Diu,0.02,volume in million,
2023,July,Delhi,East Delhi,1.62,volume in million,
2023,July,Delhi,North West Delhi,1.82,volume in million,
2023,July,Delhi,Rest Of Locations,2.31,volume in million,
2023,July,Delhi,South Delhi,1.92,volume in million,
2023,July,Delhi,South West Delhi,2.11,volume in million,
2023,July,Delhi,West Delhi,1.59,volume in million,
2023,July,Goa,North Goa,0.68,volume in million,
2023,July,Goa,South Goa,0.61,volume in million,
2023,July,Gujarat,Ahmedabad,3.64,volume in million,
2023,July,Gujarat,Rajkot,1.09,volume in million,
2023,July,Gujarat,Rest Of Locations,8.27,volume in million,
2023,July,Gujarat,Surat,3.34,volume in million,
2023,July,Gujarat,Vadodara,1.74,volume in million,
2023,July,Gujarat,Valsad,0.88,volume in million,
2023,July,Haryana,Ambala,0.44,volume in million,
2023,July,Haryana,Faridabad,1.37,volume in million,
2023,July,Haryana,Gurgaon,2.43,volume in million,
2023,July,Haryana,Karnal,0.42,volume in million,
2023,July,Haryana,Rest Of Locations,3.66,volume in million,
2023,July,Haryana,Sonipat,0.49,volume in million,
2023,July,Himachal Pradesh,Kangra,0.44,volume in million,
2023,July,Himachal Pradesh,Mandi,0.2,volume in million,
2023,July,Himachal Pradesh,Rest Of Locations,0.72,volume in million,
2023,July,Himachal Pradesh,Shimla,0.34,volume in million,
2023,July,Himachal Pradesh,Sirmaur,0.18,volume in million,
2023,July,Himachal Pradesh,Solan,0.63,volume in million,
2023,July,Jammu and Kashmir,Ananthnag,0.22,volume in million,
2023,July,Jammu and Kashmir,Jammu,0.99,volume in million,
2023,July,Jammu and Kashmir,Kathua,0.18,volume in million,
2023,July,Jammu and Kashmir,Rest Of Locations,1.01,volume in million,
2023,July,Jammu and Kashmir,Srinagar,0.35,volume in million,
2023,July,Jammu and Kashmir,Udhampur,0.22,volume in million,
2023,July,Jharkhand,Bokaro,0.38,volume in million,
2023,July,Jharkhand,Dhanbad,0.66,volume in million,
2023,July,Jharkhand,East Singhbhum,0.87,volume in million,
2023,July,Jharkhand,Ranchi,1.13,volume in million,
2023,July,Jharkhand,Rest Of Locations,2.13,volume in million,
2023,July,Jharkhand,West Singhbhum,0.3,volume in million,
2023,July,Karnataka,Bangalore,9.56,volume in million,
2023,July,Karnataka,Bangalore Rural,1.26,volume in million,
2023,July,Karnataka,Belgaum,1.56,volume in million,
2023,July,Karnataka,Dakshina Kannada,1.14,volume in million,
2023,July,Karnataka,Mysore,1.61,volume in million,
2023,July,Karnataka,Rest Of Locations,13.61,volume in million,
2023,July,Kerala,Ernakulam,3.01,volume in million,
2023,July,Kerala,Kollam,2.11,volume in million,
2023,July,Kerala,Malappuram,3.31,volume in million,
2023,July,Kerala,Rest Of Locations,10.39,volume in million,
2023,July,Kerala,Thiruvananthapuram,2.78,volume in million,
2023,July,Kerala,Thrissur,2.13,volume in million,
2023,July,Lakshadweep,Lakshadweep,0.02,volume in million,
2023,July,Madhya Pradesh,Bhopal,1.25,volume in million,
2023,July,Madhya Pradesh,Dhar,0.52,volume in million,
2023,July,Madhya Pradesh,Gwalior,0.59,volume in million,
2023,July,Madhya Pradesh,Indore,1.97,volume in million,
2023,July,Madhya Pradesh,Jabalpur,0.6,volume in million,
2023,July,Madhya Pradesh,Rest Of Locations,7.99,volume in million,
2023,July,Maharashtra,Mumbai,8.35,volume in million,
2023,July,Maharashtra,Nagpur,2.46,volume in million,
2023,July,Maharashtra,Nashik,1.87,volume in million,
2023,July,Maharashtra,Pune,8.28,volume in million,
2023,July,Maharashtra,Rest Of Locations,16.99,volume in million,
2023,July,Maharashtra,Thane,11.29,volume in million,
2023,July,Manipur,Bishnupur,0.04,volume in million,
2023,July,Manipur,Churachandpur,0.03,volume in million,
2023,July,Manipur,Imphal East,0.08,volume in million,
2023,July,Manipur,Imphal West,0.33,volume in million,
2023,July,Manipur,Rest Of Locations,0.06,volume in million,
2023,July,Manipur,Thoubal,0.08,volume in million,
2023,July,Meghalaya,East Khasi Hills,0.38,volume in million,
2023,July,Meghalaya,Jaintia Hills,0.08,volume in million,
2023,July,Meghalaya,Rest Of Locations,0.05,volume in million,
2023,July,Meghalaya,Ri Bhoi,0.05,volume in million,
2023,July,Meghalaya,West Garo Hills,0.1,volume in million,
2023,July,Meghalaya,West Khasi Hills,0.04,volume in million,
2023,July,Mizoram,Aizawl,0.39,volume in million,
2023,July,Mizoram,Champhai,0.04,volume in million,
2023,July,Mizoram,Kolasib,0.03,volume in million,
2023,July,Mizoram,Lawngtlai,0.04,volume in million,
2023,July,Mizoram,Lunglei,0.06,volume in million,
2023,July,Mizoram,Rest Of Locations,0.05,volume in million,
2023,July,Nagaland,Dimapur,0.21,volume in million,
2023,July,Nagaland,Kohima,0.11,volume in million,
2023,July,Nagaland,Mokokchung,0.02,volume in million,
2023,July,Nagaland,Mon,0.02,volume in million,
2023,July,Nagaland,Rest Of Locations,0.04,volume in million,
2023,July,Nagaland,Wokha,0.03,volume in million,
2023,July,Odisha,Baleswar,1.56,volume in million,
2023,July,Odisha,Cuttack,0.9,volume in million,
2023,July,Odisha,Ganjam,0.77,volume in million,
2023,July,Odisha,Khorda,1.74,volume in million,
2023,July,Odisha,Rest Of Locations,6.82,volume in million,
2023,July,Odisha,Sundergarh,0.63,volume in million,
2023,July,Others,Other,2.16,volume in million,state: Pincode data or location mapping not available
2023,July,Puducherry,Karaikal,0.18,volume in million,
2023,July,Puducherry,Pondicherry,0.88,volume in million,
2023,July,Punjab,Amritsar,1.12,volume in million,
2023,July,Punjab,Gurdaspur,0.84,volume in million,
2023,July,Punjab,Jalandhar,1.01,volume in million,
2023,July,Punjab,Ludhiana,2.04,volume in million,
2023,July,Punjab,Rest Of Locations,4.6,volume in million,
2023,July,Punjab,Rupnagar,0.89,volume in million,
2023,July,Rajasthan,Alwar,0.98,volume in million,
2023,July,Rajasthan,Dausa,0.7,volume in million,
2023,July,Rajasthan,Jaipur,2.49,volume in million,
2023,July,Rajasthan,Jodhpur,0.73,volume in million,
2023,July,Rajasthan,Nagaur,0.85,volume in million,
2023,July,Rajasthan,Rest Of Locations,6.95,volume in million,
2023,July,Sikkim,East Sikkim,0.27,volume in million,
2023,July,Sikkim,North Sikkim,0.01,volume in million,
2023,July,Sikkim,South Sikkim,0.05,volume in million,
2023,July,Sikkim,West Sikkim,0.06,volume in million,
2023,July,Tamil Nadu,Chennai,4.7,volume in million,
2023,July,Tamil Nadu,Coimbatore,6.34,volume in million,
2023,July,Tamil Nadu,Kanchipuram,5.85,volume in million,
2023,July,Tamil Nadu,Rest Of Locations,34.9,volume in million,
2023,July,Tamil Nadu,Tiruvallur,4.46,volume in million,
2023,July,Tamil Nadu,Vellore,2.99,volume in million,
2023,July,Telangana,Hyderabad,5.24,volume in million,
2023,July,Telangana,K.V.Rangareddy,2.6,volume in million,
2023,July,Telangana,Karim Nagar,1.1,volume in million,
2023,July,Telangana,Mahabub Nagar,0.84,volume in million,
2023,July,Telangana,Medak,1.1,volume in million,
2023,July,Telangana,Rest Of Locations,3.25,volume in million,
2023,July,Tripura,Dhalai,0.06,volume in million,
2023,July,Tripura,North Tripura,0.2,volume in million,
2023,July,Tripura,South Tripura,0.13,volume in million,
2023,July,Tripura,West Tripura,0.59,volume in million,
2023,July,Uttar Pradesh,Allahabad,1.34,volume in million,
2023,July,Uttar Pradesh,Gautam Buddha Nagar,2.15,volume in million,
2023,July,Uttar Pradesh,Ghaziabad,2.04,volume in million,
2023,July,Uttar Pradesh,Lucknow,2.65,volume in million,
2023,July,Uttar Pradesh,Rest Of Locations,23.35,volume in million,
2023,July,Uttar Pradesh,Varanasi,1.43,volume in million,
2023,July,Uttarakhand,Almora,0.18,volume in million,
2023,July,Uttarakhand,Dehradun,1.24,volume in million,
2023,July,Uttarakhand,Haridwar,0.76,volume in million,
2023,July,Uttarakhand,Nainital,0.41,volume in million,
2023,July,Uttarakhand,Rest Of Locations,0.67,volume in million,
2023,July,Uttarakhand,Udham Singh Nagar,0.76,volume in million,
2023,July,West Bengal,Bardhaman,1.77,volume in million,
2023,July,West Bengal,Howrah,1.48,volume in million,
2023,July,West Bengal,Kolkata,3.52,volume in million,
2023,July,West Bengal,North 24 Parganas,3.34,volume in million,
2023,July,West Bengal,Rest Of Locations,9.97,volume in million,
2023,July,West Bengal,South 24 Parganas,1.53,volume in million,
2023,June,Andaman and Nicobar Islands,Nicobar,0,volume in million,
2023,June,Andaman and Nicobar Islands,North And Middle Andaman,0.02,volume in million,
2023,June,Andaman and Nicobar Islands,South Andaman,0.12,volume in million,
2023,June,Andhra Pradesh,Chittoor,2.09,volume in million,
2023,June,Andhra Pradesh,East Godavari,1.67,volume in million,
2023,June,Andhra Pradesh,Guntur,1.67,volume in million,
2023,June,Andhra Pradesh,Krishna,1.91,volume in million,
2023,June,Andhra Pradesh,Rest Of Locations,7.67,volume in million,
2023,June,Andhra Pradesh,Visakhapatnam,2.44,volume in million,
2023,June,Arunachal Pradesh,Lohit,0.04,volume in million,
2023,June,Arunachal Pradesh,Lower Subansiri,0.04,volume in million,
2023,June,Arunachal Pradesh,Papum Pare,0.13,volume in million,
2023,June,Arunachal Pradesh,Rest Of Locations,0.1,volume in million,
2023,June,Arunachal Pradesh,Upper Subansiri,0.03,volume in million,
2023,June,Arunachal Pradesh,West Siang,0.03,volume in million,
2023,June,Assam,Cachar,0.45,volume in million,
2023,June,Assam,Dibrugarh,0.41,volume in million,
2023,June,Assam,Kamrup,1.8,volume in million,
2023,June,Assam,Nagaon,0.62,volume in million,
2023,June,Assam,Rest Of Locations,4.02,volume in million,
2023,June,Assam,Sibsagar,0.42,volume in million,
2023,June,Bihar,East Champaran,0.94,volume in million,
2023,June,Bihar,Muzaffarpur,0.74,volume in million,
2023,June,Bihar,Patna,2.07,volume in million,
2023,June,Bihar,Rest Of Locations,8.99,volume in million,
2023,June,Bihar,Vaishali,0.77,volume in million,
2023,June,Bihar,West Champaran,1.57,volume in million,
2023,June,Chandigarh,Chandigarh,0.78,volume in million,
2023,June,Chhattisgarh,Bilaspur(Cgh),0.64,volume in million,
2023,June,Chhattisgarh,Durg,1.08,volume in million,
2023,June,Chhattisgarh,Raipur,1.46,volume in million,
2023,June,Chhattisgarh,Rajnandgaon,0.36,volume in million,
2023,June,Chhattisgarh,Rest Of Locations,2.32,volume in million,
2023,June,Chhattisgarh,Surguja,0.38,volume in million,
2023,June,Dadra and Nagar Haveli,Dadra & Nagar Haveli,0.28,volume in million,
2023,June,Daman and Diu,Daman,0.21,volume in million,
2023,June,Daman and Diu,Diu,0.02,volume in million,
2023,June,Delhi,East Delhi,1.66,volume in million,
2023,June,Delhi,North West Delhi,1.84,volume in million,
2023,June,Delhi,Rest Of Locations,2.38,volume in million,
2023,June,Delhi,South Delhi,1.94,volume in million,
2023,June,Delhi,South West Delhi,2.07,volume in million,
2023,June,Delhi,West Delhi,1.6,volume in million,
2023,June,Goa,North Goa,0.71,volume in million,
2023,June,Goa,South Goa,0.64,volume in million,
2023,June,Gujarat,Ahmedabad,3.57,volume in million,
2023,June,Gujarat,Rajkot,1.09,volume in million,
2023,June,Gujarat,Rest Of Locations,7.85,volume in million,
2023,June,Gujarat,Surat,3.43,volume in million,
2023,June,Gujarat,Vadodara,1.7,volume in million,
2023,June,Gujarat,Valsad,0.9,volume in million,
2023,June,Haryana,Ambala,0.48,volume in million,
2023,June,Haryana,Faridabad,1.35,volume in million,
2023,June,Haryana,Gurgaon,2.4,volume in million,
2023,June,Haryana,Karnal,0.42,volume in million,
2023,June,Haryana,Rest Of Locations,3.71,volume in million,
2023,June,Haryana,Sonipat,0.48,volume in million,
2023,June,Himachal Pradesh,Kangra,0.49,volume in million,
2023,June,Himachal Pradesh,Kullu,0.22,volume in million,
2023,June,Himachal Pradesh,Mandi,0.23,volume in million,
2023,June,Himachal Pradesh,Rest Of Locations,0.8,volume in million,
2023,June,Himachal Pradesh,Shimla,0.37,volume in million,
2023,June,Himachal Pradesh,Solan,0.66,volume in million,
2023,June,Jammu and Kashmir,Ananthnag,0.24,volume in million,
2023,June,Jammu and Kashmir,Jammu,0.98,volume in million,
2023,June,Jammu and Kashmir,Kathua,0.18,volume in million,
2023,June,Jammu and Kashmir,Rest Of Locations,1.07,volume in million,
2023,June,Jammu and Kashmir,Srinagar,0.38,volume in million,
2023,June,Jammu and Kashmir,Udhampur,0.24,volume in million,
2023,June,Jharkhand,Bokaro,0.38,volume in million,
2023,June,Jharkhand,Dhanbad,0.65,volume in million,
2023,June,Jharkhand,East Singhbhum,0.86,volume in million,
2023,June,Jharkhand,Ranchi,1.12,volume in million,
2023,June,Jharkhand,Rest Of Locations,2.12,volume in million,
2023,June,Jharkhand,West Singhbhum,0.29,volume in million,
2023,June,Karnataka,Bangalore,9.25,volume in million,
2023,June,Karnataka,Bangalore Rural,1.19,volume in million,
2023,June,Karnataka,Belgaum,1.57,volume in million,
2023,June,Karnataka,Dakshina Kannada,1.15,volume in million,
2023,June,Karnataka,Mysore,1.53,volume in million,
2023,June,Karnataka,Rest Of Locations,13.23,volume in million,
2023,June,Kerala,Ernakulam,2.96,volume in million,
2023,June,Kerala,Kollam,2.01,volume in million,
2023,June,Kerala,Malappuram,3.22,volume in million,
2023,June,Kerala,Rest Of Locations,10.22,volume in million,
2023,June,Kerala,Thiruvananthapuram,2.67,volume in million,
2023,June,Kerala,Thrissur,2.09,volume in million,
2023,June,Lakshadweep,Lakshadweep,0.02,volume in million,
2023,June,Madhya Pradesh,Bhopal,1.22,volume in million,
2023,June,Madhya Pradesh,Dhar,0.52,volume in million,
2023,June,Madhya Pradesh,Gwalior,0.58,volume in million,
2023,June,Madhya Pradesh,Indore,1.96,volume in million,
2023,June,Madhya Pradesh,Jabalpur,0.59,volume in million,
2023,June,Madhya Pradesh,Rest Of Locations,8.33,volume in million,
2023,June,Maharashtra,Mumbai,8.64,volume in million,
2023,June,Maharashtra,Nagpur,2.41,volume in million,
2023,June,Maharashtra,Nashik,1.91,volume in million,
2023,June,Maharashtra,Pune,8.14,volume in million,
2023,June,Maharashtra,Rest Of Locations,17.53,volume in million,
2023,June,Maharashtra,Thane,11.66,volume in million,
2023,June,Manipur,Bishnupur,0.04,volume in million,
2023,June,Manipur,Churachandpur,0.03,volume in million,
2023,June,Manipur,Imphal East,0.06,volume in million,
2023,June,Manipur,Imphal West,0.28,volume in million,
2023,June,Manipur,Rest Of Locations,0.06,volume in million,
2023,June,Manipur,Thoubal,0.06,volume in million,
2023,June,Meghalaya,East Khasi Hills,0.36,volume in million,
2023,June,Meghalaya,Jaintia Hills,0.07,volume in million,
2023,June,Meghalaya,Rest Of Locations,0.04,volume in million,
2023,June,Meghalaya,Ri Bhoi,0.05,volume in million,
2023,June,Meghalaya,West Garo Hills,0.1,volume in million,
2023,June,Meghalaya,West Khasi Hills,0.04,volume in million,
2023,June,Mizoram,Aizawl,0.39,volume in million,
2023,June,Mizoram,Champhai,0.04,volume in million,
2023,June,Mizoram,Kolasib,0.03,volume in million,
2023,June,Mizoram,Lawngtlai,0.05,volume in million,
2023,June,Mizoram,Lunglei,0.06,volume in million,
2023,June,Mizoram,Rest Of Locations,0.05,volume in million,
2023,June,Nagaland,Dimapur,0.21,volume in million,
2023,June,Nagaland,Kohima,0.11,volume in million,
2023,June,Nagaland,Mokokchung,0.02,volume in million,
2023,June,Nagaland,Mon,0.02,volume in million,
2023,June,Nagaland,Rest Of Locations,0.04,volume in million,
2023,June,Nagaland,Wokha,0.03,volume in million,
2023,June,Odisha,Baleswar,1.55,volume in million,
2023,June,Odisha,Cuttack,0.91,volume in million,
2023,June,Odisha,Ganjam,0.79,volume in million,
2023,June,Odisha,Khorda,1.71,volume in million,
2023,June,Odisha,Rest Of Locations,6.85,volume in million,
2023,June,Odisha,Sundergarh,0.62,volume in million,
2023,June,Others,Other,2.09,volume in million,state: Pincode data or location mapping not available
2023,June,Puducherry,Karaikal,0.18,volume in million,
2023,June,Puducherry,Pondicherry,0.89,volume in million,
2023,June,Punjab,Amritsar,1.1,volume in million,
2023,June,Punjab,Gurdaspur,0.83,volume in million,
2023,June,Punjab,Jalandhar,1.02,volume in million,
2023,June,Punjab,Ludhiana,2.01,volume in million,
2023,June,Punjab,Rest Of Locations,4.57,volume in million,
2023,June,Punjab,Rupnagar,0.91,volume in million,
2023,June,Rajasthan,Alwar,0.97,volume in million,
2023,June,Rajasthan,Dausa,0.66,volume in million,
2023,June,Rajasthan,Jaipur,2.46,volume in million,
2023,June,Rajasthan,Jodhpur,0.69,volume in million,
2023,June,Rajasthan,Nagaur,0.79,volume in million,
2023,June,Rajasthan,Rest Of Locations,6.74,volume in million,
2023,June,Sikkim,East Sikkim,0.28,volume in million,
2023,June,Sikkim,North Sikkim,0.01,volume in million,
2023,June,Sikkim,South Sikkim,0.05,volume in million,
2023,June,Sikkim,West Sikkim,0.06,volume in million,
2023,June,Tamil Nadu,Chennai,4.42,volume in million,
2023,June,Tamil Nadu,Coimbatore,6.08,volume in million,
2023,June,Tamil Nadu,Kanchipuram,5.5,volume in million,
2023,June,Tamil Nadu,Rest Of Locations,34.27,volume in million,
2023,June,Tamil Nadu,Tiruvallur,4.24,volume in million,
2023,June,Tamil Nadu,Vellore,2.89,volume in million,
2023,June,Telangana,Hyderabad,5.3,volume in million,
2023,June,Telangana,K.V.Rangareddy,2.61,volume in million,
2023,June,Telangana,Karim Nagar,1.17,volume in million,
2023,June,Telangana,Mahabub Nagar,0.84,volume in million,
2023,June,Telangana,Medak,1.13,volume in million,
2023,June,Telangana,Rest Of Locations,3.39,volume in million,
2023,June,Tripura,Dhalai,0.06,volume in million,
2023,June,Tripura,North Tripura,0.19,volume in million,
2023,June,Tripura,South Tripura,0.12,volume in million,
2023,June,Tripura,West Tripura,0.57,volume in million,
2023,June,Uttar Pradesh,Allahabad,1.35,volume in million,
2023,June,Uttar Pradesh,Gautam Buddha Nagar,2.14,volume in million,
2023,June,Uttar Pradesh,Ghaziabad,2.08,volume in million,
2023,June,Uttar Pradesh,Lucknow,2.63,volume in million,
2023,June,Uttar Pradesh,Rest Of Locations,24.51,volume in million,
2023,June,Uttar Pradesh,Varanasi,1.46,volume in million,
2023,June,Uttarakhand,Almora,0.21,volume in million,
2023,June,Uttarakhand,Dehradun,1.3,volume in million,
2023,June,Uttarakhand,Haridwar,0.82,volume in million,
2023,June,Uttarakhand,Nainital,0.44,volume in million,
2023,June,Uttarakhand,Rest Of Locations,0.75,volume in million,
2023,June,Uttarakhand,Udham Singh Nagar,0.76,volume in million,
2023,June,West Bengal,Bardhaman,1.72,volume in million,
2023,June,West Bengal,Howrah,1.48,volume in million,
2023,June,West Bengal,Kolkata,3.46,volume in million,
2023,June,West Bengal,North 24 Parganas,3.21,volume in million,
2023,June,West Bengal,Rest Of Locations,9.87,volume in million,
2023,June,West Bengal,South 24 Parganas,1.53,volume in million,
2023,May,Andaman and Nicobar Islands,Nicobar,0,volume in million,
2023,May,Andaman and Nicobar Islands,North And Middle Andaman,0.02,volume in million,
2023,May,Andaman and Nicobar Islands,South Andaman,0.12,volume in million,
2023,May,Andhra Pradesh,Chittoor,2.09,volume in million,
2023,May,Andhra Pradesh,East Godavari,1.64,volume in million,
2023,May,Andhra Pradesh,Guntur,1.65,volume in million,
2023,May,Andhra Pradesh,Krishna,1.93,volume in million,
2023,May,Andhra Pradesh,Rest Of Locations,7.68,volume in million,
2023,May,Andhra Pradesh,Visakhapatnam,2.39,volume in million,
2023,May,Arunachal Pradesh,Lohit,0.04,volume in million,
2023,May,Arunachal Pradesh,Lower Subansiri,0.04,volume in million,
2023,May,Arunachal Pradesh,Papum Pare,0.13,volume in million,
2023,May,Arunachal Pradesh,Rest Of Locations,0.1,volume in million,
2023,May,Arunachal Pradesh,Upper Subansiri,0.03,volume in million,
2023,May,Arunachal Pradesh,West Siang,0.03,volume in million,
2023,May,Assam,Cachar,0.49,volume in million,
2023,May,Assam,Kamrup,1.87,volume in million,
2023,May,Assam,Nagaon,0.63,volume in million,
2023,May,Assam,Rest Of Locations,4.25,volume in million,
2023,May,Assam,Sibsagar,0.44,volume in million,
2023,May,Assam,Sonitpur,0.43,volume in million,
2023,May,Bihar,East Champaran,0.97,volume in million,
2023,May,Bihar,Muzaffarpur,0.82,volume in million,
2023,May,Bihar,Patna,2.21,volume in million,
2023,May,Bihar,Rest Of Locations,9.72,volume in million,
2023,May,Bihar,Vaishali,0.79,volume in million,
2023,May,Bihar,West Champaran,1.63,volume in million,
2023,May,Chandigarh,Chandigarh,0.82,volume in million,
2023,May,Chhattisgarh,Bilaspur(Cgh),0.69,volume in million,
2023,May,Chhattisgarh,Durg,1.14,volume in million,
2023,May,Chhattisgarh,Raipur,1.54,volume in million,
2023,May,Chhattisgarh,Rajnandgaon,0.39,volume in million,
2023,May,Chhattisgarh,Rest Of Locations,2.45,volume in million,
2023,May,Chhattisgarh,Surguja,0.4,volume in million,
2023,May,Dadra and Nagar Haveli,Dadra & Nagar Haveli,0.29,volume in million,
2023,May,Daman and Diu,Daman,0.22,volume in million,
2023,May,Daman and Diu,Diu,0.02,volume in million,
2023,May,Delhi,East Delhi,1.69,volume in million,
2023,May,Delhi,North West Delhi,1.85,volume in million,
2023,May,Delhi,Rest Of Locations,2.45,volume in million,
2023,May,Delhi,South Delhi,2,volume in million,
2023,May,Delhi,South West Delhi,2.13,volume in million,
2023,May,Delhi,West Delhi,1.64,volume in million,
2023,May,Goa,North Goa,0.76,volume in million,
2023,May,Goa,South Goa,0.68,volume in million,
2023,May,Gujarat,Ahmedabad,3.58,volume in million,
2023,May,Gujarat,Rajkot,1.15,volume in million,
2023,May,Gujarat,Rest Of Locations,8.26,volume in million,
2023,May,Gujarat,Surat,3.47,volume in million,
2023,May,Gujarat,Vadodara,1.76,volume in million,
2023,May,Gujarat,Valsad,0.95,volume in million,
2023,May,Haryana,Ambala,0.5,volume in million,
2023,May,Haryana,Faridabad,1.4,volume in million,
2023,May,Haryana,Gurgaon,2.43,volume in million,
2023,May,Haryana,Karnal,0.45,volume in million,
2023,May,Haryana,Rest Of Locations,3.88,volume in million,
2023,May,Haryana,Sonipat,0.49,volume in million,
2023,May,Himachal Pradesh,Kangra,0.49,volume in million,
2023,May,Himachal Pradesh,Kullu,0.22,volume in million,
2023,May,Himachal Pradesh,Mandi,0.23,volume in million,
2023,May,Himachal Pradesh,Rest Of Locations,0.8,volume in million,
2023,May,Himachal Pradesh,Shimla,0.38,volume in million,
2023,May,Himachal Pradesh,Solan,0.66,volume in million,
2023,May,Jammu and Kashmir,Ananthnag,0.21,volume in million,
2023,May,Jammu and Kashmir,Jammu,1.03,volume in million,
2023,May,Jammu and Kashmir,Kathua,0.19,volume in million,
2023,May,Jammu and Kashmir,Rest Of Locations,1.01,volume in million,
2023,May,Jammu and Kashmir,Srinagar,0.34,volume in million,
2023,May,Jammu and Kashmir,Udhampur,0.24,volume in million,
2023,May,Jharkhand,Bokaro,0.4,volume in million,
2023,May,Jharkhand,Dhanbad,0.65,volume in million,
2023,May,Jharkhand,East Singhbhum,0.87,volume in million,
2023,May,Jharkhand,Ranchi,1.17,volume in million,
2023,May,Jharkhand,Rest Of Locations,2.26,volume in million,
2023,May,Jharkhand,West Singhbhum,0.28,volume in million,
2023,May,Karnataka,Bangalore,9,volume in million,
2023,May,Karnataka,Bangalore Rural,1.14,volume in million,
2023,May,Karnataka,Belgaum,1.52,volume in million,
2023,May,Karnataka,Dakshina Kannada,1.23,volume in million,
2023,May,Karnataka,Mysore,1.48,volume in million,
2023,May,Karnataka,Rest Of Locations,12.72,volume in million,
2023,May,Kerala,Ernakulam,3.04,volume in million,
2023,May,Kerala,Kollam,2.03,volume in million,
2023,May,Kerala,Malappuram,3.18,volume in million,
2023,May,Kerala,Rest Of Locations,10.47,volume in million,
2023,May,Kerala,Thiruvananthapuram,2.67,volume in million,
2023,May,Kerala,Thrissur,2.18,volume in million,
2023,May,Lakshadweep,Lakshadweep,0.02,volume in million,
2023,May,Madhya Pradesh,Bhopal,1.23,volume in million,
2023,May,Madhya Pradesh,Dhar,0.5,volume in million,
2023,May,Madhya Pradesh,Gwalior,0.59,volume in million,
2023,May,Madhya Pradesh,Indore,1.92,volume in million,
2023,May,Madhya Pradesh,Jabalpur,0.61,volume in million,
2023,May,Madhya Pradesh,Rest Of Locations,8.22,volume in million,
2023,May,Maharashtra,Mumbai,8.7,volume in million,
2023,May,Maharashtra,Nagpur,2.49,volume in million,
2023,May,Maharashtra,Nashik,2.03,volume in million,
2023,May,Maharashtra,Pune,8.31,volume in million,
2023,May,Maharashtra,Rest Of Locations,18.79,volume in million,
2023,May,Maharashtra,Thane,12.01,volume in million,
2023,May,Manipur,Churachandpur,0.04,volume in million,
2023,May,Manipur,Imphal East,0.04,volume in million,
2023,May,Manipur,Imphal West,0.21,volume in million,
2023,May,Manipur,Rest Of Locations,0.06,volume in million,
2023,May,Manipur,Senapati,0.03,volume in million,
2023,May,Manipur,Thoubal,0.06,volume in million,
2023,May,Meghalaya,East Khasi Hills,0.39,volume in million,
2023,May,Meghalaya,Jaintia Hills,0.08,volume in million,
2023,May,Meghalaya,Rest Of Locations,0.05,volume in million,
2023,May,Meghalaya,Ri Bhoi,0.06,volume in million,
2023,May,Meghalaya,West Garo Hills,0.1,volume in million,
2023,May,Meghalaya,West Khasi Hills,0.05,volume in million,
2023,May,Mizoram,Aizawl,0.42,volume in million,
2023,May,Mizoram,Champhai,0.04,volume in million,
2023,May,Mizoram,Kolasib,0.04,volume in million,
2023,May,Mizoram,Lawngtlai,0.05,volume in million,
2023,May,Mizoram,Lunglei,0.07,volume in million,
2023,May,Mizoram,Rest Of Locations,0.05,volume in million,
2023,May,Nagaland,Dimapur,0.21,volume in million,
2023,May,Nagaland,Kohima,0.12,volume in million,
2023,May,Nagaland,Mokokchung,0.02,volume in million,
2023,May,Nagaland,Mon,0.02,volume in million,
2023,May,Nagaland,Rest Of Locations,0.04,volume in million,
2023,May,Nagaland,Wokha,0.03,volume in million,
2023,May,Odisha,Baleswar,1.59,volume in million,
2023,May,Odisha,Cuttack,0.95,volume in million,
2023,May,Odisha,Ganjam,0.85,volume in million,
2023,May,Odisha,Khorda,1.74,volume in million,
2023,May,Odisha,Rest Of Locations,6.83,volume in million,
2023,May,Odisha,Sundergarh,0.63,volume in million,
2023,May,Others,Other,2.01,volume in million,state: Pincode data or location mapping not available
2023,May,Puducherry,Karaikal,0.18,volume in million,
2023,May,Puducherry,Pondicherry,0.9,volume in million,
2023,May,Punjab,Amritsar,1.16,volume in million,
2023,May,Punjab,Gurdaspur,0.87,volume in million,
2023,May,Punjab,Jalandhar,1.07,volume in million,
2023,May,Punjab,Ludhiana,2.07,volume in million,
2023,May,Punjab,Rest Of Locations,4.8,volume in million,
2023,May,Punjab,Rupnagar,0.95,volume in million,
2023,May,Rajasthan,Alwar,0.96,volume in million,
2023,May,Rajasthan,Dausa,0.64,volume in million,
2023,May,Rajasthan,Jaipur,2.51,volume in million,
2023,May,Rajasthan,Jodhpur,0.75,volume in million,
2023,May,Rajasthan,Nagaur,0.84,volume in million,
2023,May,Rajasthan,Rest Of Locations,7.19,volume in million,
2023,May,Sikkim,East Sikkim,0.3,volume in million,
2023,May,Sikkim,North Sikkim,0.01,volume in million,
2023,May,Sikkim,South Sikkim,0.06,volume in million,
2023,May,Sikkim,West Sikkim,0.06,volume in million,
2023,May,Tamil Nadu,Chennai,4.46,volume in million,
2023,May,Tamil Nadu,Coimbatore,6.13,volume in million,
2023,May,Tamil Nadu,Kanchipuram,5.53,volume in million,
2023,May,Tamil Nadu,Rest Of Locations,34.51,volume in million,
2023,May,Tamil Nadu,Tiruvallur,4.22,volume in million,
2023,May,Tamil Nadu,Vellore,2.88,volume in million,
2023,May,Telangana,Hyderabad,5.25,volume in million,
2023,May,Telangana,K.V.Rangareddy,2.56,volume in million,
2023,May,Telangana,Karim Nagar,1.08,volume in million,
2023,May,Telangana,Mahabub Nagar,0.79,volume in million,
2023,May,Telangana,Medak,1.04,volume in million,
2023,May,Telangana,Rest Of Locations,3.23,volume in million,
2023,May,Tripura,Dhalai,0.06,volume in million,
2023,May,Tripura,North Tripura,0.19,volume in million,
2023,May,Tripura,South Tripura,0.12,volume in million,
2023,May,Tripura,West Tripura,0.58,volume in million,
2023,May,Uttar Pradesh,Allahabad,1.45,volume in million,
2023,May,Uttar Pradesh,Gautam Buddha Nagar,2.16,volume in million,
2023,May,Uttar Pradesh,Ghaziabad,2.09,volume in million,
2023,May,Uttar Pradesh,Lucknow,2.68,volume in million,
2023,May,Uttar Pradesh,Rest Of Locations,25.84,volume in million,
2023,May,Uttar Pradesh,Varanasi,1.55,volume in million,
2023,May,Uttarakhand,Almora,0.2,volume in million,
2023,May,Uttarakhand,Dehradun,1.35,volume in million,
2023,May,Uttarakhand,Haridwar,0.84,volume in million,
2023,May,Uttarakhand,Nainital,0.46,volume in million,
2023,May,Uttarakhand,Rest Of Locations,0.77,volume in million,
2023,May,Uttarakhand,Udham Singh Nagar,0.78,volume in million,
2023,May,West Bengal,Bardhaman,1.81,volume in million,
2023,May,West Bengal,Howrah,1.54,volume in million,
2023,May,West Bengal,Kolkata,3.59,volume in million,
2023,May,West Bengal,North 24 Parganas,3.34,volume in million,
2023,May,West Bengal,Rest Of Locations,10.6,volume in million,
2023,May,West Bengal,South 24 Parganas,1.61,volume in million,
2023,April,Andaman and Nicobar Islands,Nicobar,0,volume in million,
2023,April,Andaman and Nicobar Islands,North And Middle Andaman,0.02,volume in million,
2023,April,Andaman and Nicobar Islands,South Andaman,0.13,volume in million,
2023,April,Andhra Pradesh,Chittoor,2.08,volume in million,
2023,April,Andhra Pradesh,East Godavari,1.59,volume in million,
2023,April,Andhra Pradesh,Guntur,1.64,volume in million,
2023,April,Andhra Pradesh,Krishna,1.89,volume in million,
2023,April,Andhra Pradesh,Rest Of Locations,7.38,volume in million,
2023,April,Andhra Pradesh,Visakhapatnam,2.4,volume in million,
2023,April,Arunachal Pradesh,Lohit,0.04,volume in million,
2023,April,Arunachal Pradesh,Lower Subansiri,0.04,volume in million,
2023,April,Arunachal Pradesh,Papum Pare,0.14,volume in million,
2023,April,Arunachal Pradesh,Rest Of Locations,0.1,volume in million,
2023,April,Arunachal Pradesh,Upper Subansiri,0.03,volume in million,
2023,April,Arunachal Pradesh,West Siang,0.03,volume in million,
2023,April,Assam,Cachar,0.51,volume in million,
2023,April,Assam,Kamrup,1.93,volume in million,
2023,April,Assam,Nagaon,0.69,volume in million,
2023,April,Assam,Rest Of Locations,4.43,volume in million,
2023,April,Assam,Sibsagar,0.46,volume in million,
2023,April,Assam,Sonitpur,0.45,volume in million,
2023,April,Bihar,East Champaran,0.89,volume in million,
2023,April,Bihar,Muzaffarpur,0.76,volume in million,
2023,April,Bihar,Patna,2.24,volume in million,
2023,April,Bihar,Rest Of Locations,9.33,volume in million,
2023,April,Bihar,Vaishali,0.73,volume in million,
2023,April,Bihar,West Champaran,1.59,volume in million,
2023,April,Chandigarh,Chandigarh,0.84,volume in million,
2023,April,Chhattisgarh,Bilaspur(Cgh),0.69,volume in million,
2023,April,Chhattisgarh,Durg,1.1,volume in million,
2023,April,Chhattisgarh,Raipur,1.52,volume in million,
2023,April,Chhattisgarh,Rajnandgaon,0.39,volume in million,
2023,April,Chhattisgarh,Rest Of Locations,2.43,volume in million,
2023,April,Chhattisgarh,Surguja,0.39,volume in million,
2023,April,Dadra and Nagar Haveli,Dadra & Nagar Haveli,0.31,volume in million,
2023,April,Daman and Diu,Daman,0.23,volume in million,
2023,April,Daman and Diu,Diu,0.02,volume in million,
2023,April,Delhi,East Delhi,1.75,volume in million,
2023,April,Delhi,North West Delhi,1.94,volume in million,
2023,April,Delhi,Rest Of Locations,2.51,volume in million,
2023,April,Delhi,South Delhi,2.08,volume in million,
2023,April,Delhi,South West Delhi,2.27,volume in million,
2023,April,Delhi,West Delhi,1.72,volume in million,
2023,April,Goa,North Goa,0.78,volume in million,
2023,April,Goa,South Goa,0.7,volume in million,
2023,April,Gujarat,Ahmedabad,3.73,volume in million,
2023,April,Gujarat,Rajkot,1.13,volume in million,
2023,April,Gujarat,Rest Of Locations,8.25,volume in million,
2023,April,Gujarat,Surat,3.53,volume in million,
2023,April,Gujarat,Vadodara,1.81,volume in million,
2023,April,Gujarat,Valsad,0.97,volume in million,
2023,April,Haryana,Ambala,0.52,volume in million,
2023,April,Haryana,Faridabad,1.47,volume in million,
2023,April,Haryana,Gurgaon,2.56,volume in million,
2023,April,Haryana,Karnal,0.46,volume in million,
2023,April,Haryana,Rest Of Locations,3.97,volume in million,
2023,April,Haryana,Sonipat,0.5,volume in million,
2023,April,Himachal Pradesh,Kangra,0.49,volume in million,
2023,April,Himachal Pradesh,Kullu,0.21,volume in million,
2023,April,Himachal Pradesh,Mandi,0.24,volume in million,
2023,April,Himachal Pradesh,Rest Of Locations,0.81,volume in million,
2023,April,Himachal Pradesh,Shimla,0.38,volume in million,
2023,April,Himachal Pradesh,Solan,0.7,volume in million,
2023,April,Jammu and Kashmir,Ananthnag,0.23,volume in million,
2023,April,Jammu and Kashmir,Jammu,1.07,volume in million,
2023,April,Jammu and Kashmir,Kathua,0.19,volume in million,
2023,April,Jammu and Kashmir,Rest Of Locations,1.06,volume in million,
2023,April,Jammu and Kashmir,Srinagar,0.34,volume in million,
2023,April,Jammu and Kashmir,Udhampur,0.25,volume in million,
2023,April,Jharkhand,Bokaro,0.41,volume in million,
2023,April,Jharkhand,Dhanbad,0.68,volume in million,
2023,April,Jharkhand,East Singhbhum,0.91,volume in million,
2023,April,Jharkhand,Ranchi,1.19,volume in million,
2023,April,Jharkhand,Rest Of Locations,2.27,volume in million,
2023,April,Jharkhand,West Singhbhum,0.29,volume in million,
2023,April,Karnataka,Bangalore,9.62,volume in million,
2023,April,Karnataka,Bangalore Rural,1.24,volume in million,
2023,April,Karnataka,Belgaum,1.62,volume in million,
2023,April,Karnataka,Dakshina Kannada,1.25,volume in million,
2023,April,Karnataka,Mysore,1.56,volume in million,
2023,April,Karnataka,Rest Of Locations,13.39,volume in million,
2023,April,Kerala,Ernakulam,3.06,volume in million,
2023,April,Kerala,Kollam,2.08,volume in million,
2023,April,Kerala,Malappuram,3.05,volume in million,
2023,April,Kerala,Rest Of Locations,10.73,volume in million,
2023,April,Kerala,Thiruvananthapuram,2.73,volume in million,
2023,April,Kerala,Thrissur,2.18,volume in million,
2023,April,Lakshadweep,Lakshadweep,0.02,volume in million,
2023,April,Madhya Pradesh,Bhopal,1.24,volume in million,
2023,April,Madhya Pradesh,Dhar,0.52,volume in million,
2023,April,Madhya Pradesh,Gwalior,0.59,volume in million,
2023,April,Madhya Pradesh,Indore,1.99,volume in million,
2023,April,Madhya Pradesh,Jabalpur,0.63,volume in million,
2023,April,Madhya Pradesh,Rest Of Locations,7.93,volume in million,
2023,April,Maharashtra,Mumbai,9.33,volume in million,
2023,April,Maharashtra,Nagpur,2.48,volume in million,
2023,April,Maharashtra,Nashik,2.03,volume in million,
2023,April,Maharashtra,Pune,8.66,volume in million,
2023,April,Maharashtra,Rest Of Locations,18.38,volume in million,
2023,April,Maharashtra,Thane,12.53,volume in million,
2023,April,Manipur,Bishnupur,0.06,volume in million,
2023,April,Manipur,Churachandpur,0.1,volume in million,
2023,April,Manipur,Imphal East,0.08,volume in million,
2023,April,Manipur,Imphal West,0.36,volume in million,
2023,April,Manipur,Rest Of Locations,0.1,volume in million,
2023,April,Manipur,Thoubal,0.11,volume in million,
2023,April,Meghalaya,East Khasi Hills,0.37,volume in million,
2023,April,Meghalaya,Jaintia Hills,0.08,volume in million,
2023,April,Meghalaya,Rest Of Locations,0.04,volume in million,
2023,April,Meghalaya,Ri Bhoi,0.05,volume in million,
2023,April,Meghalaya,West Garo Hills,0.11,volume in million,
2023,April,Meghalaya,West Khasi Hills,0.05,volume in million,
2023,April,Mizoram,Aizawl,0.4,volume in million,
2023,April,Mizoram,Champhai,0.04,volume in million,
2023,April,Mizoram,Kolasib,0.03,volume in million,
2023,April,Mizoram,Lawngtlai,0.04,volume in million,
2023,April,Mizoram,Lunglei,0.05,volume in million,
2023,April,Mizoram,Rest Of Locations,0.04,volume in million,
2023,April,Nagaland,Dimapur,0.21,volume in million,
2023,April,Nagaland,Kohima,0.11,volume in million,
2023,April,Nagaland,Mokokchung,0.02,volume in million,
2023,April,Nagaland,Mon,0.02,volume in million,
2023,April,Nagaland,Rest Of Locations,0.04,volume in million,
2023,April,Nagaland,Wokha,0.03,volume in million,
2023,April,Odisha,Baleswar,1.51,volume in million,
2023,April,Odisha,Cuttack,0.98,volume in million,
2023,April,Odisha,Ganjam,0.85,volume in million,
2023,April,Odisha,Khorda,1.76,volume in million,
2023,April,Odisha,Rest Of Locations,7.12,volume in million,
2023,April,Odisha,Sundergarh,0.65,volume in million,
2023,April,Others,Other,2.09,volume in million,state: Pincode data or location mapping not available
2023,April,Puducherry,Karaikal,0.18,volume in million,
2023,April,Puducherry,Pondicherry,0.93,volume in million,
2023,April,Punjab,Amritsar,1.17,volume in million,
2023,April,Punjab,Gurdaspur,0.88,volume in million,
2023,April,Punjab,Jalandhar,1.08,volume in million,
2023,April,Punjab,Ludhiana,2.1,volume in million,
2023,April,Punjab,Rest Of Locations,4.86,volume in million,
2023,April,Punjab,Rupnagar,0.97,volume in million,
2023,April,Rajasthan,Alwar,0.97,volume in million,
2023,April,Rajasthan,Jaipur,2.54,volume in million,
2023,April,Rajasthan,Jodhpur,0.77,volume in million,
2023,April,Rajasthan,Nagaur,0.74,volume in million,
2023,April,Rajasthan,Rest Of Locations,7.04,volume in million,
2023,April,Rajasthan,Udaipur,0.64,volume in million,
2023,April,Sikkim,East Sikkim,0.29,volume in million,
2023,April,Sikkim,North Sikkim,0.01,volume in million,
2023,April,Sikkim,South Sikkim,0.06,volume in million,
2023,April,Sikkim,West Sikkim,0.06,volume in million,
2023,April,Tamil Nadu,Chennai,4.57,volume in million,
2023,April,Tamil Nadu,Coimbatore,6.12,volume in million,
2023,April,Tamil Nadu,Kanchipuram,5.64,volume in million,
2023,April,Tamil Nadu,Rest Of Locations,34.23,volume in million,
2023,April,Tamil Nadu,Tiruvallur,4.34,volume in million,
2023,April,Tamil Nadu,Vellore,2.98,volume in million,
2023,April,Telangana,Hyderabad,5.59,volume in million,
2023,April,Telangana,K.V.Rangareddy,2.7,volume in million,
2023,April,Telangana,Karim Nagar,1.04,volume in million,
2023,April,Telangana,Mahabub Nagar,0.78,volume in million,
2023,April,Telangana,Medak,1.05,volume in million,
2023,April,Telangana,Rest Of Locations,3.18,volume in million,
2023,April,Tripura,Dhalai,0.06,volume in million,
2023,April,Tripura,North Tripura,0.19,volume in million,
2023,April,Tripura,South Tripura,0.14,volume in million,
2023,April,Tripura,West Tripura,0.62,volume in million,
2023,April,Uttar Pradesh,Allahabad,1.4,volume in million,
2023,April,Uttar Pradesh,Gautam Buddha Nagar,2.27,volume in million,
2023,April,Uttar Pradesh,Ghaziabad,2.19,volume in million,
2023,April,Uttar Pradesh,Lucknow,2.76,volume in million,
2023,April,Uttar Pradesh,Rest Of Locations,24.77,volume in million,
2023,April,Uttar Pradesh,Varanasi,1.5,volume in million,
2023,April,Uttarakhand,Almora,0.2,volume in million,
2023,April,Uttarakhand,Dehradun,1.39,volume in million,
2023,April,Uttarakhand,Haridwar,0.84,volume in million,
2023,April,Uttarakhand,Nainital,0.47,volume in million,
2023,April,Uttarakhand,Rest Of Locations,0.73,volume in million,
2023,April,Uttarakhand,Udham Singh Nagar,0.81,volume in million,
2023,April,West Bengal,Bardhaman,1.88,volume in million,
2023,April,West Bengal,Howrah,1.58,volume in million,
2023,April,West Bengal,Kolkata,3.68,volume in million,
2023,April,West Bengal,North 24 Parganas,3.33,volume in million,
2023,April,West Bengal,Rest Of Locations,10.92,volume in million,
2023,April,West Bengal,South 24 Parganas,1.69,volume in million,
2023,March,Andaman and Nicobar Islands,Nicobar,0.01,volume in million,
2023,March,Andaman and Nicobar Islands,North And Middle Andaman,0.02,volume in million,
2023,March,Andaman and Nicobar Islands,South Andaman,0.13,volume in million,
2023,March,Andhra Pradesh,Chittoor,2.08,volume in million,
2023,March,Andhra Pradesh,East Godavari,1.68,volume in million,
2023,March,Andhra Pradesh,Guntur,1.7,volume in million,
2023,March,Andhra Pradesh,Krishna,1.95,volume in million,
2023,March,Andhra Pradesh,Rest Of Locations,7.57,volume in million,
2023,March,Andhra Pradesh,Visakhapatnam,2.46,volume in million,
2023,March,Arunachal Pradesh,Lohit,0.04,volume in million,
2023,March,Arunachal Pradesh,Lower Subansiri,0.04,volume in million,
2023,March,Arunachal Pradesh,Papum Pare,0.14,volume in million,
2023,March,Arunachal Pradesh,Rest Of Locations,0.11,volume in million,
2023,March,Arunachal Pradesh,Upper Subansiri,0.03,volume in million,
2023,March,Arunachal Pradesh,West Siang,0.03,volume in million,
2023,March,Assam,Cachar,0.5,volume in million,
2023,March,Assam,Kamrup,1.93,volume in million,
2023,March,Assam,Nagaon,0.66,volume in million,
2023,March,Assam,Rest Of Locations,4.36,volume in million,
2023,March,Assam,Sibsagar,0.45,volume in million,
2023,March,Assam,Sonitpur,0.44,volume in million,
2023,March,Bihar,East Champaran,0.9,volume in million,
2023,March,Bihar,Muzaffarpur,0.8,volume in million,
2023,March,Bihar,Patna,2.2,volume in million,
2023,March,Bihar,Rest Of Locations,9.83,volume in million,
2023,March,Bihar,Vaishali,0.75,volume in million,
2023,March,Bihar,West Champaran,1.47,volume in million,
2023,March,Chandigarh,Chandigarh,0.85,volume in million,
2023,March,Chhattisgarh,Bilaspur(Cgh),0.7,volume in million,
2023,March,Chhattisgarh,Durg,1.14,volume in million,
2023,March,Chhattisgarh,Korba,0.39,volume in million,
2023,March,Chhattisgarh,Raipur,1.57,volume in million,
2023,March,Chhattisgarh,Rajnandgaon,0.43,volume in million,
2023,March,Chhattisgarh,Rest Of Locations,2.54,volume in million,
2023,March,Dadra and Nagar Haveli,Dadra & Nagar Haveli,0.31,volume in million,
2023,March,Daman and Diu,Daman,0.23,volume in million,
2023,March,Daman and Diu,Diu,0.02,volume in million,
2023,March,Delhi,East Delhi,1.74,volume in million,
2023,March,Delhi,North West Delhi,1.91,volume in million,
2023,March,Delhi,Rest Of Locations,2.54,volume in million,
2023,March,Delhi,South Delhi,2.08,volume in million,
2023,March,Delhi,South West Delhi,2.22,volume in million,
2023,March,Delhi,West Delhi,1.69,volume in million,
2023,March,Goa,North Goa,0.78,volume in million,
2023,March,Goa,South Goa,0.7,volume in million,
2023,March,Gujarat,Ahmedabad,3.79,volume in million,
2023,March,Gujarat,Rajkot,1.16,volume in million,
2023,March,Gujarat,Rest Of Locations,8.6,volume in million,
2023,March,Gujarat,Surat,3.59,volume in million,
2023,March,Gujarat,Vadodara,1.84,volume in million,
2023,March,Gujarat,Valsad,0.99,volume in million,
2023,March,Haryana,Ambala,0.51,volume in million,
2023,March,Haryana,Faridabad,1.43,volume in million,
2023,March,Haryana,Gurgaon,2.51,volume in million,
2023,March,Haryana,Karnal,0.46,volume in million,
2023,March,Haryana,Rest Of Locations,3.98,volume in million,
2023,March,Haryana,Sonipat,0.5,volume in million,
2023,March,Himachal Pradesh,Kangra,0.48,volume in million,
2023,March,Himachal Pradesh,Kullu,0.21,volume in million,
2023,March,Himachal Pradesh,Mandi,0.25,volume in million,
2023,March,Himachal Pradesh,Rest Of Locations,0.83,volume in million,
2023,March,Himachal Pradesh,Shimla,0.39,volume in million,
2023,March,Himachal Pradesh,Solan,0.69,volume in million,
2023,March,Jammu and Kashmir,Ananthnag,0.21,volume in million,
2023,March,Jammu and Kashmir,Jammu,1.08,volume in million,
2023,March,Jammu and Kashmir,Kathua,0.19,volume in million,
2023,March,Jammu and Kashmir,Rest Of Locations,0.99,volume in million,
2023,March,Jammu and Kashmir,Srinagar,0.32,volume in million,
2023,March,Jammu and Kashmir,Udhampur,0.24,volume in million,
2023,March,Jharkhand,Bokaro,0.41,volume in million,
2023,March,Jharkhand,Dhanbad,0.69,volume in million,
2023,March,Jharkhand,East Singhbhum,0.92,volume in million,
2023,March,Jharkhand,Hazaribag,0.29,volume in million,
2023,March,Jharkhand,Ranchi,1.16,volume in million,
2023,March,Jharkhand,Rest Of Locations,2.29,volume in million,
2023,March,Karnataka,Bangalore,10.04,volume in million,
2023,March,Karnataka,Bangalore Rural,1.3,volume in million,
2023,March,Karnataka,Belgaum,1.73,volume in million,
2023,March,Karnataka,Dakshina Kannada,1.28,volume in million,
2023,March,Karnataka,Mysore,1.64,volume in million,
2023,March,Karnataka,Rest Of Locations,14.37,volume in million,
2023,March,Kerala,Ernakulam,3.18,volume in million,
2023,March,Kerala,Kollam,2.14,volume in million,
2023,March,Kerala,Malappuram,3.06,volume in million,
2023,March,Kerala,Rest Of Locations,11.03,volume in million,
2023,March,Kerala,Thiruvananthapuram,2.85,volume in million,
2023,March,Kerala,Thrissur,2.26,volume in million,
2023,March,Lakshadweep,Lakshadweep,0.02,volume in million,
2023,March,Madhya Pradesh,Bhopal,1.27,volume in million,
2023,March,Madhya Pradesh,Dhar,0.55,volume in million,
2023,March,Madhya Pradesh,Gwalior,0.62,volume in million,
2023,March,Madhya Pradesh,Indore,2.03,volume in million,
2023,March,Madhya Pradesh,Jabalpur,0.62,volume in million,
2023,March,Madhya Pradesh,Rest Of Locations,8.34,volume in million,
2023,March,Maharashtra,Mumbai,9.5,volume in million,
2023,March,Maharashtra,Nagpur,2.57,volume in million,
2023,March,Maharashtra,Nashik,2.03,volume in million,
2023,March,Maharashtra,Pune,8.94,volume in million,
2023,March,Maharashtra,Rest Of Locations,18.99,volume in million,
2023,March,Maharashtra,Thane,12.69,volume in million,
2023,March,Manipur,Bishnupur,0.06,volume in million,
2023,March,Manipur,Churachandpur,0.1,volume in million,
2023,March,Manipur,Imphal East,0.09,volume in million,
2023,March,Manipur,Imphal West,0.36,volume in million,
2023,March,Manipur,Rest Of Locations,0.09,volume in million,
2023,March,Manipur,Thoubal,0.11,volume in million,
2023,March,Meghalaya,East Khasi Hills,0.36,volume in million,
2023,March,Meghalaya,Jaintia Hills,0.08,volume in million,
2023,March,Meghalaya,Rest Of Locations,0.05,volume in million,
2023,March,Meghalaya,Ri Bhoi,0.05,volume in million,
2023,March,Meghalaya,West Garo Hills,0.11,volume in million,
2023,March,Meghalaya,West Khasi Hills,0.04,volume in million,
2023,March,Mizoram,Aizawl,0.43,volume in million,
2023,March,Mizoram,Champhai,0.03,volume in million,
2023,March,Mizoram,Kolasib,0.03,volume in million,
2023,March,Mizoram,Lawngtlai,0.05,volume in million,
2023,March,Mizoram,Lunglei,0.06,volume in million,
2023,March,Mizoram,Rest Of Locations,0.05,volume in million,
2023,March,Nagaland,Dimapur,0.21,volume in million,
2023,March,Nagaland,Kohima,0.1,volume in million,
2023,March,Nagaland,Mokokchung,0.02,volume in million,
2023,March,Nagaland,Mon,0.02,volume in million,
2023,March,Nagaland,Rest Of Locations,0.04,volume in million,
2023,March,Nagaland,Wokha,0.03,volume in million,
2023,March,Odisha,Baleswar,1.44,volume in million,
2023,March,Odisha,Bhadrak,0.65,volume in million,
2023,March,Odisha,Cuttack,0.99,volume in million,
2023,March,Odisha,Ganjam,0.87,volume in million,
2023,March,Odisha,Khorda,1.77,volume in million,
2023,March,Odisha,Rest Of Locations,7.3,volume in million,
2023,March,Others,Other,2.11,volume in million,state: Pincode data or location mapping not available
2023,March,Puducherry,Karaikal,0.18,volume in million,
2023,March,Puducherry,Pondicherry,0.92,volume in million,
2023,March,Punjab,Amritsar,1.22,volume in million,
2023,March,Punjab,Gurdaspur,0.92,volume in million,
2023,March,Punjab,Jalandhar,1.12,volume in million,
2023,March,Punjab,Ludhiana,2.19,volume in million,
2023,March,Punjab,Rest Of Locations,5.14,volume in million,
2023,March,Punjab,Rupnagar,1.02,volume in million,
2023,March,Rajasthan,Alwar,0.95,volume in million,
2023,March,Rajasthan,Jaipur,2.56,volume in million,
2023,March,Rajasthan,Jodhpur,0.8,volume in million,
2023,March,Rajasthan,Nagaur,0.8,volume in million,
2023,March,Rajasthan,Rest Of Locations,7.24,volume in million,
2023,March,Rajasthan,Udaipur,0.64,volume in million,
2023,March,Sikkim,East Sikkim,0.29,volume in million,
2023,March,Sikkim,North Sikkim,0.01,volume in million,
2023,March,Sikkim,South Sikkim,0.06,volume in million,
2023,March,Sikkim,West Sikkim,0.06,volume in million,
2023,March,Tamil Nadu,Chennai,4.58,volume in million,
2023,March,Tamil Nadu,Coimbatore,6.2,volume in million,
2023,March,Tamil Nadu,Kanchipuram,5.64,volume in million,
2023,March,Tamil Nadu,Rest Of Locations,33.95,volume in million,
2023,March,Tamil Nadu,Tiruvallur,4.27,volume in million,
2023,March,Tamil Nadu,Vellore,2.9,volume in million,
2023,March,Telangana,Hyderabad,5.62,volume in million,
2023,March,Telangana,K.V.Rangareddy,2.73,volume in million,
2023,March,Telangana,Karim Nagar,1.09,volume in million,
2023,March,Telangana,Medak,1.06,volume in million,
2023,March,Telangana,Rest Of Locations,3.31,volume in million,
2023,March,Telangana,Warangal,0.82,volume in million,
2023,March,Tripura,Dhalai,0.05,volume in million,
2023,March,Tripura,North Tripura,0.18,volume in million,
2023,March,Tripura,South Tripura,0.13,volume in million,
2023,March,Tripura,West Tripura,0.57,volume in million,
2023,March,Uttar Pradesh,Allahabad,1.36,volume in million,
2023,March,Uttar Pradesh,Gautam Buddha Nagar,2.21,volume in million,
2023,March,Uttar Pradesh,Ghaziabad,2.15,volume in million,
2023,March,Uttar Pradesh,Lucknow,2.79,volume in million,
2023,March,Uttar Pradesh,Rest Of Locations,25.64,volume in million,
2023,March,Uttar Pradesh,Varanasi,1.5,volume in million,
2023,March,Uttarakhand,Almora,0.2,volume in million,
2023,March,Uttarakhand,Dehradun,1.35,volume in million,
2023,March,Uttarakhand,Haridwar,0.81,volume in million,
2023,March,Uttarakhand,Nainital,0.45,volume in million,
2023,March,Uttarakhand,Rest Of Locations,0.71,volume in million,
2023,March,Uttarakhand,Udham Singh Nagar,0.8,volume in million,
2023,March,West Bengal,Bardhaman,1.86,volume in million,
2023,March,West Bengal,Howrah,1.55,volume in million,
2023,March,West Bengal,Kolkata,3.69,volume in million,
2023,March,West Bengal,North 24 Parganas,3.28,volume in million,
2023,March,West Bengal,Rest Of Locations,10.71,volume in million,
2023,March,West Bengal,South 24 Parganas,1.65,volume in million,
2023,February,Andaman and Nicobar Islands,Nicobar,0.01,volume in million,
2023,February,Andaman and Nicobar Islands,North And Middle Andaman,0.02,volume in million,
2023,February,Andaman and Nicobar Islands,South Andaman,0.13,volume in million,
2023,February,Andhra Pradesh,Chittoor,1.92,volume in million,
2023,February,Andhra Pradesh,East Godavari,1.48,volume in million,
2023,February,Andhra Pradesh,Guntur,1.5,volume in million,
2023,February,Andhra Pradesh,Krishna,1.74,volume in million,
2023,February,Andhra Pradesh,Rest Of Locations,6.77,volume in million,
2023,February,Andhra Pradesh,Visakhapatnam,2.25,volume in million,
2023,February,Arunachal Pradesh,East Siang,0.03,volume in million,
2023,February,Arunachal Pradesh,Lohit,0.03,volume in million,
2023,February,Arunachal Pradesh,Lower Subansiri,0.03,volume in million,
2023,February,Arunachal Pradesh,Papum Pare,0.13,volume in million,
2023,February,Arunachal Pradesh,Rest Of Locations,0.1,volume in million,
2023,February,Arunachal Pradesh,Upper Subansiri,0.03,volume in million,
2023,February,Assam,Cachar,0.46,volume in million,
2023,February,Assam,Kamrup,1.76,volume in million,
2023,February,Assam,Nagaon,0.62,volume in million,
2023,February,Assam,Rest Of Locations,3.98,volume in million,
2023,February,Assam,Sibsagar,0.41,volume in million,
2023,February,Assam,Sonitpur,0.4,volume in million,
2023,February,Bihar,East Champaran,0.74,volume in million,
2023,February,Bihar,Muzaffarpur,0.69,volume in million,
2023,February,Bihar,Patna,2.05,volume in million,
2023,February,Bihar,Rest Of Locations,8.62,volume in million,
2023,February,Bihar,Vaishali,0.62,volume in million,
2023,February,Bihar,West Champaran,1.21,volume in million,
2023,February,Chandigarh,Chandigarh,0.79,volume in million,
2023,February,Chhattisgarh,Bilaspur(Cgh),0.63,volume in million,
2023,February,Chhattisgarh,Durg,1,volume in million,
2023,February,Chhattisgarh,Korba,0.36,volume in million,
2023,February,Chhattisgarh,Raipur,1.48,volume in million,
2023,February,Chhattisgarh,Rest Of Locations,2.28,volume in million,
2023,February,Chhattisgarh,Surguja,0.37,volume in million,
2023,February,Dadra and Nagar Haveli,Dadra & Nagar Haveli,0.28,volume in million,
2023,February,Daman and Diu,Daman,0.22,volume in million,
2023,February,Daman and Diu,Diu,0.02,volume in million,
2023,February,Delhi,East Delhi,1.61,volume in million,
2023,February,Delhi,North West Delhi,1.82,volume in million,
2023,February,Delhi,Rest Of Locations,2.43,volume in million,
2023,February,Delhi,South Delhi,1.94,volume in million,
2023,February,Delhi,South West Delhi,2.09,volume in million,
2023,February,Delhi,West Delhi,1.57,volume in million,
2023,February,Goa,North Goa,0.74,volume in million,
2023,February,Goa,South Goa,0.65,volume in million,
2023,February,Gujarat,Ahmedabad,3.52,volume in million,
2023,February,Gujarat,Rajkot,1.05,volume in million,
2023,February,Gujarat,Rest Of Locations,7.88,volume in million,
2023,February,Gujarat,Surat,3.33,volume in million,
2023,February,Gujarat,Vadodara,1.74,volume in million,
2023,February,Gujarat,Valsad,0.93,volume in million,
2023,February,Haryana,Ambala,0.47,volume in million,
2023,February,Haryana,Faridabad,1.35,volume in million,
2023,February,Haryana,Gurgaon,2.43,volume in million,
2023,February,Haryana,Karnal,0.43,volume in million,
2023,February,Haryana,Rest Of Locations,3.7,volume in million,
2023,February,Haryana,Sonipat,0.47,volume in million,
2023,February,Himachal Pradesh,Kangra,0.45,volume in million,
2023,February,Himachal Pradesh,Kullu,0.19,volume in million,
2023,February,Himachal Pradesh,Mandi,0.24,volume in million,
2023,February,Himachal Pradesh,Rest Of Locations,0.74,volume in million,
2023,February,Himachal Pradesh,Shimla,0.34,volume in million,
2023,February,Himachal Pradesh,Solan,0.65,volume in million,
2023,February,Jammu and Kashmir,Ananthnag,0.17,volume in million,
2023,February,Jammu and Kashmir,Jammu,1.08,volume in million,
2023,February,Jammu and Kashmir,Kathua,0.18,volume in million,
2023,February,Jammu and Kashmir,Rest Of Locations,0.84,volume in million,
2023,February,Jammu and Kashmir,Srinagar,0.26,volume in million,
2023,February,Jammu and Kashmir,Udhampur,0.21,volume in million,
2023,February,Jharkhand,Bokaro,0.38,volume in million,
2023,February,Jharkhand,Dhanbad,0.6,volume in million,
2023,February,Jharkhand,East Singhbhum,0.87,volume in million,
2023,February,Jharkhand,Hazaribag,0.27,volume in million,
2023,February,Jharkhand,Ranchi,1.11,volume in million,
2023,February,Jharkhand,Rest Of Locations,2.09,volume in million,
2023,February,Karnataka,Bangalore,9.46,volume in million,
2023,February,Karnataka,Bangalore Rural,1.22,volume in million,
2023,February,Karnataka,Belgaum,1.56,volume in million,
2023,February,Karnataka,Dakshina Kannada,1.19,volume in million,
2023,February,Karnataka,Mysore,1.52,volume in million,
2023,February,Karnataka,Rest Of Locations,12.98,volume in million,
2023,February,Kerala,Ernakulam,2.96,volume in million,
2023,February,Kerala,Kollam,1.92,volume in million,
2023,February,Kerala,Malappuram,2.7,volume in million,
2023,February,Kerala,Rest Of Locations,10.11,volume in million,
2023,February,Kerala,Thiruvananthapuram,2.56,volume in million,
2023,February,Kerala,Thrissur,2.07,volume in million,
2023,February,Lakshadweep,Lakshadweep,0.02,volume in million,
2023,February,Madhya Pradesh,Bhopal,1.23,volume in million,
2023,February,Madhya Pradesh,Dhar,0.51,volume in million,
2023,February,Madhya Pradesh,Gwalior,0.6,volume in million,
2023,February,Madhya Pradesh,Indore,1.93,volume in million,
2023,February,Madhya Pradesh,Jabalpur,0.59,volume in million,
2023,February,Madhya Pradesh,Rest Of Locations,8.09,volume in million,
2023,February,Maharashtra,Mumbai,8.86,volume in million,
2023,February,Maharashtra,Nagpur,2.38,volume in million,
2023,February,Maharashtra,Nashik,1.85,volume in million,
2023,February,Maharashtra,Pune,8.28,volume in million,
2023,February,Maharashtra,Rest Of Locations,17.07,volume in million,
2023,February,Maharashtra,Thane,11.69,volume in million,
2023,February,Manipur,Bishnupur,0.05,volume in million,
2023,February,Manipur,Churachandpur,0.07,volume in million,
2023,February,Manipur,Imphal East,0.07,volume in million,
2023,February,Manipur,Imphal West,0.32,volume in million,
2023,February,Manipur,Rest Of Locations,0.07,volume in million,
2023,February,Manipur,Thoubal,0.09,volume in million,
2023,February,Meghalaya,East Khasi Hills,0.31,volume in million,
2023,February,Meghalaya,Jaintia Hills,0.07,volume in million,
2023,February,Meghalaya,Rest Of Locations,0.04,volume in million,
2023,February,Meghalaya,Ri Bhoi,0.05,volume in million,
2023,February,Meghalaya,West Garo Hills,0.1,volume in million,
2023,February,Meghalaya,West Khasi Hills,0.04,volume in million,
2023,February,Mizoram,Aizawl,0.37,volume in million,
2023,February,Mizoram,Champhai,0.03,volume in million,
2023,February,Mizoram,Kolasib,0.03,volume in million,
2023,February,Mizoram,Lawngtlai,0.04,volume in million,
2023,February,Mizoram,Lunglei,0.05,volume in million,
2023,February,Mizoram,Rest Of Locations,0.04,volume in million,
2023,February,Nagaland,Dimapur,0.17,volume in million,
2023,February,Nagaland,Kohima,0.08,volume in million,
2023,February,Nagaland,Mokokchung,0.02,volume in million,
2023,February,Nagaland,Mon,0.01,volume in million,
2023,February,Nagaland,Rest Of Locations,0.03,volume in million,
2023,February,Nagaland,Wokha,0.02,volume in million,
2023,February,Odisha,Baleswar,1.19,volume in million,
2023,February,Odisha,Cuttack,0.9,volume in million,
2023,February,Odisha,Ganjam,0.81,volume in million,
2023,February,Odisha,Khorda,1.63,volume in million,
2023,February,Odisha,Rest Of Locations,6.76,volume in million,
2023,February,Odisha,Sundergarh,0.61,volume in million,
2023,February,Others,Other,1.85,volume in million,state: Pincode data or location mapping not available
2023,February,Puducherry,Karaikal,0.16,volume in million,
2023,February,Puducherry,Pondicherry,0.86,volume in million,
2023,February,Punjab,Amritsar,1.11,volume in million,
2023,February,Punjab,Gurdaspur,0.82,volume in million,
2023,February,Punjab,Jalandhar,1,volume in million,
2023,February,Punjab,Ludhiana,1.97,volume in million,
2023,February,Punjab,Rest Of Locations,4.57,volume in million,
2023,February,Punjab,Rupnagar,0.9,volume in million,
2023,February,Rajasthan,Alwar,0.89,volume in million,
2023,February,Rajasthan,Jaipur,2.55,volume in million,
2023,February,Rajasthan,Jodhpur,0.74,volume in million,
2023,February,Rajasthan,Nagaur,0.79,volume in million,
2023,February,Rajasthan,Rest Of Locations,6.91,volume in million,
2023,February,Rajasthan,Udaipur,0.67,volume in million,
2023,February,Sikkim,East Sikkim,0.27,volume in million,
2023,February,Sikkim,North Sikkim,0.01,volume in million,
2023,February,Sikkim,South Sikkim,0.05,volume in million,
2023,February,Sikkim,West Sikkim,0.06,volume in million,
2023,February,Tamil Nadu,Chennai,4.3,volume in million,
2023,February,Tamil Nadu,Coimbatore,5.82,volume in million,
2023,February,Tamil Nadu,Kanchipuram,5.32,volume in million,
2023,February,Tamil Nadu,Rest Of Locations,31.56,volume in million,
2023,February,Tamil Nadu,Tiruvallur,4.04,volume in million,
2023,February,Tamil Nadu,Vellore,2.75,volume in million,
2023,February,Telangana,Hyderabad,5.28,volume in million,
2023,February,Telangana,K.V.Rangareddy,2.58,volume in million,
2023,February,Telangana,Karim Nagar,1.03,volume in million,
2023,February,Telangana,Medak,1.03,volume in million,
2023,February,Telangana,Rest Of Locations,3.11,volume in million,
2023,February,Telangana,Warangal,0.78,volume in million,
2023,February,Tripura,Dhalai,0.05,volume in million,
2023,February,Tripura,North Tripura,0.15,volume in million,
2023,February,Tripura,South Tripura,0.11,volume in million,
2023,February,Tripura,West Tripura,0.51,volume in million,
2023,February,Uttar Pradesh,Allahabad,1.37,volume in million,
2023,February,Uttar Pradesh,Gautam Buddha Nagar,2.15,volume in million,
2023,February,Uttar Pradesh,Ghaziabad,2.02,volume in million,
2023,February,Uttar Pradesh,Lucknow,2.63,volume in million,
2023,February,Uttar Pradesh,Rest Of Locations,23.66,volume in million,
2023,February,Uttar Pradesh,Varanasi,1.42,volume in million,
2023,February,Uttarakhand,Almora,0.18,volume in million,
2023,February,Uttarakhand,Dehradun,1.29,volume in million,
2023,February,Uttarakhand,Haridwar,0.76,volume in million,
2023,February,Uttarakhand,Nainital,0.42,volume in million,
2023,February,Uttarakhand,Rest Of Locations,0.66,volume in million,
2023,February,Uttarakhand,Udham Singh Nagar,0.77,volume in million,
2023,February,West Bengal,Bardhaman,1.72,volume in million,
2023,February,West Bengal,Howrah,1.41,volume in million,
2023,February,West Bengal,Kolkata,3.41,volume in million,
2023,February,West Bengal,North 24 Parganas,3,volume in million,
2023,February,West Bengal,Rest Of Locations,9.7,volume in million,
2023,February,West Bengal,South 24 Parganas,1.5,volume in million,
2023,January,Andaman and Nicobar Islands,Nicobar,0.01,volume in million,
2023,January,Andaman and Nicobar Islands,North And Middle Andaman,0.02,volume in million,
2023,January,Andaman and Nicobar Islands,South Andaman,0.14,volume in million,
2023,January,Andhra Pradesh,Chittoor,2.03,volume in million,
2023,January,Andhra Pradesh,East Godavari,1.68,volume in million,
2023,January,Andhra Pradesh,Guntur,1.58,volume in million,
2023,January,Andhra Pradesh,Krishna,1.87,volume in million,
2023,January,Andhra Pradesh,Rest Of Locations,7.31,volume in million,
2023,January,Andhra Pradesh,Visakhapatnam,2.38,volume in million,
2023,January,Arunachal Pradesh,East Siang,0.03,volume in million,
2023,January,Arunachal Pradesh,Lohit,0.03,volume in million,
2023,January,Arunachal Pradesh,Lower Subansiri,0.03,volume in million,
2023,January,Arunachal Pradesh,Papum Pare,0.13,volume in million,
2023,January,Arunachal Pradesh,Rest Of Locations,0.09,volume in million,
2023,January,Arunachal Pradesh,West Siang,0.03,volume in million,
2023,January,Assam,Cachar,0.49,volume in million,
2023,January,Assam,Kamrup,1.89,volume in million,
2023,January,Assam,Nagaon,0.68,volume in million,
2023,January,Assam,Rest Of Locations,4.31,volume in million,
2023,January,Assam,Sibsagar,0.42,volume in million,
2023,January,Assam,Sonitpur,0.44,volume in million,
2023,January,Bihar,East Champaran,0.77,volume in million,
2023,January,Bihar,Muzaffarpur,0.67,volume in million,
2023,January,Bihar,Patna,2.08,volume in million,
2023,January,Bihar,Rest Of Locations,8.57,volume in million,
2023,January,Bihar,Vaishali,0.61,volume in million,
2023,January,Bihar,West Champaran,1.22,volume in million,
2023,January,Chandigarh,Chandigarh,0.83,volume in million,
2023,January,Chhattisgarh,Bilaspur(Cgh),0.66,volume in million,
2023,January,Chhattisgarh,Durg,1.09,volume in million,
2023,January,Chhattisgarh,Raipur,1.68,volume in million,
2023,January,Chhattisgarh,Rajnandgaon,0.4,volume in million,
2023,January,Chhattisgarh,Rest Of Locations,2.58,volume in million,
2023,January,Chhattisgarh,Surguja,0.43,volume in million,
2023,January,Dadra and Nagar Haveli,Dadra & Nagar Haveli,0.31,volume in million,
2023,January,Daman and Diu,Daman,0.24,volume in million,
2023,January,Daman and Diu,Diu,0.02,volume in million,
2023,January,Delhi,East Delhi,1.67,volume in million,
2023,January,Delhi,North West Delhi,1.91,volume in million,
2023,January,Delhi,Rest Of Locations,2.47,volume in million,
2023,January,Delhi,South Delhi,1.98,volume in million,
2023,January,Delhi,South West Delhi,2.15,volume in million,
2023,January,Delhi,West Delhi,1.63,volume in million,
2023,January,Goa,North Goa,0.83,volume in million,
2023,January,Goa,South Goa,0.71,volume in million,
2023,January,Gujarat,Ahmedabad,3.85,volume in million,
2023,January,Gujarat,Rajkot,1.14,volume in million,
2023,January,Gujarat,Rest Of Locations,8.33,volume in million,
2023,January,Gujarat,Surat,3.62,volume in million,
2023,January,Gujarat,Vadodara,1.88,volume in million,
2023,January,Gujarat,Valsad,0.99,volume in million,
2023,January,Haryana,Ambala,0.48,volume in million,
2023,January,Haryana,Faridabad,1.39,volume in million,
2023,January,Haryana,Gurgaon,2.44,volume in million,
2023,January,Haryana,Karnal,0.43,volume in million,
2023,January,Haryana,Rest Of Locations,3.75,volume in million,
2023,January,Haryana,Sonipat,0.48,volume in million,
2023,January,Himachal Pradesh,Kangra,0.46,volume in million,
2023,January,Himachal Pradesh,Kullu,0.21,volume in million,
2023,January,Himachal Pradesh,Mandi,0.24,volume in million,
2023,January,Himachal Pradesh,Rest Of Locations,0.77,volume in million,
2023,January,Himachal Pradesh,Shimla,0.34,volume in million,
2023,January,Himachal Pradesh,Solan,0.69,volume in million,
2023,January,Jammu and Kashmir,Ananthnag,0.15,volume in million,
2023,January,Jammu and Kashmir,Jammu,1.06,volume in million,
2023,January,Jammu and Kashmir,Kathua,0.18,volume in million,
2023,January,Jammu and Kashmir,Rest Of Locations,0.79,volume in million,
2023,January,Jammu and Kashmir,Srinagar,0.24,volume in million,
2023,January,Jammu and Kashmir,Udhampur,0.22,volume in million,
2023,January,Jharkhand,Bokaro,0.4,volume in million,
2023,January,Jharkhand,Dhanbad,0.61,volume in million,
2023,January,Jharkhand,East Singhbhum,0.9,volume in million,
2023,January,Jharkhand,Hazaribag,0.28,volume in million,
2023,January,Jharkhand,Ranchi,1.15,volume in million,
2023,January,Jharkhand,Rest Of Locations,2.16,volume in million,
2023,January,Karnataka,Bangalore,10.04,volume in million,
2023,January,Karnataka,Bangalore Rural,1.29,volume in million,
2023,January,Karnataka,Belgaum,1.64,volume in million,
2023,January,Karnataka,Dakshina Kannada,1.3,volume in million,
2023,January,Karnataka,Mysore,1.58,volume in million,
2023,January,Karnataka,Rest Of Locations,13.68,volume in million,
2023,January,Kerala,Ernakulam,3.11,volume in million,
2023,January,Kerala,Kozhikode,1.96,volume in million,
2023,January,Kerala,Malappuram,2.77,volume in million,
2023,January,Kerala,Rest Of Locations,10.44,volume in million,
2023,January,Kerala,Thiruvananthapuram,2.63,volume in million,
2023,January,Kerala,Thrissur,2.2,volume in million,
2023,January,Lakshadweep,Lakshadweep,0.02,volume in million,
2023,January,Madhya Pradesh,Bhopal,1.26,volume in million,
2023,January,Madhya Pradesh,Dhar,0.53,volume in million,
2023,January,Madhya Pradesh,Gwalior,0.59,volume in million,
2023,January,Madhya Pradesh,Indore,2.01,volume in million,
2023,January,Madhya Pradesh,Jabalpur,0.61,volume in million,
2023,January,Madhya Pradesh,Rest Of Locations,7.88,volume in million,
2023,January,Maharashtra,Mumbai,9.54,volume in million,
2023,January,Maharashtra,Nagpur,2.55,volume in million,
2023,January,Maharashtra,Nashik,1.94,volume in million,
2023,January,Maharashtra,Pune,8.94,volume in million,
2023,January,Maharashtra,Rest Of Locations,18.09,volume in million,
2023,January,Maharashtra,Thane,12.36,volume in million,
2023,January,Manipur,Bishnupur,0.06,volume in million,
2023,January,Manipur,Churachandpur,0.07,volume in million,
2023,January,Manipur,Imphal East,0.08,volume in million,
2023,January,Manipur,Imphal West,0.34,volume in million,
2023,January,Manipur,Rest Of Locations,0.07,volume in million,
2023,January,Manipur,Thoubal,0.1,volume in million,
2023,January,Meghalaya,East Khasi Hills,0.32,volume in million,
2023,January,Meghalaya,Jaintia Hills,0.07,volume in million,
2023,January,Meghalaya,Rest Of Locations,0.04,volume in million,
2023,January,Meghalaya,Ri Bhoi,0.05,volume in million,
2023,January,Meghalaya,West Garo Hills,0.12,volume in million,
2023,January,Meghalaya,West Khasi Hills,0.04,volume in million,
2023,January,Mizoram,Aizawl,0.35,volume in million,
2023,January,Mizoram,Champhai,0.03,volume in million,
2023,January,Mizoram,Kolasib,0.03,volume in million,
2023,January,Mizoram,Lawngtlai,0.04,volume in million,
2023,January,Mizoram,Lunglei,0.05,volume in million,
2023,January,Mizoram,Rest Of Locations,0.04,volume in million,
2023,January,Nagaland,Dimapur,0.21,volume in million,
2023,January,Nagaland,Kohima,0.09,volume in million,
2023,January,Nagaland,Mokokchung,0.02,volume in million,
2023,January,Nagaland,Mon,0.01,volume in million,
2023,January,Nagaland,Rest Of Locations,0.03,volume in million,
2023,January,Nagaland,Wokha,0.02,volume in million,
2023,January,Odisha,Baleswar,1.25,volume in million,
2023,January,Odisha,Cuttack,0.94,volume in million,
2023,January,Odisha,Ganjam,0.79,volume in million,
2023,January,Odisha,Khorda,1.69,volume in million,
2023,January,Odisha,Rest Of Locations,7.06,volume in million,
2023,January,Odisha,Sundergarh,0.63,volume in million,
2023,January,Others,Other,1.87,volume in million,state: Pincode data or location mapping not available
2023,January,Puducherry,Karaikal,0.19,volume in million,
2023,January,Puducherry,Pondicherry,0.98,volume in million,
2023,January,Punjab,Amritsar,1.14,volume in million,
2023,January,Punjab,Gurdaspur,0.85,volume in million,
2023,January,Punjab,Jalandhar,1.05,volume in million,
2023,January,Punjab,Ludhiana,2.05,volume in million,
2023,January,Punjab,Rest Of Locations,4.65,volume in million,
2023,January,Punjab,Rupnagar,0.91,volume in million,
2023,January,Rajasthan,Alwar,0.92,volume in million,
2023,January,Rajasthan,Jaipur,2.56,volume in million,
2023,January,Rajasthan,Jodhpur,0.75,volume in million,
2023,January,Rajasthan,Nagaur,0.79,volume in million,
2023,January,Rajasthan,Rest Of Locations,7.09,volume in million,
2023,January,Rajasthan,Udaipur,0.68,volume in million,
2023,January,Sikkim,East Sikkim,0.28,volume in million,
2023,January,Sikkim,North Sikkim,0.01,volume in million,
2023,January,Sikkim,South Sikkim,0.05,volume in million,
2023,January,Sikkim,West Sikkim,0.06,volume in million,
2023,January,Tamil Nadu,Chennai,4.45,volume in million,
2023,January,Tamil Nadu,Coimbatore,6.01,volume in million,
2023,January,Tamil Nadu,Kanchipuram,5.46,volume in million,
2023,January,Tamil Nadu,Rest Of Locations,33.07,volume in million,
2023,January,Tamil Nadu,Tiruvallur,4.18,volume in million,
2023,January,Tamil Nadu,Vellore,2.88,volume in million,
2023,January,Telangana,Hyderabad,5.61,volume in million,
2023,January,Telangana,K.V.Rangareddy,2.74,volume in million,
2023,January,Telangana,Karim Nagar,1.18,volume in million,
2023,January,Telangana,Mahabub Nagar,0.91,volume in million,
2023,January,Telangana,Medak,1.15,volume in million,
2023,January,Telangana,Rest Of Locations,3.57,volume in million,
2023,January,Tripura,Dhalai,0.06,volume in million,
2023,January,Tripura,North Tripura,0.18,volume in million,
2023,January,Tripura,South Tripura,0.13,volume in million,
2023,January,Tripura,West Tripura,0.58,volume in million,
2023,January,Uttar Pradesh,Allahabad,1.39,volume in million,
2023,January,Uttar Pradesh,Gautam Buddha Nagar,2.2,volume in million,
2023,January,Uttar Pradesh,Ghaziabad,2.06,volume in million,
2023,January,Uttar Pradesh,Lucknow,2.7,volume in million,
2023,January,Uttar Pradesh,Rest Of Locations,23.23,volume in million,
2023,January,Uttar Pradesh,Varanasi,1.44,volume in million,
2023,January,Uttarakhand,Almora,0.18,volume in million,
2023,January,Uttarakhand,Dehradun,1.36,volume in million,
2023,January,Uttarakhand,Haridwar,0.77,volume in million,
2023,January,Uttarakhand,Nainital,0.43,volume in million,
2023,January,Uttarakhand,Rest Of Locations,0.68,volume in million,
2023,January,Uttarakhand,Udham Singh Nagar,0.77,volume in million,
2023,January,West Bengal,Bardhaman,1.87,volume in million,
2023,January,West Bengal,Howrah,1.51,volume in million,
2023,January,West Bengal,Kolkata,3.67,volume in million,
2023,January,West Bengal,North 24 Parganas,3.18,volume in million,
2023,January,West Bengal,Rest Of Locations,10.59,volume in million,
2023,January,West Bengal,South 24 Parganas,1.62,volume in million,
2022,December,Andaman and Nicobar Islands,Nicobar,0.01,volume in million,
2022,December,Andaman and Nicobar Islands,North And Middle Andaman,0.02,volume in million,
2022,December,Andaman and Nicobar Islands,South Andaman,0.14,volume in million,
2022,December,Andhra Pradesh,Chittoor,2.08,volume in million,
2022,December,Andhra Pradesh,East Godavari,1.73,volume in million,
2022,December,Andhra Pradesh,Guntur,1.69,volume in million,
2022,December,Andhra Pradesh,Krishna,1.96,volume in million,
2022,December,Andhra Pradesh,Rest Of Locations,7.52,volume in million,
2022,December,Andhra Pradesh,Visakhapatnam,2.51,volume in million,
2022,December,Arunachal Pradesh,East Siang,0.03,volume in million,
2022,December,Arunachal Pradesh,Lohit,0.03,volume in million,
2022,December,Arunachal Pradesh,Lower Subansiri,0.04,volume in million,
2022,December,Arunachal Pradesh,Papum Pare,0.14,volume in million,
2022,December,Arunachal Pradesh,Rest Of Locations,0.1,volume in million,
2022,December,Arunachal Pradesh,West Siang,0.03,volume in million,
2022,December,Assam,Cachar,0.49,volume in million,
2022,December,Assam,Dibrugarh,0.43,volume in million,
2022,December,Assam,Kamrup,1.99,volume in million,
2022,December,Assam,Nagaon,0.65,volume in million,
2022,December,Assam,Rest Of Locations,4.3,volume in million,
2022,December,Assam,Sonitpur,0.43,volume in million,
2022,December,Bihar,East Champaran,0.93,volume in million,
2022,December,Bihar,Muzaffarpur,0.71,volume in million,
2022,December,Bihar,Patna,2.19,volume in million,
2022,December,Bihar,Rest Of Locations,8.85,volume in million,
2022,December,Bihar,Vaishali,0.65,volume in million,
2022,December,Bihar,West Champaran,1.56,volume in million,
2022,December,Chandigarh,Chandigarh,0.88,volume in million,
2022,December,Chhattisgarh,Bilaspur(Cgh),0.65,volume in million,
2022,December,Chhattisgarh,Durg,1.13,volume in million,
2022,December,Chhattisgarh,Raipur,1.75,volume in million,
2022,December,Chhattisgarh,Rajnandgaon,0.42,volume in million,
2022,December,Chhattisgarh,Rest Of Locations,2.56,volume in million,
2022,December,Chhattisgarh,Surguja,0.4,volume in million,
2022,December,Dadra and Nagar Haveli,Dadra & Nagar Haveli,0.3,volume in million,
2022,December,Daman and Diu,Daman,0.23,volume in million,
2022,December,Daman and Diu,Diu,0.02,volume in million,
2022,December,Delhi,East Delhi,1.74,volume in million,
2022,December,Delhi,North West Delhi,1.96,volume in million,
2022,December,Delhi,Rest Of Locations,2.59,volume in million,
2022,December,Delhi,South Delhi,2.08,volume in million,
2022,December,Delhi,South West Delhi,2.27,volume in million,
2022,December,Delhi,West Delhi,1.67,volume in million,
2022,December,Goa,North Goa,0.87,volume in million,
2022,December,Goa,South Goa,0.75,volume in million,
2022,December,Gujarat,Ahmedabad,3.85,volume in million,
2022,December,Gujarat,Rajkot,1.13,volume in million,
2022,December,Gujarat,Rest Of Locations,8.18,volume in million,
2022,December,Gujarat,Surat,3.51,volume in million,
2022,December,Gujarat,Vadodara,1.85,volume in million,
2022,December,Gujarat,Valsad,0.98,volume in million,
2022,December,Haryana,Ambala,0.5,volume in million,
2022,December,Haryana,Faridabad,1.42,volume in million,
2022,December,Haryana,Gurgaon,2.57,volume in million,
2022,December,Haryana,Karnal,0.45,volume in million,
2022,December,Haryana,Rest Of Locations,3.92,volume in million,
2022,December,Haryana,Sonipat,0.5,volume in million,
2022,December,Himachal Pradesh,Kangra,0.49,volume in million,
2022,December,Himachal Pradesh,Kullu,0.23,volume in million,
2022,December,Himachal Pradesh,Mandi,0.25,volume in million,
2022,December,Himachal Pradesh,Rest Of Locations,0.82,volume in million,
2022,December,Himachal Pradesh,Shimla,0.41,volume in million,
2022,December,Himachal Pradesh,Solan,0.71,volume in million,
2022,December,Jammu and Kashmir,Ananthnag,0.18,volume in million,
2022,December,Jammu and Kashmir,Jammu,1.09,volume in million,
2022,December,Jammu and Kashmir,Kathua,0.19,volume in million,
2022,December,Jammu and Kashmir,Rest Of Locations,0.91,volume in million,
2022,December,Jammu and Kashmir,Srinagar,0.29,volume in million,
2022,December,Jammu and Kashmir,Udhampur,0.23,volume in million,
2022,December,Jharkhand,Bokaro,0.4,volume in million,
2022,December,Jharkhand,Dhanbad,0.61,volume in million,
2022,December,Jharkhand,East Singhbhum,0.89,volume in million,
2022,December,Jharkhand,Hazaribag,0.29,volume in million,
2022,December,Jharkhand,Ranchi,1.23,volume in million,
2022,December,Jharkhand,Rest Of Locations,2.11,volume in million,
2022,December,Karnataka,Bangalore,10.27,volume in million,
2022,December,Karnataka,Bangalore Rural,1.3,volume in million,
2022,December,Karnataka,Belgaum,1.62,volume in million,
2022,December,Karnataka,Dakshina Kannada,1.35,volume in million,
2022,December,Karnataka,Mysore,1.58,volume in million,
2022,December,Karnataka,Rest Of Locations,13.64,volume in million,
2022,December,Kerala,Ernakulam,3.29,volume in million,
2022,December,Kerala,Kollam,2.03,volume in million,
2022,December,Kerala,Malappuram,2.66,volume in million,
2022,December,Kerala,Rest Of Locations,10.94,volume in million,
2022,December,Kerala,Thiruvananthapuram,2.78,volume in million,
2022,December,Kerala,Thrissur,2.29,volume in million,
2022,December,Lakshadweep,Lakshadweep,0.02,volume in million,
2022,December,Madhya Pradesh,Bhopal,1.32,volume in million,
2022,December,Madhya Pradesh,Dhar,0.54,volume in million,
2022,December,Madhya Pradesh,Gwalior,0.6,volume in million,
2022,December,Madhya Pradesh,Indore,2.07,volume in million,
2022,December,Madhya Pradesh,Jabalpur,0.63,volume in million,
2022,December,Madhya Pradesh,Rest Of Locations,7.87,volume in million,
2022,December,Maharashtra,Mumbai,9.74,volume in million,
2022,December,Maharashtra,Nagpur,2.58,volume in million,
2022,December,Maharashtra,Nashik,1.95,volume in million,
2022,December,Maharashtra,Pune,9.16,volume in million,
2022,December,Maharashtra,Rest Of Locations,18.38,volume in million,
2022,December,Maharashtra,Thane,12.53,volume in million,
2022,December,Manipur,Bishnupur,0.07,volume in million,
2022,December,Manipur,Churachandpur,0.09,volume in million,
2022,December,Manipur,Imphal East,0.08,volume in million,
2022,December,Manipur,Imphal West,0.35,volume in million,
2022,December,Manipur,Rest Of Locations,0.1,volume in million,
2022,December,Manipur,Thoubal,0.1,volume in million,
2022,December,Meghalaya,East Garo Hills,0.06,volume in million,
2022,December,Meghalaya,East Khasi Hills,0.39,volume in million,
2022,December,Meghalaya,Jaintia Hills,0.08,volume in million,
2022,December,Meghalaya,Rest Of Locations,0.06,volume in million,
2022,December,Meghalaya,Ri Bhoi,0.06,volume in million,
2022,December,Meghalaya,West Garo Hills,0.15,volume in million,
2022,December,Mizoram,Aizawl,0.43,volume in million,
2022,December,Mizoram,Champhai,0.04,volume in million,
2022,December,Mizoram,Kolasib,0.04,volume in million,
2022,December,Mizoram,Lawngtlai,0.05,volume in million,
2022,December,Mizoram,Lunglei,0.07,volume in million,
2022,December,Mizoram,Rest Of Locations,0.05,volume in million,
2022,December,Nagaland,Dimapur,0.23,volume in million,
2022,December,Nagaland,Kohima,0.11,volume in million,
2022,December,Nagaland,Mokokchung,0.02,volume in million,
2022,December,Nagaland,Mon,0.02,volume in million,
2022,December,Nagaland,Rest Of Locations,0.04,volume in million,
2022,December,Nagaland,Wokha,0.02,volume in million,
2022,December,Odisha,Baleswar,1.66,volume in million,
2022,December,Odisha,Cuttack,0.95,volume in million,
2022,December,Odisha,Ganjam,0.81,volume in million,
2022,December,Odisha,Khorda,1.74,volume in million,
2022,December,Odisha,Rest Of Locations,7.04,volume in million,
2022,December,Odisha,Sundergarh,0.62,volume in million,
2022,December,Others,Other,1.84,volume in million,state: Pincode data or location mapping not available
2022,December,Puducherry,Karaikal,0.17,volume in million,
2022,December,Puducherry,Pondicherry,0.91,volume in million,
2022,December,Punjab,Amritsar,1.17,volume in million,
2022,December,Punjab,Gurdaspur,0.86,volume in million,
2022,December,Punjab,Jalandhar,1.08,volume in million,
2022,December,Punjab,Ludhiana,2.12,volume in million,
2022,December,Punjab,Rest Of Locations,4.73,volume in million,
2022,December,Punjab,Rupnagar,0.95,volume in million,
2022,December,Rajasthan,Alwar,0.91,volume in million,
2022,December,Rajasthan,Jaipur,2.6,volume in million,
2022,December,Rajasthan,Jodhpur,0.76,volume in million,
2022,December,Rajasthan,Nagaur,0.79,volume in million,
2022,December,Rajasthan,Rest Of Locations,7.2,volume in million,
2022,December,Rajasthan,Udaipur,0.72,volume in million,
2022,December,Sikkim,East Sikkim,0.32,volume in million,
2022,December,Sikkim,North Sikkim,0.02,volume in million,
2022,December,Sikkim,South Sikkim,0.06,volume in million,
2022,December,Sikkim,West Sikkim,0.07,volume in million,
2022,December,Tamil Nadu,Chennai,4.6,volume in million,
2022,December,Tamil Nadu,Coimbatore,6.29,volume in million,
2022,December,Tamil Nadu,Kanchipuram,5.59,volume in million,
2022,December,Tamil Nadu,Rest Of Locations,33.12,volume in million,
2022,December,Tamil Nadu,Tiruvallur,4.26,volume in million,
2022,December,Tamil Nadu,Vellore,2.86,volume in million,
2022,December,Telangana,Hyderabad,5.97,volume in million,
2022,December,Telangana,K.V.Rangareddy,2.88,volume in million,
2022,December,Telangana,Karim Nagar,1.31,volume in million,
2022,December,Telangana,Mahabub Nagar,0.91,volume in million,
2022,December,Telangana,Medak,1.26,volume in million,
2022,December,Telangana,Rest Of Locations,3.71,volume in million,
2022,December,Tripura,Dhalai,0.06,volume in million,
2022,December,Tripura,North Tripura,0.17,volume in million,
2022,December,Tripura,South Tripura,0.12,volume in million,
2022,December,Tripura,West Tripura,0.57,volume in million,
2022,December,Uttar Pradesh,Allahabad,1.44,volume in million,
2022,December,Uttar Pradesh,Gautam Buddha Nagar,2.27,volume in million,
2022,December,Uttar Pradesh,Ghaziabad,2.11,volume in million,
2022,December,Uttar Pradesh,Lucknow,2.84,volume in million,
2022,December,Uttar Pradesh,Rest Of Locations,24.1,volume in million,
2022,December,Uttar Pradesh,Varanasi,1.53,volume in million,
2022,December,Uttarakhand,Almora,0.19,volume in million,
2022,December,Uttarakhand,Dehradun,1.4,volume in million,
2022,December,Uttarakhand,Haridwar,0.79,volume in million,
2022,December,Uttarakhand,Nainital,0.45,volume in million,
2022,December,Uttarakhand,Rest Of Locations,0.73,volume in million,
2022,December,Uttarakhand,Udham Singh Nagar,0.8,volume in million,
2022,December,West Bengal,Bardhaman,1.79,volume in million,
2022,December,West Bengal,Howrah,1.49,volume in million,
2022,December,West Bengal,Kolkata,3.78,volume in million,
2022,December,West Bengal,North 24 Parganas,3.19,volume in million,
2022,December,West Bengal,Rest Of Locations,10.31,volume in million,
2022,December,West Bengal,South 24 Parganas,1.6,volume in million,
2022,November,Andaman and Nicobar Islands,Nicobar,0.01,volume in million,
2022,November,Andaman and Nicobar Islands,North And Middle Andaman,0.02,volume in million,
2022,November,Andaman and Nicobar Islands,South Andaman,0.13,volume in million,
2022,November,Andhra Pradesh,Chittoor,1.88,volume in million,
2022,November,Andhra Pradesh,East Godavari,1.55,volume in million,
2022,November,Andhra Pradesh,Guntur,1.56,volume in million,
2022,November,Andhra Pradesh,Krishna,1.8,volume in million,
2022,November,Andhra Pradesh,Rest Of Locations,6.8,volume in million,
2022,November,Andhra Pradesh,Visakhapatnam,2.31,volume in million,
2022,November,Arunachal Pradesh,East Siang,0.03,volume in million,
2022,November,Arunachal Pradesh,Lohit,0.03,volume in million,
2022,November,Arunachal Pradesh,Lower Subansiri,0.04,volume in million,
2022,November,Arunachal Pradesh,Papum Pare,0.14,volume in million,
2022,November,Arunachal Pradesh,Rest Of Locations,0.1,volume in million,
2022,November,Arunachal Pradesh,West Siang,0.03,volume in million,
2022,November,Assam,Cachar,0.47,volume in million,
2022,November,Assam,Dibrugarh,0.41,volume in million,
2022,November,Assam,Kamrup,1.91,volume in million,
2022,November,Assam,Nagaon,0.62,volume in million,
2022,November,Assam,Rest Of Locations,4.09,volume in million,
2022,November,Assam,Sonitpur,0.41,volume in million,
2022,November,Bihar,East Champaran,0.8,volume in million,
2022,November,Bihar,Muzaffarpur,0.76,volume in million,
2022,November,Bihar,Patna,2.11,volume in million,
2022,November,Bihar,Rest Of Locations,9.45,volume in million,
2022,November,Bihar,Vaishali,0.72,volume in million,
2022,November,Bihar,West Champaran,1.39,volume in million,
2022,November,Chandigarh,Chandigarh,0.87,volume in million,
2022,November,Chhattisgarh,Bilaspur(Cgh),0.57,volume in million,
2022,November,Chhattisgarh,Durg,1.01,volume in million,
2022,November,Chhattisgarh,Korba,0.35,volume in million,
2022,November,Chhattisgarh,Raipur,1.55,volume in million,
2022,November,Chhattisgarh,Rajnandgaon,0.35,volume in million,
2022,November,Chhattisgarh,Rest Of Locations,2.14,volume in million,
2022,November,Dadra and Nagar Haveli,Dadra & Nagar Haveli,0.3,volume in million,
2022,November,Daman and Diu,Daman,0.22,volume in million,
2022,November,Daman and Diu,Diu,0.02,volume in million,
2022,November,Delhi,East Delhi,1.72,volume in million,
2022,November,Delhi,North West Delhi,1.92,volume in million,
2022,November,Delhi,Rest Of Locations,2.55,volume in million,
2022,November,Delhi,South Delhi,2.03,volume in million,
2022,November,Delhi,South West Delhi,2.21,volume in million,
2022,November,Delhi,West Delhi,1.63,volume in million,
2022,November,Goa,North Goa,0.8,volume in million,
2022,November,Goa,South Goa,0.71,volume in million,
2022,November,Gujarat,Ahmedabad,3.53,volume in million,
2022,November,Gujarat,Rajkot,1.07,volume in million,
2022,November,Gujarat,Rest Of Locations,7.71,volume in million,
2022,November,Gujarat,Surat,3.08,volume in million,
2022,November,Gujarat,Vadodara,1.69,volume in million,
2022,November,Gujarat,Valsad,0.93,volume in million,
2022,November,Haryana,Ambala,0.51,volume in million,
2022,November,Haryana,Faridabad,1.38,volume in million,
2022,November,Haryana,Gurgaon,2.46,volume in million,
2022,November,Haryana,Panipat,0.45,volume in million,
2022,November,Haryana,Rest Of Locations,3.92,volume in million,
2022,November,Haryana,Sonipat,0.49,volume in million,
2022,November,Himachal Pradesh,Kangra,0.46,volume in million,
2022,November,Himachal Pradesh,Kullu,0.22,volume in million,
2022,November,Himachal Pradesh,Mandi,0.24,volume in million,
2022,November,Himachal Pradesh,Rest Of Locations,0.81,volume in million,
2022,November,Himachal Pradesh,Shimla,0.4,volume in million,
2022,November,Himachal Pradesh,Solan,0.68,volume in million,
2022,November,Jammu and Kashmir,Ananthnag,0.19,volume in million,
2022,November,Jammu and Kashmir,Jammu,1.03,volume in million,
2022,November,Jammu and Kashmir,Kathua,0.18,volume in million,
2022,November,Jammu and Kashmir,Rest Of Locations,0.94,volume in million,
2022,November,Jammu and Kashmir,Srinagar,0.3,volume in million,
2022,November,Jammu and Kashmir,Udhampur,0.22,volume in million,
2022,November,Jharkhand,Bokaro,0.4,volume in million,
2022,November,Jharkhand,Dhanbad,0.6,volume in million,
2022,November,Jharkhand,East Singhbhum,0.87,volume in million,
2022,November,Jharkhand,Hazaribag,0.28,volume in million,
2022,November,Jharkhand,Ranchi,1.15,volume in million,
2022,November,Jharkhand,Rest Of Locations,2.05,volume in million,
2022,November,Karnataka,Bangalore,9.84,volume in million,
2022,November,Karnataka,Bangalore Rural,1.26,volume in million,
2022,November,Karnataka,Belgaum,1.52,volume in million,
2022,November,Karnataka,Dakshina Kannada,1.29,volume in million,
2022,November,Karnataka,Mysore,1.53,volume in million,
2022,November,Karnataka,Rest Of Locations,13.1,volume in million,
2022,November,Kerala,Ernakulam,3.05,volume in million,
2022,November,Kerala,Kozhikode,1.79,volume in million,
2022,November,Kerala,Malappuram,2.36,volume in million,
2022,November,Kerala,Rest Of Locations,9.89,volume in million,
2022,November,Kerala,Thiruvananthapuram,2.5,volume in million,
2022,November,Kerala,Thrissur,2.11,volume in million,
2022,November,Lakshadweep,Lakshadweep,0.02,volume in million,
2022,November,Madhya Pradesh,Bhopal,1.21,volume in million,
2022,November,Madhya Pradesh,Dhar,0.5,volume in million,
2022,November,Madhya Pradesh,Gwalior,0.57,volume in million,
2022,November,Madhya Pradesh,Indore,1.94,volume in million,
2022,November,Madhya Pradesh,Jabalpur,0.6,volume in million,
2022,November,Madhya Pradesh,Rest Of Locations,7.41,volume in million,
2022,November,Maharashtra,Mumbai,9.1,volume in million,
2022,November,Maharashtra,Nagpur,2.44,volume in million,
2022,November,Maharashtra,Nashik,1.81,volume in million,
2022,November,Maharashtra,Pune,8.64,volume in million,
2022,November,Maharashtra,Rest Of Locations,17.6,volume in million,
2022,November,Maharashtra,Thane,11.91,volume in million,
2022,November,Manipur,Bishnupur,0.06,volume in million,
2022,November,Manipur,Churachandpur,0.11,volume in million,
2022,November,Manipur,Imphal East,0.08,volume in million,
2022,November,Manipur,Imphal West,0.35,volume in million,
2022,November,Manipur,Rest Of Locations,0.1,volume in million,
2022,November,Manipur,Thoubal,0.1,volume in million,
2022,November,Meghalaya,East Garo Hills,0.04,volume in million,
2022,November,Meghalaya,East Khasi Hills,0.37,volume in million,
2022,November,Meghalaya,Jaintia Hills,0.08,volume in million,
2022,November,Meghalaya,Rest Of Locations,0.05,volume in million,
2022,November,Meghalaya,Ri Bhoi,0.05,volume in million,
2022,November,Meghalaya,West Garo Hills,0.11,volume in million,
2022,November,Mizoram,Aizawl,0.4,volume in million,
2022,November,Mizoram,Champhai,0.03,volume in million,
2022,November,Mizoram,Kolasib,0.03,volume in million,
2022,November,Mizoram,Lawngtlai,0.04,volume in million,
2022,November,Mizoram,Lunglei,0.06,volume in million,
2022,November,Mizoram,Rest Of Locations,0.04,volume in million,
2022,November,Nagaland,Dimapur,0.21,volume in million,
2022,November,Nagaland,Kohima,0.11,volume in million,
2022,November,Nagaland,Mokokchung,0.02,volume in million,
2022,November,Nagaland,Mon,0.02,volume in million,
2022,November,Nagaland,Rest Of Locations,0.04,volume in million,
2022,November,Nagaland,Wokha,0.03,volume in million,
2022,November,Odisha,Baleswar,1.61,volume in million,
2022,November,Odisha,Bhadrak,0.64,volume in million,
2022,November,Odisha,Cuttack,0.96,volume in million,
2022,November,Odisha,Ganjam,0.79,volume in million,
2022,November,Odisha,Khorda,1.66,volume in million,
2022,November,Odisha,Rest Of Locations,6.82,volume in million,
2022,November,Others,Other,1.71,volume in million,state: Pincode data or location mapping not available
2022,November,Puducherry,Karaikal,0.16,volume in million,
2022,November,Puducherry,Pondicherry,0.86,volume in million,
2022,November,Punjab,Amritsar,1.17,volume in million,
2022,November,Punjab,Gurdaspur,0.86,volume in million,
2022,November,Punjab,Jalandhar,1.08,volume in million,
2022,November,Punjab,Ludhiana,2.18,volume in million,
2022,November,Punjab,Rest Of Locations,4.85,volume in million,
2022,November,Punjab,Rupnagar,0.95,volume in million,
2022,November,Rajasthan,Alwar,0.88,volume in million,
2022,November,Rajasthan,Jaipur,2.49,volume in million,
2022,November,Rajasthan,Jodhpur,0.74,volume in million,
2022,November,Rajasthan,Nagaur,0.73,volume in million,
2022,November,Rajasthan,Rest Of Locations,6.85,volume in million,
2022,November,Rajasthan,Udaipur,0.69,volume in million,
2022,November,Sikkim,East Sikkim,0.29,volume in million,
2022,November,Sikkim,North Sikkim,0.01,volume in million,
2022,November,Sikkim,South Sikkim,0.05,volume in million,
2022,November,Sikkim,West Sikkim,0.06,volume in million,
2022,November,Tamil Nadu,Chennai,4.31,volume in million,
2022,November,Tamil Nadu,Coimbatore,5.94,volume in million,
2022,November,Tamil Nadu,Kanchipuram,5.28,volume in million,
2022,November,Tamil Nadu,Rest Of Locations,31.03,volume in million,
2022,November,Tamil Nadu,Tiruvallur,4,volume in million,
2022,November,Tamil Nadu,Vellore,2.66,volume in million,
2022,November,Telangana,Hyderabad,5.72,volume in million,
2022,November,Telangana,K.V.Rangareddy,2.71,volume in million,
2022,November,Telangana,Karim Nagar,1.12,volume in million,
2022,November,Telangana,Medak,1.09,volume in million,
2022,November,Telangana,Rest Of Locations,3.28,volume in million,
2022,November,Telangana,Warangal,0.79,volume in million,
2022,November,Tripura,Dhalai,0.06,volume in million,
2022,November,Tripura,North Tripura,0.14,volume in million,
2022,November,Tripura,South Tripura,0.11,volume in million,
2022,November,Tripura,West Tripura,0.52,volume in million,
2022,November,Uttar Pradesh,Allahabad,1.41,volume in million,
2022,November,Uttar Pradesh,Gautam Buddha Nagar,2.17,volume in million,
2022,November,Uttar Pradesh,Ghaziabad,2.06,volume in million,
2022,November,Uttar Pradesh,Lucknow,2.78,volume in million,
2022,November,Uttar Pradesh,Rest Of Locations,24.44,volume in million,
2022,November,Uttar Pradesh,Varanasi,1.52,volume in million,
2022,November,Uttarakhand,Almora,0.2,volume in million,
2022,November,Uttarakhand,Dehradun,1.34,volume in million,
2022,November,Uttarakhand,Haridwar,0.79,volume in million,
2022,November,Uttarakhand,Nainital,0.43,volume in million,
2022,November,Uttarakhand,Rest Of Locations,0.7,volume in million,
2022,November,Uttarakhand,Udham Singh Nagar,0.81,volume in million,
2022,November,West Bengal,Bardhaman,1.73,volume in million,
2022,November,West Bengal,Howrah,1.45,volume in million,
2022,November,West Bengal,Kolkata,3.56,volume in million,
2022,November,West Bengal,North 24 Parganas,3,volume in million,
2022,November,West Bengal,Rest Of Locations,9.77,volume in million,
2022,November,West Bengal,South 24 Parganas,1.52,volume in million,
2022,October,Andaman and Nicobar Islands,Nicobar,0.01,volume in million,
2022,October,Andaman and Nicobar Islands,North And Middle Andaman,0.02,volume in million,
2022,October,Andaman and Nicobar Islands,South Andaman,0.14,volume in million,
2022,October,Andhra Pradesh,Chittoor,2.13,volume in million,
2022,October,Andhra Pradesh,East Godavari,1.72,volume in million,
2022,October,Andhra Pradesh,Guntur,1.75,volume in million,
2022,October,Andhra Pradesh,Krishna,1.97,volume in million,
2022,October,Andhra Pradesh,Rest Of Locations,7.91,volume in million,
2022,October,Andhra Pradesh,Visakhapatnam,2.6,volume in million,
2022,October,Arunachal Pradesh,East Siang,0.04,volume in million,
2022,October,Arunachal Pradesh,Lohit,0.03,volume in million,
2022,October,Arunachal Pradesh,Lower Subansiri,0.04,volume in million,
2022,October,Arunachal Pradesh,Papum Pare,0.14,volume in million,
2022,October,Arunachal Pradesh,Rest Of Locations,0.11,volume in million,
2022,October,Arunachal Pradesh,West Siang,0.03,volume in million,
2022,October,Assam,Cachar,0.5,volume in million,
2022,October,Assam,Dibrugarh,0.43,volume in million,
2022,October,Assam,Kamrup,1.88,volume in million,
2022,October,Assam,Nagaon,0.63,volume in million,
2022,October,Assam,Rest Of Locations,4.26,volume in million,
2022,October,Assam,Sonitpur,0.44,volume in million,
2022,October,Bihar,East Champaran,0.89,volume in million,
2022,October,Bihar,Muzaffarpur,0.84,volume in million,
2022,October,Bihar,Patna,2.22,volume in million,
2022,October,Bihar,Rest Of Locations,10.18,volume in million,
2022,October,Bihar,Vaishali,0.77,volume in million,
2022,October,Bihar,West Champaran,1.55,volume in million,
2022,October,Chandigarh,Chandigarh,0.95,volume in million,
2022,October,Chhattisgarh,Bilaspur(Cgh),0.66,volume in million,
2022,October,Chhattisgarh,Durg,1.22,volume in million,
2022,October,Chhattisgarh,Korba,0.42,volume in million,
2022,October,Chhattisgarh,Raipur,1.79,volume in million,
2022,October,Chhattisgarh,Rajnandgaon,0.45,volume in million,
2022,October,Chhattisgarh,Rest Of Locations,2.66,volume in million,
2022,October,Dadra and Nagar Haveli,Dadra & Nagar Haveli,0.37,volume in million,
2022,October,Daman and Diu,Daman,0.29,volume in million,
2022,October,Daman and Diu,Diu,0.02,volume in million,
2022,October,Delhi,East Delhi,1.91,volume in million,
2022,October,Delhi,North West Delhi,2.13,volume in million,
2022,October,Delhi,Rest Of Locations,2.74,volume in million,
2022,October,Delhi,South Delhi,2.23,volume in million,
2022,October,Delhi,South West Delhi,2.49,volume in million,
2022,October,Delhi,West Delhi,1.84,volume in million,
2022,October,Goa,North Goa,0.84,volume in million,
2022,October,Goa,South Goa,0.76,volume in million,
2022,October,Gujarat,Ahmedabad,4.3,volume in million,
2022,October,Gujarat,Rajkot,1.23,volume in million,
2022,October,Gujarat,Rest Of Locations,9.41,volume in million,
2022,October,Gujarat,Surat,4,volume in million,
2022,October,Gujarat,Vadodara,2.1,volume in million,
2022,October,Gujarat,Valsad,1.14,volume in million,
2022,October,Haryana,Ambala,0.58,volume in million,
2022,October,Haryana,Faridabad,1.57,volume in million,
2022,October,Haryana,Gurgaon,2.84,volume in million,
2022,October,Haryana,Karnal,0.52,volume in million,
2022,October,Haryana,Rest Of Locations,4.46,volume in million,
2022,October,Haryana,Sonipat,0.57,volume in million,
2022,October,Himachal Pradesh,Kangra,0.56,volume in million,
2022,October,Himachal Pradesh,Kullu,0.26,volume in million,
2022,October,Himachal Pradesh,Mandi,0.28,volume in million,
2022,October,Himachal Pradesh,Rest Of Locations,0.94,volume in million,
2022,October,Himachal Pradesh,Shimla,0.45,volume in million,
2022,October,Himachal Pradesh,Solan,0.8,volume in million,
2022,October,Jammu and Kashmir,Ananthnag,0.22,volume in million,
2022,October,Jammu and Kashmir,Jammu,1.13,volume in million,
2022,October,Jammu and Kashmir,Kathua,0.21,volume in million,
2022,October,Jammu and Kashmir,Rest Of Locations,1.05,volume in million,
2022,October,Jammu and Kashmir,Srinagar,0.35,volume in million,
2022,October,Jammu and Kashmir,Udhampur,0.25,volume in million,
2022,October,Jharkhand,Bokaro,0.46,volume in million,
2022,October,Jharkhand,Dhanbad,0.69,volume in million,
2022,October,Jharkhand,East Singhbhum,0.99,volume in million,
2022,October,Jharkhand,Hazaribag,0.31,volume in million,
2022,October,Jharkhand,Ranchi,1.28,volume in million,
2022,October,Jharkhand,Rest Of Locations,2.37,volume in million,
2022,October,Karnataka,Bangalore,10.54,volume in million,
2022,October,Karnataka,Bangalore Rural,1.38,volume in million,
2022,October,Karnataka,Belgaum,1.73,volume in million,
2022,October,Karnataka,Dakshina Kannada,1.37,volume in million,
2022,October,Karnataka,Mysore,1.68,volume in million,
2022,October,Karnataka,Rest Of Locations,14.65,volume in million,
2022,October,Kerala,Ernakulam,3.25,volume in million,
2022,October,Kerala,Kozhikode,1.95,volume in million,
2022,October,Kerala,Malappuram,2.5,volume in million,
2022,October,Kerala,Rest Of Locations,10.61,volume in million,
2022,October,Kerala,Thiruvananthapuram,2.65,volume in million,
2022,October,Kerala,Thrissur,2.24,volume in million,
2022,October,Lakshadweep,Lakshadweep,0.02,volume in million,
2022,October,Madhya Pradesh,Bhopal,1.37,volume in million,
2022,October,Madhya Pradesh,Dhar,0.62,volume in million,
2022,October,Madhya Pradesh,Gwalior,0.66,volume in million,
2022,October,Madhya Pradesh,Indore,2.19,volume in million,
2022,October,Madhya Pradesh,Jabalpur,0.69,volume in million,
2022,October,Madhya Pradesh,Rest Of Locations,9.11,volume in million,
2022,October,Maharashtra,Mumbai,10.39,volume in million,
2022,October,Maharashtra,Nagpur,2.86,volume in million,
2022,October,Maharashtra,Nashik,2.22,volume in million,
2022,October,Maharashtra,Pune,10.1,volume in million,
2022,October,Maharashtra,Rest Of Locations,21.37,volume in million,
2022,October,Maharashtra,Thane,13.77,volume in million,
2022,October,Manipur,Bishnupur,0.07,volume in million,
2022,October,Manipur,Churachandpur,0.09,volume in million,
2022,October,Manipur,Imphal East,0.09,volume in million,
2022,October,Manipur,Imphal West,0.38,volume in million,
2022,October,Manipur,Rest Of Locations,0.09,volume in million,
2022,October,Manipur,Thoubal,0.11,volume in million,
2022,October,Meghalaya,East Garo Hills,0.04,volume in million,
2022,October,Meghalaya,East Khasi Hills,0.37,volume in million,
2022,October,Meghalaya,Jaintia Hills,0.08,volume in million,
2022,October,Meghalaya,Rest Of Locations,0.05,volume in million,
2022,October,Meghalaya,Ri Bhoi,0.06,volume in million,
2022,October,Meghalaya,West Garo Hills,0.1,volume in million,
2022,October,Mizoram,Aizawl,0.42,volume in million,
2022,October,Mizoram,Champhai,0.04,volume in million,
2022,October,Mizoram,Kolasib,0.04,volume in million,
2022,October,Mizoram,Lawngtlai,0.05,volume in million,
2022,October,Mizoram,Lunglei,0.07,volume in million,
2022,October,Mizoram,Rest Of Locations,0.05,volume in million,
2022,October,Nagaland,Dimapur,0.23,volume in million,
2022,October,Nagaland,Kohima,0.11,volume in million,
2022,October,Nagaland,Mokokchung,0.03,volume in million,
2022,October,Nagaland,Mon,0.03,volume in million,
2022,October,Nagaland,Rest Of Locations,0.04,volume in million,
2022,October,Nagaland,Wokha,0.03,volume in million,
2022,October,Odisha,Baleswar,1.46,volume in million,
2022,October,Odisha,Bhadrak,0.74,volume in million,
2022,October,Odisha,Cuttack,1,volume in million,
2022,October,Odisha,Ganjam,0.87,volume in million,
2022,October,Odisha,Khorda,1.73,volume in million,
2022,October,Odisha,Rest Of Locations,7.52,volume in million,
2022,October,Others,Other,1.87,volume in million,state: Pincode data or location mapping not available
2022,October,Puducherry,Karaikal,0.19,volume in million,
2022,October,Puducherry,Pondicherry,1,volume in million,
2022,October,Punjab,Amritsar,1.27,volume in million,
2022,October,Punjab,Gurdaspur,0.96,volume in million,
2022,October,Punjab,Jalandhar,1.19,volume in million,
2022,October,Punjab,Ludhiana,2.44,volume in million,
2022,October,Punjab,Rest Of Locations,5.39,volume in million,
2022,October,Punjab,Rupnagar,1.07,volume in million,
2022,October,Rajasthan,Alwar,1.04,volume in million,
2022,October,Rajasthan,Jaipur,2.83,volume in million,
2022,October,Rajasthan,Jodhpur,0.85,volume in million,
2022,October,Rajasthan,Nagaur,0.76,volume in million,
2022,October,Rajasthan,Rest Of Locations,7.75,volume in million,
2022,October,Rajasthan,Udaipur,0.74,volume in million,
2022,October,Sikkim,East Sikkim,0.27,volume in million,
2022,October,Sikkim,North Sikkim,0.01,volume in million,
2022,October,Sikkim,South Sikkim,0.05,volume in million,
2022,October,Sikkim,West Sikkim,0.06,volume in million,
2022,October,Tamil Nadu,Chennai,4.71,volume in million,
2022,October,Tamil Nadu,Coimbatore,6.57,volume in million,
2022,October,Tamil Nadu,Kanchipuram,5.96,volume in million,
2022,October,Tamil Nadu,Rest Of Locations,35.42,volume in million,
2022,October,Tamil Nadu,Tiruvallur,4.51,volume in million,
2022,October,Tamil Nadu,Vellore,3.06,volume in million,
2022,October,Telangana,Hyderabad,6,volume in million,
2022,October,Telangana,K.V.Rangareddy,2.87,volume in million,
2022,October,Telangana,Karim Nagar,1.25,volume in million,
2022,October,Telangana,Mahabub Nagar,0.9,volume in million,
2022,October,Telangana,Medak,1.2,volume in million,
2022,October,Telangana,Rest Of Locations,3.71,volume in million,
2022,October,Tripura,Dhalai,0.05,volume in million,
2022,October,Tripura,North Tripura,0.15,volume in million,
2022,October,Tripura,South Tripura,0.12,volume in million,
2022,October,Tripura,West Tripura,0.51,volume in million,
2022,October,Uttar Pradesh,Allahabad,1.53,volume in million,
2022,October,Uttar Pradesh,Gautam Buddha Nagar,2.46,volume in million,
2022,October,Uttar Pradesh,Ghaziabad,2.32,volume in million,
2022,October,Uttar Pradesh,Lucknow,2.98,volume in million,
2022,October,Uttar Pradesh,Rest Of Locations,26.89,volume in million,
2022,October,Uttar Pradesh,Varanasi,1.64,volume in million,
2022,October,Uttarakhand,Almora,0.22,volume in million,
2022,October,Uttarakhand,Dehradun,1.55,volume in million,
2022,October,Uttarakhand,Haridwar,0.96,volume in million,
2022,October,Uttarakhand,Nainital,0.49,volume in million,
2022,October,Uttarakhand,Rest Of Locations,0.8,volume in million,
2022,October,Uttarakhand,Udham Singh Nagar,0.9,volume in million,
2022,October,West Bengal,Bardhaman,1.89,volume in million,
2022,October,West Bengal,Howrah,1.53,volume in million,
2022,October,West Bengal,Kolkata,3.61,volume in million,
2022,October,West Bengal,North 24 Parganas,3.17,volume in million,
2022,October,West Bengal,Rest Of Locations,10.65,volume in million,
2022,October,West Bengal,South 24 Parganas,1.63,volume in million,
2022,September,Andaman and Nicobar Islands,Nicobar,0,volume in million,
2022,September,Andaman and Nicobar Islands,North And Middle Andaman,0.02,volume in million,
2022,September,Andaman and Nicobar Islands,South Andaman,0.13,volume in million,
2022,September,Andhra Pradesh,Chittoor,1.96,volume in million,
2022,September,Andhra Pradesh,East Godavari,1.57,volume in million,
2022,September,Andhra Pradesh,Guntur,1.62,volume in million,
2022,September,Andhra Pradesh,Krishna,1.85,volume in million,
2022,September,Andhra Pradesh,Rest Of Locations,7.22,volume in million,
2022,September,Andhra Pradesh,Visakhapatnam,2.44,volume in million,
2022,September,Arunachal Pradesh,East Siang,0.04,volume in million,
2022,September,Arunachal Pradesh,Lohit,0.03,volume in million,
2022,September,Arunachal Pradesh,Lower Subansiri,0.03,volume in million,
2022,September,Arunachal Pradesh,Papum Pare,0.14,volume in million,
2022,September,Arunachal Pradesh,Rest Of Locations,0.1,volume in million,
2022,September,Arunachal Pradesh,West Siang,0.03,volume in million,
2022,September,Assam,Cachar,0.53,volume in million,
2022,September,Assam,Dibrugarh,0.43,volume in million,
2022,September,Assam,Kamrup,1.95,volume in million,
2022,September,Assam,Nagaon,0.65,volume in million,
2022,September,Assam,Rest Of Locations,4.18,volume in million,
2022,September,Assam,Sonitpur,0.44,volume in million,
2022,September,Bihar,East Champaran,0.7,volume in million,
2022,September,Bihar,Muzaffarpur,0.68,volume in million,
2022,September,Bihar,Patna,2.18,volume in million,
2022,September,Bihar,Rest Of Locations,8.31,volume in million,
2022,September,Bihar,Vaishali,0.62,volume in million,
2022,September,Bihar,West Champaran,1.23,volume in million,
2022,September,Chandigarh,Chandigarh,0.88,volume in million,
2022,September,Chhattisgarh,Bilaspur(Cgh),0.55,volume in million,
2022,September,Chhattisgarh,Durg,0.99,volume in million,
2022,September,Chhattisgarh,Korba,0.34,volume in million,
2022,September,Chhattisgarh,Raipur,1.52,volume in million,
2022,September,Chhattisgarh,Rajnandgaon,0.34,volume in million,
2022,September,Chhattisgarh,Rest Of Locations,2.14,volume in million,
2022,September,Dadra and Nagar Haveli,Dadra & Nagar Haveli,0.31,volume in million,
2022,September,Daman and Diu,Daman,0.24,volume in million,
2022,September,Daman and Diu,Diu,0.02,volume in million,
2022,September,Delhi,East Delhi,1.73,volume in million,
2022,September,Delhi,North West Delhi,1.95,volume in million,
2022,September,Delhi,Rest Of Locations,2.55,volume in million,
2022,September,Delhi,South Delhi,2.07,volume in million,
2022,September,Delhi,South West Delhi,2.27,volume in million,
2022,September,Delhi,West Delhi,1.67,volume in million,
2022,September,Goa,North Goa,0.72,volume in million,
2022,September,Goa,South Goa,0.67,volume in million,
2022,September,Gujarat,Ahmedabad,3.92,volume in million,
2022,September,Gujarat,Rajkot,1.11,volume in million,
2022,September,Gujarat,Rest Of Locations,8.32,volume in million,
2022,September,Gujarat,Surat,3.62,volume in million,
2022,September,Gujarat,Vadodara,1.88,volume in million,
2022,September,Gujarat,Valsad,0.96,volume in million,
2022,September,Haryana,Ambala,0.5,volume in million,
2022,September,Haryana,Faridabad,1.41,volume in million,
2022,September,Haryana,Gurgaon,2.63,volume in million,
2022,September,Haryana,Karnal,0.45,volume in million,
2022,September,Haryana,Rest Of Locations,3.96,volume in million,
2022,September,Haryana,Sonipat,0.51,volume in million,
2022,September,Himachal Pradesh,Kangra,0.47,volume in million,
2022,September,Himachal Pradesh,Kullu,0.21,volume in million,
2022,September,Himachal Pradesh,Mandi,0.24,volume in million,
2022,September,Himachal Pradesh,Rest Of Locations,0.83,volume in million,
2022,September,Himachal Pradesh,Shimla,0.43,volume in million,
2022,September,Himachal Pradesh,Solan,0.73,volume in million,
2022,September,Jammu and Kashmir,Ananthnag,0.21,volume in million,
2022,September,Jammu and Kashmir,Jammu,1,volume in million,
2022,September,Jammu and Kashmir,Kathua,0.19,volume in million,
2022,September,Jammu and Kashmir,Rest Of Locations,1.01,volume in million,
2022,September,Jammu and Kashmir,Srinagar,0.34,volume in million,
2022,September,Jammu and Kashmir,Udhampur,0.22,volume in million,
2022,September,Jharkhand,Bokaro,0.41,volume in million,
2022,September,Jharkhand,Dhanbad,0.63,volume in million,
2022,September,Jharkhand,East Singhbhum,0.93,volume in million,
2022,September,Jharkhand,Hazaribag,0.29,volume in million,
2022,September,Jharkhand,Ranchi,1.2,volume in million,
2022,September,Jharkhand,Rest Of Locations,2.11,volume in million,
2022,September,Karnataka,Bangalore,10.19,volume in million,
2022,September,Karnataka,Bangalore Rural,1.28,volume in million,
2022,September,Karnataka,Belgaum,1.5,volume in million,
2022,September,Karnataka,Dakshina Kannada,1.25,volume in million,
2022,September,Karnataka,Mysore,1.52,volume in million,
2022,September,Karnataka,Rest Of Locations,13.16,volume in million,
2022,September,Kerala,Ernakulam,3.11,volume in million,
2022,September,Kerala,Kozhikode,1.87,volume in million,
2022,September,Kerala,Malappuram,2.27,volume in million,
2022,September,Kerala,Rest Of Locations,10.03,volume in million,
2022,September,Kerala,Thiruvananthapuram,2.51,volume in million,
2022,September,Kerala,Thrissur,2.11,volume in million,
2022,September,Lakshadweep,Lakshadweep,0.02,volume in million,
2022,September,Madhya Pradesh,Bhopal,1.27,volume in million,
2022,September,Madhya Pradesh,Dhar,0.55,volume in million,
2022,September,Madhya Pradesh,Gwalior,0.58,volume in million,
2022,September,Madhya Pradesh,Indore,2.01,volume in million,
2022,September,Madhya Pradesh,Jabalpur,0.62,volume in million,
2022,September,Madhya Pradesh,Rest Of Locations,7.62,volume in million,
2022,September,Maharashtra,Mumbai,9.25,volume in million,
2022,September,Maharashtra,Nagpur,2.49,volume in million,
2022,September,Maharashtra,Nashik,1.87,volume in million,
2022,September,Maharashtra,Pune,8.97,volume in million,
2022,September,Maharashtra,Rest Of Locations,18.03,volume in million,
2022,September,Maharashtra,Thane,11.7,volume in million,
2022,September,Manipur,Bishnupur,0.06,volume in million,
2022,September,Manipur,Churachandpur,0.1,volume in million,
2022,September,Manipur,Imphal East,0.08,volume in million,
2022,September,Manipur,Imphal West,0.35,volume in million,
2022,September,Manipur,Rest Of Locations,0.09,volume in million,
2022,September,Manipur,Thoubal,0.1,volume in million,
2022,September,Meghalaya,East Garo Hills,0.04,volume in million,
2022,September,Meghalaya,East Khasi Hills,0.36,volume in million,
2022,September,Meghalaya,Jaintia Hills,0.08,volume in million,
2022,September,Meghalaya,Rest Of Locations,0.04,volume in million,
2022,September,Meghalaya,Ri Bhoi,0.06,volume in million,
2022,September,Meghalaya,West Garo Hills,0.1,volume in million,
2022,September,Mizoram,Aizawl,0.39,volume in million,
2022,September,Mizoram,Champhai,0.03,volume in million,
2022,September,Mizoram,Kolasib,0.03,volume in million,
2022,September,Mizoram,Lawngtlai,0.04,volume in million,
2022,September,Mizoram,Lunglei,0.06,volume in million,
2022,September,Mizoram,Rest Of Locations,0.04,volume in million,
2022,September,Nagaland,Dimapur,0.22,volume in million,
2022,September,Nagaland,Kohima,0.11,volume in million,
2022,September,Nagaland,Mokokchung,0.02,volume in million,
2022,September,Nagaland,Mon,0.02,volume in million,
2022,September,Nagaland,Rest Of Locations,0.03,volume in million,
2022,September,Nagaland,Wokha,0.03,volume in million,
2022,September,Odisha,Baleswar,1.37,volume in million,
2022,September,Odisha,Bhadrak,0.64,volume in million,
2022,September,Odisha,Cuttack,0.95,volume in million,
2022,September,Odisha,Ganjam,0.81,volume in million,
2022,September,Odisha,Khorda,1.71,volume in million,
2022,September,Odisha,Rest Of Locations,7.12,volume in million,
2022,September,Others,Other,1.66,volume in million,state: Pincode data or location mapping not available
2022,September,Puducherry,Karaikal,0.17,volume in million,
2022,September,Puducherry,Pondicherry,0.87,volume in million,
2022,September,Punjab,Amritsar,1.16,volume in million,
2022,September,Punjab,Gurdaspur,0.85,volume in million,
2022,September,Punjab,Jalandhar,1.09,volume in million,
2022,September,Punjab,Ludhiana,2.23,volume in million,
2022,September,Punjab,Rest Of Locations,4.9,volume in million,
2022,September,Punjab,Rupnagar,0.96,volume in million,
2022,September,Rajasthan,Alwar,0.95,volume in million,
2022,September,Rajasthan,Jaipur,2.66,volume in million,
2022,September,Rajasthan,Jodhpur,0.78,volume in million,
2022,September,Rajasthan,Nagaur,0.7,volume in million,
2022,September,Rajasthan,Rest Of Locations,7.03,volume in million,
2022,September,Rajasthan,Udaipur,0.67,volume in million,
2022,September,Sikkim,East Sikkim,0.33,volume in million,
2022,September,Sikkim,North Sikkim,0.02,volume in million,
2022,September,Sikkim,South Sikkim,0.06,volume in million,
2022,September,Sikkim,West Sikkim,0.07,volume in million,
2022,September,Tamil Nadu,Chennai,4.63,volume in million,
2022,September,Tamil Nadu,Coimbatore,6.17,volume in million,
2022,September,Tamil Nadu,Kanchipuram,5.56,volume in million,
2022,September,Tamil Nadu,Rest Of Locations,31.6,volume in million,
2022,September,Tamil Nadu,Tiruvallur,4.18,volume in million,
2022,September,Tamil Nadu,Vellore,2.74,volume in million,
2022,September,Telangana,Hyderabad,5.79,volume in million,
2022,September,Telangana,K.V.Rangareddy,2.78,volume in million,
2022,September,Telangana,Karim Nagar,1.16,volume in million,
2022,September,Telangana,Medak,1.11,volume in million,
2022,September,Telangana,Rest Of Locations,3.37,volume in million,
2022,September,Telangana,Warangal,0.82,volume in million,
2022,September,Tripura,Dhalai,0.06,volume in million,
2022,September,Tripura,North Tripura,0.16,volume in million,
2022,September,Tripura,South Tripura,0.13,volume in million,
2022,September,Tripura,West Tripura,0.61,volume in million,
2022,September,Uttar Pradesh,Allahabad,1.4,volume in million,
2022,September,Uttar Pradesh,Gautam Buddha Nagar,2.28,volume in million,
2022,September,Uttar Pradesh,Ghaziabad,2.07,volume in million,
2022,September,Uttar Pradesh,Lucknow,2.74,volume in million,
2022,September,Uttar Pradesh,Rest Of Locations,22.45,volume in million,
2022,September,Uttar Pradesh,Varanasi,1.45,volume in million,
2022,September,Uttarakhand,Almora,0.19,volume in million,
2022,September,Uttarakhand,Dehradun,1.35,volume in million,
2022,September,Uttarakhand,Haridwar,0.82,volume in million,
2022,September,Uttarakhand,Nainital,0.42,volume in million,
2022,September,Uttarakhand,Rest Of Locations,0.69,volume in million,
2022,September,Uttarakhand,Udham Singh Nagar,0.8,volume in million,
2022,September,West Bengal,Bardhaman,1.92,volume in million,
2022,September,West Bengal,Howrah,1.59,volume in million,
2022,September,West Bengal,Kolkata,4.01,volume in million,
2022,September,West Bengal,North 24 Parganas,3.35,volume in million,
2022,September,West Bengal,Rest Of Locations,10.48,volume in million,
2022,September,West Bengal,South 24 Parganas,1.66,volume in million,
2022,August,Andaman and Nicobar Islands,Nicobar,0.01,volume in million,
2022,August,Andaman and Nicobar Islands,North And Middle Andaman,0.02,volume in million,
2022,August,Andaman and Nicobar Islands,South Andaman,0.13,volume in million,
2022,August,Andhra Pradesh,Chittoor,2.06,volume in million,
2022,August,Andhra Pradesh,East Godavari,1.7,volume in million,
2022,August,Andhra Pradesh,Guntur,1.68,volume in million,
2022,August,Andhra Pradesh,Krishna,1.93,volume in million,
2022,August,Andhra Pradesh,Rest Of Locations,7.74,volume in million,
2022,August,Andhra Pradesh,Visakhapatnam,2.55,volume in million,
2022,August,Arunachal Pradesh,East Siang,0.04,volume in million,
2022,August,Arunachal Pradesh,Lohit,0.03,volume in million,
2022,August,Arunachal Pradesh,Lower Subansiri,0.04,volume in million,
2022,August,Arunachal Pradesh,Papum Pare,0.15,volume in million,
2022,August,Arunachal Pradesh,Rest Of Locations,0.11,volume in million,
2022,August,Arunachal Pradesh,West Siang,0.03,volume in million,
2022,August,Assam,Cachar,0.51,volume in million,
2022,August,Assam,Dibrugarh,0.41,volume in million,
2022,August,Assam,Kamrup,1.87,volume in million,
2022,August,Assam,Nagaon,0.62,volume in million,
2022,August,Assam,Rest Of Locations,4.01,volume in million,
2022,August,Assam,Sonitpur,0.42,volume in million,
2022,August,Bihar,East Champaran,0.72,volume in million,
2022,August,Bihar,Muzaffarpur,0.75,volume in million,
2022,August,Bihar,Patna,2.2,volume in million,
2022,August,Bihar,Rest Of Locations,9.07,volume in million,
2022,August,Bihar,Vaishali,0.67,volume in million,
2022,August,Bihar,West Champaran,1.02,volume in million,
2022,August,Chandigarh,Chandigarh,0.91,volume in million,
2022,August,Chhattisgarh,Bilaspur(Cgh),0.57,volume in million,
2022,August,Chhattisgarh,Durg,1.06,volume in million,
2022,August,Chhattisgarh,Korba,0.35,volume in million,
2022,August,Chhattisgarh,Raipur,1.57,volume in million,
2022,August,Chhattisgarh,Rajnandgaon,0.39,volume in million,
2022,August,Chhattisgarh,Rest Of Locations,2.28,volume in million,
2022,August,Dadra and Nagar Haveli,Dadra & Nagar Haveli,0.32,volume in million,
2022,August,Daman and Diu,Daman,0.24,volume in million,
2022,August,Daman and Diu,Diu,0.02,volume in million,
2022,August,Delhi,East Delhi,1.74,volume in million,
2022,August,Delhi,North West Delhi,1.98,volume in million,
2022,August,Delhi,Rest Of Locations,2.53,volume in million,
2022,August,Delhi,South Delhi,2.11,volume in million,
2022,August,Delhi,South West Delhi,2.29,volume in million,
2022,August,Delhi,West Delhi,1.7,volume in million,
2022,August,Goa,North Goa,0.78,volume in million,
2022,August,Goa,South Goa,0.75,volume in million,
2022,August,Gujarat,Ahmedabad,3.89,volume in million,
2022,August,Gujarat,Rajkot,1.14,volume in million,
2022,August,Gujarat,Rest Of Locations,8.26,volume in million,
2022,August,Gujarat,Surat,3.6,volume in million,
2022,August,Gujarat,Vadodara,1.86,volume in million,
2022,August,Gujarat,Valsad,0.98,volume in million,
2022,August,Haryana,Ambala,0.53,volume in million,
2022,August,Haryana,Faridabad,1.47,volume in million,
2022,August,Haryana,Gurgaon,2.68,volume in million,
2022,August,Haryana,Karnal,0.48,volume in million,
2022,August,Haryana,Rest Of Locations,4.21,volume in million,
2022,August,Haryana,Sonipat,0.53,volume in million,
2022,August,Himachal Pradesh,Kangra,0.48,volume in million,
2022,August,Himachal Pradesh,Mandi,0.24,volume in million,
2022,August,Himachal Pradesh,Rest Of Locations,0.87,volume in million,
2022,August,Himachal Pradesh,Shimla,0.43,volume in million,
2022,August,Himachal Pradesh,Sirmaur,0.21,volume in million,
2022,August,Himachal Pradesh,Solan,0.75,volume in million,
2022,August,Jammu and Kashmir,Ananthnag,0.22,volume in million,
2022,August,Jammu and Kashmir,Jammu,1.03,volume in million,
2022,August,Jammu and Kashmir,Kathua,0.19,volume in million,
2022,August,Jammu and Kashmir,Rest Of Locations,1.06,volume in million,
2022,August,Jammu and Kashmir,Srinagar,0.35,volume in million,
2022,August,Jammu and Kashmir,Udhampur,0.23,volume in million,
2022,August,Jharkhand,Bokaro,0.41,volume in million,
2022,August,Jharkhand,Dhanbad,0.62,volume in million,
2022,August,Jharkhand,East Singhbhum,0.89,volume in million,
2022,August,Jharkhand,Hazaribag,0.29,volume in million,
2022,August,Jharkhand,Ranchi,1.16,volume in million,
2022,August,Jharkhand,Rest Of Locations,2.12,volume in million,
2022,August,Karnataka,Bangalore,10.55,volume in million,
2022,August,Karnataka,Bangalore Rural,1.32,volume in million,
2022,August,Karnataka,Belgaum,1.55,volume in million,
2022,August,Karnataka,Dakshina Kannada,1.27,volume in million,
2022,August,Karnataka,Mysore,1.57,volume in million,
2022,August,Karnataka,Rest Of Locations,13.67,volume in million,
2022,August,Kerala,Ernakulam,3.17,volume in million,
2022,August,Kerala,Kollam,1.88,volume in million,
2022,August,Kerala,Malappuram,2.18,volume in million,
2022,August,Kerala,Rest Of Locations,10.24,volume in million,
2022,August,Kerala,Thiruvananthapuram,2.63,volume in million,
2022,August,Kerala,Thrissur,2.18,volume in million,
2022,August,Lakshadweep,Lakshadweep,0.02,volume in million,
2022,August,Madhya Pradesh,Bhopal,1.25,volume in million,
2022,August,Madhya Pradesh,Dhar,0.58,volume in million,
2022,August,Madhya Pradesh,Gwalior,0.61,volume in million,
2022,August,Madhya Pradesh,Indore,2.05,volume in million,
2022,August,Madhya Pradesh,Jabalpur,0.63,volume in million,
2022,August,Madhya Pradesh,Rest Of Locations,8.13,volume in million,
2022,August,Maharashtra,Mumbai,9.76,volume in million,
2022,August,Maharashtra,Nagpur,2.63,volume in million,
2022,August,Maharashtra,Nashik,1.98,volume in million,
2022,August,Maharashtra,Pune,9.46,volume in million,
2022,August,Maharashtra,Rest Of Locations,18.99,volume in million,
2022,August,Maharashtra,Thane,12.41,volume in million,
2022,August,Manipur,Bishnupur,0.06,volume in million,
2022,August,Manipur,Churachandpur,0.08,volume in million,
2022,August,Manipur,Imphal East,0.08,volume in million,
2022,August,Manipur,Imphal West,0.36,volume in million,
2022,August,Manipur,Rest Of Locations,0.08,volume in million,
2022,August,Manipur,Thoubal,0.1,volume in million,
2022,August,Meghalaya,East Khasi Hills,0.36,volume in million,
2022,August,Meghalaya,Jaintia Hills,0.08,volume in million,
2022,August,Meghalaya,Rest Of Locations,0.04,volume in million,
2022,August,Meghalaya,Ri Bhoi,0.05,volume in million,
2022,August,Meghalaya,West Garo Hills,0.09,volume in million,
2022,August,Meghalaya,West Khasi Hills,0.04,volume in million,
2022,August,Mizoram,Aizawl,0.38,volume in million,
2022,August,Mizoram,Champhai,0.03,volume in million,
2022,August,Mizoram,Kolasib,0.03,volume in million,
2022,August,Mizoram,Lawngtlai,0.04,volume in million,
2022,August,Mizoram,Lunglei,0.06,volume in million,
2022,August,Mizoram,Rest Of Locations,0.04,volume in million,
2022,August,Nagaland,Dimapur,0.21,volume in million,
2022,August,Nagaland,Kohima,0.11,volume in million,
2022,August,Nagaland,Mokokchung,0.02,volume in million,
2022,August,Nagaland,Mon,0.02,volume in million,
2022,August,Nagaland,Rest Of Locations,0.04,volume in million,
2022,August,Nagaland,Wokha,0.03,volume in million,
2022,August,Odisha,Baleswar,1.24,volume in million,
2022,August,Odisha,Cuttack,0.94,volume in million,
2022,August,Odisha,Ganjam,0.79,volume in million,
2022,August,Odisha,Khorda,1.7,volume in million,
2022,August,Odisha,Rest Of Locations,6.75,volume in million,
2022,August,Odisha,Sundergarh,0.6,volume in million,
2022,August,Others,Other,1.71,volume in million,state: Pincode data or location mapping not available
2022,August,Puducherry,Karaikal,0.17,volume in million,
2022,August,Puducherry,Pondicherry,0.91,volume in million,
2022,August,Punjab,Amritsar,1.2,volume in million,
2022,August,Punjab,Gurdaspur,0.89,volume in million,
2022,August,Punjab,Jalandhar,1.12,volume in million,
2022,August,Punjab,Ludhiana,2.28,volume in million,
2022,August,Punjab,Rest Of Locations,5.13,volume in million,
2022,August,Punjab,Rupnagar,1,volume in million,
2022,August,Rajasthan,Alwar,0.97,volume in million,
2022,August,Rajasthan,Jaipur,2.65,volume in million,
2022,August,Rajasthan,Jodhpur,0.81,volume in million,
2022,August,Rajasthan,Nagaur,0.68,volume in million,
2022,August,Rajasthan,Rest Of Locations,7.28,volume in million,
2022,August,Rajasthan,Udaipur,0.67,volume in million,
2022,August,Sikkim,East Sikkim,0.31,volume in million,
2022,August,Sikkim,North Sikkim,0.02,volume in million,
2022,August,Sikkim,South Sikkim,0.06,volume in million,
2022,August,Sikkim,West Sikkim,0.06,volume in million,
2022,August,Tamil Nadu,Chennai,4.77,volume in million,
2022,August,Tamil Nadu,Coimbatore,6.37,volume in million,
2022,August,Tamil Nadu,Kanchipuram,5.74,volume in million,
2022,August,Tamil Nadu,Rest Of Locations,32.88,volume in million,
2022,August,Tamil Nadu,Tiruvallur,4.37,volume in million,
2022,August,Tamil Nadu,Vellore,2.86,volume in million,
2022,August,Telangana,Hyderabad,6.07,volume in million,
2022,August,Telangana,K.V.Rangareddy,2.89,volume in million,
2022,August,Telangana,Karim Nagar,1.21,volume in million,
2022,August,Telangana,Medak,1.16,volume in million,
2022,August,Telangana,Rest Of Locations,3.58,volume in million,
2022,August,Telangana,Warangal,0.86,volume in million,
2022,August,Tripura,Dhalai,0.05,volume in million,
2022,August,Tripura,North Tripura,0.14,volume in million,
2022,August,Tripura,South Tripura,0.11,volume in million,
2022,August,Tripura,West Tripura,0.53,volume in million,
2022,August,Uttar Pradesh,Allahabad,1.47,volume in million,
2022,August,Uttar Pradesh,Gautam Buddha Nagar,2.29,volume in million,
2022,August,Uttar Pradesh,Ghaziabad,2.14,volume in million,
2022,August,Uttar Pradesh,Lucknow,2.83,volume in million,
2022,August,Uttar Pradesh,Rest Of Locations,24.44,volume in million,
2022,August,Uttar Pradesh,Varanasi,1.53,volume in million,
2022,August,Uttarakhand,Almora,0.21,volume in million,
2022,August,Uttarakhand,Dehradun,1.39,volume in million,
2022,August,Uttarakhand,Haridwar,0.85,volume in million,
2022,August,Uttarakhand,Nainital,0.43,volume in million,
2022,August,Uttarakhand,Rest Of Locations,0.72,volume in million,
2022,August,Uttarakhand,Udham Singh Nagar,0.83,volume in million,
2022,August,West Bengal,Bardhaman,1.74,volume in million,
2022,August,West Bengal,Howrah,1.46,volume in million,
2022,August,West Bengal,Kolkata,3.65,volume in million,
2022,August,West Bengal,North 24 Parganas,3.15,volume in million,
2022,August,West Bengal,Rest Of Locations,9.83,volume in million,
2022,August,West Bengal,South 24 Parganas,1.51,volume in million,
2022,July,Andaman and Nicobar Islands,Nicobar,0.01,volume in million,
2022,July,Andaman and Nicobar Islands,North And Middle Andaman,0.02,volume in million,
2022,July,Andaman and Nicobar Islands,South Andaman,0.13,volume in million,
2022,July,Andhra Pradesh,Chittoor,2.12,volume in million,
2022,July,Andhra Pradesh,East Godavari,1.78,volume in million,
2022,July,Andhra Pradesh,Guntur,1.73,volume in million,
2022,July,Andhra Pradesh,Krishna,1.97,volume in million,
2022,July,Andhra Pradesh,Rest Of Locations,8.09,volume in million,
2022,July,Andhra Pradesh,Visakhapatnam,2.63,volume in million,
2022,July,Arunachal Pradesh,East Siang,0.04,volume in million,
2022,July,Arunachal Pradesh,Lohit,0.03,volume in million,
2022,July,Arunachal Pradesh,Lower Subansiri,0.04,volume in million,
2022,July,Arunachal Pradesh,Papum Pare,0.14,volume in million,
2022,July,Arunachal Pradesh,Rest Of Locations,0.11,volume in million,
2022,July,Arunachal Pradesh,West Siang,0.03,volume in million,
2022,July,Assam,Cachar,0.49,volume in million,
2022,July,Assam,Dibrugarh,0.42,volume in million,
2022,July,Assam,Kamrup,1.89,volume in million,
2022,July,Assam,Nagaon,0.63,volume in million,
2022,July,Assam,Rest Of Locations,4.07,volume in million,
2022,July,Assam,Sonitpur,0.43,volume in million,
2022,July,Bihar,East Champaran,0.7,volume in million,
2022,July,Bihar,Muzaffarpur,0.76,volume in million,
2022,July,Bihar,Patna,2.25,volume in million,
2022,July,Bihar,Rest Of Locations,9.12,volume in million,
2022,July,Bihar,Vaishali,0.64,volume in million,
2022,July,Bihar,West Champaran,0.88,volume in million,
2022,July,Chandigarh,Chandigarh,0.91,volume in million,
2022,July,Chhattisgarh,Bilaspur(Cgh),0.56,volume in million,
2022,July,Chhattisgarh,Durg,0.99,volume in million,
2022,July,Chhattisgarh,Korba,0.35,volume in million,
2022,July,Chhattisgarh,Raipur,1.52,volume in million,
2022,July,Chhattisgarh,Rajnandgaon,0.33,volume in million,
2022,July,Chhattisgarh,Rest Of Locations,2.17,volume in million,
2022,July,Dadra and Nagar Haveli,Dadra & Nagar Haveli,0.3,volume in million,
2022,July,Daman and Diu,Daman,0.23,volume in million,
2022,July,Daman and Diu,Diu,0.02,volume in million,
2022,July,Delhi,East Delhi,1.72,volume in million,
2022,July,Delhi,North West Delhi,1.96,volume in million,
2022,July,Delhi,Rest Of Locations,2.52,volume in million,
2022,July,Delhi,South Delhi,2.08,volume in million,
2022,July,Delhi,South West Delhi,2.29,volume in million,
2022,July,Delhi,West Delhi,1.68,volume in million,
2022,July,Goa,North Goa,0.74,volume in million,
2022,July,Goa,South Goa,0.7,volume in million,
2022,July,Gujarat,Ahmedabad,3.78,volume in million,
2022,July,Gujarat,Rajkot,1.07,volume in million,
2022,July,Gujarat,Rest Of Locations,7.93,volume in million,
2022,July,Gujarat,Surat,3.41,volume in million,
2022,July,Gujarat,Vadodara,1.81,volume in million,
2022,July,Gujarat,Valsad,0.91,volume in million,
2022,July,Haryana,Ambala,0.53,volume in million,
2022,July,Haryana,Faridabad,1.43,volume in million,
2022,July,Haryana,Gurgaon,2.65,volume in million,
2022,July,Haryana,Karnal,0.47,volume in million,
2022,July,Haryana,Rest Of Locations,4.13,volume in million,
2022,July,Haryana,Sonipat,0.52,volume in million,
2022,July,Himachal Pradesh,Kangra,0.5,volume in million,
2022,July,Himachal Pradesh,Kullu,0.21,volume in million,
2022,July,Himachal Pradesh,Mandi,0.24,volume in million,
2022,July,Himachal Pradesh,Rest Of Locations,0.87,volume in million,
2022,July,Himachal Pradesh,Shimla,0.43,volume in million,
2022,July,Himachal Pradesh,Solan,0.75,volume in million,
2022,July,Jammu and Kashmir,Ananthnag,0.26,volume in million,
2022,July,Jammu and Kashmir,Baramulla,0.2,volume in million,
2022,July,Jammu and Kashmir,Jammu,1.04,volume in million,
2022,July,Jammu and Kashmir,Rest Of Locations,1.15,volume in million,
2022,July,Jammu and Kashmir,Srinagar,0.41,volume in million,
2022,July,Jammu and Kashmir,Udhampur,0.25,volume in million,
2022,July,Jharkhand,Bokaro,0.42,volume in million,
2022,July,Jharkhand,Dhanbad,0.63,volume in million,
2022,July,Jharkhand,East Singhbhum,0.9,volume in million,
2022,July,Jharkhand,Hazaribag,0.3,volume in million,
2022,July,Jharkhand,Ranchi,1.23,volume in million,
2022,July,Jharkhand,Rest Of Locations,2.16,volume in million,
2022,July,Karnataka,Bangalore,10.57,volume in million,
2022,July,Karnataka,Bangalore Rural,1.33,volume in million,
2022,July,Karnataka,Belgaum,1.52,volume in million,
2022,July,Karnataka,Dakshina Kannada,1.25,volume in million,
2022,July,Karnataka,Mysore,1.55,volume in million,
2022,July,Karnataka,Rest Of Locations,13.64,volume in million,
2022,July,Kerala,Ernakulam,3.16,volume in million,
2022,July,Kerala,Kozhikode,1.8,volume in million,
2022,July,Kerala,Malappuram,1.98,volume in million,
2022,July,Kerala,Rest Of Locations,10.12,volume in million,
2022,July,Kerala,Thiruvananthapuram,2.59,volume in million,
2022,July,Kerala,Thrissur,2.17,volume in million,
2022,July,Lakshadweep,Lakshadweep,0.02,volume in million,
2022,July,Madhya Pradesh,Bhopal,1.27,volume in million,
2022,July,Madhya Pradesh,Dhar,0.56,volume in million,
2022,July,Madhya Pradesh,Gwalior,0.59,volume in million,
2022,July,Madhya Pradesh,Indore,2.04,volume in million,
2022,July,Madhya Pradesh,Jabalpur,0.64,volume in million,
2022,July,Madhya Pradesh,Rest Of Locations,7.85,volume in million,
2022,July,Maharashtra,Mumbai,9.4,volume in million,
2022,July,Maharashtra,Nagpur,2.52,volume in million,
2022,July,Maharashtra,Nashik,1.88,volume in million,
2022,July,Maharashtra,Pune,9.12,volume in million,
2022,July,Maharashtra,Rest Of Locations,18.38,volume in million,
2022,July,Maharashtra,Thane,11.95,volume in million,
2022,July,Manipur,Bishnupur,0.07,volume in million,
2022,July,Manipur,Churachandpur,0.09,volume in million,
2022,July,Manipur,Imphal East,0.08,volume in million,
2022,July,Manipur,Imphal West,0.37,volume in million,
2022,July,Manipur,Rest Of Locations,0.09,volume in million,
2022,July,Manipur,Thoubal,0.12,volume in million,
2022,July,Meghalaya,East Khasi Hills,0.36,volume in million,
2022,July,Meghalaya,Jaintia Hills,0.08,volume in million,
2022,July,Meghalaya,Rest Of Locations,0.04,volume in million,
2022,July,Meghalaya,Ri Bhoi,0.05,volume in million,
2022,July,Meghalaya,West Garo Hills,0.08,volume in million,
2022,July,Meghalaya,West Khasi Hills,0.04,volume in million,
2022,July,Mizoram,Aizawl,0.38,volume in million,
2022,July,Mizoram,Champhai,0.03,volume in million,
2022,July,Mizoram,Kolasib,0.03,volume in million,
2022,July,Mizoram,Lawngtlai,0.04,volume in million,
2022,July,Mizoram,Lunglei,0.06,volume in million,
2022,July,Mizoram,Rest Of Locations,0.04,volume in million,
2022,July,Nagaland,Dimapur,0.22,volume in million,
2022,July,Nagaland,Kohima,0.12,volume in million,
2022,July,Nagaland,Mokokchung,0.02,volume in million,
2022,July,Nagaland,Mon,0.03,volume in million,
2022,July,Nagaland,Rest Of Locations,0.04,volume in million,
2022,July,Nagaland,Wokha,0.03,volume in million,
2022,July,Odisha,Baleswar,1.13,volume in million,
2022,July,Odisha,Cuttack,0.97,volume in million,
2022,July,Odisha,Ganjam,0.81,volume in million,
2022,July,Odisha,Khorda,1.74,volume in million,
2022,July,Odisha,Rest Of Locations,7.08,volume in million,
2022,July,Odisha,Sundergarh,0.63,volume in million,
2022,July,Others,Rest Of Locations,1.7,volume in million,state: Pincode data or location mapping not available
2022,July,Puducherry,Karaikal,0.18,volume in million,
2022,July,Puducherry,Pondicherry,0.92,volume in million,
2022,July,Punjab,Amritsar,1.17,volume in million,
2022,July,Punjab,Gurdaspur,0.88,volume in million,
2022,July,Punjab,Jalandhar,1.1,volume in million,
2022,July,Punjab,Ludhiana,2.19,volume in million,
2022,July,Punjab,Rest Of Locations,4.98,volume in million,
2022,July,Punjab,Rupnagar,0.99,volume in million,
2022,July,Rajasthan,Ajmer,0.64,volume in million,
2022,July,Rajasthan,Alwar,0.99,volume in million,
2022,July,Rajasthan,Jaipur,2.83,volume in million,
2022,July,Rajasthan,Jodhpur,0.83,volume in million,
2022,July,Rajasthan,Rest Of Locations,7.39,volume in million,
2022,July,Rajasthan,Udaipur,0.7,volume in million,
2022,July,Sikkim,East Sikkim,0.31,volume in million,
2022,July,Sikkim,North Sikkim,0.02,volume in million,
2022,July,Sikkim,South Sikkim,0.06,volume in million,
2022,July,Sikkim,West Sikkim,0.07,volume in million,
2022,July,Tamil Nadu,Chennai,4.79,volume in million,
2022,July,Tamil Nadu,Coimbatore,6.43,volume in million,
2022,July,Tamil Nadu,Kanchipuram,5.79,volume in million,
2022,July,Tamil Nadu,Rest Of Locations,32.77,volume in million,
2022,July,Tamil Nadu,Tiruvallur,4.37,volume in million,
2022,July,Tamil Nadu,Vellore,2.89,volume in million,
2022,July,Telangana,Hyderabad,6,volume in million,
2022,July,Telangana,K.V.Rangareddy,2.9,volume in million,
2022,July,Telangana,Karim Nagar,1.24,volume in million,
2022,July,Telangana,Medak,1.21,volume in million,
2022,July,Telangana,Rest Of Locations,3.78,volume in million,
2022,July,Telangana,Warangal,0.89,volume in million,
2022,July,Tripura,Dhalai,0.05,volume in million,
2022,July,Tripura,North Tripura,0.14,volume in million,
2022,July,Tripura,South Tripura,0.11,volume in million,
2022,July,Tripura,West Tripura,0.54,volume in million,
2022,July,Uttar Pradesh,Allahabad,1.49,volume in million,
2022,July,Uttar Pradesh,Gautam Buddha Nagar,2.26,volume in million,
2022,July,Uttar Pradesh,Ghaziabad,2.11,volume in million,
2022,July,Uttar Pradesh,Lucknow,2.9,volume in million,
2022,July,Uttar Pradesh,Rest Of Locations,24.05,volume in million,
2022,July,Uttar Pradesh,Varanasi,1.55,volume in million,
2022,July,Uttarakhand,Almora,0.2,volume in million,
2022,July,Uttarakhand,Dehradun,1.38,volume in million,
2022,July,Uttarakhand,Haridwar,0.88,volume in million,
2022,July,Uttarakhand,Nainital,0.44,volume in million,
2022,July,Uttarakhand,Rest Of Locations,0.71,volume in million,
2022,July,Uttarakhand,Udham Singh Nagar,0.82,volume in million,
2022,July,West Bengal,Bardhaman,1.8,volume in million,
2022,July,West Bengal,Howrah,1.47,volume in million,
2022,July,West Bengal,Kolkata,3.66,volume in million,
2022,July,West Bengal,North 24 Parganas,3.23,volume in million,
2022,July,West Bengal,Rest Of Locations,10.5,volume in million,
2022,July,West Bengal,South 24 Parganas,1.58,volume in million,
2022,June,Andaman and Nicobar Islands,Nicobar,0,volume in million,
2022,June,Andaman and Nicobar Islands,North And Middle Andaman,0.02,volume in million,
2022,June,Andaman and Nicobar Islands,South Andaman,0.13,volume in million,
2022,June,Andhra Pradesh,Chittoor,2.08,volume in million,
2022,June,Andhra Pradesh,East Godavari,1.9,volume in million,
2022,June,Andhra Pradesh,Guntur,1.8,volume in million,
2022,June,Andhra Pradesh,Krishna,2.02,volume in million,
2022,June,Andhra Pradesh,Rest Of Locations,8.3,volume in million,
2022,June,Andhra Pradesh,Visakhapatnam,2.59,volume in million,
2022,June,Arunachal Pradesh,East Siang,0.04,volume in million,
2022,June,Arunachal Pradesh,Lohit,0.03,volume in million,
2022,June,Arunachal Pradesh,Lower Subansiri,0.04,volume in million,
2022,June,Arunachal Pradesh,Papum Pare,0.14,volume in million,
2022,June,Arunachal Pradesh,Rest Of Locations,0.1,volume in million,
2022,June,Arunachal Pradesh,West Siang,0.03,volume in million,
2022,June,Assam,Cachar,0.4,volume in million,
2022,June,Assam,Dibrugarh,0.4,volume in million,
2022,June,Assam,Kamrup,1.78,volume in million,
2022,June,Assam,Nagaon,0.59,volume in million,
2022,June,Assam,Rest Of Locations,3.75,volume in million,
2022,June,Assam,Sonitpur,0.41,volume in million,
2022,June,Bihar,East Champaran,0.63,volume in million,
2022,June,Bihar,Muzaffarpur,0.77,volume in million,
2022,June,Bihar,Patna,2.16,volume in million,
2022,June,Bihar,Rest Of Locations,9.19,volume in million,
2022,June,Bihar,Vaishali,0.61,volume in million,
2022,June,Bihar,West Champaran,0.83,volume in million,
2022,June,Chandigarh,Chandigarh,0.87,volume in million,
2022,June,Chhattisgarh,Bilaspur(Cgh),0.55,volume in million,
2022,June,Chhattisgarh,Durg,1.01,volume in million,
2022,June,Chhattisgarh,Korba,0.36,volume in million,
2022,June,Chhattisgarh,Raipur,1.58,volume in million,
2022,June,Chhattisgarh,Rajnandgaon,0.36,volume in million,
2022,June,Chhattisgarh,Rest Of Locations,2.28,volume in million,
2022,June,Dadra and Nagar Haveli,Dadra & Nagar Haveli,0.32,volume in million,
2022,June,Daman and Diu,Daman,0.23,volume in million,
2022,June,Daman and Diu,Diu,0.02,volume in million,
2022,June,Delhi,East Delhi,1.65,volume in million,
2022,June,Delhi,North West Delhi,1.88,volume in million,
2022,June,Delhi,Rest Of Locations,2.4,volume in million,
2022,June,Delhi,South Delhi,2.01,volume in million,
2022,June,Delhi,South West Delhi,2.15,volume in million,
2022,June,Delhi,West Delhi,1.59,volume in million,
2022,June,Goa,North Goa,0.75,volume in million,
2022,June,Goa,South Goa,0.69,volume in million,
2022,June,Gujarat,Ahmedabad,3.79,volume in million,
2022,June,Gujarat,Rajkot,1.1,volume in million,
2022,June,Gujarat,Rest Of Locations,8.14,volume in million,
2022,June,Gujarat,Surat,3.5,volume in million,
2022,June,Gujarat,Vadodara,1.83,volume in million,
2022,June,Gujarat,Valsad,0.96,volume in million,
2022,June,Haryana,Ambala,0.5,volume in million,
2022,June,Haryana,Faridabad,1.38,volume in million,
2022,June,Haryana,Gurgaon,2.52,volume in million,
2022,June,Haryana,Karnal,0.46,volume in million,
2022,June,Haryana,Rest Of Locations,4.02,volume in million,
2022,June,Haryana,Sonipat,0.49,volume in million,
2022,June,Himachal Pradesh,Kangra,0.52,volume in million,
2022,June,Himachal Pradesh,Kullu,0.25,volume in million,
2022,June,Himachal Pradesh,Mandi,0.26,volume in million,
2022,June,Himachal Pradesh,Rest Of Locations,0.88,volume in million,
2022,June,Himachal Pradesh,Shimla,0.44,volume in million,
2022,June,Himachal Pradesh,Solan,0.74,volume in million,
2022,June,Jammu and Kashmir,Ananthnag,0.24,volume in million,
2022,June,Jammu and Kashmir,Baramulla,0.19,volume in million,
2022,June,Jammu and Kashmir,Jammu,0.99,volume in million,
2022,June,Jammu and Kashmir,Rest Of Locations,1.12,volume in million,
2022,June,Jammu and Kashmir,Srinagar,0.39,volume in million,
2022,June,Jammu and Kashmir,Udhampur,0.25,volume in million,
2022,June,Jharkhand,Bokaro,0.4,volume in million,
2022,June,Jharkhand,Dhanbad,0.61,volume in million,
2022,June,Jharkhand,East Singhbhum,0.88,volume in million,
2022,June,Jharkhand,Hazaribag,0.29,volume in million,
2022,June,Jharkhand,Ranchi,1.19,volume in million,
2022,June,Jharkhand,Rest Of Locations,2.13,volume in million,
2022,June,Karnataka,Bangalore,10.35,volume in million,
2022,June,Karnataka,Bangalore Rural,1.3,volume in million,
2022,June,Karnataka,Belgaum,1.61,volume in million,
2022,June,Karnataka,Dakshina Kannada,1.28,volume in million,
2022,June,Karnataka,Mysore,1.57,volume in million,
2022,June,Karnataka,Rest Of Locations,14.34,volume in million,
2022,June,Kerala,Ernakulam,3.07,volume in million,
2022,June,Kerala,Kozhikode,1.78,volume in million,
2022,June,Kerala,Malappuram,1.85,volume in million,
2022,June,Kerala,Rest Of Locations,9.82,volume in million,
2022,June,Kerala,Thiruvananthapuram,2.49,volume in million,
2022,June,Kerala,Thrissur,2.1,volume in million,
2022,June,Lakshadweep,Lakshadweep,0.02,volume in million,
2022,June,Madhya Pradesh,Bhopal,1.28,volume in million,
2022,June,Madhya Pradesh,Dhar,0.57,volume in million,
2022,June,Madhya Pradesh,Gwalior,0.56,volume in million,
2022,June,Madhya Pradesh,Indore,2.07,volume in million,
2022,June,Madhya Pradesh,Jabalpur,0.63,volume in million,
2022,June,Madhya Pradesh,Rest Of Locations,8.42,volume in million,
2022,June,Maharashtra,Mumbai,9.22,volume in million,
2022,June,Maharashtra,Nagpur,2.59,volume in million,
2022,June,Maharashtra,Nashik,2.02,volume in million,
2022,June,Maharashtra,Pune,9.29,volume in million,
2022,June,Maharashtra,Rest Of Locations,19.47,volume in million,
2022,June,Maharashtra,Thane,12.08,volume in million,
2022,June,Manipur,Bishnupur,0.06,volume in million,
2022,June,Manipur,Churachandpur,0.11,volume in million,
2022,June,Manipur,Imphal East,0.08,volume in million,
2022,June,Manipur,Imphal West,0.36,volume in million,
2022,June,Manipur,Rest Of Locations,0.11,volume in million,
2022,June,Manipur,Thoubal,0.11,volume in million,
2022,June,Meghalaya,East Khasi Hills,0.34,volume in million,
2022,June,Meghalaya,Jaintia Hills,0.07,volume in million,
2022,June,Meghalaya,Rest Of Locations,0.03,volume in million,
2022,June,Meghalaya,Ri Bhoi,0.05,volume in million,
2022,June,Meghalaya,West Garo Hills,0.08,volume in million,
2022,June,Meghalaya,West Khasi Hills,0.03,volume in million,
2022,June,Mizoram,Aizawl,0.36,volume in million,
2022,June,Mizoram,Champhai,0.03,volume in million,
2022,June,Mizoram,Kolasib,0.03,volume in million,
2022,June,Mizoram,Lawngtlai,0.04,volume in million,
2022,June,Mizoram,Lunglei,0.06,volume in million,
2022,June,Mizoram,Rest Of Locations,0.04,volume in million,
2022,June,Nagaland,Dimapur,0.22,volume in million,
2022,June,Nagaland,Kohima,0.11,volume in million,
2022,June,Nagaland,Mokokchung,0.02,volume in million,
2022,June,Nagaland,Mon,0.03,volume in million,
2022,June,Nagaland,Rest Of Locations,0.05,volume in million,
2022,June,Nagaland,Wokha,0.03,volume in million,
2022,June,Odisha,Baleswar,1.09,volume in million,
2022,June,Odisha,Cuttack,0.97,volume in million,
2022,June,Odisha,Ganjam,0.82,volume in million,
2022,June,Odisha,Khorda,1.67,volume in million,
2022,June,Odisha,Rest Of Locations,7.33,volume in million,
2022,June,Odisha,Sundergarh,0.61,volume in million,
2022,June,Others,Rest Of Locations,1.75,volume in million,state: Pincode data or location mapping not available
2022,June,Puducherry,Karaikal,0.17,volume in million,
2022,June,Puducherry,Pondicherry,0.92,volume in million,
2022,June,Punjab,Amritsar,1.12,volume in million,
2022,June,Punjab,Gurdaspur,0.84,volume in million,
2022,June,Punjab,Jalandhar,1.06,volume in million,
2022,June,Punjab,Ludhiana,2.08,volume in million,
2022,June,Punjab,Rest Of Locations,4.81,volume in million,
2022,June,Punjab,Rupnagar,0.95,volume in million,
2022,June,Rajasthan,Ajmer,0.67,volume in million,
2022,June,Rajasthan,Alwar,0.94,volume in million,
2022,June,Rajasthan,Jaipur,2.66,volume in million,
2022,June,Rajasthan,Jodhpur,0.84,volume in million,
2022,June,Rajasthan,Rest Of Locations,7.28,volume in million,
2022,June,Rajasthan,Udaipur,0.67,volume in million,
2022,June,Sikkim,East Sikkim,0.31,volume in million,
2022,June,Sikkim,North Sikkim,0.01,volume in million,
2022,June,Sikkim,South Sikkim,0.06,volume in million,
2022,June,Sikkim,West Sikkim,0.07,volume in million,
2022,June,Tamil Nadu,Chennai,4.7,volume in million,
2022,June,Tamil Nadu,Coimbatore,6.37,volume in million,
2022,June,Tamil Nadu,Kanchipuram,5.69,volume in million,
2022,June,Tamil Nadu,Rest Of Locations,33.28,volume in million,
2022,June,Tamil Nadu,Tiruvallur,4.25,volume in million,
2022,June,Tamil Nadu,Vellore,2.86,volume in million,
2022,June,Telangana,Hyderabad,6.01,volume in million,
2022,June,Telangana,K.V.Rangareddy,2.91,volume in million,
2022,June,Telangana,Karim Nagar,1.35,volume in million,
2022,June,Telangana,Medak,1.25,volume in million,
2022,June,Telangana,Rest Of Locations,3.89,volume in million,
2022,June,Telangana,Warangal,0.92,volume in million,
2022,June,Tripura,Dhalai,0.05,volume in million,
2022,June,Tripura,North Tripura,0.14,volume in million,
2022,June,Tripura,South Tripura,0.1,volume in million,
2022,June,Tripura,West Tripura,0.49,volume in million,
2022,June,Uttar Pradesh,Allahabad,1.43,volume in million,
2022,June,Uttar Pradesh,Gautam Buddha Nagar,2.19,volume in million,
2022,June,Uttar Pradesh,Ghaziabad,2.03,volume in million,
2022,June,Uttar Pradesh,Lucknow,2.76,volume in million,
2022,June,Uttar Pradesh,Rest Of Locations,24.64,volume in million,
2022,June,Uttar Pradesh,Varanasi,1.52,volume in million,
2022,June,Uttarakhand,Almora,0.22,volume in million,
2022,June,Uttarakhand,Dehradun,1.4,volume in million,
2022,June,Uttarakhand,Haridwar,0.87,volume in million,
2022,June,Uttarakhand,Nainital,0.45,volume in million,
2022,June,Uttarakhand,Rest Of Locations,0.78,volume in million,
2022,June,Uttarakhand,Udham Singh Nagar,0.79,volume in million,
2022,June,West Bengal,Bardhaman,1.74,volume in million,
2022,June,West Bengal,Howrah,1.42,volume in million,
2022,June,West Bengal,Kolkata,3.56,volume in million,
2022,June,West Bengal,North 24 Parganas,3.08,volume in million,
2022,June,West Bengal,Rest Of Locations,9.84,volume in million,
2022,June,West Bengal,South 24 Parganas,1.51,volume in million,
2022,May,Andaman and Nicobar Islands,Nicobar,0.01,volume in million,
2022,May,Andaman and Nicobar Islands,North And Middle Andaman,0.02,volume in million,
2022,May,Andaman and Nicobar Islands,South Andaman,0.13,volume in million,
2022,May,Andhra Pradesh,Chittoor,2.08,volume in million,
2022,May,Andhra Pradesh,East Godavari,1.84,volume in million,
2022,May,Andhra Pradesh,Krishna,2.04,volume in million,
2022,May,Andhra Pradesh,Rest Of Locations,10.04,volume in million,
2022,May,Andhra Pradesh,Visakhapatnam,2.61,volume in million,
2022,May,Arunachal Pradesh,East Siang,0.04,volume in million,
2022,May,Arunachal Pradesh,Lohit,0.03,volume in million,
2022,May,Arunachal Pradesh,Lower Subansiri,0.04,volume in million,
2022,May,Arunachal Pradesh,Papum Pare,0.14,volume in million,
2022,May,Arunachal Pradesh,Rest Of Locations,0.1,volume in million,
2022,May,Arunachal Pradesh,West Siang,0.03,volume in million,
2022,May,Arunachal Pradesh,West Tripura,0,volume in million,
2022,May,Assam,Cachar,0.46,volume in million,
2022,May,Assam,Dibrugarh,0.41,volume in million,
2022,May,Assam,Kamrup,1.84,volume in million,
2022,May,Assam,Nagaon,0.6,volume in million,
2022,May,Assam,Rest Of Locations,3.91,volume in million,
2022,May,Assam,Sonitpur,0.43,volume in million,
2022,May,Bihar,East Champaran,0.7,volume in million,
2022,May,Bihar,Muzaffarpur,0.87,volume in million,
2022,May,Bihar,Patna,2.26,volume in million,
2022,May,Bihar,Rest Of Locations,10.65,volume in million,
2022,May,Bihar,Vaishali,0.67,volume in million,
2022,May,Bihar,West Champaran,0.86,volume in million,
2022,May,Chandigarh,Chandigarh,0.91,volume in million,
2022,May,Chhattisgarh,Bilaspur(Cgh),0.57,volume in million,
2022,May,Chhattisgarh,Durg,1.03,volume in million,
2022,May,Chhattisgarh,Korba,0.34,volume in million,
2022,May,Chhattisgarh,Raipur,1.58,volume in million,
2022,May,Chhattisgarh,Rajnandgaon,0.34,volume in million,
2022,May,Chhattisgarh,Rest Of Locations,2.28,volume in million,
2022,May,Dadra and Nagar Haveli,Dadra & Nagar Haveli,0.32,volume in million,
2022,May,Daman and Diu,Daman,0.23,volume in million,
2022,May,Daman and Diu,Diu,0.02,volume in million,
2022,May,Delhi,East Delhi,1.7,volume in million,
2022,May,Delhi,North West Delhi,1.93,volume in million,
2022,May,Delhi,Rest Of Locations,2.48,volume in million,
2022,May,Delhi,South Delhi,2.05,volume in million,
2022,May,Delhi,South West Delhi,2.24,volume in million,
2022,May,Delhi,West Delhi,1.64,volume in million,
2022,May,Goa,North Goa,0.83,volume in million,
2022,May,Goa,South Goa,0.75,volume in million,
2022,May,Gujarat,Ahmedabad,3.79,volume in million,
2022,May,Gujarat,Rajkot,1.12,volume in million,
2022,May,Gujarat,Rest Of Locations,8.15,volume in million,
2022,May,Gujarat,Surat,3.56,volume in million,
2022,May,Gujarat,Vadodara,1.85,volume in million,
2022,May,Gujarat,Valsad,1,volume in million,
2022,May,Haryana,Ambala,0.53,volume in million,
2022,May,Haryana,Faridabad,1.42,volume in million,
2022,May,Haryana,Gurgaon,2.53,volume in million,
2022,May,Haryana,Karnal,0.48,volume in million,
2022,May,Haryana,Rest Of Locations,4.12,volume in million,
2022,May,Haryana,Sonipat,0.5,volume in million,
2022,May,Himachal Pradesh,Kangra,0.52,volume in million,
2022,May,Himachal Pradesh,Kullu,0.25,volume in million,
2022,May,Himachal Pradesh,Mandi,0.25,volume in million,
2022,May,Himachal Pradesh,Rest Of Locations,0.87,volume in million,
2022,May,Himachal Pradesh,Shimla,0.43,volume in million,
2022,May,Himachal Pradesh,Solan,0.73,volume in million,
2022,May,Jammu and Kashmir,Ananthnag,0.25,volume in million,
2022,May,Jammu and Kashmir,Baramulla,0.19,volume in million,
2022,May,Jammu and Kashmir,Jammu,1.05,volume in million,
2022,May,Jammu and Kashmir,Rest Of Locations,1.15,volume in million,
2022,May,Jammu and Kashmir,Srinagar,0.38,volume in million,
2022,May,Jammu and Kashmir,Udhampur,0.25,volume in million,
2022,May,Jharkhand,Bokaro,0.41,volume in million,
2022,May,Jharkhand,Dhanbad,0.63,volume in million,
2022,May,Jharkhand,East Singhbhum,0.89,volume in million,
2022,May,Jharkhand,Hazaribag,0.31,volume in million,
2022,May,Jharkhand,Ranchi,1.25,volume in million,
2022,May,Jharkhand,Rest Of Locations,2.27,volume in million,
2022,May,Karnataka,Bangalore,10.45,volume in million,
2022,May,Karnataka,Bangalore Rural,1.32,volume in million,
2022,May,Karnataka,Belgaum,1.65,volume in million,
2022,May,Karnataka,Dakshina Kannada,1.33,volume in million,
2022,May,Karnataka,Mysore,1.58,volume in million,
2022,May,Karnataka,Rest Of Locations,14.2,volume in million,
2022,May,Kerala,Ernakulam,3.09,volume in million,
2022,May,Kerala,Kozhikode,1.83,volume in million,
2022,May,Kerala,Malappuram,1.92,volume in million,
2022,May,Kerala,Rest Of Locations,9.88,volume in million,
2022,May,Kerala,Thiruvananthapuram,2.48,volume in million,
2022,May,Kerala,Thrissur,2.15,volume in million,
2022,May,Lakshadweep,Lakshadweep,0.02,volume in million,
2022,May,Madhya Pradesh,Bhopal,1.33,volume in million,
2022,May,Madhya Pradesh,Dhar,0.58,volume in million,
2022,May,Madhya Pradesh,Gwalior,0.59,volume in million,
2022,May,Madhya Pradesh,Indore,2.13,volume in million,
2022,May,Madhya Pradesh,Jabalpur,0.67,volume in million,
2022,May,Madhya Pradesh,Rest Of Locations,9.02,volume in million,
2022,May,Maharashtra,Mumbai,9.47,volume in million,
2022,May,Maharashtra,Nagpur,2.63,volume in million,
2022,May,Maharashtra,Nashik,2.12,volume in million,
2022,May,Maharashtra,Pune,9.39,volume in million,
2022,May,Maharashtra,Rest Of Locations,20.58,volume in million,
2022,May,Maharashtra,Thane,12.52,volume in million,
2022,May,Manipur,Bishnupur,0.06,volume in million,
2022,May,Manipur,Churachandpur,0.08,volume in million,
2022,May,Manipur,Imphal East,0.08,volume in million,
2022,May,Manipur,Imphal West,0.35,volume in million,
2022,May,Manipur,Rest Of Locations,0.08,volume in million,
2022,May,Manipur,Thoubal,0.11,volume in million,
2022,May,Meghalaya,East Khasi Hills,0.35,volume in million,
2022,May,Meghalaya,Jaintia Hills,0.08,volume in million,
2022,May,Meghalaya,Rest Of Locations,0.03,volume in million,
2022,May,Meghalaya,Ri Bhoi,0.05,volume in million,
2022,May,Meghalaya,West Garo Hills,0.08,volume in million,
2022,May,Meghalaya,West Khasi Hills,0.03,volume in million,
2022,May,Mizoram,Aizawl,0.34,volume in million,
2022,May,Mizoram,Champhai,0.03,volume in million,
2022,May,Mizoram,Kolasib,0.03,volume in million,
2022,May,Mizoram,Lawngtlai,0.04,volume in million,
2022,May,Mizoram,Lunglei,0.05,volume in million,
2022,May,Mizoram,Rest Of Locations,0.04,volume in million,
2022,May,Nagaland,Dimapur,0.21,volume in million,
2022,May,Nagaland,Kohima,0.11,volume in million,
2022,May,Nagaland,Mokokchung,0.02,volume in million,
2022,May,Nagaland,Mon,0.02,volume in million,
2022,May,Nagaland,Rest Of Locations,0.03,volume in million,
2022,May,Nagaland,Wokha,0.02,volume in million,
2022,May,Odisha,Baleswar,1.12,volume in million,
2022,May,Odisha,Cuttack,1.03,volume in million,
2022,May,Odisha,Ganjam,0.92,volume in million,
2022,May,Odisha,Khorda,1.74,volume in million,
2022,May,Odisha,Rest Of Locations,7.49,volume in million,
2022,May,Odisha,Sundergarh,0.63,volume in million,
2022,May,Others,Rest Of Locations,1.76,volume in million,state: Pincode data or location mapping not available
2022,May,Puducherry,Karaikal,0.17,volume in million,
2022,May,Puducherry,Pondicherry,0.93,volume in million,
2022,May,Punjab,Amritsar,1.18,volume in million,
2022,May,Punjab,Gurdaspur,0.88,volume in million,
2022,May,Punjab,Jalandhar,1.1,volume in million,
2022,May,Punjab,Ludhiana,2.16,volume in million,
2022,May,Punjab,Rest Of Locations,4.97,volume in million,
2022,May,Punjab,Rupnagar,0.99,volume in million,
2022,May,Rajasthan,Ajmer,0.67,volume in million,
2022,May,Rajasthan,Alwar,0.92,volume in million,
2022,May,Rajasthan,Jaipur,2.64,volume in million,
2022,May,Rajasthan,Jodhpur,0.87,volume in million,
2022,May,Rajasthan,Rest Of Locations,7.37,volume in million,
2022,May,Rajasthan,Udaipur,0.72,volume in million,
2022,May,Sikkim,East Sikkim,0.33,volume in million,
2022,May,Sikkim,North Sikkim,0.02,volume in million,
2022,May,Sikkim,South Sikkim,0.06,volume in million,
2022,May,Sikkim,West Sikkim,0.07,volume in million,
2022,May,Tamil Nadu,Chennai,4.74,volume in million,
2022,May,Tamil Nadu,Coimbatore,6.45,volume in million,
2022,May,Tamil Nadu,Kanchipuram,5.7,volume in million,
2022,May,Tamil Nadu,Rest Of Locations,32.75,volume in million,
2022,May,Tamil Nadu,Tiruvallur,4.32,volume in million,
2022,May,Tamil Nadu,Vellore,2.85,volume in million,
2022,May,Telangana,Hyderabad,6.08,volume in million,
2022,May,Telangana,K.V.Rangareddy,2.87,volume in million,
2022,May,Telangana,Karim Nagar,1.27,volume in million,
2022,May,Telangana,Medak,1.17,volume in million,
2022,May,Telangana,Rest Of Locations,3.68,volume in million,
2022,May,Telangana,Warangal,0.87,volume in million,
2022,May,Tripura,Dhalai,0.05,volume in million,
2022,May,Tripura,North Tripura,0.14,volume in million,
2022,May,Tripura,South Tripura,0.1,volume in million,
2022,May,Tripura,West Tripura,0.5,volume in million,
2022,May,Uttar Pradesh,Allahabad,1.54,volume in million,
2022,May,Uttar Pradesh,Gautam Buddha Nagar,2.22,volume in million,
2022,May,Uttar Pradesh,Ghaziabad,2.09,volume in million,
2022,May,Uttar Pradesh,Lucknow,2.83,volume in million,
2022,May,Uttar Pradesh,Rest Of Locations,26.62,volume in million,
2022,May,Uttar Pradesh,Varanasi,1.62,volume in million,
2022,May,Uttarakhand,Almora,0.22,volume in million,
2022,May,Uttarakhand,Dehradun,1.43,volume in million,
2022,May,Uttarakhand,Haridwar,0.88,volume in million,
2022,May,Uttarakhand,Nainital,0.46,volume in million,
2022,May,Uttarakhand,Rest Of Locations,0.79,volume in million,
2022,May,Uttarakhand,Udham Singh Nagar,0.82,volume in million,
2022,May,West Bengal,Bardhaman,1.72,volume in million,
2022,May,West Bengal,Howrah,1.47,volume in million,
2022,May,West Bengal,Kolkata,3.59,volume in million,
2022,May,West Bengal,North 24 Parganas,3.12,volume in million,
2022,May,West Bengal,Rest Of Locations,10.13,volume in million,
2022,May,West Bengal,South 24 Parganas,1.53,volume in million,
2022,April,Andaman and Nicobar Islands,Nicobar,0,volume in million,
2022,April,Andaman and Nicobar Islands,North And Middle Andaman,0.01,volume in million,
2022,April,Andaman and Nicobar Islands,South Andaman,0.13,volume in million,
2022,April,Andhra Pradesh,Chittoor,2.03,volume in million,
2022,April,Andhra Pradesh,East Godavari,1.68,volume in million,
2022,April,Andhra Pradesh,Guntur,1.7,volume in million,
2022,April,Andhra Pradesh,Krishna,1.9,volume in million,
2022,April,Andhra Pradesh,Rest Of Locations,7.65,volume in million,
2022,April,Andhra Pradesh,Visakhapatnam,2.44,volume in million,
2022,April,Arunachal Pradesh,East Siang,0.04,volume in million,
2022,April,Arunachal Pradesh,Lohit,0.04,volume in million,
2022,April,Arunachal Pradesh,Lower Subansiri,0.04,volume in million,
2022,April,Arunachal Pradesh,Papum Pare,0.15,volume in million,
2022,April,Arunachal Pradesh,Rest Of Locations,0.11,volume in million,
2022,April,Arunachal Pradesh,West Siang,0.03,volume in million,
2022,April,Assam,Cachar,0.51,volume in million,
2022,April,Assam,Dibrugarh,0.42,volume in million,
2022,April,Assam,Kamrup,1.87,volume in million,
2022,April,Assam,Nagaon,0.66,volume in million,
2022,April,Assam,Rest Of Locations,4.05,volume in million,
2022,April,Assam,Sonitpur,0.43,volume in million,
2022,April,Bihar,East Champaran,0.65,volume in million,
2022,April,Bihar,Muzaffarpur,0.81,volume in million,
2022,April,Bihar,Patna,2.24,volume in million,
2022,April,Bihar,Rest Of Locations,9.91,volume in million,
2022,April,Bihar,Vaishali,0.62,volume in million,
2022,April,Bihar,West Champaran,0.78,volume in million,
2022,April,Chandigarh,Chandigarh,0.94,volume in million,
2022,April,Chhattisgarh,Bilaspur(Cgh),0.56,volume in million,
2022,April,Chhattisgarh,Durg,1.01,volume in million,
2022,April,Chhattisgarh,Korba,0.35,volume in million,
2022,April,Chhattisgarh,Raipur,1.55,volume in million,
2022,April,Chhattisgarh,Rajnandgaon,0.34,volume in million,
2022,April,Chhattisgarh,Rest Of Locations,2.26,volume in million,
2022,April,Dadra and Nagar Haveli,Dadra & Nagar Haveli,0.33,volume in million,
2022,April,Daman and Diu,Daman,0.24,volume in million,
2022,April,Daman and Diu,Diu,0.02,volume in million,
2022,April,Delhi,East Delhi,1.79,volume in million,
2022,April,Delhi,North West Delhi,1.95,volume in million,
2022,April,Delhi,Rest Of Locations,2.63,volume in million,
2022,April,Delhi,South Delhi,2.15,volume in million,
2022,April,Delhi,South West Delhi,2.33,volume in million,
2022,April,Delhi,West Delhi,1.71,volume in million,
2022,April,Goa,North Goa,0.82,volume in million,
2022,April,Goa,South Goa,0.75,volume in million,
2022,April,Gujarat,Ahmedabad,3.87,volume in million,
2022,April,Gujarat,Rajkot,1.12,volume in million,
2022,April,Gujarat,Rest Of Locations,8.01,volume in million,
2022,April,Gujarat,Surat,3.58,volume in million,
2022,April,Gujarat,Vadodara,1.86,volume in million,
2022,April,Gujarat,Valsad,0.99,volume in million,
2022,April,Haryana,Ambala,0.55,volume in million,
2022,April,Haryana,Faridabad,1.47,volume in million,
2022,April,Haryana,Gurgaon,2.57,volume in million,
2022,April,Haryana,Karnal,0.49,volume in million,
2022,April,Haryana,Rest Of Locations,4.23,volume in million,
2022,April,Haryana,Sonipat,0.51,volume in million,
2022,April,Himachal Pradesh,Kangra,0.54,volume in million,
2022,April,Himachal Pradesh,Kullu,0.23,volume in million,
2022,April,Himachal Pradesh,Mandi,0.27,volume in million,
2022,April,Himachal Pradesh,Rest Of Locations,0.9,volume in million,
2022,April,Himachal Pradesh,Shimla,0.43,volume in million,
2022,April,Himachal Pradesh,Solan,0.75,volume in million,
2022,April,Jammu and Kashmir,Ananthnag,0.25,volume in million,
2022,April,Jammu and Kashmir,Baramulla,0.2,volume in million,
2022,April,Jammu and Kashmir,Jammu,1.09,volume in million,
2022,April,Jammu and Kashmir,Rest Of Locations,1.15,volume in million,
2022,April,Jammu and Kashmir,Srinagar,0.37,volume in million,
2022,April,Jammu and Kashmir,Udhampur,0.25,volume in million,
2022,April,Jharkhand,Bokaro,0.42,volume in million,
2022,April,Jharkhand,Dhanbad,0.64,volume in million,
2022,April,Jharkhand,East Singhbhum,0.91,volume in million,
2022,April,Jharkhand,Hazaribag,0.3,volume in million,
2022,April,Jharkhand,Ranchi,1.22,volume in million,
2022,April,Jharkhand,Rest Of Locations,2.25,volume in million,
2022,April,Karnataka,Bangalore,10.13,volume in million,
2022,April,Karnataka,Bangalore Rural,1.28,volume in million,
2022,April,Karnataka,Belgaum,1.56,volume in million,
2022,April,Karnataka,Dakshina Kannada,1.32,volume in million,
2022,April,Karnataka,Mysore,1.52,volume in million,
2022,April,Karnataka,Rest Of Locations,13.7,volume in million,
2022,April,Kerala,Ernakulam,3.09,volume in million,
2022,April,Kerala,Kozhikode,1.88,volume in million,
2022,April,Kerala,Malappuram,1.91,volume in million,
2022,April,Kerala,Rest Of Locations,10.14,volume in million,
2022,April,Kerala,Thiruvananthapuram,2.53,volume in million,
2022,April,Kerala,Thrissur,2.16,volume in million,
2022,April,Lakshadweep,Lakshadweep,0.02,volume in million,
2022,April,Madhya Pradesh,Bhopal,1.33,volume in million,
2022,April,Madhya Pradesh,Dhar,0.56,volume in million,
2022,April,Madhya Pradesh,Gwalior,0.61,volume in million,
2022,April,Madhya Pradesh,Indore,2.12,volume in million,
2022,April,Madhya Pradesh,Jabalpur,0.69,volume in million,
2022,April,Madhya Pradesh,Rest Of Locations,8.37,volume in million,
2022,April,Maharashtra,Mumbai,9.76,volume in million,
2022,April,Maharashtra,Nagpur,2.59,volume in million,
2022,April,Maharashtra,Nashik,2.06,volume in million,
2022,April,Maharashtra,Pune,9.25,volume in million,
2022,April,Maharashtra,Rest Of Locations,19.49,volume in million,
2022,April,Maharashtra,Thane,12.44,volume in million,
2022,April,Manipur,Bishnupur,0.06,volume in million,
2022,April,Manipur,Churachandpur,0.08,volume in million,
2022,April,Manipur,Imphal East,0.08,volume in million,
2022,April,Manipur,Imphal West,0.34,volume in million,
2022,April,Manipur,Rest Of Locations,0.08,volume in million,
2022,April,Manipur,Thoubal,0.1,volume in million,
2022,April,Meghalaya,East Khasi Hills,0.35,volume in million,
2022,April,Meghalaya,Jaintia Hills,0.08,volume in million,
2022,April,Meghalaya,Rest Of Locations,0.04,volume in million,
2022,April,Meghalaya,Ri Bhoi,0.05,volume in million,
2022,April,Meghalaya,West Garo Hills,0.09,volume in million,
2022,April,Meghalaya,West Khasi Hills,0.04,volume in million,
2022,April,Mizoram,Aizawl,0.33,volume in million,
2022,April,Mizoram,Champhai,0.03,volume in million,
2022,April,Mizoram,Kolasib,0.02,volume in million,
2022,April,Mizoram,Lawngtlai,0.04,volume in million,
2022,April,Mizoram,Lunglei,0.05,volume in million,
2022,April,Mizoram,Rest Of Locations,0.03,volume in million,
2022,April,Nagaland,Dimapur,0.21,volume in million,
2022,April,Nagaland,Kohima,0.11,volume in million,
2022,April,Nagaland,Mokokchung,0.02,volume in million,
2022,April,Nagaland,Mon,0.02,volume in million,
2022,April,Nagaland,Rest Of Locations,0.03,volume in million,
2022,April,Nagaland,Wokha,0.02,volume in million,
2022,April,Odisha,Baleswar,1.03,volume in million,
2022,April,Odisha,Cuttack,0.96,volume in million,
2022,April,Odisha,Ganjam,0.86,volume in million,
2022,April,Odisha,Khorda,1.7,volume in million,
2022,April,Odisha,Rest Of Locations,6.86,volume in million,
2022,April,Odisha,Sundergarh,0.62,volume in million,
2022,April,Others,Other,1.67,volume in million,state: Pincode data or location mapping not available
2022,April,Puducherry,Karaikal,0.17,volume in million,
2022,April,Puducherry,Pondicherry,0.93,volume in million,
2022,April,Punjab,Amritsar,1.2,volume in million,
2022,April,Punjab,Gurdaspur,0.88,volume in million,
2022,April,Punjab,Jalandhar,1.11,volume in million,
2022,April,Punjab,Ludhiana,2.21,volume in million,
2022,April,Punjab,Rest Of Locations,5.06,volume in million,
2022,April,Punjab,Rupnagar,1.01,volume in million,
2022,April,Rajasthan,Ajmer,0.64,volume in million,
2022,April,Rajasthan,Alwar,0.91,volume in million,
2022,April,Rajasthan,Jaipur,2.64,volume in million,
2022,April,Rajasthan,Jodhpur,0.84,volume in million,
2022,April,Rajasthan,Rest Of Locations,7.23,volume in million,
2022,April,Rajasthan,Udaipur,0.7,volume in million,
2022,April,Sikkim,East Sikkim,0.32,volume in million,
2022,April,Sikkim,North Sikkim,0.01,volume in million,
2022,April,Sikkim,South Sikkim,0.06,volume in million,
2022,April,Sikkim,West Sikkim,0.06,volume in million,
2022,April,Tamil Nadu,Chennai,4.71,volume in million,
2022,April,Tamil Nadu,Coimbatore,6.25,volume in million,
2022,April,Tamil Nadu,Kanchipuram,5.61,volume in million,
2022,April,Tamil Nadu,Rest Of Locations,32.43,volume in million,
2022,April,Tamil Nadu,Tiruvallur,4.31,volume in million,
2022,April,Tamil Nadu,Vellore,2.87,volume in million,
2022,April,Telangana,Hyderabad,6.02,volume in million,
2022,April,Telangana,K.V.Rangareddy,2.82,volume in million,
2022,April,Telangana,Karim Nagar,1.18,volume in million,
2022,April,Telangana,Medak,1.12,volume in million,
2022,April,Telangana,Rest Of Locations,3.5,volume in million,
2022,April,Telangana,Warangal,0.85,volume in million,
2022,April,Tripura,Dhalai,0.05,volume in million,
2022,April,Tripura,North Tripura,0.15,volume in million,
2022,April,Tripura,South Tripura,0.12,volume in million,
2022,April,Tripura,West Tripura,0.53,volume in million,
2022,April,Uttar Pradesh,Allahabad,1.52,volume in million,
2022,April,Uttar Pradesh,Gautam Buddha Nagar,2.27,volume in million,
2022,April,Uttar Pradesh,Ghaziabad,2.13,volume in million,
2022,April,Uttar Pradesh,Lucknow,2.92,volume in million,
2022,April,Uttar Pradesh,Rest Of Locations,25.18,volume in million,
2022,April,Uttar Pradesh,Varanasi,1.57,volume in million,
2022,April,Uttarakhand,Almora,0.22,volume in million,
2022,April,Uttarakhand,Dehradun,1.45,volume in million,
2022,April,Uttarakhand,Haridwar,0.85,volume in million,
2022,April,Uttarakhand,Nainital,0.45,volume in million,
2022,April,Uttarakhand,Rest Of Locations,0.74,volume in million,
2022,April,Uttarakhand,Udham Singh Nagar,0.83,volume in million,
2022,April,West Bengal,Bardhaman,1.78,volume in million,
2022,April,West Bengal,Howrah,1.5,volume in million,
2022,April,West Bengal,Kolkata,3.75,volume in million,
2022,April,West Bengal,North 24 Parganas,3.22,volume in million,
2022,April,West Bengal,Rest Of Locations,10.38,volume in million,
2022,April,West Bengal,South 24 Parganas,1.59,volume in million,
2022,March,Andaman and Nicobar Islands,Nicobar,0.01,volume in million,
2022,March,Andaman and Nicobar Islands,North And Middle Andaman,0.02,volume in million,
2022,March,Andaman and Nicobar Islands,South Andaman,0.14,volume in million,
2022,March,Andhra Pradesh,Chittoor,2.08,volume in million,
2022,March,Andhra Pradesh,East Godavari,1.73,volume in million,
2022,March,Andhra Pradesh,Guntur,1.74,volume in million,
2022,March,Andhra Pradesh,Krishna,1.96,volume in million,
2022,March,Andhra Pradesh,Rest Of Locations,7.74,volume in million,
2022,March,Andhra Pradesh,Visakhapatnam,2.52,volume in million,
2022,March,Arunachal Pradesh,East Siang,0.04,volume in million,
2022,March,Arunachal Pradesh,Lohit,0.03,volume in million,
2022,March,Arunachal Pradesh,Lower Subansiri,0.04,volume in million,
2022,March,Arunachal Pradesh,Papum Pare,0.14,volume in million,
2022,March,Arunachal Pradesh,Rest Of Locations,0.1,volume in million,
2022,March,Arunachal Pradesh,West Siang,0.03,volume in million,
2022,March,Assam,Cachar,0.5,volume in million,
2022,March,Assam,Dibrugarh,0.44,volume in million,
2022,March,Assam,Kamrup,1.9,volume in million,
2022,March,Assam,Nagaon,0.63,volume in million,
2022,March,Assam,Rest Of Locations,4.05,volume in million,
2022,March,Assam,Sonitpur,0.42,volume in million,
2022,March,Bihar,East Champaran,0.69,volume in million,
2022,March,Bihar,Muzaffarpur,0.83,volume in million,
2022,March,Bihar,Patna,2.23,volume in million,
2022,March,Bihar,Rest Of Locations,10.05,volume in million,
2022,March,Bihar,Vaishali,0.63,volume in million,
2022,March,Bihar,West Champaran,0.83,volume in million,
2022,March,Chandigarh,Chandigarh,0.93,volume in million,
2022,March,Chhattisgarh,Bilaspur(Cgh),0.58,volume in million,
2022,March,Chhattisgarh,Durg,1.02,volume in million,
2022,March,Chhattisgarh,Korba,0.37,volume in million,
2022,March,Chhattisgarh,Raipur,1.63,volume in million,
2022,March,Chhattisgarh,Rajnandgaon,0.37,volume in million,
2022,March,Chhattisgarh,Rest Of Locations,2.33,volume in million,
2022,March,Dadra and Nagar Haveli,Dadra & Nagar Haveli,0.35,volume in million,
2022,March,Daman and Diu,Daman,0.25,volume in million,
2022,March,Daman and Diu,Diu,0.02,volume in million,
2022,March,Delhi,East Delhi,1.77,volume in million,
2022,March,Delhi,North West Delhi,1.96,volume in million,
2022,March,Delhi,Rest Of Locations,2.67,volume in million,
2022,March,Delhi,South Delhi,2.14,volume in million,
2022,March,Delhi,South West Delhi,2.3,volume in million,
2022,March,Delhi,West Delhi,1.74,volume in million,
2022,March,Goa,North Goa,0.84,volume in million,
2022,March,Goa,South Goa,0.75,volume in million,
2022,March,Gujarat,Ahmedabad,3.98,volume in million,
2022,March,Gujarat,Rajkot,1.15,volume in million,
2022,March,Gujarat,Rest Of Locations,8.27,volume in million,
2022,March,Gujarat,Surat,3.7,volume in million,
2022,March,Gujarat,Vadodara,1.91,volume in million,
2022,March,Gujarat,Valsad,1.03,volume in million,
2022,March,Haryana,Ambala,0.53,volume in million,
2022,March,Haryana,Faridabad,1.48,volume in million,
2022,March,Haryana,Gurgaon,2.59,volume in million,
2022,March,Haryana,Karnal,0.49,volume in million,
2022,March,Haryana,Rest Of Locations,4.25,volume in million,
2022,March,Haryana,Sonipat,0.53,volume in million,
2022,March,Himachal Pradesh,Kangra,0.51,volume in million,
2022,March,Himachal Pradesh,Kullu,0.23,volume in million,
2022,March,Himachal Pradesh,Mandi,0.27,volume in million,
2022,March,Himachal Pradesh,Rest Of Locations,0.89,volume in million,
2022,March,Himachal Pradesh,Shimla,0.43,volume in million,
2022,March,Himachal Pradesh,Solan,0.77,volume in million,
2022,March,Jammu and Kashmir,Ananthnag,0.23,volume in million,
2022,March,Jammu and Kashmir,Baramulla,0.19,volume in million,
2022,March,Jammu and Kashmir,Jammu,1.09,volume in million,
2022,March,Jammu and Kashmir,Rest Of Locations,1.05,volume in million,
2022,March,Jammu and Kashmir,Srinagar,0.34,volume in million,
2022,March,Jammu and Kashmir,Udhampur,0.23,volume in million,
2022,March,Jharkhand,Bokaro,0.43,volume in million,
2022,March,Jharkhand,Dhanbad,0.67,volume in million,
2022,March,Jharkhand,East Singhbhum,0.95,volume in million,
2022,March,Jharkhand,Hazaribag,0.31,volume in million,
2022,March,Jharkhand,Ranchi,1.24,volume in million,
2022,March,Jharkhand,Rest Of Locations,2.28,volume in million,
2022,March,Karnataka,Bangalore,10.42,volume in million,
2022,March,Karnataka,Bangalore Rural,1.33,volume in million,
2022,March,Karnataka,Belgaum,1.62,volume in million,
2022,March,Karnataka,Dakshina Kannada,1.37,volume in million,
2022,March,Karnataka,Mysore,1.6,volume in million,
2022,March,Karnataka,Rest Of Locations,14.49,volume in million,
2022,March,Kerala,Ernakulam,3.15,volume in million,
2022,March,Kerala,Kozhikode,1.86,volume in million,
2022,March,Kerala,Malappuram,1.93,volume in million,
2022,March,Kerala,Rest Of Locations,10.04,volume in million,
2022,March,Kerala,Thiruvananthapuram,2.52,volume in million,
2022,March,Kerala,Thrissur,2.15,volume in million,
2022,March,Lakshadweep,Lakshadweep,0.02,volume in million,
2022,March,Madhya Pradesh,Bhopal,1.38,volume in million,
2022,March,Madhya Pradesh,Dhar,0.59,volume in million,
2022,March,Madhya Pradesh,Gwalior,0.62,volume in million,
2022,March,Madhya Pradesh,Indore,2.19,volume in million,
2022,March,Madhya Pradesh,Jabalpur,0.7,volume in million,
2022,March,Madhya Pradesh,Rest Of Locations,8.67,volume in million,
2022,March,Maharashtra,Mumbai,9.92,volume in million,
2022,March,Maharashtra,Nagpur,2.67,volume in million,
2022,March,Maharashtra,Nashik,2.04,volume in million,
2022,March,Maharashtra,Pune,9.4,volume in million,
2022,March,Maharashtra,Rest Of Locations,19.6,volume in million,
2022,March,Maharashtra,Thane,12.57,volume in million,
2022,March,Manipur,Bishnupur,0.06,volume in million,
2022,March,Manipur,Churachandpur,0.08,volume in million,
2022,March,Manipur,Imphal East,0.08,volume in million,
2022,March,Manipur,Imphal West,0.33,volume in million,
2022,March,Manipur,Rest Of Locations,0.07,volume in million,
2022,March,Manipur,Thoubal,0.1,volume in million,
2022,March,Meghalaya,East Khasi Hills,0.34,volume in million,
2022,March,Meghalaya,Jaintia Hills,0.08,volume in million,
2022,March,Meghalaya,Rest Of Locations,0.03,volume in million,
2022,March,Meghalaya,Ri Bhoi,0.06,volume in million,
2022,March,Meghalaya,West Garo Hills,0.09,volume in million,
2022,March,Meghalaya,West Khasi Hills,0.04,volume in million,
2022,March,Mizoram,Aizawl,0.35,volume in million,
2022,March,Mizoram,Champhai,0.03,volume in million,
2022,March,Mizoram,Kolasib,0.03,volume in million,
2022,March,Mizoram,Lawngtlai,0.04,volume in million,
2022,March,Mizoram,Lunglei,0.05,volume in million,
2022,March,Mizoram,Rest Of Locations,0.04,volume in million,
2022,March,Nagaland,Dimapur,0.23,volume in million,
2022,March,Nagaland,Kohima,0.11,volume in million,
2022,March,Nagaland,Mokokchung,0.02,volume in million,
2022,March,Nagaland,Mon,0.02,volume in million,
2022,March,Nagaland,Rest Of Locations,0.04,volume in million,
2022,March,Nagaland,Wokha,0.02,volume in million,
2022,March,Odisha,Baleswar,1.06,volume in million,
2022,March,Odisha,Cuttack,0.97,volume in million,
2022,March,Odisha,Ganjam,0.87,volume in million,
2022,March,Odisha,Khorda,1.69,volume in million,
2022,March,Odisha,Rest Of Locations,7.27,volume in million,
2022,March,Odisha,Sundergarh,0.63,volume in million,
2022,March,Others,Other,1.75,volume in million,state: Pincode data or location mapping not available
2022,March,Puducherry,Karaikal,0.18,volume in million,
2022,March,Puducherry,Pondicherry,0.94,volume in million,
2022,March,Punjab,Amritsar,1.23,volume in million,
2022,March,Punjab,Gurdaspur,0.9,volume in million,
2022,March,Punjab,Jalandhar,1.13,volume in million,
2022,March,Punjab,Ludhiana,2.3,volume in million,
2022,March,Punjab,Rest Of Locations,5.2,volume in million,
2022,March,Punjab,Rupnagar,1.03,volume in million,
2022,March,Rajasthan,Ajmer,0.7,volume in million,
2022,March,Rajasthan,Alwar,0.93,volume in million,
2022,March,Rajasthan,Jaipur,2.69,volume in million,
2022,March,Rajasthan,Jodhpur,0.91,volume in million,
2022,March,Rajasthan,Rest Of Locations,7.47,volume in million,
2022,March,Rajasthan,Udaipur,0.72,volume in million,
2022,March,Sikkim,East Sikkim,0.33,volume in million,
2022,March,Sikkim,North Sikkim,0.02,volume in million,
2022,March,Sikkim,South Sikkim,0.06,volume in million,
2022,March,Sikkim,West Sikkim,0.06,volume in million,
2022,March,Tamil Nadu,Chennai,4.74,volume in million,
2022,March,Tamil Nadu,Coimbatore,6.39,volume in million,
2022,March,Tamil Nadu,Kanchipuram,5.66,volume in million,
2022,March,Tamil Nadu,Rest Of Locations,33.07,volume in million,
2022,March,Tamil Nadu,Tiruvallur,4.34,volume in million,
2022,March,Tamil Nadu,Vellore,2.82,volume in million,
2022,March,Telangana,Hyderabad,6.11,volume in million,
2022,March,Telangana,K.V.Rangareddy,2.88,volume in million,
2022,March,Telangana,Karim Nagar,1.24,volume in million,
2022,March,Telangana,Medak,1.16,volume in million,
2022,March,Telangana,Rest Of Locations,3.64,volume in million,
2022,March,Telangana,Warangal,0.89,volume in million,
2022,March,Tripura,Dhalai,0.05,volume in million,
2022,March,Tripura,North Tripura,0.15,volume in million,
2022,March,Tripura,South Tripura,0.12,volume in million,
2022,March,Tripura,West Tripura,0.54,volume in million,
2022,March,Uttar Pradesh,Allahabad,1.5,volume in million,
2022,March,Uttar Pradesh,Gautam Buddha Nagar,2.29,volume in million,
2022,March,Uttar Pradesh,Ghaziabad,2.16,volume in million,
2022,March,Uttar Pradesh,Lucknow,2.98,volume in million,
2022,March,Uttar Pradesh,Rest Of Locations,25.76,volume in million,
2022,March,Uttar Pradesh,Varanasi,1.59,volume in million,
2022,March,Uttarakhand,Almora,0.2,volume in million,
2022,March,Uttarakhand,Dehradun,1.41,volume in million,
2022,March,Uttarakhand,Haridwar,0.86,volume in million,
2022,March,Uttarakhand,Nainital,0.46,volume in million,
2022,March,Uttarakhand,Rest Of Locations,0.71,volume in million,
2022,March,Uttarakhand,Udham Singh Nagar,0.86,volume in million,
2022,March,West Bengal,Bardhaman,1.81,volume in million,
2022,March,West Bengal,Howrah,1.52,volume in million,
2022,March,West Bengal,Kolkata,3.69,volume in million,
2022,March,West Bengal,North 24 Parganas,3.21,volume in million,
2022,March,West Bengal,Rest Of Locations,10.66,volume in million,
2022,March,West Bengal,South 24 Parganas,1.6,volume in million,
2022,February,Andaman and Nicobar Islands,Nicobar,0,volume in million,
2022,February,Andaman and Nicobar Islands,North And Middle Andaman,0.02,volume in million,
2022,February,Andaman and Nicobar Islands,South Andaman,0.13,volume in million,
2022,February,Andhra Pradesh,Chittoor,1.81,volume in million,
2022,February,Andhra Pradesh,East Godavari,1.54,volume in million,
2022,February,Andhra Pradesh,Guntur,1.54,volume in million,
2022,February,Andhra Pradesh,Krishna,1.73,volume in million,
2022,February,Andhra Pradesh,Rest Of Locations,6.84,volume in million,
2022,February,Andhra Pradesh,Visakhapatnam,2.21,volume in million,
2022,February,Arunachal Pradesh,East Siang,0.03,volume in million,
2022,February,Arunachal Pradesh,Lohit,0.03,volume in million,
2022,February,Arunachal Pradesh,Lower Subansiri,0.03,volume in million,
2022,February,Arunachal Pradesh,Papum Pare,0.12,volume in million,
2022,February,Arunachal Pradesh,Rest Of Locations,0.09,volume in million,
2022,February,Arunachal Pradesh,West Siang,0.03,volume in million,
2022,February,Assam,Cachar,0.45,volume in million,
2022,February,Assam,Dibrugarh,0.4,volume in million,
2022,February,Assam,Kamrup,1.66,volume in million,
2022,February,Assam,Nagaon,0.55,volume in million,
2022,February,Assam,Rest Of Locations,3.58,volume in million,
2022,February,Assam,Sonitpur,0.38,volume in million,
2022,February,Bihar,East Champaran,0.58,volume in million,
2022,February,Bihar,Muzaffarpur,0.71,volume in million,
2022,February,Bihar,Patna,1.97,volume in million,
2022,February,Bihar,Rest Of Locations,8.64,volume in million,
2022,February,Bihar,Vaishali,0.53,volume in million,
2022,February,Bihar,West Champaran,0.68,volume in million,
2022,February,Chandigarh,Chandigarh,0.79,volume in million,
2022,February,Chhattisgarh,Bilaspur(Cgh),0.51,volume in million,
2022,February,Chhattisgarh,Durg,0.89,volume in million,
2022,February,Chhattisgarh,Raigarh,0.36,volume in million,
2022,February,Chhattisgarh,Raipur,1.53,volume in million,
2022,February,Chhattisgarh,Rest Of Locations,2.33,volume in million,
2022,February,Chhattisgarh,Surguja,0.35,volume in million,
2022,February,Dadra and Nagar Haveli,Dadra & Nagar Haveli,0.32,volume in million,
2022,February,Daman and Diu,Daman,0.23,volume in million,
2022,February,Daman and Diu,Diu,0.02,volume in million,
2022,February,Delhi,East Delhi,1.57,volume in million,
2022,February,Delhi,North West Delhi,1.73,volume in million,
2022,February,Delhi,Rest Of Locations,2.32,volume in million,
2022,February,Delhi,South Delhi,1.9,volume in million,
2022,February,Delhi,South West Delhi,2.01,volume in million,
2022,February,Delhi,West Delhi,1.53,volume in million,
2022,February,Goa,North Goa,0.7,volume in million,
2022,February,Goa,South Goa,0.64,volume in million,
2022,February,Gujarat,Ahmedabad,3.57,volume in million,
2022,February,Gujarat,Rajkot,1.01,volume in million,
2022,February,Gujarat,Rest Of Locations,7.47,volume in million,
2022,February,Gujarat,Surat,3.32,volume in million,
2022,February,Gujarat,Vadodara,1.74,volume in million,
2022,February,Gujarat,Valsad,0.94,volume in million,
2022,February,Haryana,Ambala,0.48,volume in million,
2022,February,Haryana,Faridabad,1.34,volume in million,
2022,February,Haryana,Gurgaon,2.31,volume in million,
2022,February,Haryana,Karnal,0.44,volume in million,
2022,February,Haryana,Rest Of Locations,3.88,volume in million,
2022,February,Haryana,Sonipat,0.48,volume in million,
2022,February,Himachal Pradesh,Kangra,0.45,volume in million,
2022,February,Himachal Pradesh,Mandi,0.22,volume in million,
2022,February,Himachal Pradesh,Rest Of Locations,0.75,volume in million,
2022,February,Himachal Pradesh,Shimla,0.33,volume in million,
2022,February,Himachal Pradesh,Sirmaur,0.19,volume in million,
2022,February,Himachal Pradesh,Solan,0.68,volume in million,
2022,February,Jammu and Kashmir,Ananthnag,0.17,volume in million,
2022,February,Jammu and Kashmir,Jammu,1.04,volume in million,
2022,February,Jammu and Kashmir,Kathua,0.17,volume in million,
2022,February,Jammu and Kashmir,Rest Of Locations,0.84,volume in million,
2022,February,Jammu and Kashmir,Srinagar,0.25,volume in million,
2022,February,Jammu and Kashmir,Udhampur,0.19,volume in million,
2022,February,Jharkhand,Bokaro,0.38,volume in million,
2022,February,Jharkhand,Dhanbad,0.59,volume in million,
2022,February,Jharkhand,East Singhbhum,0.85,volume in million,
2022,February,Jharkhand,Hazaribag,0.27,volume in million,
2022,February,Jharkhand,Ranchi,1.09,volume in million,
2022,February,Jharkhand,Rest Of Locations,2.01,volume in million,
2022,February,Karnataka,Bangalore,9.26,volume in million,
2022,February,Karnataka,Bangalore Rural,1.21,volume in million,
2022,February,Karnataka,Belgaum,1.47,volume in million,
2022,February,Karnataka,Dakshina Kannada,1.23,volume in million,
2022,February,Karnataka,Mysore,1.43,volume in million,
2022,February,Karnataka,Rest Of Locations,13.16,volume in million,
2022,February,Kerala,Ernakulam,2.85,volume in million,
2022,February,Kerala,Kozhikode,1.7,volume in million,
2022,February,Kerala,Malappuram,1.74,volume in million,
2022,February,Kerala,Rest Of Locations,9.13,volume in million,
2022,February,Kerala,Thiruvananthapuram,2.28,volume in million,
2022,February,Kerala,Thrissur,1.96,volume in million,
2022,February,Lakshadweep,Lakshadweep,0.02,volume in million,
2022,February,Madhya Pradesh,Bhopal,1.23,volume in million,
2022,February,Madhya Pradesh,Dhar,0.53,volume in million,
2022,February,Madhya Pradesh,Gwalior,0.57,volume in million,
2022,February,Madhya Pradesh,Indore,1.97,volume in million,
2022,February,Madhya Pradesh,Jabalpur,0.63,volume in million,
2022,February,Madhya Pradesh,Rest Of Locations,8.16,volume in million,
2022,February,Maharashtra,Mumbai,8.86,volume in million,
2022,February,Maharashtra,Nagpur,2.4,volume in million,
2022,February,Maharashtra,Nashik,1.83,volume in million,
2022,February,Maharashtra,Pune,8.35,volume in million,
2022,February,Maharashtra,Rest Of Locations,17.46,volume in million,
2022,February,Maharashtra,Thane,11.29,volume in million,
2022,February,Manipur,Bishnupur,0.05,volume in million,
2022,February,Manipur,Churachandpur,0.06,volume in million,
2022,February,Manipur,Imphal East,0.07,volume in million,
2022,February,Manipur,Imphal West,0.29,volume in million,
2022,February,Manipur,Rest Of Locations,0.06,volume in million,
2022,February,Manipur,Thoubal,0.09,volume in million,
2022,February,Meghalaya,East Khasi Hills,0.29,volume in million,
2022,February,Meghalaya,Jaintia Hills,0.07,volume in million,
2022,February,Meghalaya,Rest Of Locations,0.03,volume in million,
2022,February,Meghalaya,Ri Bhoi,0.05,volume in million,
2022,February,Meghalaya,West Garo Hills,0.08,volume in million,
2022,February,Meghalaya,West Khasi Hills,0.03,volume in million,
2022,February,Mizoram,Aizawl,0.29,volume in million,
2022,February,Mizoram,Champhai,0.03,volume in million,
2022,February,Mizoram,Kolasib,0.02,volume in million,
2022,February,Mizoram,Lawngtlai,0.03,volume in million,
2022,February,Mizoram,Lunglei,0.05,volume in million,
2022,February,Mizoram,Rest Of Locations,0.04,volume in million,
2022,February,Nagaland,Dimapur,0.2,volume in million,
2022,February,Nagaland,Kohima,0.09,volume in million,
2022,February,Nagaland,Mokokchung,0.02,volume in million,
2022,February,Nagaland,Mon,0.02,volume in million,
2022,February,Nagaland,Rest Of Locations,0.03,volume in million,
2022,February,Nagaland,Wokha,0.02,volume in million,
2022,February,Odisha,Baleswar,0.89,volume in million,
2022,February,Odisha,Cuttack,0.84,volume in million,
2022,February,Odisha,Ganjam,0.78,volume in million,
2022,February,Odisha,Khorda,1.45,volume in million,
2022,February,Odisha,Rest Of Locations,6.37,volume in million,
2022,February,Odisha,Sundergarh,0.59,volume in million,
2022,February,Others,Other,1.56,volume in million,state: Pincode data or location mapping not available
2022,February,Puducherry,Karaikal,0.16,volume in million,
2022,February,Puducherry,Pondicherry,0.83,volume in million,
2022,February,Punjab,Amritsar,1.06,volume in million,
2022,February,Punjab,Gurdaspur,0.76,volume in million,
2022,February,Punjab,Jalandhar,0.96,volume in million,
2022,February,Punjab,Ludhiana,1.98,volume in million,
2022,February,Punjab,Rest Of Locations,4.5,volume in million,
2022,February,Punjab,Rupnagar,0.88,volume in million,
2022,February,Rajasthan,Ajmer,0.64,volume in million,
2022,February,Rajasthan,Alwar,0.85,volume in million,
2022,February,Rajasthan,Jaipur,2.43,volume in million,
2022,February,Rajasthan,Jodhpur,0.8,volume in million,
2022,February,Rajasthan,Rest Of Locations,6.82,volume in million,
2022,February,Rajasthan,Udaipur,0.62,volume in million,
2022,February,Sikkim,East Sikkim,0.29,volume in million,
2022,February,Sikkim,North Sikkim,0.01,volume in million,
2022,February,Sikkim,South Sikkim,0.05,volume in million,
2022,February,Sikkim,West Sikkim,0.06,volume in million,
2022,February,Tamil Nadu,Chennai,4.15,volume in million,
2022,February,Tamil Nadu,Coimbatore,5.51,volume in million,
2022,February,Tamil Nadu,Kanchipuram,4.97,volume in million,
2022,February,Tamil Nadu,Rest Of Locations,29.17,volume in million,
2022,February,Tamil Nadu,Tiruvallur,3.88,volume in million,
2022,February,Tamil Nadu,Vellore,2.51,volume in million,
2022,February,Telangana,Hyderabad,5.43,volume in million,
2022,February,Telangana,K.V.Rangareddy,2.61,volume in million,
2022,February,Telangana,Karim Nagar,1.16,volume in million,
2022,February,Telangana,Medak,1.06,volume in million,
2022,February,Telangana,Rest Of Locations,3.44,volume in million,
2022,February,Telangana,Warangal,0.84,volume in million,
2022,February,Tripura,Dhalai,0.05,volume in million,
2022,February,Tripura,North Tripura,0.14,volume in million,
2022,February,Tripura,South Tripura,0.11,volume in million,
2022,February,Tripura,West Tripura,0.48,volume in million,
2022,February,Uttar Pradesh,Allahabad,1.33,volume in million,
2022,February,Uttar Pradesh,Gautam Buddha Nagar,2.01,volume in million,
2022,February,Uttar Pradesh,Ghaziabad,1.9,volume in million,
2022,February,Uttar Pradesh,Lucknow,2.57,volume in million,
2022,February,Uttar Pradesh,Rest Of Locations,22.72,volume in million,
2022,February,Uttar Pradesh,Varanasi,1.43,volume in million,
2022,February,Uttarakhand,Almora,0.17,volume in million,
2022,February,Uttarakhand,Dehradun,1.19,volume in million,
2022,February,Uttarakhand,Haridwar,0.75,volume in million,
2022,February,Uttarakhand,Nainital,0.39,volume in million,
2022,February,Uttarakhand,Rest Of Locations,0.61,volume in million,
2022,February,Uttarakhand,Udham Singh Nagar,0.75,volume in million,
2022,February,West Bengal,Bardhaman,1.6,volume in million,
2022,February,West Bengal,Howrah,1.36,volume in million,
2022,February,West Bengal,Kolkata,3.29,volume in million,
2022,February,West Bengal,North 24 Parganas,2.82,volume in million,
2022,February,West Bengal,Rest Of Locations,9.4,volume in million,
2022,February,West Bengal,South 24 Parganas,1.41,volume in million,
2022,January,Andaman and Nicobar Islands,Nicobar,0.01,volume in million,
2022,January,Andaman and Nicobar Islands,North And Middle Andaman,0.02,volume in million,
2022,January,Andaman and Nicobar Islands,South Andaman,0.14,volume in million,
2022,January,Andhra Pradesh,Chittoor,1.94,volume in million,
2022,January,Andhra Pradesh,East Godavari,1.82,volume in million,
2022,January,Andhra Pradesh,Guntur,1.66,volume in million,
2022,January,Andhra Pradesh,Krishna,1.92,volume in million,
2022,January,Andhra Pradesh,Rest Of Locations,7.71,volume in million,
2022,January,Andhra Pradesh,Visakhapatnam,2.45,volume in million,
2022,January,Arunachal Pradesh,East Siang,0.04,volume in million,
2022,January,Arunachal Pradesh,Lohit,0.03,volume in million,
2022,January,Arunachal Pradesh,Lower Subansiri,0.03,volume in million,
2022,January,Arunachal Pradesh,Papum Pare,0.13,volume in million,
2022,January,Arunachal Pradesh,Rest Of Locations,0.11,volume in million,
2022,January,Arunachal Pradesh,Upper Subansiri,0.03,volume in million,
2022,January,Assam,Cachar,0.5,volume in million,
2022,January,Assam,Dibrugarh,0.43,volume in million,
2022,January,Assam,Kamrup,1.77,volume in million,
2022,January,Assam,Nagaon,0.39,volume in million,
2022,January,Assam,Rest Of Locations,4.23,volume in million,
2022,January,Assam,Sonitpur,0.42,volume in million,
2022,January,Bihar,East Champaran,0.61,volume in million,
2022,January,Bihar,Muzaffarpur,0.76,volume in million,
2022,January,Bihar,Patna,2.02,volume in million,
2022,January,Bihar,Rest Of Locations,8.99,volume in million,
2022,January,Bihar,Saran,0.54,volume in million,
2022,January,Bihar,West Champaran,0.67,volume in million,
2022,January,Chandigarh,Chandigarh,0.84,volume in million,
2022,January,Chhattisgarh,Bilaspur(Cgh),0.58,volume in million,
2022,January,Chhattisgarh,Durg,0.96,volume in million,
2022,January,Chhattisgarh,Raigarh,0.42,volume in million,
2022,January,Chhattisgarh,Raipur,1.72,volume in million,
2022,January,Chhattisgarh,Rajnandgaon,0.4,volume in million,
2022,January,Chhattisgarh,Rest Of Locations,2.59,volume in million,
2022,January,Dadra and Nagar Haveli,Dadra & Nagar Haveli,0.07,volume in million,
2022,January,Daman and Diu,Daman,0.25,volume in million,
2022,January,Daman and Diu,Diu,0.02,volume in million,
2022,January,Delhi,East Delhi,1.27,volume in million,
2022,January,Delhi,North West Delhi,1.49,volume in million,
2022,January,Delhi,Rest Of Locations,2.71,volume in million,
2022,January,Delhi,South Delhi,1.86,volume in million,
2022,January,Delhi,South West Delhi,1.9,volume in million,
2022,January,Delhi,West Delhi,1.61,volume in million,
2022,January,Goa,North Goa,0.8,volume in million,
2022,January,Goa,South Goa,0.72,volume in million,
2022,January,Gujarat,Ahmedabad,4.02,volume in million,
2022,January,Gujarat,Rajkot,1.1,volume in million,
2022,January,Gujarat,Rest Of Locations,8.13,volume in million,
2022,January,Gujarat,Surat,3.62,volume in million,
2022,January,Gujarat,Vadodara,1.9,volume in million,
2022,January,Gujarat,Valsad,1.3,volume in million,
2022,January,Haryana,Faridabad,1.38,volume in million,
2022,January,Haryana,Gurgaon,2.3,volume in million,
2022,January,Haryana,Karnal,0.45,volume in million,
2022,January,Haryana,Panipat,0.43,volume in million,
2022,January,Haryana,Rest Of Locations,4.1,volume in million,
2022,January,Haryana,Sonipat,0.5,volume in million,
2022,January,Himachal Pradesh,Kangra,0.45,volume in million,
2022,January,Himachal Pradesh,Mandi,0.22,volume in million,
2022,January,Himachal Pradesh,Rest Of Locations,0.72,volume in million,
2022,January,Himachal Pradesh,Shimla,0.37,volume in million,
2022,January,Himachal Pradesh,Sirmaur,0.2,volume in million,
2022,January,Himachal Pradesh,Solan,0.7,volume in million,
2022,January,Jammu and Kashmir,Ananthnag,0.16,volume in million,
2022,January,Jammu and Kashmir,Jammu,1.08,volume in million,
2022,January,Jammu and Kashmir,Kathua,0.17,volume in million,
2022,January,Jammu and Kashmir,Rest Of Locations,0.67,volume in million,
2022,January,Jammu and Kashmir,Srinagar,0.27,volume in million,
2022,January,Jammu and Kashmir,Udhampur,0.2,volume in million,
2022,January,Jharkhand,Bokaro,0.39,volume in million,
2022,January,Jharkhand,Dhanbad,0.63,volume in million,
2022,January,Jharkhand,East Singhbhum,0.81,volume in million,
2022,January,Jharkhand,Ranchi,1.11,volume in million,
2022,January,Jharkhand,Rest Of Locations,2.18,volume in million,
2022,January,Jharkhand,West Singhbhum,0.26,volume in million,
2022,January,Karnataka,Bangalore,10.1,volume in million,
2022,January,Karnataka,Belgaum,1.55,volume in million,
2022,January,Karnataka,Dakshina Kannada,1.29,volume in million,
2022,January,Karnataka,Hassan,1,volume in million,
2022,January,Karnataka,Mysore,1.49,volume in million,
2022,January,Karnataka,Rest Of Locations,13.48,volume in million,
2022,January,Kerala,Ernakulam,3.03,volume in million,
2022,January,Kerala,Kozhikode,1.86,volume in million,
2022,January,Kerala,Malappuram,1.87,volume in million,
2022,January,Kerala,Rest Of Locations,9.81,volume in million,
2022,January,Kerala,Thiruvananthapuram,2.39,volume in million,
2022,January,Kerala,Thrissur,2.13,volume in million,
2022,January,Ladakh,Kargil,0.04,volume in million,
2022,January,Ladakh,Leh,0.08,volume in million,
2022,January,Lakshadweep,Lakshadweep,0.02,volume in million,
2022,January,Madhya Pradesh,Bhopal,1.32,volume in million,
2022,January,Madhya Pradesh,Dhar,0.57,volume in million,
2022,January,Madhya Pradesh,Gwalior,0.6,volume in million,
2022,January,Madhya Pradesh,Indore,2.15,volume in million,
2022,January,Madhya Pradesh,Jabalpur,0.67,volume in million,
2022,January,Madhya Pradesh,Rest Of Locations,8.67,volume in million,
2022,January,Maharashtra,Mumbai,9.45,volume in million,
2022,January,Maharashtra,Nagpur,2.58,volume in million,
2022,January,Maharashtra,Nashik,1.97,volume in million,
2022,January,Maharashtra,Pune,9.19,volume in million,
2022,January,Maharashtra,Rest Of Locations,19.21,volume in million,
2022,January,Maharashtra,Thane,12.53,volume in million,
2022,January,Manipur,Bishnupur,0.06,volume in million,
2022,January,Manipur,Churachandpur,0.07,volume in million,
2022,January,Manipur,Imphal East,0.07,volume in million,
2022,January,Manipur,Imphal West,0.32,volume in million,
2022,January,Manipur,Rest Of Locations,0.07,volume in million,
2022,January,Manipur,Thoubal,0.11,volume in million,
2022,January,Meghalaya,East Khasi Hills,0.28,volume in million,
2022,January,Meghalaya,Jaintia Hills,0.07,volume in million,
2022,January,Meghalaya,Rest Of Locations,0.03,volume in million,
2022,January,Meghalaya,Ri Bhoi,0.05,volume in million,
2022,January,Meghalaya,West Garo Hills,0.08,volume in million,
2022,January,Meghalaya,West Khasi Hills,0.04,volume in million,
2022,January,Mizoram,Aizawl,0.28,volume in million,
2022,January,Mizoram,Champhai,0.03,volume in million,
2022,January,Mizoram,Kolasib,0.03,volume in million,
2022,January,Mizoram,Lunglei,0.05,volume in million,
2022,January,Mizoram,Rest Of Locations,0.05,volume in million,
2022,January,Mizoram,Serchhip,0.02,volume in million,
2022,January,Nagaland,Dimapur,0.21,volume in million,
2022,January,Nagaland,Kohima,0.09,volume in million,
2022,January,Nagaland,Mokokchung,0.02,volume in million,
2022,January,Nagaland,Mon,0.03,volume in million,
2022,January,Nagaland,Rest Of Locations,0.04,volume in million,
2022,January,Nagaland,Wokha,0.03,volume in million,
2022,January,Odisha,Baleswar,0.97,volume in million,
2022,January,Odisha,Cuttack,0.96,volume in million,
2022,January,Odisha,Ganjam,0.88,volume in million,
2022,January,Odisha,Khorda,1.63,volume in million,
2022,January,Odisha,Rest Of Locations,7.48,volume in million,
2022,January,Odisha,Sundergarh,0.65,volume in million,
2022,January,Others,Other,1.49,volume in million,state: Pincode data or location mapping not available
2022,January,Puducherry,Karaikal,0.18,volume in million,
2022,January,Puducherry,Pondicherry,0.84,volume in million,
2022,January,Punjab,Amritsar,1.11,volume in million,
2022,January,Punjab,Jalandhar,1.01,volume in million,
2022,January,Punjab,Ludhiana,2.07,volume in million,
2022,January,Punjab,Patiala,0.86,volume in million,
2022,January,Punjab,Rest Of Locations,4.78,volume in million,
2022,January,Punjab,Rupnagar,0.83,volume in million,
2022,January,Rajasthan,Ajmer,0.65,volume in million,
2022,January,Rajasthan,Alwar,0.89,volume in million,
2022,January,Rajasthan,Jaipur,2.54,volume in million,
2022,January,Rajasthan,Jodhpur,0.8,volume in million,
2022,January,Rajasthan,Rest Of Locations,7.14,volume in million,
2022,January,Rajasthan,Udaipur,0.64,volume in million,
2022,January,Sikkim,East Sikkim,0.27,volume in million,
2022,January,Sikkim,North Sikkim,0.01,volume in million,
2022,January,Sikkim,South Sikkim,0.05,volume in million,
2022,January,Sikkim,West Sikkim,0.05,volume in million,
2022,January,Tamil Nadu,Chennai,4.14,volume in million,
2022,January,Tamil Nadu,Coimbatore,5.77,volume in million,
2022,January,Tamil Nadu,Kanchipuram,5.59,volume in million,
2022,January,Tamil Nadu,Rest Of Locations,32.18,volume in million,
2022,January,Tamil Nadu,Tiruvallur,3.73,volume in million,
2022,January,Tamil Nadu,Vellore,2.79,volume in million,
2022,January,Telangana,Hyderabad,5.57,volume in million,
2022,January,Telangana,K.V.Rangareddy,3.17,volume in million,
2022,January,Telangana,Karim Nagar,1.35,volume in million,
2022,January,Telangana,Mahabub Nagar,1.02,volume in million,
2022,January,Telangana,Medak,1.23,volume in million,
2022,January,Telangana,Rest Of Locations,4.06,volume in million,
2022,January,Tripura,Dhalai,0.05,volume in million,
2022,January,Tripura,North Tripura,0.15,volume in million,
2022,January,Tripura,South Tripura,0.13,volume in million,
2022,January,Tripura,West Tripura,0.5,volume in million,
2022,January,Uttar Pradesh,Allahabad,1.32,volume in million,
2022,January,Uttar Pradesh,Gautam Buddha Nagar,2.09,volume in million,
2022,January,Uttar Pradesh,Ghaziabad,2.03,volume in million,
2022,January,Uttar Pradesh,Lucknow,2.77,volume in million,
2022,January,Uttar Pradesh,Rest Of Locations,24.56,volume in million,
2022,January,Uttar Pradesh,Varanasi,1.46,volume in million,
2022,January,Uttarakhand,Almora,0.18,volume in million,
2022,January,Uttarakhand,Dehradun,1.29,volume in million,
2022,January,Uttarakhand,Haridwar,0.78,volume in million,
2022,January,Uttarakhand,Nainital,0.41,volume in million,
2022,January,Uttarakhand,Rest Of Locations,0.65,volume in million,
2022,January,Uttarakhand,Udham Singh Nagar,0.8,volume in million,
2022,January,West Bengal,Bardhaman,1.76,volume in million,
2022,January,West Bengal,Howrah,1.43,volume in million,
2022,January,West Bengal,Kolkata,3.47,volume in million,
2022,January,West Bengal,North 24 Parganas,2.9,volume in million,
2022,January,West Bengal,Rest Of Locations,9.99,volume in million,
2022,January,West Bengal,South 24 Parganas,1.51,volume in million,
2021,December,Andaman and Nicobar Islands,North And Middle Andaman,0.02,volume in million,
2021,December,Andaman and Nicobar Islands,South Andaman,0.16,volume in million,
2021,December,Andhra Pradesh,Chittoor,2.07,volume in million,
2021,December,Andhra Pradesh,East Godavari,1.85,volume in million,
2021,December,Andhra Pradesh,Guntur,1.8,volume in million,
2021,December,Andhra Pradesh,Krishna,2.07,volume in million,
2021,December,Andhra Pradesh,Rest Of Locations,7.91,volume in million,
2021,December,Andhra Pradesh,Visakhapatnam,2.7,volume in million,
2021,December,Arunachal Pradesh,East Siang,0.04,volume in million,
2021,December,Arunachal Pradesh,Lohit,0.03,volume in million,
2021,December,Arunachal Pradesh,Lower Subansiri,0.03,volume in million,
2021,December,Arunachal Pradesh,Papum Pare,0.14,volume in million,
2021,December,Arunachal Pradesh,Rest Of Locations,0.11,volume in million,
2021,December,Arunachal Pradesh,West Siang,0.03,volume in million,
2021,December,Assam,Cachar,0.5,volume in million,
2021,December,Assam,Dibrugarh,0.46,volume in million,
2021,December,Assam,Kamrup,1.97,volume in million,
2021,December,Assam,Nagaon,0.39,volume in million,
2021,December,Assam,Rest Of Locations,4.32,volume in million,
2021,December,Assam,Sonitpur,0.44,volume in million,
2021,December,Bihar,East Champaran,0.63,volume in million,
2021,December,Bihar,Muzaffarpur,0.81,volume in million,
2021,December,Bihar,Patna,2.31,volume in million,
2021,December,Bihar,Rest Of Locations,9.6,volume in million,
2021,December,Bihar,Saran,0.59,volume in million,
2021,December,Bihar,West Champaran,0.67,volume in million,
2021,December,Chandigarh,Chandigarh,0.98,volume in million,
2021,December,Chhattisgarh,Bilaspur(Cgh),0.62,volume in million,
2021,December,Chhattisgarh,Durg,0.96,volume in million,
2021,December,Chhattisgarh,Raigarh,0.39,volume in million,
2021,December,Chhattisgarh,Raipur,1.71,volume in million,
2021,December,Chhattisgarh,Rajnandgaon,0.37,volume in million,
2021,December,Chhattisgarh,Rest Of Locations,2.42,volume in million,
2021,December,Dadra and Nagar Haveli,Dadra & Nagar Haveli,0.07,volume in million,
2021,December,Daman and Diu,Daman,0.24,volume in million,
2021,December,Daman and Diu,Diu,0.02,volume in million,
2021,December,Delhi,East Delhi,1.47,volume in million,
2021,December,Delhi,North West Delhi,1.68,volume in million,
2021,December,Delhi,Rest Of Locations,3.32,volume in million,
2021,December,Delhi,South Delhi,2.19,volume in million,
2021,December,Delhi,South West Delhi,2.23,volume in million,
2021,December,Delhi,West Delhi,1.85,volume in million,
2021,December,Goa,North Goa,0.99,volume in million,
2021,December,Goa,South Goa,0.84,volume in million,
2021,December,Gujarat,Ahmedabad,4.09,volume in million,
2021,December,Gujarat,Rajkot,1.14,volume in million,
2021,December,Gujarat,Rest Of Locations,7.98,volume in million,
2021,December,Gujarat,Surat,3.5,volume in million,
2021,December,Gujarat,Vadodara,1.91,volume in million,
2021,December,Gujarat,Valsad,1.29,volume in million,
2021,December,Haryana,Ambala,0.49,volume in million,
2021,December,Haryana,Faridabad,1.47,volume in million,
2021,December,Haryana,Gurgaon,2.51,volume in million,
2021,December,Haryana,Karnal,0.5,volume in million,
2021,December,Haryana,Rest Of Locations,4.45,volume in million,
2021,December,Haryana,Sonipat,0.54,volume in million,
2021,December,Himachal Pradesh,Kangra,0.52,volume in million,
2021,December,Himachal Pradesh,Mandi,0.25,volume in million,
2021,December,Himachal Pradesh,Rest Of Locations,0.86,volume in million,
2021,December,Himachal Pradesh,Shimla,0.5,volume in million,
2021,December,Himachal Pradesh,Sirmaur,0.22,volume in million,
2021,December,Himachal Pradesh,Solan,0.76,volume in million,
2021,December,Jammu and Kashmir,Ananthnag,0.21,volume in million,
2021,December,Jammu and Kashmir,Jammu,1.2,volume in million,
2021,December,Jammu and Kashmir,Kathua,0.19,volume in million,
2021,December,Jammu and Kashmir,Rest Of Locations,0.76,volume in million,
2021,December,Jammu and Kashmir,Srinagar,0.34,volume in million,
2021,December,Jammu and Kashmir,Udhampur,0.24,volume in million,
2021,December,Jharkhand,Bokaro,0.41,volume in million,
2021,December,Jharkhand,Dhanbad,0.69,volume in million,
2021,December,Jharkhand,East Singhbhum,0.85,volume in million,
2021,December,Jharkhand,Hazaribag,0.3,volume in million,
2021,December,Jharkhand,Ranchi,1.29,volume in million,
2021,December,Jharkhand,Rest Of Locations,2.31,volume in million,
2021,December,Karnataka,Bangalore,11.2,volume in million,
2021,December,Karnataka,Belgaum,1.6,volume in million,
2021,December,Karnataka,Dakshina Kannada,1.43,volume in million,
2021,December,Karnataka,Dharwad,1.08,volume in million,
2021,December,Karnataka,Mysore,1.6,volume in million,
2021,December,Karnataka,Rest Of Locations,14.08,volume in million,
2021,December,Kerala,Ernakulam,3.39,volume in million,
2021,December,Kerala,Kozhikode,1.98,volume in million,
2021,December,Kerala,Malappuram,1.97,volume in million,
2021,December,Kerala,Rest Of Locations,10.62,volume in million,
2021,December,Kerala,Thiruvananthapuram,2.62,volume in million,
2021,December,Kerala,Thrissur,2.3,volume in million,
2021,December,Ladakh,Kargil,0.05,volume in million,
2021,December,Ladakh,Leh,0.1,volume in million,
2021,December,Lakshadweep,Lakshadweep,0.03,volume in million,
2021,December,Madhya Pradesh,Bhopal,1.41,volume in million,
2021,December,Madhya Pradesh,Dhar,0.56,volume in million,
2021,December,Madhya Pradesh,Gwalior,0.63,volume in million,
2021,December,Madhya Pradesh,Indore,2.25,volume in million,
2021,December,Madhya Pradesh,Jabalpur,0.71,volume in million,
2021,December,Madhya Pradesh,Rest Of Locations,8.54,volume in million,
2021,December,Maharashtra,Mumbai,10.12,volume in million,
2021,December,Maharashtra,Nagpur,2.72,volume in million,
2021,December,Maharashtra,Nashik,2,volume in million,
2021,December,Maharashtra,Pune,9.56,volume in million,
2021,December,Maharashtra,Rest Of Locations,19.9,volume in million,
2021,December,Maharashtra,Thane,12.91,volume in million,
2021,December,Manipur,Bishnupur,0.06,volume in million,
2021,December,Manipur,Churachandpur,0.08,volume in million,
2021,December,Manipur,Imphal East,0.08,volume in million,
2021,December,Manipur,Imphal West,0.35,volume in million,
2021,December,Manipur,Rest Of Locations,0.08,volume in million,
2021,December,Manipur,Thoubal,0.12,volume in million,
2021,December,Meghalaya,East Khasi Hills,0.36,volume in million,
2021,December,Meghalaya,Jaintia Hills,0.1,volume in million,
2021,December,Meghalaya,Rest Of Locations,0.04,volume in million,
2021,December,Meghalaya,Ri Bhoi,0.06,volume in million,
2021,December,Meghalaya,West Garo Hills,0.11,volume in million,
2021,December,Meghalaya,West Khasi Hills,0.05,volume in million,
2021,December,Mizoram,Aizawl,0.34,volume in million,
2021,December,Mizoram,Champhai,0.04,volume in million,
2021,December,Mizoram,Kolasib,0.04,volume in million,
2021,December,Mizoram,Lunglei,0.06,volume in million,
2021,December,Mizoram,Rest Of Locations,0.06,volume in million,
2021,December,Mizoram,Serchhip,0.03,volume in million,
2021,December,Nagaland,Dimapur,0.22,volume in million,
2021,December,Nagaland,Kohima,0.1,volume in million,
2021,December,Nagaland,Mokokchung,0.03,volume in million,
2021,December,Nagaland,Mon,0.02,volume in million,
2021,December,Nagaland,Rest Of Locations,0.05,volume in million,
2021,December,Nagaland,Wokha,0.03,volume in million,
2021,December,Odisha,Baleswar,0.87,volume in million,
2021,December,Odisha,Cuttack,0.97,volume in million,
2021,December,Odisha,Ganjam,0.86,volume in million,
2021,December,Odisha,Khorda,1.77,volume in million,
2021,December,Odisha,Rest Of Locations,7.11,volume in million,
2021,December,Odisha,Sundergarh,0.68,volume in million,
2021,December,Others,Other,1.53,volume in million,state: Pincode data or location mapping not available
2021,December,Puducherry,Karaikal,0.2,volume in million,
2021,December,Puducherry,Pondicherry,0.93,volume in million,
2021,December,Punjab,Amritsar,1.2,volume in million,
2021,December,Punjab,Jalandhar,1.12,volume in million,
2021,December,Punjab,Ludhiana,2.23,volume in million,
2021,December,Punjab,Patiala,0.94,volume in million,
2021,December,Punjab,Rest Of Locations,5.11,volume in million,
2021,December,Punjab,Rupnagar,0.92,volume in million,
2021,December,Rajasthan,Ajmer,0.7,volume in million,
2021,December,Rajasthan,Alwar,0.9,volume in million,
2021,December,Rajasthan,Jaipur,2.69,volume in million,
2021,December,Rajasthan,Jodhpur,0.85,volume in million,
2021,December,Rajasthan,Rest Of Locations,7.39,volume in million,
2021,December,Rajasthan,Udaipur,0.69,volume in million,
2021,December,Sikkim,East Sikkim,0.36,volume in million,
2021,December,Sikkim,North Sikkim,0.02,volume in million,
2021,December,Sikkim,South Sikkim,0.06,volume in million,
2021,December,Sikkim,West Sikkim,0.06,volume in million,
2021,December,Tamil Nadu,Chennai,4.68,volume in million,
2021,December,Tamil Nadu,Coimbatore,6.39,volume in million,
2021,December,Tamil Nadu,Kanchipuram,6.11,volume in million,
2021,December,Tamil Nadu,Rest Of Locations,33.11,volume in million,
2021,December,Tamil Nadu,Tiruvallur,3.94,volume in million,
2021,December,Tamil Nadu,Vellore,2.78,volume in million,
2021,December,Telangana,Hyderabad,6.26,volume in million,
2021,December,Telangana,K.V.Rangareddy,3.4,volume in million,
2021,December,Telangana,Karim Nagar,1.46,volume in million,
2021,December,Telangana,Medak,1.36,volume in million,
2021,December,Telangana,Rest Of Locations,4.18,volume in million,
2021,December,Telangana,Warangal,0.99,volume in million,
2021,December,Tripura,Dhalai,0.05,volume in million,
2021,December,Tripura,North Tripura,0.15,volume in million,
2021,December,Tripura,South Tripura,0.13,volume in million,
2021,December,Tripura,West Tripura,0.52,volume in million,
2021,December,Uttar Pradesh,Allahabad,1.4,volume in million,
2021,December,Uttar Pradesh,Gautam Buddha Nagar,2.28,volume in million,
2021,December,Uttar Pradesh,Ghaziabad,2.14,volume in million,
2021,December,Uttar Pradesh,Lucknow,3.05,volume in million,
2021,December,Uttar Pradesh,Rest Of Locations,24.82,volume in million,
2021,December,Uttar Pradesh,Varanasi,1.54,volume in million,
2021,December,Uttarakhand,Almora,0.2,volume in million,
2021,December,Uttarakhand,Dehradun,1.44,volume in million,
2021,December,Uttarakhand,Haridwar,0.84,volume in million,
2021,December,Uttarakhand,Nainital,0.46,volume in million,
2021,December,Uttarakhand,Rest Of Locations,0.72,volume in million,
2021,December,Uttarakhand,Udham Singh Nagar,0.85,volume in million,
2021,December,West Bengal,Bardhaman,1.86,volume in million,
2021,December,West Bengal,Howrah,1.49,volume in million,
2021,December,West Bengal,Kolkata,3.83,volume in million,
2021,December,West Bengal,North 24 Parganas,3.05,volume in million,
2021,December,West Bengal,Rest Of Locations,10.56,volume in million,
2021,December,West Bengal,South 24 Parganas,1.58,volume in million,
2021,November,Andaman and Nicobar Islands,Nicobar,0.01,volume in million,
2021,November,Andaman and Nicobar Islands,North And Middle Andaman,0.02,volume in million,
2021,November,Andaman and Nicobar Islands,South Andaman,0.15,volume in million,
2021,November,Andhra Pradesh,Chittoor,1.79,volume in million,
2021,November,Andhra Pradesh,East Godavari,1.66,volume in million,
2021,November,Andhra Pradesh,Guntur,1.62,volume in million,
2021,November,Andhra Pradesh,Krishna,1.89,volume in million,
2021,November,Andhra Pradesh,Rest Of Locations,7.1,volume in million,
2021,November,Andhra Pradesh,Visakhapatnam,2.51,volume in million,
2021,November,Arunachal Pradesh,East Siang,0.04,volume in million,
2021,November,Arunachal Pradesh,Lohit,0.03,volume in million,
2021,November,Arunachal Pradesh,Lower Subansiri,0.03,volume in million,
2021,November,Arunachal Pradesh,Papum Pare,0.13,volume in million,
2021,November,Arunachal Pradesh,Rest Of Locations,0.1,volume in million,
2021,November,Arunachal Pradesh,West Siang,0.03,volume in million,
2021,November,Assam,Cachar,0.49,volume in million,
2021,November,Assam,Dibrugarh,0.43,volume in million,
2021,November,Assam,Kamrup,1.89,volume in million,
2021,November,Assam,Nagaon,0.36,volume in million,
2021,November,Assam,Rest Of Locations,4.02,volume in million,
2021,November,Assam,Sonitpur,0.41,volume in million,
2021,November,Bihar,East Champaran,0.68,volume in million,
2021,November,Bihar,Muzaffarpur,0.9,volume in million,
2021,November,Bihar,Patna,2.23,volume in million,
2021,November,Bihar,Rest Of Locations,10.29,volume in million,
2021,November,Bihar,Saran,0.71,volume in million,
2021,November,Bihar,West Champaran,0.69,volume in million,
2021,November,Chandigarh,Chandigarh,0.95,volume in million,
2021,November,Chhattisgarh,Bilaspur(Cgh),0.61,volume in million,
2021,November,Chhattisgarh,Durg,0.99,volume in million,
2021,November,Chhattisgarh,Raigarh,0.38,volume in million,
2021,November,Chhattisgarh,Raipur,1.7,volume in million,
2021,November,Chhattisgarh,Rajnandgaon,0.38,volume in million,
2021,November,Chhattisgarh,Rest Of Locations,2.38,volume in million,
2021,November,Dadra and Nagar Haveli,Dadra & Nagar Haveli,0.07,volume in million,
2021,November,Daman and Diu,Daman,0.26,volume in million,
2021,November,Daman and Diu,Diu,0.02,volume in million,
2021,November,Delhi,East Delhi,1.49,volume in million,
2021,November,Delhi,North West Delhi,1.65,volume in million,
2021,November,Delhi,Rest Of Locations,3.3,volume in million,
2021,November,Delhi,South Delhi,2.17,volume in million,
2021,November,Delhi,South West Delhi,2.24,volume in million,
2021,November,Delhi,West Delhi,1.83,volume in million,
2021,November,Goa,North Goa,0.87,volume in million,
2021,November,Goa,South Goa,0.77,volume in million,
2021,November,Gujarat,Ahmedabad,3.84,volume in million,
2021,November,Gujarat,Rajkot,1.11,volume in million,
2021,November,Gujarat,Rest Of Locations,7.8,volume in million,
2021,November,Gujarat,Surat,3.29,volume in million,
2021,November,Gujarat,Vadodara,1.83,volume in million,
2021,November,Gujarat,Valsad,1.32,volume in million,
2021,November,Haryana,Ambala,0.5,volume in million,
2021,November,Haryana,Faridabad,1.5,volume in million,
2021,November,Haryana,Gurgaon,2.53,volume in million,
2021,November,Haryana,Karnal,0.52,volume in million,
2021,November,Haryana,Rest Of Locations,4.61,volume in million,
2021,November,Haryana,Sonipat,0.53,volume in million,
2021,November,Himachal Pradesh,Kangra,0.53,volume in million,
2021,November,Himachal Pradesh,Mandi,0.25,volume in million,
2021,November,Himachal Pradesh,Rest Of Locations,0.85,volume in million,
2021,November,Himachal Pradesh,Shimla,0.48,volume in million,
2021,November,Himachal Pradesh,Sirmaur,0.22,volume in million,
2021,November,Himachal Pradesh,Solan,0.75,volume in million,
2021,November,Jammu and Kashmir,Ananthnag,0.22,volume in million,
2021,November,Jammu and Kashmir,Jammu,1.18,volume in million,
2021,November,Jammu and Kashmir,Kathua,0.19,volume in million,
2021,November,Jammu and Kashmir,Rest Of Locations,0.79,volume in million,
2021,November,Jammu and Kashmir,Srinagar,0.35,volume in million,
2021,November,Jammu and Kashmir,Udhampur,0.24,volume in million,
2021,November,Jharkhand,Bokaro,0.43,volume in million,
2021,November,Jharkhand,Dhanbad,0.68,volume in million,
2021,November,Jharkhand,East Singhbhum,0.82,volume in million,
2021,November,Jharkhand,Hazaribag,0.29,volume in million,
2021,November,Jharkhand,Ranchi,1.2,volume in million,
2021,November,Jharkhand,Rest Of Locations,2.28,volume in million,
2021,November,Karnataka,Bangalore,10.38,volume in million,
2021,November,Karnataka,Belgaum,1.55,volume in million,
2021,November,Karnataka,Dakshina Kannada,1.34,volume in million,
2021,November,Karnataka,Dharwad,1,volume in million,
2021,November,Karnataka,Mysore,1.5,volume in million,
2021,November,Karnataka,Rest Of Locations,13.16,volume in million,
2021,November,Kerala,Ernakulam,3.04,volume in million,
2021,November,Kerala,Kozhikode,1.79,volume in million,
2021,November,Kerala,Malappuram,1.82,volume in million,
2021,November,Kerala,Rest Of Locations,9.45,volume in million,
2021,November,Kerala,Thiruvananthapuram,2.32,volume in million,
2021,November,Kerala,Thrissur,2.08,volume in million,
2021,November,Ladakh,Kargil,0.06,volume in million,
2021,November,Ladakh,Leh,0.12,volume in million,
2021,November,Lakshadweep,Lakshadweep,0.02,volume in million,
2021,November,Madhya Pradesh,Bhopal,1.33,volume in million,
2021,November,Madhya Pradesh,Dhar,0.54,volume in million,
2021,November,Madhya Pradesh,Gwalior,0.63,volume in million,
2021,November,Madhya Pradesh,Indore,2.16,volume in million,
2021,November,Madhya Pradesh,Jabalpur,0.71,volume in million,
2021,November,Madhya Pradesh,Rest Of Locations,8.69,volume in million,
2021,November,Maharashtra,Mumbai,9.69,volume in million,
2021,November,Maharashtra,Nagpur,2.63,volume in million,
2021,November,Maharashtra,Nashik,1.95,volume in million,
2021,November,Maharashtra,Pune,9.02,volume in million,
2021,November,Maharashtra,Rest Of Locations,19.63,volume in million,
2021,November,Maharashtra,Thane,12.73,volume in million,
2021,November,Manipur,Bishnupur,0.06,volume in million,
2021,November,Manipur,Churachandpur,0.08,volume in million,
2021,November,Manipur,Imphal East,0.09,volume in million,
2021,November,Manipur,Imphal West,0.35,volume in million,
2021,November,Manipur,Rest Of Locations,0.08,volume in million,
2021,November,Manipur,Thoubal,0.12,volume in million,
2021,November,Meghalaya,East Khasi Hills,0.34,volume in million,
2021,November,Meghalaya,Jaintia Hills,0.08,volume in million,
2021,November,Meghalaya,Rest Of Locations,0.03,volume in million,
2021,November,Meghalaya,Ri Bhoi,0.05,volume in million,
2021,November,Meghalaya,West Garo Hills,0.08,volume in million,
2021,November,Meghalaya,West Khasi Hills,0.04,volume in million,
2021,November,Mizoram,Aizawl,0.31,volume in million,
2021,November,Mizoram,Champhai,0.03,volume in million,
2021,November,Mizoram,Kolasib,0.03,volume in million,
2021,November,Mizoram,Lunglei,0.05,volume in million,
2021,November,Mizoram,Rest Of Locations,0.05,volume in million,
2021,November,Mizoram,Serchhip,0.02,volume in million,
2021,November,Nagaland,Dimapur,0.21,volume in million,
2021,November,Nagaland,Kohima,0.12,volume in million,
2021,November,Nagaland,Mokokchung,0.02,volume in million,
2021,November,Nagaland,Mon,0.02,volume in million,
2021,November,Nagaland,Rest Of Locations,0.04,volume in million,
2021,November,Nagaland,Wokha,0.02,volume in million,
2021,November,Odisha,Baleswar,0.89,volume in million,
2021,November,Odisha,Cuttack,0.96,volume in million,
2021,November,Odisha,Ganjam,0.87,volume in million,
2021,November,Odisha,Khorda,1.7,volume in million,
2021,November,Odisha,Rest Of Locations,7.07,volume in million,
2021,November,Odisha,Sundergarh,0.64,volume in million,
2021,November,Others,Other,1.47,volume in million,state: Pincode data or location mapping not available
2021,November,Puducherry,Karaikal,0.17,volume in million,
2021,November,Puducherry,Pondicherry,0.77,volume in million,
2021,November,Punjab,Amritsar,1.22,volume in million,
2021,November,Punjab,Jalandhar,1.15,volume in million,
2021,November,Punjab,Ludhiana,2.28,volume in million,
2021,November,Punjab,Patiala,0.96,volume in million,
2021,November,Punjab,Rest Of Locations,5.25,volume in million,
2021,November,Punjab,Rupnagar,0.91,volume in million,
2021,November,Rajasthan,Ajmer,0.71,volume in million,
2021,November,Rajasthan,Alwar,0.94,volume in million,
2021,November,Rajasthan,Jaipur,2.66,volume in million,
2021,November,Rajasthan,Jodhpur,0.85,volume in million,
2021,November,Rajasthan,Nagaur,0.7,volume in million,
2021,November,Rajasthan,Rest Of Locations,7.88,volume in million,
2021,November,Sikkim,East Sikkim,0.33,volume in million,
2021,November,Sikkim,North Sikkim,0.02,volume in million,
2021,November,Sikkim,South Sikkim,0.05,volume in million,
2021,November,Sikkim,West Sikkim,0.05,volume in million,
2021,November,Tamil Nadu,Chennai,4.05,volume in million,
2021,November,Tamil Nadu,Coimbatore,6.04,volume in million,
2021,November,Tamil Nadu,Kanchipuram,5.52,volume in million,
2021,November,Tamil Nadu,Rest Of Locations,31.34,volume in million,
2021,November,Tamil Nadu,Tiruvallur,3.63,volume in million,
2021,November,Tamil Nadu,Vellore,2.6,volume in million,
2021,November,Telangana,Hyderabad,5.83,volume in million,
2021,November,Telangana,K.V.Rangareddy,3.15,volume in million,
2021,November,Telangana,Karim Nagar,1.24,volume in million,
2021,November,Telangana,Medak,1.17,volume in million,
2021,November,Telangana,Rest Of Locations,3.63,volume in million,
2021,November,Telangana,Warangal,0.88,volume in million,
2021,November,Tripura,Dhalai,0.05,volume in million,
2021,November,Tripura,North Tripura,0.15,volume in million,
2021,November,Tripura,South Tripura,0.13,volume in million,
2021,November,Tripura,West Tripura,0.51,volume in million,
2021,November,Uttar Pradesh,Gautam Buddha Nagar,2.21,volume in million,
2021,November,Uttar Pradesh,Ghaziabad,2.16,volume in million,
2021,November,Uttar Pradesh,Gorakhpur,1.52,volume in million,
2021,November,Uttar Pradesh,Lucknow,3.04,volume in million,
2021,November,Uttar Pradesh,Rest Of Locations,26.97,volume in million,
2021,November,Uttar Pradesh,Varanasi,1.62,volume in million,
2021,November,Uttarakhand,Almora,0.22,volume in million,
2021,November,Uttarakhand,Dehradun,1.43,volume in million,
2021,November,Uttarakhand,Haridwar,0.87,volume in million,
2021,November,Uttarakhand,Nainital,0.47,volume in million,
2021,November,Uttarakhand,Rest Of Locations,0.75,volume in million,
2021,November,Uttarakhand,Udham Singh Nagar,0.88,volume in million,
2021,November,West Bengal,Bardhaman,1.77,volume in million,
2021,November,West Bengal,Howrah,1.48,volume in million,
2021,November,West Bengal,Kolkata,3.71,volume in million,
2021,November,West Bengal,North 24 Parganas,2.96,volume in million,
2021,November,West Bengal,Rest Of Locations,10,volume in million,
2021,November,West Bengal,South 24 Parganas,1.52,volume in million,
2021,October,Andaman and Nicobar Islands,Nicobar,0.01,volume in million,
2021,October,Andaman and Nicobar Islands,North And Middle Andaman,0.02,volume in million,
2021,October,Andaman and Nicobar Islands,South Andaman,0.15,volume in million,
2021,October,Andhra Pradesh,Chittoor,2.04,volume in million,
2021,October,Andhra Pradesh,East Godavari,1.79,volume in million,
2021,October,Andhra Pradesh,Guntur,1.73,volume in million,
2021,October,Andhra Pradesh,Krishna,2.04,volume in million,
2021,October,Andhra Pradesh,Rest Of Locations,7.78,volume in million,
2021,October,Andhra Pradesh,Visakhapatnam,2.68,volume in million,
2021,October,Arunachal Pradesh,East Siang,0.05,volume in million,
2021,October,Arunachal Pradesh,Lohit,0.03,volume in million,
2021,October,Arunachal Pradesh,Lower Subansiri,0.03,volume in million,
2021,October,Arunachal Pradesh,Papum Pare,0.14,volume in million,
2021,October,Arunachal Pradesh,Rest Of Locations,0.11,volume in million,
2021,October,Arunachal Pradesh,Upper Subansiri,0.03,volume in million,
2021,October,Assam,Cachar,0.52,volume in million,
2021,October,Assam,Dibrugarh,0.46,volume in million,
2021,October,Assam,Kamrup,1.94,volume in million,
2021,October,Assam,Nagaon,0.39,volume in million,
2021,October,Assam,Rest Of Locations,4.25,volume in million,
2021,October,Assam,Sonitpur,0.45,volume in million,
2021,October,Bihar,East Champaran,0.59,volume in million,
2021,October,Bihar,Gaya,0.6,volume in million,
2021,October,Bihar,Muzaffarpur,0.83,volume in million,
2021,October,Bihar,Patna,2.4,volume in million,
2021,October,Bihar,Rest Of Locations,9.41,volume in million,
2021,October,Bihar,West Champaran,0.63,volume in million,
2021,October,Chandigarh,Chandigarh,1.05,volume in million,
2021,October,Chhattisgarh,Bilaspur(Cgh),0.64,volume in million,
2021,October,Chhattisgarh,Durg,1.14,volume in million,
2021,October,Chhattisgarh,Raigarh,0.37,volume in million,
2021,October,Chhattisgarh,Raipur,1.74,volume in million,
2021,October,Chhattisgarh,Rajnandgaon,0.43,volume in million,
2021,October,Chhattisgarh,Rest Of Locations,2.36,volume in million,
2021,October,Dadra and Nagar Haveli,Dadra & Nagar Haveli,0.08,volume in million,
2021,October,Daman and Diu,Daman,0.27,volume in million,
2021,October,Daman and Diu,Diu,0.02,volume in million,
2021,October,Delhi,East Delhi,1.66,volume in million,
2021,October,Delhi,North West Delhi,1.8,volume in million,
2021,October,Delhi,Rest Of Locations,3.61,volume in million,
2021,October,Delhi,South Delhi,2.38,volume in million,
2021,October,Delhi,South West Delhi,2.47,volume in million,
2021,October,Delhi,West Delhi,2.03,volume in million,
2021,October,Goa,North Goa,0.87,volume in million,
2021,October,Goa,South Goa,0.8,volume in million,
2021,October,Gujarat,Ahmedabad,4.69,volume in million,
2021,October,Gujarat,Rajkot,1.26,volume in million,
2021,October,Gujarat,Rest Of Locations,8.9,volume in million,
2021,October,Gujarat,Surat,4.09,volume in million,
2021,October,Gujarat,Vadodara,2.23,volume in million,
2021,October,Gujarat,Valsad,1.45,volume in million,
2021,October,Haryana,Ambala,0.56,volume in million,
2021,October,Haryana,Faridabad,1.63,volume in million,
2021,October,Haryana,Gurgaon,2.78,volume in million,
2021,October,Haryana,Karnal,0.57,volume in million,
2021,October,Haryana,Rest Of Locations,4.94,volume in million,
2021,October,Haryana,Sonipat,0.59,volume in million,
2021,October,Himachal Pradesh,Kangra,0.55,volume in million,
2021,October,Himachal Pradesh,Mandi,0.26,volume in million,
2021,October,Himachal Pradesh,Rest Of Locations,0.91,volume in million,
2021,October,Himachal Pradesh,Shimla,0.52,volume in million,
2021,October,Himachal Pradesh,Sirmaur,0.24,volume in million,
2021,October,Himachal Pradesh,Solan,0.82,volume in million,
2021,October,Jammu and Kashmir,Ananthnag,0.24,volume in million,
2021,October,Jammu and Kashmir,Jammu,1.21,volume in million,
2021,October,Jammu and Kashmir,Kathua,0.21,volume in million,
2021,October,Jammu and Kashmir,Rest Of Locations,0.83,volume in million,
2021,October,Jammu and Kashmir,Srinagar,0.39,volume in million,
2021,October,Jammu and Kashmir,Udhampur,0.26,volume in million,
2021,October,Jharkhand,Bokaro,0.46,volume in million,
2021,October,Jharkhand,Dhanbad,0.74,volume in million,
2021,October,Jharkhand,East Singhbhum,0.89,volume in million,
2021,October,Jharkhand,Hazaribag,0.31,volume in million,
2021,October,Jharkhand,Ranchi,1.3,volume in million,
2021,October,Jharkhand,Rest Of Locations,2.43,volume in million,
2021,October,Karnataka,Bangalore,10.99,volume in million,
2021,October,Karnataka,Belgaum,1.61,volume in million,
2021,October,Karnataka,Dakshina Kannada,1.4,volume in million,
2021,October,Karnataka,Dharwad,1.06,volume in million,
2021,October,Karnataka,Mysore,1.55,volume in million,
2021,October,Karnataka,Rest Of Locations,13.94,volume in million,
2021,October,Kerala,Ernakulam,3.09,volume in million,
2021,October,Kerala,Kozhikode,1.81,volume in million,
2021,October,Kerala,Malappuram,1.89,volume in million,
2021,October,Kerala,Rest Of Locations,9.57,volume in million,
2021,October,Kerala,Thiruvananthapuram,2.34,volume in million,
2021,October,Kerala,Thrissur,2.09,volume in million,
2021,October,Ladakh,Kargil,0.07,volume in million,
2021,October,Ladakh,Leh,0.16,volume in million,
2021,October,Lakshadweep,Lakshadweep,0.02,volume in million,
2021,October,Madhya Pradesh,Bhopal,1.43,volume in million,
2021,October,Madhya Pradesh,Dhar,0.59,volume in million,
2021,October,Madhya Pradesh,Gwalior,0.69,volume in million,
2021,October,Madhya Pradesh,Indore,2.38,volume in million,
2021,October,Madhya Pradesh,Jabalpur,0.76,volume in million,
2021,October,Madhya Pradesh,Rest Of Locations,9.07,volume in million,
2021,October,Maharashtra,Mumbai,10.74,volume in million,
2021,October,Maharashtra,Nagpur,2.89,volume in million,
2021,October,Maharashtra,Nashik,2.15,volume in million,
2021,October,Maharashtra,Pune,10.11,volume in million,
2021,October,Maharashtra,Rest Of Locations,20.63,volume in million,
2021,October,Maharashtra,Thane,13.72,volume in million,
2021,October,Manipur,Bishnupur,0.05,volume in million,
2021,October,Manipur,Churachandpur,0.08,volume in million,
2021,October,Manipur,Imphal East,0.08,volume in million,
2021,October,Manipur,Imphal West,0.35,volume in million,
2021,October,Manipur,Rest Of Locations,0.07,volume in million,
2021,October,Manipur,Thoubal,0.11,volume in million,
2021,October,Meghalaya,East Khasi Hills,0.34,volume in million,
2021,October,Meghalaya,Jaintia Hills,0.08,volume in million,
2021,October,Meghalaya,Rest Of Locations,0.03,volume in million,
2021,October,Meghalaya,Ri Bhoi,0.05,volume in million,
2021,October,Meghalaya,West Garo Hills,0.08,volume in million,
2021,October,Meghalaya,West Khasi Hills,0.03,volume in million,
2021,October,Mizoram,Aizawl,0.3,volume in million,
2021,October,Mizoram,Champhai,0.03,volume in million,
2021,October,Mizoram,Kolasib,0.03,volume in million,
2021,October,Mizoram,Lunglei,0.05,volume in million,
2021,October,Mizoram,Rest Of Locations,0.05,volume in million,
2021,October,Mizoram,Serchhip,0.02,volume in million,
2021,October,Nagaland,Dimapur,0.21,volume in million,
2021,October,Nagaland,Kohima,0.11,volume in million,
2021,October,Nagaland,Mokokchung,0.02,volume in million,
2021,October,Nagaland,Mon,0.02,volume in million,
2021,October,Nagaland,Rest Of Locations,0.04,volume in million,
2021,October,Nagaland,Wokha,0.02,volume in million,
2021,October,Odisha,Baleswar,0.87,volume in million,
2021,October,Odisha,Cuttack,1,volume in million,
2021,October,Odisha,Ganjam,0.91,volume in million,
2021,October,Odisha,Khorda,1.75,volume in million,
2021,October,Odisha,Rest Of Locations,7.23,volume in million,
2021,October,Odisha,Sundergarh,0.68,volume in million,
2021,October,Others,Other,1.47,volume in million,state: Pincode data or location mapping not available
2021,October,Puducherry,Karaikal,0.19,volume in million,
2021,October,Puducherry,Pondicherry,0.84,volume in million,
2021,October,Punjab,Amritsar,1.26,volume in million,
2021,October,Punjab,Jalandhar,1.22,volume in million,
2021,October,Punjab,Ludhiana,2.45,volume in million,
2021,October,Punjab,Patiala,1.01,volume in million,
2021,October,Punjab,Rest Of Locations,5.44,volume in million,
2021,October,Punjab,Rupnagar,0.97,volume in million,
2021,October,Rajasthan,Ajmer,0.75,volume in million,
2021,October,Rajasthan,Alwar,1.01,volume in million,
2021,October,Rajasthan,Jaipur,3,volume in million,
2021,October,Rajasthan,Jodhpur,0.92,volume in million,
2021,October,Rajasthan,Rest Of Locations,7.89,volume in million,
2021,October,Rajasthan,Udaipur,0.73,volume in million,
2021,October,Sikkim,East Sikkim,0.33,volume in million,
2021,October,Sikkim,North Sikkim,0.02,volume in million,
2021,October,Sikkim,South Sikkim,0.05,volume in million,
2021,October,Sikkim,West Sikkim,0.06,volume in million,
2021,October,Tamil Nadu,Chennai,4.74,volume in million,
2021,October,Tamil Nadu,Coimbatore,6.53,volume in million,
2021,October,Tamil Nadu,Kanchipuram,6.08,volume in million,
2021,October,Tamil Nadu,Rest Of Locations,32.5,volume in million,
2021,October,Tamil Nadu,Tiruvallur,4.11,volume in million,
2021,October,Tamil Nadu,Vellore,2.64,volume in million,
2021,October,Telangana,Hyderabad,6.21,volume in million,
2021,October,Telangana,K.V.Rangareddy,3.39,volume in million,
2021,October,Telangana,Karim Nagar,1.34,volume in million,
2021,October,Telangana,Medak,1.28,volume in million,
2021,October,Telangana,Rest Of Locations,3.95,volume in million,
2021,October,Telangana,Warangal,0.95,volume in million,
2021,October,Tripura,Dhalai,0.06,volume in million,
2021,October,Tripura,North Tripura,0.16,volume in million,
2021,October,Tripura,South Tripura,0.15,volume in million,
2021,October,Tripura,West Tripura,0.57,volume in million,
2021,October,Uttar Pradesh,Allahabad,1.51,volume in million,
2021,October,Uttar Pradesh,Gautam Buddha Nagar,2.43,volume in million,
2021,October,Uttar Pradesh,Ghaziabad,2.38,volume in million,
2021,October,Uttar Pradesh,Lucknow,3.24,volume in million,
2021,October,Uttar Pradesh,Rest Of Locations,26.27,volume in million,
2021,October,Uttar Pradesh,Varanasi,1.61,volume in million,
2021,October,Uttarakhand,Almora,0.2,volume in million,
2021,October,Uttarakhand,Dehradun,1.52,volume in million,
2021,October,Uttarakhand,Haridwar,0.94,volume in million,
2021,October,Uttarakhand,Nainital,0.47,volume in million,
2021,October,Uttarakhand,Rest Of Locations,0.75,volume in million,
2021,October,Uttarakhand,Udham Singh Nagar,0.89,volume in million,
2021,October,West Bengal,Bardhaman,1.99,volume in million,
2021,October,West Bengal,Howrah,1.6,volume in million,
2021,October,West Bengal,Kolkata,3.95,volume in million,
2021,October,West Bengal,North 24 Parganas,3.15,volume in million,
2021,October,West Bengal,Rest Of Locations,10.65,volume in million,
2021,October,West Bengal,South 24 Parganas,1.63,volume in million,
2021,September,Andaman and Nicobar Islands,Nicobar,0,volume in million,
2021,September,Andaman and Nicobar Islands,North And Middle Andaman,0.02,volume in million,
2021,September,Andaman and Nicobar Islands,South Andaman,0.14,volume in million,
2021,September,Andhra Pradesh,Chittoor,1.87,volume in million,
2021,September,Andhra Pradesh,East Godavari,1.55,volume in million,
2021,September,Andhra Pradesh,Guntur,1.59,volume in million,
2021,September,Andhra Pradesh,Krishna,1.83,volume in million,
2021,September,Andhra Pradesh,Rest Of Locations,7.2,volume in million,
2021,September,Andhra Pradesh,Visakhapatnam,2.37,volume in million,
2021,September,Arunachal Pradesh,East Siang,0.04,volume in million,
2021,September,Arunachal Pradesh,Lohit,0.03,volume in million,
2021,September,Arunachal Pradesh,Lower Subansiri,0.04,volume in million,
2021,September,Arunachal Pradesh,Papum Pare,0.15,volume in million,
2021,September,Arunachal Pradesh,Rest Of Locations,0.1,volume in million,
2021,September,Arunachal Pradesh,West Siang,0.03,volume in million,
2021,September,Assam,Cachar,0.47,volume in million,
2021,September,Assam,Dibrugarh,0.42,volume in million,
2021,September,Assam,Kamrup,1.78,volume in million,
2021,September,Assam,Nagaon,0.55,volume in million,
2021,September,Assam,Rest Of Locations,3.55,volume in million,
2021,September,Assam,Sonitpur,0.39,volume in million,
2021,September,Bihar,Darbhanga,0.53,volume in million,
2021,September,Bihar,East Champaran,0.54,volume in million,
2021,September,Bihar,Muzaffarpur,0.73,volume in million,
2021,September,Bihar,Patna,2.24,volume in million,
2021,September,Bihar,Rest Of Locations,8.47,volume in million,
2021,September,Bihar,West Champaran,0.57,volume in million,
2021,September,Chandigarh,Chandigarh,0.91,volume in million,
2021,September,Chhattisgarh,Bilaspur(Cgh),0.55,volume in million,
2021,September,Chhattisgarh,Durg,1.05,volume in million,
2021,September,Chhattisgarh,Raigarh,0.35,volume in million,
2021,September,Chhattisgarh,Raipur,1.62,volume in million,
2021,September,Chhattisgarh,Rajnandgaon,0.41,volume in million,
2021,September,Chhattisgarh,Rest Of Locations,2.28,volume in million,
2021,September,Dadra and Nagar Haveli,Dadra & Nagar Haveli,0.36,volume in million,
2021,September,Daman and Diu,Daman,0.23,volume in million,
2021,September,Daman and Diu,Diu,0.02,volume in million,
2021,September,Delhi,East Delhi,1.78,volume in million,
2021,September,Delhi,North West Delhi,1.93,volume in million,
2021,September,Delhi,Rest Of Locations,2.59,volume in million,
2021,September,Delhi,South Delhi,2.14,volume in million,
2021,September,Delhi,South West Delhi,2.29,volume in million,
2021,September,Delhi,West Delhi,1.69,volume in million,
2021,September,Goa,North Goa,0.71,volume in million,
2021,September,Goa,South Goa,0.75,volume in million,
2021,September,Gujarat,Ahmedabad,3.9,volume in million,
2021,September,Gujarat,Rajkot,1.03,volume in million,
2021,September,Gujarat,Rest Of Locations,7.84,volume in million,
2021,September,Gujarat,Surat,3.55,volume in million,
2021,September,Gujarat,Vadodara,1.84,volume in million,
2021,September,Gujarat,Valsad,0.96,volume in million,
2021,September,Haryana,Ambala,0.52,volume in million,
2021,September,Haryana,Faridabad,1.46,volume in million,
2021,September,Haryana,Gurgaon,2.65,volume in million,
2021,September,Haryana,Karnal,0.5,volume in million,
2021,September,Haryana,Rest Of Locations,4.24,volume in million,
2021,September,Haryana,Sonipat,0.52,volume in million,
2021,September,Himachal Pradesh,Kangra,0.46,volume in million,
2021,September,Himachal Pradesh,Kullu,0.23,volume in million,
2021,September,Himachal Pradesh,Mandi,0.24,volume in million,
2021,September,Himachal Pradesh,Rest Of Locations,0.83,volume in million,
2021,September,Himachal Pradesh,Shimla,0.43,volume in million,
2021,September,Himachal Pradesh,Solan,0.76,volume in million,
2021,September,Jammu and Kashmir,Ananthnag,0.25,volume in million,
2021,September,Jammu and Kashmir,Baramulla,0.18,volume in million,
2021,September,Jammu and Kashmir,Jammu,1,volume in million,
2021,September,Jammu and Kashmir,Rest Of Locations,1.1,volume in million,
2021,September,Jammu and Kashmir,Srinagar,0.36,volume in million,
2021,September,Jammu and Kashmir,Udhampur,0.21,volume in million,
2021,September,Jharkhand,Bokaro,0.4,volume in million,
2021,September,Jharkhand,Dhanbad,0.63,volume in million,
2021,September,Jharkhand,East Singhbhum,0.9,volume in million,
2021,September,Jharkhand,Hazaribag,0.31,volume in million,
2021,September,Jharkhand,Ranchi,1.16,volume in million,
2021,September,Jharkhand,Rest Of Locations,2,volume in million,
2021,September,Karnataka,Bangalore,10.1,volume in million,
2021,September,Karnataka,Bangalore Rural,1.29,volume in million,
2021,September,Karnataka,Belgaum,1.56,volume in million,
2021,September,Karnataka,Dakshina Kannada,1.29,volume in million,
2021,September,Karnataka,Mysore,1.48,volume in million,
2021,September,Karnataka,Rest Of Locations,13.82,volume in million,
2021,September,Kerala,Ernakulam,2.87,volume in million,
2021,September,Kerala,Kozhikode,1.62,volume in million,
2021,September,Kerala,Malappuram,1.79,volume in million,
2021,September,Kerala,Rest Of Locations,8.92,volume in million,
2021,September,Kerala,Thiruvananthapuram,2.22,volume in million,
2021,September,Kerala,Thrissur,1.95,volume in million,
2021,September,Lakshadweep,Lakshadweep,0.02,volume in million,
2021,September,Madhya Pradesh,Bhopal,1.31,volume in million,
2021,September,Madhya Pradesh,Dhar,0.57,volume in million,
2021,September,Madhya Pradesh,Gwalior,0.59,volume in million,
2021,September,Madhya Pradesh,Indore,2.07,volume in million,
2021,September,Madhya Pradesh,Jabalpur,0.67,volume in million,
2021,September,Madhya Pradesh,Rest Of Locations,8.2,volume in million,
2021,September,Maharashtra,Mumbai,9.52,volume in million,
2021,September,Maharashtra,Nagpur,2.59,volume in million,
2021,September,Maharashtra,Nashik,1.97,volume in million,
2021,September,Maharashtra,Pune,9.15,volume in million,
2021,September,Maharashtra,Rest Of Locations,19.09,volume in million,
2021,September,Maharashtra,Thane,12.09,volume in million,
2021,September,Manipur,Bishnupur,0.05,volume in million,
2021,September,Manipur,Churachandpur,0.08,volume in million,
2021,September,Manipur,Imphal East,0.08,volume in million,
2021,September,Manipur,Imphal West,0.32,volume in million,
2021,September,Manipur,Rest Of Locations,0.08,volume in million,
2021,September,Manipur,Thoubal,0.1,volume in million,
2021,September,Meghalaya,East Khasi Hills,0.3,volume in million,
2021,September,Meghalaya,Jaintia Hills,0.08,volume in million,
2021,September,Meghalaya,Rest Of Locations,0.03,volume in million,
2021,September,Meghalaya,Ri Bhoi,0.05,volume in million,
2021,September,Meghalaya,West Garo Hills,0.08,volume in million,
2021,September,Meghalaya,West Khasi Hills,0.04,volume in million,
2021,September,Mizoram,Aizawl,0.26,volume in million,
2021,September,Mizoram,Champhai,0.02,volume in million,
2021,September,Mizoram,Kolasib,0.02,volume in million,
2021,September,Mizoram,Lawngtlai,0.03,volume in million,
2021,September,Mizoram,Lunglei,0.05,volume in million,
2021,September,Mizoram,Rest Of Locations,0.03,volume in million,
2021,September,Nagaland,Dimapur,0.19,volume in million,
2021,September,Nagaland,Kohima,0.11,volume in million,
2021,September,Nagaland,Mokokchung,0.02,volume in million,
2021,September,Nagaland,Mon,0.02,volume in million,
2021,September,Nagaland,Rest Of Locations,0.04,volume in million,
2021,September,Nagaland,Wokha,0.02,volume in million,
2021,September,Odisha,Baleswar,0.85,volume in million,
2021,September,Odisha,Cuttack,0.91,volume in million,
2021,September,Odisha,Ganjam,0.79,volume in million,
2021,September,Odisha,Khorda,1.64,volume in million,
2021,September,Odisha,Rest Of Locations,7.02,volume in million,
2021,September,Odisha,Sundergarh,0.62,volume in million,
2021,September,Others,Other,1.49,volume in million,state: Pincode data or location mapping not available
2021,September,Puducherry,Karaikal,0.17,volume in million,
2021,September,Puducherry,Pondicherry,0.92,volume in million,
2021,September,Punjab,Amritsar,1.16,volume in million,
2021,September,Punjab,Gurdaspur,0.82,volume in million,
2021,September,Punjab,Jalandhar,1.08,volume in million,
2021,September,Punjab,Ludhiana,2.26,volume in million,
2021,September,Punjab,Rest Of Locations,4.96,volume in million,
2021,September,Punjab,Rupnagar,0.97,volume in million,
2021,September,Rajasthan,Ajmer,0.69,volume in million,
2021,September,Rajasthan,Alwar,0.91,volume in million,
2021,September,Rajasthan,Jaipur,2.73,volume in million,
2021,September,Rajasthan,Jodhpur,0.87,volume in million,
2021,September,Rajasthan,Rest Of Locations,7.4,volume in million,
2021,September,Rajasthan,Udaipur,0.67,volume in million,
2021,September,Sikkim,East Sikkim,0.33,volume in million,
2021,September,Sikkim,North Sikkim,0.02,volume in million,
2021,September,Sikkim,South Sikkim,0.05,volume in million,
2021,September,Sikkim,West Sikkim,0.06,volume in million,
2021,September,Tamil Nadu,Chennai,4.56,volume in million,
2021,September,Tamil Nadu,Coimbatore,6.06,volume in million,
2021,September,Tamil Nadu,Kanchipuram,5.44,volume in million,
2021,September,Tamil Nadu,Rest Of Locations,31.42,volume in million,
2021,September,Tamil Nadu,Tiruvallur,4.24,volume in million,
2021,September,Tamil Nadu,Vellore,2.67,volume in million,
2021,September,Telangana,Hyderabad,6.01,volume in million,
2021,September,Telangana,K.V.Rangareddy,2.84,volume in million,
2021,September,Telangana,Karim Nagar,1.24,volume in million,
2021,September,Telangana,Mahabub Nagar,0.9,volume in million,
2021,September,Telangana,Medak,1.19,volume in million,
2021,September,Telangana,Rest Of Locations,3.73,volume in million,
2021,September,Tripura,Dhalai,0.05,volume in million,
2021,September,Tripura,North Tripura,0.14,volume in million,
2021,September,Tripura,South Tripura,0.11,volume in million,
2021,September,Tripura,West Tripura,0.5,volume in million,
2021,September,Uttar Pradesh,Allahabad,1.41,volume in million,
2021,September,Uttar Pradesh,Gautam Buddha Nagar,2.23,volume in million,
2021,September,Uttar Pradesh,Ghaziabad,2.06,volume in million,
2021,September,Uttar Pradesh,Lucknow,2.87,volume in million,
2021,September,Uttar Pradesh,Rest Of Locations,23.15,volume in million,
2021,September,Uttar Pradesh,Varanasi,1.48,volume in million,
2021,September,Uttarakhand,Almora,0.19,volume in million,
2021,September,Uttarakhand,Dehradun,1.34,volume in million,
2021,September,Uttarakhand,Haridwar,0.85,volume in million,
2021,September,Uttarakhand,Nainital,0.42,volume in million,
2021,September,Uttarakhand,Rest Of Locations,0.66,volume in million,
2021,September,Uttarakhand,Udham Singh Nagar,0.83,volume in million,
2021,September,West Bengal,Bardhaman,1.58,volume in million,
2021,September,West Bengal,Howrah,1.37,volume in million,
2021,September,West Bengal,Kolkata,3.5,volume in million,
2021,September,West Bengal,North 24 Parganas,2.83,volume in million,
2021,September,West Bengal,Rest Of Locations,9.01,volume in million,
2021,September,West Bengal,South 24 Parganas,1.37,volume in million,
2021,August,Andaman and Nicobar Islands,Nicobar,0.01,volume in million,
2021,August,Andaman and Nicobar Islands,North And Middle Andaman,0.02,volume in million,
2021,August,Andaman and Nicobar Islands,South Andaman,0.13,volume in million,
2021,August,Andhra Pradesh,Chittoor,2,volume in million,
2021,August,Andhra Pradesh,East Godavari,1.81,volume in million,
2021,August,Andhra Pradesh,Guntur,1.73,volume in million,
2021,August,Andhra Pradesh,Krishna,1.97,volume in million,
2021,August,Andhra Pradesh,Rest Of Locations,8.21,volume in million,
2021,August,Andhra Pradesh,Visakhapatnam,2.64,volume in million,
2021,August,Arunachal Pradesh,East Siang,0.03,volume in million,
2021,August,Arunachal Pradesh,Lohit,0.03,volume in million,
2021,August,Arunachal Pradesh,Lower Subansiri,0.03,volume in million,
2021,August,Arunachal Pradesh,Papum Pare,0.13,volume in million,
2021,August,Arunachal Pradesh,Rest Of Locations,0.09,volume in million,
2021,August,Arunachal Pradesh,Upper Subansiri,0.02,volume in million,
2021,August,Assam,Cachar,0.47,volume in million,
2021,August,Assam,Dibrugarh,0.4,volume in million,
2021,August,Assam,Kamrup,1.67,volume in million,
2021,August,Assam,Rest Of Locations,3.65,volume in million,
2021,August,Assam,Sonitpur,0.38,volume in million,
2021,August,Assam,Tinsukia,0.33,volume in million,
2021,August,Bihar,East Champaran,0.59,volume in million,
2021,August,Bihar,Gaya,0.56,volume in million,
2021,August,Bihar,Muzaffarpur,0.77,volume in million,
2021,August,Bihar,Patna,2.23,volume in million,
2021,August,Bihar,Rest Of Locations,8.98,volume in million,
2021,August,Bihar,West Champaran,0.6,volume in million,
2021,August,Chandigarh,Chandigarh,0.94,volume in million,
2021,August,Chhattisgarh,Bilaspur(Cgh),0.62,volume in million,
2021,August,Chhattisgarh,Durg,1.14,volume in million,
2021,August,Chhattisgarh,Raigarh,0.39,volume in million,
2021,August,Chhattisgarh,Raipur,1.77,volume in million,
2021,August,Chhattisgarh,Rajnandgaon,0.47,volume in million,
2021,August,Chhattisgarh,Rest Of Locations,2.55,volume in million,
2021,August,Dadra and Nagar Haveli,Dadra & Nagar Haveli,0.07,volume in million,
2021,August,Daman and Diu,Daman,0.24,volume in million,
2021,August,Daman and Diu,Diu,0.02,volume in million,
2021,August,Delhi,East Delhi,1.47,volume in million,
2021,August,Delhi,North West Delhi,1.64,volume in million,
2021,August,Delhi,Rest Of Locations,3.13,volume in million,
2021,August,Delhi,South Delhi,2.13,volume in million,
2021,August,Delhi,South West Delhi,2.23,volume in million,
2021,August,Delhi,West Delhi,1.82,volume in million,
2021,August,Goa,North Goa,0.72,volume in million,
2021,August,Goa,South Goa,0.75,volume in million,
2021,August,Gujarat,Ahmedabad,4.25,volume in million,
2021,August,Gujarat,Rajkot,1.18,volume in million,
2021,August,Gujarat,Rest Of Locations,8.5,volume in million,
2021,August,Gujarat,Surat,3.68,volume in million,
2021,August,Gujarat,Vadodara,1.97,volume in million,
2021,August,Gujarat,Valsad,1.32,volume in million,
2021,August,Haryana,Ambala,0.5,volume in million,
2021,August,Haryana,Faridabad,1.5,volume in million,
2021,August,Haryana,Gurgaon,2.55,volume in million,
2021,August,Haryana,Karnal,0.52,volume in million,
2021,August,Haryana,Rest Of Locations,4.66,volume in million,
2021,August,Haryana,Sonipat,0.54,volume in million,
2021,August,Himachal Pradesh,Kangra,0.48,volume in million,
2021,August,Himachal Pradesh,Mandi,0.25,volume in million,
2021,August,Himachal Pradesh,Rest Of Locations,0.84,volume in million,
2021,August,Himachal Pradesh,Shimla,0.48,volume in million,
2021,August,Himachal Pradesh,Sirmaur,0.22,volume in million,
2021,August,Himachal Pradesh,Solan,0.76,volume in million,
2021,August,Jammu and Kashmir,Ananthnag,0.24,volume in million,
2021,August,Jammu and Kashmir,Jammu,1.07,volume in million,
2021,August,Jammu and Kashmir,Kathua,0.18,volume in million,
2021,August,Jammu and Kashmir,Rest Of Locations,0.81,volume in million,
2021,August,Jammu and Kashmir,Srinagar,0.39,volume in million,
2021,August,Jammu and Kashmir,Udhampur,0.22,volume in million,
2021,August,Jharkhand,Bokaro,0.41,volume in million,
2021,August,Jharkhand,Dhanbad,0.67,volume in million,
2021,August,Jharkhand,East Singhbhum,0.82,volume in million,
2021,August,Jharkhand,Hazaribag,0.3,volume in million,
2021,August,Jharkhand,Ranchi,1.19,volume in million,
2021,August,Jharkhand,Rest Of Locations,2.24,volume in million,
2021,August,Karnataka,Bangalore,10.7,volume in million,
2021,August,Karnataka,Belgaum,1.57,volume in million,
2021,August,Karnataka,Dakshina Kannada,1.25,volume in million,
2021,August,Karnataka,Hassan,1.04,volume in million,
2021,August,Karnataka,Mysore,1.49,volume in million,
2021,August,Karnataka,Rest Of Locations,14.07,volume in million,
2021,August,Kerala,Ernakulam,2.96,volume in million,
2021,August,Kerala,Kollam,1.76,volume in million,
2021,August,Kerala,Malappuram,1.82,volume in million,
2021,August,Kerala,Rest Of Locations,9.77,volume in million,
2021,August,Kerala,Thiruvananthapuram,2.4,volume in million,
2021,August,Kerala,Thrissur,2.05,volume in million,
2021,August,Ladakh,Kargil,0.08,volume in million,
2021,August,Ladakh,Leh,0.16,volume in million,
2021,August,Lakshadweep,Lakshadweep,0.01,volume in million,
2021,August,Madhya Pradesh,Bhopal,1.33,volume in million,
2021,August,Madhya Pradesh,Dhar,0.6,volume in million,
2021,August,Madhya Pradesh,Gwalior,0.62,volume in million,
2021,August,Madhya Pradesh,Indore,2.2,volume in million,
2021,August,Madhya Pradesh,Jabalpur,0.7,volume in million,
2021,August,Madhya Pradesh,Rest Of Locations,9.04,volume in million,
2021,August,Maharashtra,Mumbai,9.68,volume in million,
2021,August,Maharashtra,Nagpur,2.67,volume in million,
2021,August,Maharashtra,Nashik,1.99,volume in million,
2021,August,Maharashtra,Pune,9.33,volume in million,
2021,August,Maharashtra,Rest Of Locations,19.58,volume in million,
2021,August,Maharashtra,Thane,12.88,volume in million,
2021,August,Manipur,Bishnupur,0.06,volume in million,
2021,August,Manipur,Churachandpur,0.13,volume in million,
2021,August,Manipur,Imphal East,0.09,volume in million,
2021,August,Manipur,Imphal West,0.32,volume in million,
2021,August,Manipur,Rest Of Locations,0.1,volume in million,
2021,August,Manipur,Thoubal,0.12,volume in million,
2021,August,Meghalaya,East Khasi Hills,0.25,volume in million,
2021,August,Meghalaya,Jaintia Hills,0.07,volume in million,
2021,August,Meghalaya,Rest Of Locations,0.03,volume in million,
2021,August,Meghalaya,Ri Bhoi,0.04,volume in million,
2021,August,Meghalaya,West Garo Hills,0.08,volume in million,
2021,August,Meghalaya,West Khasi Hills,0.03,volume in million,
2021,August,Mizoram,Aizawl,0.23,volume in million,
2021,August,Mizoram,Champhai,0.02,volume in million,
2021,August,Mizoram,Kolasib,0.02,volume in million,
2021,August,Mizoram,Lunglei,0.04,volume in million,
2021,August,Mizoram,Rest Of Locations,0.04,volume in million,
2021,August,Mizoram,Serchhip,0.02,volume in million,
2021,August,Nagaland,Dimapur,0.19,volume in million,
2021,August,Nagaland,Kohima,0.1,volume in million,
2021,August,Nagaland,Mokokchung,0.02,volume in million,
2021,August,Nagaland,Mon,0.03,volume in million,
2021,August,Nagaland,Rest Of Locations,0.04,volume in million,
2021,August,Nagaland,Wokha,0.02,volume in million,
2021,August,Odisha,Baleswar,0.85,volume in million,
2021,August,Odisha,Cuttack,0.93,volume in million,
2021,August,Odisha,Ganjam,0.82,volume in million,
2021,August,Odisha,Khorda,1.62,volume in million,
2021,August,Odisha,Rest Of Locations,7.14,volume in million,
2021,August,Odisha,Sundergarh,0.64,volume in million,
2021,August,Others,Other,1.49,volume in million,state: Pincode data or location mapping not available
2021,August,Puducherry,Karaikal,0.19,volume in million,
2021,August,Puducherry,Pondicherry,0.87,volume in million,
2021,August,Punjab,Amritsar,1.18,volume in million,
2021,August,Punjab,Jalandhar,1.14,volume in million,
2021,August,Punjab,Ludhiana,2.26,volume in million,
2021,August,Punjab,Patiala,0.95,volume in million,
2021,August,Punjab,Rest Of Locations,5.15,volume in million,
2021,August,Punjab,Rupnagar,0.9,volume in million,
2021,August,Rajasthan,Ajmer,0.76,volume in million,
2021,August,Rajasthan,Alwar,0.95,volume in million,
2021,August,Rajasthan,Jaipur,2.77,volume in million,
2021,August,Rajasthan,Jodhpur,0.93,volume in million,
2021,August,Rajasthan,Rest Of Locations,8.09,volume in million,
2021,August,Rajasthan,Udaipur,0.71,volume in million,
2021,August,Sikkim,East Sikkim,0.31,volume in million,
2021,August,Sikkim,North Sikkim,0.01,volume in million,
2021,August,Sikkim,South Sikkim,0.05,volume in million,
2021,August,Sikkim,West Sikkim,0.05,volume in million,
2021,August,Tamil Nadu,Chennai,4.47,volume in million,
2021,August,Tamil Nadu,Coimbatore,6.03,volume in million,
2021,August,Tamil Nadu,Kanchipuram,6.03,volume in million,
2021,August,Tamil Nadu,Rest Of Locations,32.89,volume in million,
2021,August,Tamil Nadu,Tiruvallur,3.99,volume in million,
2021,August,Tamil Nadu,Vellore,2.75,volume in million,
2021,August,Telangana,Hyderabad,5.88,volume in million,
2021,August,Telangana,K.V.Rangareddy,3.27,volume in million,
2021,August,Telangana,Karim Nagar,1.36,volume in million,
2021,August,Telangana,Mahabub Nagar,0.99,volume in million,
2021,August,Telangana,Medak,1.24,volume in million,
2021,August,Telangana,Rest Of Locations,4.06,volume in million,
2021,August,Tripura,Dhalai,0.05,volume in million,
2021,August,Tripura,North Tripura,0.15,volume in million,
2021,August,Tripura,South Tripura,0.13,volume in million,
2021,August,Tripura,West Tripura,0.5,volume in million,
2021,August,Uttar Pradesh,Gautam Buddha Nagar,2.16,volume in million,
2021,August,Uttar Pradesh,Ghaziabad,2.12,volume in million,
2021,August,Uttar Pradesh,Gorakhpur,1.31,volume in million,
2021,August,Uttar Pradesh,Lucknow,2.85,volume in million,
2021,August,Uttar Pradesh,Rest Of Locations,24.56,volume in million,
2021,August,Uttar Pradesh,Varanasi,1.49,volume in million,
2021,August,Uttarakhand,Almora,0.2,volume in million,
2021,August,Uttarakhand,Dehradun,1.35,volume in million,
2021,August,Uttarakhand,Haridwar,0.85,volume in million,
2021,August,Uttarakhand,Nainital,0.43,volume in million,
2021,August,Uttarakhand,Rest Of Locations,0.69,volume in million,
2021,August,Uttarakhand,Udham Singh Nagar,0.85,volume in million,
2021,August,West Bengal,Bardhaman,1.68,volume in million,
2021,August,West Bengal,Howrah,1.38,volume in million,
2021,August,West Bengal,Kolkata,3.52,volume in million,
2021,August,West Bengal,North 24 Parganas,2.74,volume in million,
2021,August,West Bengal,Rest Of Locations,9.19,volume in million,
2021,August,West Bengal,South 24 Parganas,1.4,volume in million,
2021,July,Andaman and Nicobar Islands,Nicobar,0.01,volume in million,
2021,July,Andaman and Nicobar Islands,North And Middle Andaman,0.01,volume in million,
2021,July,Andaman and Nicobar Islands,South Andaman,0.13,volume in million,
2021,July,Andhra Pradesh,Chittoor,1.83,volume in million,
2021,July,Andhra Pradesh,East Godavari,1.67,volume in million,
2021,July,Andhra Pradesh,Guntur,1.65,volume in million,
2021,July,Andhra Pradesh,Krishna,1.85,volume in million,
2021,July,Andhra Pradesh,Rest Of Locations,7.43,volume in million,
2021,July,Andhra Pradesh,Visakhapatnam,2.45,volume in million,
2021,July,Arunachal Pradesh,East Siang,0.03,volume in million,
2021,July,Arunachal Pradesh,Lohit,0.02,volume in million,
2021,July,Arunachal Pradesh,Lower Subansiri,0.03,volume in million,
2021,July,Arunachal Pradesh,Papum Pare,0.12,volume in million,
2021,July,Arunachal Pradesh,Rest Of Locations,0.09,volume in million,
2021,July,Arunachal Pradesh,Upper Subansiri,0.02,volume in million,
2021,July,Assam,Cachar,0.46,volume in million,
2021,July,Assam,Dibrugarh,0.37,volume in million,
2021,July,Assam,Kamrup,1.56,volume in million,
2021,July,Assam,Nagaon,0.33,volume in million,
2021,July,Assam,Rest Of Locations,3.35,volume in million,
2021,July,Assam,Tinsukia,0.3,volume in million,
2021,July,Bihar,East Champaran,0.59,volume in million,
2021,July,Bihar,Muzaffarpur,0.8,volume in million,
2021,July,Bihar,Patna,2.07,volume in million,
2021,July,Bihar,Rest Of Locations,9.07,volume in million,
2021,July,Bihar,Saran,0.56,volume in million,
2021,July,Bihar,West Champaran,0.6,volume in million,
2021,July,Chandigarh,Chandigarh,0.92,volume in million,
2021,July,Chhattisgarh,Bilaspur(Cgh),0.58,volume in million,
2021,July,Chhattisgarh,Durg,1.01,volume in million,
2021,July,Chhattisgarh,Korba,0.33,volume in million,
2021,July,Chhattisgarh,Raipur,1.57,volume in million,
2021,July,Chhattisgarh,Rajnandgaon,0.37,volume in million,
2021,July,Chhattisgarh,Rest Of Locations,2.2,volume in million,
2021,July,Dadra and Nagar Haveli,Dadra & Nagar Haveli,0.05,volume in million,
2021,July,Daman and Diu,Daman,0.23,volume in million,
2021,July,Daman and Diu,Diu,0.02,volume in million,
2021,July,Delhi,East Delhi,1.42,volume in million,
2021,July,Delhi,North West Delhi,1.58,volume in million,
2021,July,Delhi,Rest Of Locations,2.99,volume in million,
2021,July,Delhi,South Delhi,2.04,volume in million,
2021,July,Delhi,South West Delhi,2.1,volume in million,
2021,July,Delhi,West Delhi,1.77,volume in million,
2021,July,Goa,North Goa,0.65,volume in million,
2021,July,Goa,South Goa,0.71,volume in million,
2021,July,Gujarat,Ahmedabad,3.99,volume in million,
2021,July,Gujarat,Rajkot,1.08,volume in million,
2021,July,Gujarat,Rest Of Locations,7.85,volume in million,
2021,July,Gujarat,Surat,3.44,volume in million,
2021,July,Gujarat,Vadodara,1.86,volume in million,
2021,July,Gujarat,Valsad,1.26,volume in million,
2021,July,Haryana,Ambala,0.47,volume in million,
2021,July,Haryana,Faridabad,1.43,volume in million,
2021,July,Haryana,Gurgaon,2.43,volume in million,
2021,July,Haryana,Karnal,0.49,volume in million,
2021,July,Haryana,Rest Of Locations,4.41,volume in million,
2021,July,Haryana,Sonipat,0.52,volume in million,
2021,July,Himachal Pradesh,Kangra,0.49,volume in million,
2021,July,Himachal Pradesh,Mandi,0.25,volume in million,
2021,July,Himachal Pradesh,Rest Of Locations,0.86,volume in million,
2021,July,Himachal Pradesh,Shimla,0.46,volume in million,
2021,July,Himachal Pradesh,Sirmaur,0.21,volume in million,
2021,July,Himachal Pradesh,Solan,0.75,volume in million,
2021,July,Jammu and Kashmir,Ananthnag,0.26,volume in million,
2021,July,Jammu and Kashmir,Baramulla,0.19,volume in million,
2021,July,Jammu and Kashmir,Jammu,1.03,volume in million,
2021,July,Jammu and Kashmir,Rest Of Locations,1.08,volume in million,
2021,July,Jammu and Kashmir,Srinagar,0.4,volume in million,
2021,July,Jammu and Kashmir,Udhampur,0.22,volume in million,
2021,July,Jharkhand,Bokaro,0.39,volume in million,
2021,July,Jharkhand,Dhanbad,0.63,volume in million,
2021,July,Jharkhand,East Singhbhum,0.76,volume in million,
2021,July,Jharkhand,Hazaribag,0.27,volume in million,
2021,July,Jharkhand,Ranchi,1.08,volume in million,
2021,July,Jharkhand,Rest Of Locations,2.09,volume in million,
2021,July,Karnataka,Bangalore,9.96,volume in million,
2021,July,Karnataka,Belgaum,1.51,volume in million,
2021,July,Karnataka,Dakshina Kannada,1.21,volume in million,
2021,July,Karnataka,Kolar,0.97,volume in million,
2021,July,Karnataka,Mysore,1.4,volume in million,
2021,July,Karnataka,Rest Of Locations,13.45,volume in million,
2021,July,Kerala,Ernakulam,2.7,volume in million,
2021,July,Kerala,Kozhikode,1.53,volume in million,
2021,July,Kerala,Malappuram,1.65,volume in million,
2021,July,Kerala,Rest Of Locations,8.48,volume in million,
2021,July,Kerala,Thiruvananthapuram,2.12,volume in million,
2021,July,Kerala,Thrissur,1.8,volume in million,
2021,July,Lakshadweep,Lakshadweep,0.01,volume in million,
2021,July,Madhya Pradesh,Bhopal,1.3,volume in million,
2021,July,Madhya Pradesh,Dhar,0.57,volume in million,
2021,July,Madhya Pradesh,Gwalior,0.59,volume in million,
2021,July,Madhya Pradesh,Indore,2.04,volume in million,
2021,July,Madhya Pradesh,Jabalpur,0.67,volume in million,
2021,July,Madhya Pradesh,Rest Of Locations,8.19,volume in million,
2021,July,Maharashtra,Mumbai,9.06,volume in million,
2021,July,Maharashtra,Nagpur,2.49,volume in million,
2021,July,Maharashtra,Nashik,1.93,volume in million,
2021,July,Maharashtra,Pune,8.78,volume in million,
2021,July,Maharashtra,Rest Of Locations,18.2,volume in million,
2021,July,Maharashtra,Thane,12.16,volume in million,
2021,July,Manipur,Bishnupur,0.05,volume in million,
2021,July,Manipur,Churachandpur,0.08,volume in million,
2021,July,Manipur,Imphal East,0.06,volume in million,
2021,July,Manipur,Imphal West,0.23,volume in million,
2021,July,Manipur,Rest Of Locations,0.06,volume in million,
2021,July,Manipur,Thoubal,0.09,volume in million,
2021,July,Meghalaya,East Khasi Hills,0.24,volume in million,
2021,July,Meghalaya,Jaintia Hills,0.07,volume in million,
2021,July,Meghalaya,Rest Of Locations,0.03,volume in million,
2021,July,Meghalaya,Ri Bhoi,0.04,volume in million,
2021,July,Meghalaya,West Garo Hills,0.07,volume in million,
2021,July,Meghalaya,West Khasi Hills,0.03,volume in million,
2021,July,Mizoram,Aizawl,0.2,volume in million,
2021,July,Mizoram,Champhai,0.02,volume in million,
2021,July,Mizoram,Kolasib,0.02,volume in million,
2021,July,Mizoram,Lunglei,0.03,volume in million,
2021,July,Mizoram,Rest Of Locations,0.04,volume in million,
2021,July,Mizoram,Serchhip,0.02,volume in million,
2021,July,Nagaland,Dimapur,0.17,volume in million,
2021,July,Nagaland,Kohima,0.08,volume in million,
2021,July,Nagaland,Mokokchung,0.02,volume in million,
2021,July,Nagaland,Mon,0.02,volume in million,
2021,July,Nagaland,Rest Of Locations,0.03,volume in million,
2021,July,Nagaland,Wokha,0.02,volume in million,
2021,July,Odisha,Baleswar,0.81,volume in million,
2021,July,Odisha,Cuttack,0.88,volume in million,
2021,July,Odisha,Ganjam,0.83,volume in million,
2021,July,Odisha,Khorda,1.47,volume in million,
2021,July,Odisha,Rest Of Locations,6.82,volume in million,
2021,July,Odisha,Sundergarh,0.61,volume in million,
2021,July,Others,Other,1.42,volume in million,state: Pincode data or location mapping not available
2021,July,Puducherry,Karaikal,0.19,volume in million,
2021,July,Puducherry,Pondicherry,0.87,volume in million,
2021,July,Punjab,Amritsar,1.13,volume in million,
2021,July,Punjab,Jalandhar,1.09,volume in million,
2021,July,Punjab,Ludhiana,2.14,volume in million,
2021,July,Punjab,Patiala,0.91,volume in million,
2021,July,Punjab,Rest Of Locations,4.93,volume in million,
2021,July,Punjab,Rupnagar,0.87,volume in million,
2021,July,Rajasthan,Ajmer,0.71,volume in million,
2021,July,Rajasthan,Alwar,0.9,volume in million,
2021,July,Rajasthan,Jaipur,2.58,volume in million,
2021,July,Rajasthan,Jodhpur,0.85,volume in million,
2021,July,Rajasthan,Rest Of Locations,7.37,volume in million,
2021,July,Rajasthan,Udaipur,0.66,volume in million,
2021,July,Sikkim,East Sikkim,0.3,volume in million,
2021,July,Sikkim,North Sikkim,0.01,volume in million,
2021,July,Sikkim,South Sikkim,0.05,volume in million,
2021,July,Sikkim,West Sikkim,0.05,volume in million,
2021,July,Tamil Nadu,Chennai,4.34,volume in million,
2021,July,Tamil Nadu,Coimbatore,5.67,volume in million,
2021,July,Tamil Nadu,Kanchipuram,5.83,volume in million,
2021,July,Tamil Nadu,Rest Of Locations,31.01,volume in million,
2021,July,Tamil Nadu,Tiruvallur,3.89,volume in million,
2021,July,Tamil Nadu,Vellore,2.63,volume in million,
2021,July,Telangana,Hyderabad,5.71,volume in million,
2021,July,Telangana,K.V.Rangareddy,3.17,volume in million,
2021,July,Telangana,Karim Nagar,1.37,volume in million,
2021,July,Telangana,Mahabub Nagar,0.99,volume in million,
2021,July,Telangana,Medak,1.21,volume in million,
2021,July,Telangana,Rest Of Locations,3.98,volume in million,
2021,July,Tripura,Dhalai,0.05,volume in million,
2021,July,Tripura,North Tripura,0.14,volume in million,
2021,July,Tripura,South Tripura,0.13,volume in million,
2021,July,Tripura,West Tripura,0.46,volume in million,
2021,July,Uttar Pradesh,Gautam Buddha Nagar,2.05,volume in million,
2021,July,Uttar Pradesh,Ghaziabad,2.03,volume in million,
2021,July,Uttar Pradesh,Gorakhpur,1.28,volume in million,
2021,July,Uttar Pradesh,Lucknow,2.72,volume in million,
2021,July,Uttar Pradesh,Rest Of Locations,23.36,volume in million,
2021,July,Uttar Pradesh,Varanasi,1.4,volume in million,
2021,July,Uttarakhand,Almora,0.19,volume in million,
2021,July,Uttarakhand,Dehradun,1.25,volume in million,
2021,July,Uttarakhand,Haridwar,0.82,volume in million,
2021,July,Uttarakhand,Nainital,0.41,volume in million,
2021,July,Uttarakhand,Rest Of Locations,0.65,volume in million,
2021,July,Uttarakhand,Udham Singh Nagar,0.8,volume in million,
2021,July,West Bengal,Bardhaman,1.67,volume in million,
2021,July,West Bengal,Howrah,1.35,volume in million,
2021,July,West Bengal,Kolkata,3.28,volume in million,
2021,July,West Bengal,North 24 Parganas,2.63,volume in million,
2021,July,West Bengal,Rest Of Locations,9.35,volume in million,
2021,July,West Bengal,South 24 Parganas,1.43,volume in million,
2021,June,Andaman and Nicobar Islands,North And Middle Andaman,0.01,volume in million,
2021,June,Andaman and Nicobar Islands,South Andaman,0.09,volume in million,
2021,June,Andhra Pradesh,Chittoor,1.7,volume in million,
2021,June,Andhra Pradesh,East Godavari,1.62,volume in million,
2021,June,Andhra Pradesh,Guntur,1.58,volume in million,
2021,June,Andhra Pradesh,Krishna,1.76,volume in million,
2021,June,Andhra Pradesh,Rest Of Locations,7.54,volume in million,
2021,June,Andhra Pradesh,Visakhapatnam,2.25,volume in million,
2021,June,Arunachal Pradesh,East Siang,0.03,volume in million,
2021,June,Arunachal Pradesh,Lower Subansiri,0.02,volume in million,
2021,June,Arunachal Pradesh,Papum Pare,0.1,volume in million,
2021,June,Arunachal Pradesh,Rest Of Locations,0.08,volume in million,
2021,June,Arunachal Pradesh,Upper Subansiri,0.02,volume in million,
2021,June,Arunachal Pradesh,West Siang,0.02,volume in million,
2021,June,Assam,Cachar,0.39,volume in million,
2021,June,Assam,Dibrugarh,0.32,volume in million,
2021,June,Assam,Kamrup,1.34,volume in million,
2021,June,Assam,Nagaon,0.29,volume in million,
2021,June,Assam,Rest Of Locations,3.1,volume in million,
2021,June,Assam,Sonitpur,0.32,volume in million,
2021,June,Bihar,East Champaran,0.59,volume in million,
2021,June,Bihar,Muzaffarpur,0.78,volume in million,
2021,June,Bihar,Patna,1.77,volume in million,
2021,June,Bihar,Rest Of Locations,9.18,volume in million,
2021,June,Bihar,Saran,0.62,volume in million,
2021,June,Bihar,West Champaran,0.58,volume in million,
2021,June,Chandigarh,Chandigarh,0.8,volume in million,
2021,June,Chhattisgarh,Bilaspur(Cgh),0.56,volume in million,
2021,June,Chhattisgarh,Durg,1.03,volume in million,
2021,June,Chhattisgarh,Raipur,1.55,volume in million,
2021,June,Chhattisgarh,Rajnandgaon,0.41,volume in million,
2021,June,Chhattisgarh,Rest Of Locations,2.29,volume in million,
2021,June,Chhattisgarh,Surguja,0.34,volume in million,
2021,June,Dadra and Nagar Haveli,Dadra & Nagar Haveli,0.06,volume in million,
2021,June,Daman and Diu,Daman,0.21,volume in million,
2021,June,Daman and Diu,Diu,0.02,volume in million,
2021,June,Delhi,East Delhi,1.26,volume in million,
2021,June,Delhi,North West Delhi,1.39,volume in million,
2021,June,Delhi,Rest Of Locations,2.53,volume in million,
2021,June,Delhi,South Delhi,1.77,volume in million,
2021,June,Delhi,South West Delhi,1.81,volume in million,
2021,June,Delhi,West Delhi,1.57,volume in million,
2021,June,Goa,North Goa,0.58,volume in million,
2021,June,Goa,South Goa,0.63,volume in million,
2021,June,Gujarat,Ahmedabad,3.67,volume in million,
2021,June,Gujarat,Rajkot,1.01,volume in million,
2021,June,Gujarat,Rest Of Locations,7.35,volume in million,
2021,June,Gujarat,Surat,3.08,volume in million,
2021,June,Gujarat,Vadodara,1.75,volume in million,
2021,June,Gujarat,Valsad,1.15,volume in million,
2021,June,Haryana,Ambala,0.44,volume in million,
2021,June,Haryana,Faridabad,1.31,volume in million,
2021,June,Haryana,Gurgaon,2.13,volume in million,
2021,June,Haryana,Karnal,0.47,volume in million,
2021,June,Haryana,Rest Of Locations,4.07,volume in million,
2021,June,Haryana,Sonipat,0.48,volume in million,
2021,June,Himachal Pradesh,Kangra,0.43,volume in million,
2021,June,Himachal Pradesh,Mandi,0.21,volume in million,
2021,June,Himachal Pradesh,Rest Of Locations,0.72,volume in million,
2021,June,Himachal Pradesh,Shimla,0.37,volume in million,
2021,June,Himachal Pradesh,Sirmaur,0.18,volume in million,
2021,June,Himachal Pradesh,Solan,0.67,volume in million,
2021,June,Jammu and Kashmir,Ananthnag,0.22,volume in million,
2021,June,Jammu and Kashmir,Jammu,0.92,volume in million,
2021,June,Jammu and Kashmir,Kathua,0.17,volume in million,
2021,June,Jammu and Kashmir,Rest Of Locations,0.92,volume in million,
2021,June,Jammu and Kashmir,Srinagar,0.33,volume in million,
2021,June,Jammu and Kashmir,Udhampur,0.18,volume in million,
2021,June,Jharkhand,Bokaro,0.35,volume in million,
2021,June,Jharkhand,Dhanbad,0.56,volume in million,
2021,June,Jharkhand,East Singhbhum,0.69,volume in million,
2021,June,Jharkhand,Hazaribag,0.24,volume in million,
2021,June,Jharkhand,Ranchi,0.97,volume in million,
2021,June,Jharkhand,Rest Of Locations,2.03,volume in million,
2021,June,Karnataka,Bangalore,7.64,volume in million,
2021,June,Karnataka,Belgaum,1.27,volume in million,
2021,June,Karnataka,Dakshina Kannada,0.88,volume in million,
2021,June,Karnataka,Kolar,0.83,volume in million,
2021,June,Karnataka,Mysore,1.08,volume in million,
2021,June,Karnataka,Rest Of Locations,11.28,volume in million,
2021,June,Kerala,Ernakulam,2.24,volume in million,
2021,June,Kerala,Kozhikode,1.4,volume in million,
2021,June,Kerala,Malappuram,1.47,volume in million,
2021,June,Kerala,Rest Of Locations,7.46,volume in million,
2021,June,Kerala,Thiruvananthapuram,1.84,volume in million,
2021,June,Kerala,Thrissur,1.56,volume in million,
2021,June,Lakshadweep,Lakshadweep,0.01,volume in million,
2021,June,Madhya Pradesh,Bhopal,1.15,volume in million,
2021,June,Madhya Pradesh,Dhar,0.55,volume in million,
2021,June,Madhya Pradesh,Gwalior,0.56,volume in million,
2021,June,Madhya Pradesh,Indore,1.79,volume in million,
2021,June,Madhya Pradesh,Jabalpur,0.63,volume in million,
2021,June,Madhya Pradesh,Rest Of Locations,8.5,volume in million,
2021,June,Maharashtra,Mumbai,8.17,volume in million,
2021,June,Maharashtra,Nagpur,2.45,volume in million,
2021,June,Maharashtra,Nashik,1.83,volume in million,
2021,June,Maharashtra,Pune,8.11,volume in million,
2021,June,Maharashtra,Rest Of Locations,18.19,volume in million,
2021,June,Maharashtra,Thane,11.6,volume in million,
2021,June,Manipur,Bishnupur,0.04,volume in million,
2021,June,Manipur,Churachandpur,0.07,volume in million,
2021,June,Manipur,Imphal East,0.07,volume in million,
2021,June,Manipur,Imphal West,0.23,volume in million,
2021,June,Manipur,Rest Of Locations,0.05,volume in million,
2021,June,Manipur,Thoubal,0.09,volume in million,
2021,June,Meghalaya,East Khasi Hills,0.2,volume in million,
2021,June,Meghalaya,Jaintia Hills,0.06,volume in million,
2021,June,Meghalaya,Rest Of Locations,0.02,volume in million,
2021,June,Meghalaya,Ri Bhoi,0.03,volume in million,
2021,June,Meghalaya,West Garo Hills,0.06,volume in million,
2021,June,Meghalaya,West Khasi Hills,0.03,volume in million,
2021,June,Mizoram,Aizawl,0.19,volume in million,
2021,June,Mizoram,Champhai,0.02,volume in million,
2021,June,Mizoram,Kolasib,0.02,volume in million,
2021,June,Mizoram,Lunglei,0.04,volume in million,
2021,June,Mizoram,Rest Of Locations,0.04,volume in million,
2021,June,Mizoram,Serchhip,0.02,volume in million,
2021,June,Nagaland,Dimapur,0.13,volume in million,
2021,June,Nagaland,Kohima,0.06,volume in million,
2021,June,Nagaland,Mokokchung,0.02,volume in million,
2021,June,Nagaland,Mon,0.02,volume in million,
2021,June,Nagaland,Rest Of Locations,0.03,volume in million,
2021,June,Nagaland,Wokha,0.01,volume in million,
2021,June,Odisha,Baleswar,0.7,volume in million,
2021,June,Odisha,Cuttack,0.76,volume in million,
2021,June,Odisha,Ganjam,0.77,volume in million,
2021,June,Odisha,Khorda,1.25,volume in million,
2021,June,Odisha,Rest Of Locations,6.12,volume in million,
2021,June,Odisha,Sundergarh,0.54,volume in million,
2021,June,Others,Other,1.94,volume in million,state: Pincode data or location mapping not available
2021,June,Puducherry,Karaikal,0.17,volume in million,
2021,June,Puducherry,Pondicherry,0.77,volume in million,
2021,June,Punjab,Amritsar,1.04,volume in million,
2021,June,Punjab,Jalandhar,1.03,volume in million,
2021,June,Punjab,Ludhiana,1.95,volume in million,
2021,June,Punjab,Patiala,0.83,volume in million,
2021,June,Punjab,Rest Of Locations,4.58,volume in million,
2021,June,Punjab,Rupnagar,0.8,volume in million,
2021,June,Rajasthan,Ajmer,0.63,volume in million,
2021,June,Rajasthan,Alwar,0.82,volume in million,
2021,June,Rajasthan,Jaipur,2.17,volume in million,
2021,June,Rajasthan,Jodhpur,0.74,volume in million,
2021,June,Rajasthan,Rest Of Locations,6.73,volume in million,
2021,June,Rajasthan,Udaipur,0.57,volume in million,
2021,June,Sikkim,East Sikkim,0.24,volume in million,
2021,June,Sikkim,North Sikkim,0.01,volume in million,
2021,June,Sikkim,South Sikkim,0.04,volume in million,
2021,June,Sikkim,West Sikkim,0.04,volume in million,
2021,June,Tamil Nadu,Chennai,3.35,volume in million,
2021,June,Tamil Nadu,Coimbatore,3.63,volume in million,
2021,June,Tamil Nadu,Kanchipuram,4.53,volume in million,
2021,June,Tamil Nadu,Rest Of Locations,24.26,volume in million,
2021,June,Tamil Nadu,Tiruvallur,3.18,volume in million,
2021,June,Tamil Nadu,Vellore,2.19,volume in million,
2021,June,Telangana,Hyderabad,4.97,volume in million,
2021,June,Telangana,K.V.Rangareddy,2.81,volume in million,
2021,June,Telangana,Karim Nagar,1.53,volume in million,
2021,June,Telangana,Mahabub Nagar,1.06,volume in million,
2021,June,Telangana,Medak,1.28,volume in million,
2021,June,Telangana,Rest Of Locations,4.27,volume in million,
2021,June,Tripura,Dhalai,0.06,volume in million,
2021,June,Tripura,North Tripura,0.14,volume in million,
2021,June,Tripura,South Tripura,0.12,volume in million,
2021,June,Tripura,West Tripura,0.42,volume in million,
2021,June,Uttar Pradesh,Gautam Buddha Nagar,1.77,volume in million,
2021,June,Uttar Pradesh,Ghaziabad,1.83,volume in million,
2021,June,Uttar Pradesh,Gorakhpur,1.27,volume in million,
2021,June,Uttar Pradesh,Lucknow,2.33,volume in million,
2021,June,Uttar Pradesh,Rest Of Locations,23.34,volume in million,
2021,June,Uttar Pradesh,Varanasi,1.3,volume in million,
2021,June,Uttarakhand,Almora,0.17,volume in million,
2021,June,Uttarakhand,Dehradun,1.03,volume in million,
2021,June,Uttarakhand,Haridwar,0.74,volume in million,
2021,June,Uttarakhand,Nainital,0.33,volume in million,
2021,June,Uttarakhand,Rest Of Locations,0.56,volume in million,
2021,June,Uttarakhand,Udham Singh Nagar,0.72,volume in million,
2021,June,West Bengal,Bardhaman,1.46,volume in million,
2021,June,West Bengal,Howrah,1.23,volume in million,
2021,June,West Bengal,Kolkata,2.62,volume in million,
2021,June,West Bengal,North 24 Parganas,2.31,volume in million,
2021,June,West Bengal,Rest Of Locations,8.25,volume in million,
2021,June,West Bengal,South 24 Parganas,1.28,volume in million,
2021,May,Andaman and Nicobar Islands,Nicobar,0,volume in million,
2021,May,Andaman and Nicobar Islands,North And Middle Andaman,0.01,volume in million,
2021,May,Andaman and Nicobar Islands,South Andaman,0.09,volume in million,
2021,May,Andhra Pradesh,Chittoor,1.67,volume in million,
2021,May,Andhra Pradesh,East Godavari,1.52,volume in million,
2021,May,Andhra Pradesh,Guntur,1.49,volume in million,
2021,May,Andhra Pradesh,Krishna,1.63,volume in million,
2021,May,Andhra Pradesh,Rest Of Locations,7.35,volume in million,
2021,May,Andhra Pradesh,Visakhapatnam,2.09,volume in million,
2021,May,Arunachal Pradesh,East Siang,0.03,volume in million,
2021,May,Arunachal Pradesh,Lohit,0.02,volume in million,
2021,May,Arunachal Pradesh,Lower Subansiri,0.02,volume in million,
2021,May,Arunachal Pradesh,Papum Pare,0.09,volume in million,
2021,May,Arunachal Pradesh,Rest Of Locations,0.06,volume in million,
2021,May,Arunachal Pradesh,West Siang,0.02,volume in million,
2021,May,Assam,Cachar,0.41,volume in million,
2021,May,Assam,Dibrugarh,0.32,volume in million,
2021,May,Assam,Kamrup,1.28,volume in million,
2021,May,Assam,Nagaon,0.45,volume in million,
2021,May,Assam,Rest Of Locations,3.06,volume in million,
2021,May,Assam,Sonitpur,0.34,volume in million,
2021,May,Bihar,East Champaran,0.61,volume in million,
2021,May,Bihar,Muzaffarpur,0.74,volume in million,
2021,May,Bihar,Patna,1.44,volume in million,
2021,May,Bihar,Rest Of Locations,8.96,volume in million,
2021,May,Bihar,Saran,0.65,volume in million,
2021,May,Bihar,West Champaran,0.63,volume in million,
2021,May,Chandigarh,Chandigarh,0.64,volume in million,
2021,May,Chhattisgarh,Bilaspur(Cgh),0.41,volume in million,
2021,May,Chhattisgarh,Durg,0.86,volume in million,
2021,May,Chhattisgarh,Janjgir-Champa,0.27,volume in million,
2021,May,Chhattisgarh,Raipur,1.24,volume in million,
2021,May,Chhattisgarh,Rajnandgaon,0.39,volume in million,
2021,May,Chhattisgarh,Rest Of Locations,1.75,volume in million,
2021,May,Dadra and Nagar Haveli,Dadra & Nagar Haveli,0.29,volume in million,
2021,May,Daman and Diu,Daman,0.19,volume in million,
2021,May,Daman and Diu,Diu,0.01,volume in million,
2021,May,Delhi,East Delhi,1.2,volume in million,
2021,May,Delhi,North West Delhi,1.43,volume in million,
2021,May,Delhi,Rest Of Locations,1.34,volume in million,
2021,May,Delhi,South Delhi,1.43,volume in million,
2021,May,Delhi,South West Delhi,1.53,volume in million,
2021,May,Delhi,West Delhi,1.2,volume in million,
2021,May,Goa,North Goa,0.51,volume in million,
2021,May,Goa,South Goa,0.56,volume in million,
2021,May,Gujarat,Ahmedabad,3.17,volume in million,
2021,May,Gujarat,Rajkot,0.88,volume in million,
2021,May,Gujarat,Rest Of Locations,6.93,volume in million,
2021,May,Gujarat,Surat,2.87,volume in million,
2021,May,Gujarat,Vadodara,1.63,volume in million,
2021,May,Gujarat,Valsad,0.84,volume in million,
2021,May,Haryana,Ambala,0.43,volume in million,
2021,May,Haryana,Faridabad,1.16,volume in million,
2021,May,Haryana,Gurgaon,1.76,volume in million,
2021,May,Haryana,Karnal,0.41,volume in million,
2021,May,Haryana,Rest Of Locations,3.36,volume in million,
2021,May,Haryana,Sonipat,0.4,volume in million,
2021,May,Himachal Pradesh,Kangra,0.31,volume in million,
2021,May,Himachal Pradesh,Mandi,0.16,volume in million,
2021,May,Himachal Pradesh,Rest Of Locations,0.56,volume in million,
2021,May,Himachal Pradesh,Shimla,0.23,volume in million,
2021,May,Himachal Pradesh,Sirmaur,0.15,volume in million,
2021,May,Himachal Pradesh,Solan,0.58,volume in million,
2021,May,Jammu and Kashmir,Ananthnag,0.19,volume in million,
2021,May,Jammu and Kashmir,Baramulla,0.14,volume in million,
2021,May,Jammu and Kashmir,Jammu,0.72,volume in million,
2021,May,Jammu and Kashmir,Kathua,0.15,volume in million,
2021,May,Jammu and Kashmir,Rest Of Locations,0.79,volume in million,
2021,May,Jammu and Kashmir,Srinagar,0.23,volume in million,
2021,May,Jharkhand,Bokaro,0.33,volume in million,
2021,May,Jharkhand,Dhanbad,0.52,volume in million,
2021,May,Jharkhand,East Singhbhum,0.73,volume in million,
2021,May,Jharkhand,Hazaribag,0.24,volume in million,
2021,May,Jharkhand,Ranchi,0.82,volume in million,
2021,May,Jharkhand,Rest Of Locations,1.84,volume in million,
2021,May,Karnataka,Bangalore,6.35,volume in million,
2021,May,Karnataka,Bangalore Rural,0.91,volume in million,
2021,May,Karnataka,Belgaum,1.14,volume in million,
2021,May,Karnataka,Dakshina Kannada,0.79,volume in million,
2021,May,Karnataka,Mysore,0.99,volume in million,
2021,May,Karnataka,Rest Of Locations,10.11,volume in million,
2021,May,Kerala,Ernakulam,1.75,volume in million,
2021,May,Kerala,Kollam,1.08,volume in million,
2021,May,Kerala,Kozhikode,1.12,volume in million,
2021,May,Kerala,Rest Of Locations,5.9,volume in million,
2021,May,Kerala,Thiruvananthapuram,1.49,volume in million,
2021,May,Kerala,Thrissur,1.08,volume in million,
2021,May,Lakshadweep,Lakshadweep,0.01,volume in million,
2021,May,Madhya Pradesh,Bhopal,0.91,volume in million,
2021,May,Madhya Pradesh,Dhar,0.49,volume in million,
2021,May,Madhya Pradesh,Gwalior,0.46,volume in million,
2021,May,Madhya Pradesh,Indore,1.36,volume in million,
2021,May,Madhya Pradesh,Jabalpur,0.51,volume in million,
2021,May,Madhya Pradesh,Rest Of Locations,7.37,volume in million,
2021,May,Maharashtra,Mumbai,7.59,volume in million,
2021,May,Maharashtra,Nagpur,2.18,volume in million,
2021,May,Maharashtra,Nashik,1.66,volume in million,
2021,May,Maharashtra,Pune,7.08,volume in million,
2021,May,Maharashtra,Rest Of Locations,16.63,volume in million,
2021,May,Maharashtra,Thane,11.14,volume in million,
2021,May,Manipur,Bishnupur,0.04,volume in million,
2021,May,Manipur,Churachandpur,0.1,volume in million,
2021,May,Manipur,Imphal East,0.05,volume in million,
2021,May,Manipur,Imphal West,0.19,volume in million,
2021,May,Manipur,Rest Of Locations,0.07,volume in million,
2021,May,Manipur,Thoubal,0.08,volume in million,
2021,May,Meghalaya,East Khasi Hills,0.16,volume in million,
2021,May,Meghalaya,Jaintia Hills,0.05,volume in million,
2021,May,Meghalaya,Rest Of Locations,0.03,volume in million,
2021,May,Meghalaya,Ri Bhoi,0.03,volume in million,
2021,May,Meghalaya,West Garo Hills,0.06,volume in million,
2021,May,Meghalaya,West Khasi Hills,0.03,volume in million,
2021,May,Mizoram,Aizawl,0.17,volume in million,
2021,May,Mizoram,Champhai,0.02,volume in million,
2021,May,Mizoram,Kolasib,0.02,volume in million,
2021,May,Mizoram,Lawngtlai,0.03,volume in million,
2021,May,Mizoram,Lunglei,0.03,volume in million,
2021,May,Mizoram,Rest Of Locations,0.02,volume in million,
2021,May,Nagaland,Dimapur,0.12,volume in million,
2021,May,Nagaland,Kohima,0.06,volume in million,
2021,May,Nagaland,Mokokchung,0.02,volume in million,
2021,May,Nagaland,Mon,0.02,volume in million,
2021,May,Nagaland,Rest Of Locations,0.02,volume in million,
2021,May,Nagaland,Wokha,0.01,volume in million,
2021,May,Odisha,Baleswar,0.64,volume in million,
2021,May,Odisha,Cuttack,0.69,volume in million,
2021,May,Odisha,Ganjam,0.68,volume in million,
2021,May,Odisha,Jajapur,0.5,volume in million,
2021,May,Odisha,Khorda,1.15,volume in million,
2021,May,Odisha,Rest Of Locations,5.55,volume in million,
2021,May,Others,Other,1.47,volume in million,state: Pincode data or location mapping not available
2021,May,Puducherry,Karaikal,0.13,volume in million,
2021,May,Puducherry,Pondicherry,0.74,volume in million,
2021,May,Punjab,Amritsar,0.95,volume in million,
2021,May,Punjab,Gurdaspur,0.72,volume in million,
2021,May,Punjab,Jalandhar,0.93,volume in million,
2021,May,Punjab,Ludhiana,1.81,volume in million,
2021,May,Punjab,Rest Of Locations,4.29,volume in million,
2021,May,Punjab,Rupnagar,0.82,volume in million,
2021,May,Rajasthan,Ajmer,0.48,volume in million,
2021,May,Rajasthan,Alwar,0.69,volume in million,
2021,May,Rajasthan,Jaipur,1.67,volume in million,
2021,May,Rajasthan,Jodhpur,0.58,volume in million,
2021,May,Rajasthan,Nagaur,0.46,volume in million,
2021,May,Rajasthan,Rest Of Locations,5.36,volume in million,
2021,May,Sikkim,East Sikkim,0.19,volume in million,
2021,May,Sikkim,North Sikkim,0.01,volume in million,
2021,May,Sikkim,South Sikkim,0.03,volume in million,
2021,May,Sikkim,West Sikkim,0.03,volume in million,
2021,May,Tamil Nadu,Chennai,3.64,volume in million,
2021,May,Tamil Nadu,Coimbatore,3.97,volume in million,
2021,May,Tamil Nadu,Kanchipuram,3.87,volume in million,
2021,May,Tamil Nadu,Rest Of Locations,23.6,volume in million,
2021,May,Tamil Nadu,Tiruvallur,3.16,volume in million,
2021,May,Tamil Nadu,Vellore,2.14,volume in million,
2021,May,Telangana,Hyderabad,4.71,volume in million,
2021,May,Telangana,K.V.Rangareddy,2.26,volume in million,
2021,May,Telangana,Karim Nagar,1.21,volume in million,
2021,May,Telangana,Medak,1.06,volume in million,
2021,May,Telangana,Nalgonda,0.82,volume in million,
2021,May,Telangana,Rest Of Locations,3.43,volume in million,
2021,May,Tripura,Dhalai,0.06,volume in million,
2021,May,Tripura,North Tripura,0.13,volume in million,
2021,May,Tripura,South Tripura,0.11,volume in million,
2021,May,Tripura,West Tripura,0.43,volume in million,
2021,May,Uttar Pradesh,Gautam Buddha Nagar,1.46,volume in million,
2021,May,Uttar Pradesh,Ghaziabad,1.54,volume in million,
2021,May,Uttar Pradesh,Gorakhpur,1.14,volume in million,
2021,May,Uttar Pradesh,Lucknow,1.77,volume in million,
2021,May,Uttar Pradesh,Rest Of Locations,21.99,volume in million,
2021,May,Uttar Pradesh,Varanasi,1.22,volume in million,
2021,May,Uttarakhand,Almora,0.14,volume in million,
2021,May,Uttarakhand,Dehradun,0.8,volume in million,
2021,May,Uttarakhand,Haridwar,0.64,volume in million,
2021,May,Uttarakhand,Nainital,0.25,volume in million,
2021,May,Uttarakhand,Rest Of Locations,0.42,volume in million,
2021,May,Uttarakhand,Udham Singh Nagar,0.64,volume in million,
2021,May,West Bengal,Bardhaman,1.31,volume in million,
2021,May,West Bengal,Howrah,1.17,volume in million,
2021,May,West Bengal,Kolkata,2.46,volume in million,
2021,May,West Bengal,North 24 Parganas,2.26,volume in million,
2021,May,West Bengal,Rest Of Locations,7.77,volume in million,
2021,May,West Bengal,South 24 Parganas,1.21,volume in million,
2021,April,Andaman and Nicobar Islands,Nicobar,0,volume in million,
2021,April,Andaman and Nicobar Islands,North And Middle Andaman,0.02,volume in million,
2021,April,Andaman and Nicobar Islands,South Andaman,0.16,volume in million,
2021,April,Andhra Pradesh,Chittoor,1.99,volume in million,
2021,April,Andhra Pradesh,East Godavari,1.74,volume in million,
2021,April,Andhra Pradesh,Guntur,1.67,volume in million,
2021,April,Andhra Pradesh,Krishna,1.94,volume in million,
2021,April,Andhra Pradesh,Rest Of Locations,8.01,volume in million,
2021,April,Andhra Pradesh,Visakhapatnam,2.64,volume in million,
2021,April,Arunachal Pradesh,East Siang,0.03,volume in million,
2021,April,Arunachal Pradesh,Lohit,0.03,volume in million,
2021,April,Arunachal Pradesh,Lower Subansiri,0.04,volume in million,
2021,April,Arunachal Pradesh,Papum Pare,0.14,volume in million,
2021,April,Arunachal Pradesh,Rest Of Locations,0.08,volume in million,
2021,April,Arunachal Pradesh,Upper Subansiri,0.02,volume in million,
2021,April,Assam,Cachar,0.5,volume in million,
2021,April,Assam,Dibrugarh,0.43,volume in million,
2021,April,Assam,Kamrup,1.77,volume in million,
2021,April,Assam,Nagaon,0.57,volume in million,
2021,April,Assam,Rest Of Locations,3.58,volume in million,
2021,April,Assam,Sonitpur,0.42,volume in million,
2021,April,Bihar,Darbhanga,0.61,volume in million,
2021,April,Bihar,East Champaran,0.64,volume in million,
2021,April,Bihar,Muzaffarpur,0.82,volume in million,
2021,April,Bihar,Patna,2.09,volume in million,
2021,April,Bihar,Rest Of Locations,9.76,volume in million,
2021,April,Bihar,West Champaran,0.64,volume in million,
2021,April,Chandigarh,Chandigarh,0.9,volume in million,
2021,April,Chhattisgarh,Bilaspur(Cgh),0.42,volume in million,
2021,April,Chhattisgarh,Durg,0.68,volume in million,
2021,April,Chhattisgarh,Raigarh,0.25,volume in million,
2021,April,Chhattisgarh,Raipur,1.07,volume in million,
2021,April,Chhattisgarh,Rajnandgaon,0.28,volume in million,
2021,April,Chhattisgarh,Rest Of Locations,1.67,volume in million,
2021,April,Dadra and Nagar Haveli,Dadra & Nagar Haveli,0.33,volume in million,
2021,April,Daman and Diu,Daman,0.22,volume in million,
2021,April,Daman and Diu,Diu,0.01,volume in million,
2021,April,Delhi,East Delhi,1.64,volume in million,
2021,April,Delhi,North West Delhi,1.86,volume in million,
2021,April,Delhi,Rest Of Locations,2.15,volume in million,
2021,April,Delhi,South Delhi,1.98,volume in million,
2021,April,Delhi,South West Delhi,2.11,volume in million,
2021,April,Delhi,West Delhi,1.61,volume in million,
2021,April,Goa,North Goa,0.83,volume in million,
2021,April,Goa,South Goa,0.8,volume in million,
2021,April,Gujarat,Ahmedabad,3.68,volume in million,
2021,April,Gujarat,Rajkot,0.96,volume in million,
2021,April,Gujarat,Rest Of Locations,7.42,volume in million,
2021,April,Gujarat,Surat,3.36,volume in million,
2021,April,Gujarat,Vadodara,1.81,volume in million,
2021,April,Gujarat,Valsad,0.92,volume in million,
2021,April,Haryana,Ambala,0.55,volume in million,
2021,April,Haryana,Faridabad,1.53,volume in million,
2021,April,Haryana,Gurgaon,2.57,volume in million,
2021,April,Haryana,Karnal,0.53,volume in million,
2021,April,Haryana,Rest Of Locations,4.43,volume in million,
2021,April,Haryana,Sonipat,0.54,volume in million,
2021,April,Himachal Pradesh,Kangra,0.49,volume in million,
2021,April,Himachal Pradesh,Kullu,0.22,volume in million,
2021,April,Himachal Pradesh,Mandi,0.26,volume in million,
2021,April,Himachal Pradesh,Rest Of Locations,0.85,volume in million,
2021,April,Himachal Pradesh,Shimla,0.4,volume in million,
2021,April,Himachal Pradesh,Solan,0.75,volume in million,
2021,April,Jammu and Kashmir,Ananthnag,0.24,volume in million,
2021,April,Jammu and Kashmir,Jammu,1.07,volume in million,
2021,April,Jammu and Kashmir,Kathua,0.19,volume in million,
2021,April,Jammu and Kashmir,Rest Of Locations,1.02,volume in million,
2021,April,Jammu and Kashmir,Srinagar,0.32,volume in million,
2021,April,Jammu and Kashmir,Udhampur,0.2,volume in million,
2021,April,Jharkhand,Bokaro,0.4,volume in million,
2021,April,Jharkhand,Dhanbad,0.62,volume in million,
2021,April,Jharkhand,East Singhbhum,0.86,volume in million,
2021,April,Jharkhand,Hazaribag,0.31,volume in million,
2021,April,Jharkhand,Ranchi,1.1,volume in million,
2021,April,Jharkhand,Rest Of Locations,2.07,volume in million,
2021,April,Karnataka,Bangalore,9.83,volume in million,
2021,April,Karnataka,Bangalore Rural,1.24,volume in million,
2021,April,Karnataka,Belgaum,1.6,volume in million,
2021,April,Karnataka,Dakshina Kannada,1.28,volume in million,
2021,April,Karnataka,Mysore,1.39,volume in million,
2021,April,Karnataka,Rest Of Locations,13.19,volume in million,
2021,April,Kerala,Ernakulam,3,volume in million,
2021,April,Kerala,Kozhikode,1.75,volume in million,
2021,April,Kerala,Malappuram,1.81,volume in million,
2021,April,Kerala,Rest Of Locations,9.36,volume in million,
2021,April,Kerala,Thiruvananthapuram,2.29,volume in million,
2021,April,Kerala,Thrissur,2.05,volume in million,
2021,April,Lakshadweep,Lakshadweep,0.02,volume in million,
2021,April,Madhya Pradesh,Bhopal,1.06,volume in million,
2021,April,Madhya Pradesh,Dhar,0.51,volume in million,
2021,April,Madhya Pradesh,Gwalior,0.54,volume in million,
2021,April,Madhya Pradesh,Indore,1.68,volume in million,
2021,April,Madhya Pradesh,Jabalpur,0.57,volume in million,
2021,April,Madhya Pradesh,Rest Of Locations,7.44,volume in million,
2021,April,Maharashtra,Mumbai,8.27,volume in million,
2021,April,Maharashtra,Nagpur,2.2,volume in million,
2021,April,Maharashtra,Nashik,1.8,volume in million,
2021,April,Maharashtra,Pune,7.62,volume in million,
2021,April,Maharashtra,Rest Of Locations,16.95,volume in million,
2021,April,Maharashtra,Thane,11.56,volume in million,
2021,April,Manipur,Bishnupur,0.05,volume in million,
2021,April,Manipur,Churachandpur,0.07,volume in million,
2021,April,Manipur,Imphal East,0.07,volume in million,
2021,April,Manipur,Imphal West,0.34,volume in million,
2021,April,Manipur,Rest Of Locations,0.07,volume in million,
2021,April,Manipur,Thoubal,0.1,volume in million,
2021,April,Meghalaya,East Khasi Hills,0.32,volume in million,
2021,April,Meghalaya,Jaintia Hills,0.08,volume in million,
2021,April,Meghalaya,Rest Of Locations,0.03,volume in million,
2021,April,Meghalaya,Ri Bhoi,0.05,volume in million,
2021,April,Meghalaya,West Garo Hills,0.07,volume in million,
2021,April,Meghalaya,West Khasi Hills,0.04,volume in million,
2021,April,Mizoram,Aizawl,0.28,volume in million,
2021,April,Mizoram,Champhai,0.02,volume in million,
2021,April,Mizoram,Kolasib,0.02,volume in million,
2021,April,Mizoram,Lawngtlai,0.03,volume in million,
2021,April,Mizoram,Lunglei,0.04,volume in million,
2021,April,Mizoram,Rest Of Locations,0.03,volume in million,
2021,April,Nagaland,Dimapur,0.21,volume in million,
2021,April,Nagaland,Kohima,0.11,volume in million,
2021,April,Nagaland,Mokokchung,0.02,volume in million,
2021,April,Nagaland,Mon,0.02,volume in million,
2021,April,Nagaland,Rest Of Locations,0.03,volume in million,
2021,April,Nagaland,Wokha,0.02,volume in million,
2021,April,Odisha,Baleswar,0.78,volume in million,
2021,April,Odisha,Cuttack,0.94,volume in million,
2021,April,Odisha,Ganjam,0.81,volume in million,
2021,April,Odisha,Jajapur,0.63,volume in million,
2021,April,Odisha,Khorda,1.69,volume in million,
2021,April,Odisha,Rest Of Locations,6.78,volume in million,
2021,April,Others,Other,1.67,volume in million,state: Pincode data or location mapping not available
2021,April,Puducherry,Karaikal,0.16,volume in million,
2021,April,Puducherry,Pondicherry,0.9,volume in million,
2021,April,Punjab,Amritsar,1.09,volume in million,
2021,April,Punjab,Gurdaspur,0.8,volume in million,
2021,April,Punjab,Jalandhar,1.05,volume in million,
2021,April,Punjab,Ludhiana,2.12,volume in million,
2021,April,Punjab,Rest Of Locations,4.8,volume in million,
2021,April,Punjab,Rupnagar,0.98,volume in million,
2021,April,Rajasthan,Ajmer,0.67,volume in million,
2021,April,Rajasthan,Alwar,0.87,volume in million,
2021,April,Rajasthan,Jaipur,2.53,volume in million,
2021,April,Rajasthan,Jodhpur,0.82,volume in million,
2021,April,Rajasthan,Rest Of Locations,7.2,volume in million,
2021,April,Rajasthan,Udaipur,0.63,volume in million,
2021,April,Sikkim,East Sikkim,0.33,volume in million,
2021,April,Sikkim,North Sikkim,0.01,volume in million,
2021,April,Sikkim,South Sikkim,0.05,volume in million,
2021,April,Sikkim,West Sikkim,0.06,volume in million,
2021,April,Tamil Nadu,Chennai,5.19,volume in million,
2021,April,Tamil Nadu,Coimbatore,5.98,volume in million,
2021,April,Tamil Nadu,Kanchipuram,5.44,volume in million,
2021,April,Tamil Nadu,Rest Of Locations,30.29,volume in million,
2021,April,Tamil Nadu,Tiruvallur,4.22,volume in million,
2021,April,Tamil Nadu,Vellore,2.61,volume in million,
2021,April,Telangana,Hyderabad,6.17,volume in million,
2021,April,Telangana,K.V.Rangareddy,2.89,volume in million,
2021,April,Telangana,Karim Nagar,1.35,volume in million,
2021,April,Telangana,Medak,1.2,volume in million,
2021,April,Telangana,Rest Of Locations,3.92,volume in million,
2021,April,Telangana,Warangal,0.93,volume in million,
2021,April,Tripura,Dhalai,0.06,volume in million,
2021,April,Tripura,North Tripura,0.15,volume in million,
2021,April,Tripura,South Tripura,0.13,volume in million,
2021,April,Tripura,West Tripura,0.54,volume in million,
2021,April,Uttar Pradesh,Allahabad,1.36,volume in million,
2021,April,Uttar Pradesh,Gautam Buddha Nagar,2.11,volume in million,
2021,April,Uttar Pradesh,Ghaziabad,2.09,volume in million,
2021,April,Uttar Pradesh,Lucknow,2.5,volume in million,
2021,April,Uttar Pradesh,Rest Of Locations,23.97,volume in million,
2021,April,Uttar Pradesh,Varanasi,1.42,volume in million,
2021,April,Uttarakhand,Almora,0.19,volume in million,
2021,April,Uttarakhand,Dehradun,1.32,volume in million,
2021,April,Uttarakhand,Haridwar,0.82,volume in million,
2021,April,Uttarakhand,Nainital,0.4,volume in million,
2021,April,Uttarakhand,Rest Of Locations,0.65,volume in million,
2021,April,Uttarakhand,Udham Singh Nagar,0.8,volume in million,
2021,April,West Bengal,Bardhaman,1.6,volume in million,
2021,April,West Bengal,Howrah,1.43,volume in million,
2021,April,West Bengal,Kolkata,3.55,volume in million,
2021,April,West Bengal,North 24 Parganas,2.86,volume in million,
2021,April,West Bengal,Rest Of Locations,9.53,volume in million,
2021,April,West Bengal,South 24 Parganas,1.45,volume in million,
2021,March,Andaman and Nicobar Islands,Nicobar,0.01,volume in million,
2021,March,Andaman and Nicobar Islands,North And Middle Andaman,0.02,volume in million,
2021,March,Andaman and Nicobar Islands,South Andaman,0.17,volume in million,
2021,March,Andhra Pradesh,Chittoor,2.09,volume in million,
2021,March,Andhra Pradesh,East Godavari,1.77,volume in million,
2021,March,Andhra Pradesh,Guntur,1.76,volume in million,
2021,March,Andhra Pradesh,Krishna,2.03,volume in million,
2021,March,Andhra Pradesh,Rest Of Locations,8.1,volume in million,
2021,March,Andhra Pradesh,Visakhapatnam,2.7,volume in million,
2021,March,Arunachal Pradesh,East Siang,0.04,volume in million,
2021,March,Arunachal Pradesh,Lohit,0.03,volume in million,
2021,March,Arunachal Pradesh,Lower Subansiri,0.03,volume in million,
2021,March,Arunachal Pradesh,Papum Pare,0.14,volume in million,
2021,March,Arunachal Pradesh,Rest Of Locations,0.08,volume in million,
2021,March,Arunachal Pradesh,West Siang,0.02,volume in million,
2021,March,Assam,Cachar,0.51,volume in million,
2021,March,Assam,Dibrugarh,0.45,volume in million,
2021,March,Assam,Kamrup,1.98,volume in million,
2021,March,Assam,Nagaon,0.57,volume in million,
2021,March,Assam,Rest Of Locations,3.66,volume in million,
2021,March,Assam,Sonitpur,0.42,volume in million,
2021,March,Bihar,Darbhanga,0.65,volume in million,
2021,March,Bihar,East Champaran,0.65,volume in million,
2021,March,Bihar,Muzaffarpur,0.91,volume in million,
2021,March,Bihar,Patna,2.55,volume in million,
2021,March,Bihar,Rest Of Locations,10.25,volume in million,
2021,March,Bihar,West Champaran,0.67,volume in million,
2021,March,Chandigarh,Chandigarh,1.03,volume in million,
2021,March,Chhattisgarh,Bilaspur(Cgh),0.62,volume in million,
2021,March,Chhattisgarh,Durg,1.13,volume in million,
2021,March,Chhattisgarh,Raigarh,0.39,volume in million,
2021,March,Chhattisgarh,Raipur,1.77,volume in million,
2021,March,Chhattisgarh,Rajnandgaon,0.42,volume in million,
2021,March,Chhattisgarh,Rest Of Locations,2.46,volume in million,
2021,March,Dadra and Nagar Haveli,Dadra & Nagar Haveli,0.4,volume in million,
2021,March,Daman and Diu,Daman,0.26,volume in million,
2021,March,Daman and Diu,Diu,0.02,volume in million,
2021,March,Delhi,East Delhi,2.02,volume in million,
2021,March,Delhi,North West Delhi,2.17,volume in million,
2021,March,Delhi,Rest Of Locations,2.86,volume in million,
2021,March,Delhi,South Delhi,2.44,volume in million,
2021,March,Delhi,South West Delhi,2.56,volume in million,
2021,March,Delhi,West Delhi,1.94,volume in million,
2021,March,Goa,North Goa,0.99,volume in million,
2021,March,Goa,South Goa,0.88,volume in million,
2021,March,Gujarat,Ahmedabad,4.31,volume in million,
2021,March,Gujarat,Rajkot,1.17,volume in million,
2021,March,Gujarat,Rest Of Locations,8.41,volume in million,
2021,March,Gujarat,Surat,3.92,volume in million,
2021,March,Gujarat,Vadodara,2.07,volume in million,
2021,March,Gujarat,Valsad,1.08,volume in million,
2021,March,Haryana,Ambala,0.58,volume in million,
2021,March,Haryana,Faridabad,1.64,volume in million,
2021,March,Haryana,Gurgaon,2.94,volume in million,
2021,March,Haryana,Karnal,0.56,volume in million,
2021,March,Haryana,Rest Of Locations,4.67,volume in million,
2021,March,Haryana,Sonipat,0.57,volume in million,
2021,March,Himachal Pradesh,Kangra,0.51,volume in million,
2021,March,Himachal Pradesh,Kullu,0.24,volume in million,
2021,March,Himachal Pradesh,Mandi,0.28,volume in million,
2021,March,Himachal Pradesh,Rest Of Locations,0.9,volume in million,
2021,March,Himachal Pradesh,Shimla,0.44,volume in million,
2021,March,Himachal Pradesh,Solan,0.82,volume in million,
2021,March,Jammu and Kashmir,Ananthnag,0.23,volume in million,
2021,March,Jammu and Kashmir,Jammu,1.15,volume in million,
2021,March,Jammu and Kashmir,Kathua,0.19,volume in million,
2021,March,Jammu and Kashmir,Rest Of Locations,1.02,volume in million,
2021,March,Jammu and Kashmir,Srinagar,0.34,volume in million,
2021,March,Jammu and Kashmir,Udhampur,0.22,volume in million,
2021,March,Jharkhand,Bokaro,0.46,volume in million,
2021,March,Jharkhand,Dhanbad,0.72,volume in million,
2021,March,Jharkhand,East Singhbhum,0.99,volume in million,
2021,March,Jharkhand,Hazaribag,0.36,volume in million,
2021,March,Jharkhand,Ranchi,1.38,volume in million,
2021,March,Jharkhand,Rest Of Locations,2.28,volume in million,
2021,March,Karnataka,Bangalore,11.72,volume in million,
2021,March,Karnataka,Bangalore Rural,1.41,volume in million,
2021,March,Karnataka,Belgaum,1.77,volume in million,
2021,March,Karnataka,Dakshina Kannada,1.49,volume in million,
2021,March,Karnataka,Mysore,1.64,volume in million,
2021,March,Karnataka,Rest Of Locations,15.19,volume in million,
2021,March,Kerala,Ernakulam,3.49,volume in million,
2021,March,Kerala,Kozhikode,1.97,volume in million,
2021,March,Kerala,Malappuram,2.01,volume in million,
2021,March,Kerala,Rest Of Locations,10.46,volume in million,
2021,March,Kerala,Thiruvananthapuram,2.59,volume in million,
2021,March,Kerala,Thrissur,2.35,volume in million,
2021,March,Lakshadweep,Lakshadweep,0.02,volume in million,
2021,March,Madhya Pradesh,Bhopal,1.53,volume in million,
2021,March,Madhya Pradesh,Dhar,0.64,volume in million,
2021,March,Madhya Pradesh,Gwalior,0.68,volume in million,
2021,March,Madhya Pradesh,Indore,2.4,volume in million,
2021,March,Madhya Pradesh,Jabalpur,0.77,volume in million,
2021,March,Madhya Pradesh,Rest Of Locations,9.49,volume in million,
2021,March,Maharashtra,Mumbai,10.7,volume in million,
2021,March,Maharashtra,Nagpur,2.61,volume in million,
2021,March,Maharashtra,Nashik,2.29,volume in million,
2021,March,Maharashtra,Pune,10.35,volume in million,
2021,March,Maharashtra,Rest Of Locations,21.11,volume in million,
2021,March,Maharashtra,Thane,13.59,volume in million,
2021,March,Manipur,Bishnupur,0.05,volume in million,
2021,March,Manipur,Churachandpur,0.07,volume in million,
2021,March,Manipur,Imphal East,0.08,volume in million,
2021,March,Manipur,Imphal West,0.38,volume in million,
2021,March,Manipur,Rest Of Locations,0.07,volume in million,
2021,March,Manipur,Thoubal,0.11,volume in million,
2021,March,Meghalaya,East Khasi Hills,0.35,volume in million,
2021,March,Meghalaya,Jaintia Hills,0.08,volume in million,
2021,March,Meghalaya,Rest Of Locations,0.03,volume in million,
2021,March,Meghalaya,Ri Bhoi,0.05,volume in million,
2021,March,Meghalaya,West Garo Hills,0.08,volume in million,
2021,March,Meghalaya,West Khasi Hills,0.03,volume in million,
2021,March,Mizoram,Aizawl,0.33,volume in million,
2021,March,Mizoram,Champhai,0.02,volume in million,
2021,March,Mizoram,Kolasib,0.03,volume in million,
2021,March,Mizoram,Lawngtlai,0.04,volume in million,
2021,March,Mizoram,Lunglei,0.05,volume in million,
2021,March,Mizoram,Rest Of Locations,0.03,volume in million,
2021,March,Nagaland,Dimapur,0.21,volume in million,
2021,March,Nagaland,Kohima,0.11,volume in million,
2021,March,Nagaland,Mokokchung,0.02,volume in million,
2021,March,Nagaland,Mon,0.02,volume in million,
2021,March,Nagaland,Rest Of Locations,0.03,volume in million,
2021,March,Nagaland,Wokha,0.02,volume in million,
2021,March,Odisha,Baleswar,0.8,volume in million,
2021,March,Odisha,Cuttack,1.02,volume in million,
2021,March,Odisha,Ganjam,0.9,volume in million,
2021,March,Odisha,Khorda,1.85,volume in million,
2021,March,Odisha,Rest Of Locations,7.43,volume in million,
2021,March,Odisha,Sundergarh,0.68,volume in million,
2021,March,Others,Other,1.79,volume in million,state: Pincode data or location mapping not available
2021,March,Puducherry,Karaikal,0.19,volume in million,
2021,March,Puducherry,Pondicherry,1.01,volume in million,
2021,March,Punjab,Amritsar,1.17,volume in million,
2021,March,Punjab,Gurdaspur,0.84,volume in million,
2021,March,Punjab,Jalandhar,1.13,volume in million,
2021,March,Punjab,Ludhiana,2.31,volume in million,
2021,March,Punjab,Rest Of Locations,5.19,volume in million,
2021,March,Punjab,Rupnagar,1.07,volume in million,
2021,March,Rajasthan,Ajmer,0.81,volume in million,
2021,March,Rajasthan,Alwar,1.01,volume in million,
2021,March,Rajasthan,Jaipur,3.12,volume in million,
2021,March,Rajasthan,Jodhpur,0.96,volume in million,
2021,March,Rajasthan,Rest Of Locations,8.25,volume in million,
2021,March,Rajasthan,Udaipur,0.78,volume in million,
2021,March,Sikkim,East Sikkim,0.36,volume in million,
2021,March,Sikkim,North Sikkim,0.02,volume in million,
2021,March,Sikkim,South Sikkim,0.06,volume in million,
2021,March,Sikkim,West Sikkim,0.07,volume in million,
2021,March,Tamil Nadu,Chennai,5.82,volume in million,
2021,March,Tamil Nadu,Coimbatore,6.78,volume in million,
2021,March,Tamil Nadu,Kanchipuram,6.02,volume in million,
2021,March,Tamil Nadu,Rest Of Locations,33.96,volume in million,
2021,March,Tamil Nadu,Tiruvallur,4.54,volume in million,
2021,March,Tamil Nadu,Vellore,2.75,volume in million,
2021,March,Telangana,Hyderabad,6.95,volume in million,
2021,March,Telangana,K.V.Rangareddy,3.25,volume in million,
2021,March,Telangana,Karim Nagar,1.49,volume in million,
2021,March,Telangana,Medak,1.33,volume in million,
2021,March,Telangana,Nalgonda,1.02,volume in million,
2021,March,Telangana,Rest Of Locations,4.24,volume in million,
2021,March,Tripura,Dhalai,0.06,volume in million,
2021,March,Tripura,North Tripura,0.16,volume in million,
2021,March,Tripura,South Tripura,0.13,volume in million,
2021,March,Tripura,West Tripura,0.55,volume in million,
2021,March,Uttar Pradesh,Allahabad,1.67,volume in million,
2021,March,Uttar Pradesh,Gautam Buddha Nagar,2.53,volume in million,
2021,March,Uttar Pradesh,Ghaziabad,2.38,volume in million,
2021,March,Uttar Pradesh,Lucknow,3.31,volume in million,
2021,March,Uttar Pradesh,Rest Of Locations,26.54,volume in million,
2021,March,Uttar Pradesh,Varanasi,1.74,volume in million,
2021,March,Uttarakhand,Almora,0.21,volume in million,
2021,March,Uttarakhand,Dehradun,1.53,volume in million,
2021,March,Uttarakhand,Haridwar,0.98,volume in million,
2021,March,Uttarakhand,Nainital,0.46,volume in million,
2021,March,Uttarakhand,Rest Of Locations,0.72,volume in million,
2021,March,Uttarakhand,Udham Singh Nagar,0.94,volume in million,
2021,March,West Bengal,Bardhaman,1.7,volume in million,
2021,March,West Bengal,Howrah,1.5,volume in million,
2021,March,West Bengal,Kolkata,3.79,volume in million,
2021,March,West Bengal,North 24 Parganas,2.95,volume in million,
2021,March,West Bengal,Rest Of Locations,9.9,volume in million,
2021,March,West Bengal,South 24 Parganas,1.51,volume in million,
2021,February,Andaman and Nicobar Islands,Nicobar,0.01,volume in million,
2021,February,Andaman and Nicobar Islands,North And Middle Andaman,0.02,volume in million,
2021,February,Andaman and Nicobar Islands,South Andaman,0.15,volume in million,
2021,February,Andhra Pradesh,Chittoor,1.92,volume in million,
2021,February,Andhra Pradesh,East Godavari,1.64,volume in million,
2021,February,Andhra Pradesh,Guntur,1.63,volume in million,
2021,February,Andhra Pradesh,Krishna,1.91,volume in million,
2021,February,Andhra Pradesh,Rest Of Locations,7.51,volume in million,
2021,February,Andhra Pradesh,Visakhapatnam,2.61,volume in million,
2021,February,Arunachal Pradesh,East Siang,0.03,volume in million,
2021,February,Arunachal Pradesh,Lohit,0.02,volume in million,
2021,February,Arunachal Pradesh,Lower Subansiri,0.03,volume in million,
2021,February,Arunachal Pradesh,Papum Pare,0.13,volume in million,
2021,February,Arunachal Pradesh,Rest Of Locations,0.08,volume in million,
2021,February,Arunachal Pradesh,Upper Subansiri,0.02,volume in million,
2021,February,Assam,Cachar,0.48,volume in million,
2021,February,Assam,Dibrugarh,0.45,volume in million,
2021,February,Assam,Kamrup,1.8,volume in million,
2021,February,Assam,Nagaon,0.52,volume in million,
2021,February,Assam,Rest Of Locations,3.52,volume in million,
2021,February,Assam,Sonitpur,0.42,volume in million,
2021,February,Bihar,Darbhanga,0.59,volume in million,
2021,February,Bihar,East Champaran,0.56,volume in million,
2021,February,Bihar,Muzaffarpur,0.81,volume in million,
2021,February,Bihar,Patna,2.31,volume in million,
2021,February,Bihar,Rest Of Locations,9.08,volume in million,
2021,February,Bihar,West Champaran,0.59,volume in million,
2021,February,Chandigarh,Chandigarh,0.92,volume in million,
2021,February,Chhattisgarh,Bilaspur(Cgh),0.53,volume in million,
2021,February,Chhattisgarh,Durg,1.01,volume in million,
2021,February,Chhattisgarh,Raigarh,0.36,volume in million,
2021,February,Chhattisgarh,Raipur,1.55,volume in million,
2021,February,Chhattisgarh,Rajnandgaon,0.37,volume in million,
2021,February,Chhattisgarh,Rest Of Locations,2.25,volume in million,
2021,February,Dadra and Nagar Haveli,Dadra & Nagar Haveli,0.36,volume in million,
2021,February,Daman and Diu,Daman,0.23,volume in million,
2021,February,Daman and Diu,Diu,0.02,volume in million,
2021,February,Delhi,East Delhi,1.81,volume in million,
2021,February,Delhi,North West Delhi,1.94,volume in million,
2021,February,Delhi,Rest Of Locations,2.58,volume in million,
2021,February,Delhi,South Delhi,2.19,volume in million,
2021,February,Delhi,South West Delhi,2.31,volume in million,
2021,February,Delhi,West Delhi,1.75,volume in million,
2021,February,Goa,North Goa,0.94,volume in million,
2021,February,Goa,South Goa,0.82,volume in million,
2021,February,Gujarat,Ahmedabad,3.93,volume in million,
2021,February,Gujarat,Rajkot,1.05,volume in million,
2021,February,Gujarat,Rest Of Locations,7.5,volume in million,
2021,February,Gujarat,Surat,3.52,volume in million,
2021,February,Gujarat,Vadodara,1.84,volume in million,
2021,February,Gujarat,Valsad,0.97,volume in million,
2021,February,Haryana,Ambala,0.52,volume in million,
2021,February,Haryana,Faridabad,1.49,volume in million,
2021,February,Haryana,Gurgaon,2.7,volume in million,
2021,February,Haryana,Karnal,0.5,volume in million,
2021,February,Haryana,Rest Of Locations,4.26,volume in million,
2021,February,Haryana,Sonipat,0.52,volume in million,
2021,February,Himachal Pradesh,Kangra,0.45,volume in million,
2021,February,Himachal Pradesh,Kullu,0.22,volume in million,
2021,February,Himachal Pradesh,Mandi,0.23,volume in million,
2021,February,Himachal Pradesh,Rest Of Locations,0.78,volume in million,
2021,February,Himachal Pradesh,Shimla,0.36,volume in million,
2021,February,Himachal Pradesh,Solan,0.73,volume in million,
2021,February,Jammu and Kashmir,Ananthnag,0.18,volume in million,
2021,February,Jammu and Kashmir,Jammu,1.07,volume in million,
2021,February,Jammu and Kashmir,Kathua,0.17,volume in million,
2021,February,Jammu and Kashmir,Rest Of Locations,0.86,volume in million,
2021,February,Jammu and Kashmir,Srinagar,0.28,volume in million,
2021,February,Jammu and Kashmir,Udhampur,0.19,volume in million,
2021,February,Jharkhand,Bokaro,0.41,volume in million,
2021,February,Jharkhand,Dhanbad,0.64,volume in million,
2021,February,Jharkhand,East Singhbhum,0.91,volume in million,
2021,February,Jharkhand,Hazaribag,0.32,volume in million,
2021,February,Jharkhand,Ranchi,1.23,volume in million,
2021,February,Jharkhand,Rest Of Locations,2.03,volume in million,
2021,February,Karnataka,Bangalore,10.8,volume in million,
2021,February,Karnataka,Bangalore Rural,1.28,volume in million,
2021,February,Karnataka,Belgaum,1.61,volume in million,
2021,February,Karnataka,Dakshina Kannada,1.39,volume in million,
2021,February,Karnataka,Mysore,1.49,volume in million,
2021,February,Karnataka,Rest Of Locations,13.81,volume in million,
2021,February,Kerala,Ernakulam,3.09,volume in million,
2021,February,Kerala,Kozhikode,1.73,volume in million,
2021,February,Kerala,Malappuram,1.75,volume in million,
2021,February,Kerala,Rest Of Locations,9.02,volume in million,
2021,February,Kerala,Thiruvananthapuram,2.23,volume in million,
2021,February,Kerala,Thrissur,2.06,volume in million,
2021,February,Lakshadweep,Lakshadweep,0.01,volume in million,
2021,February,Madhya Pradesh,Bhopal,1.44,volume in million,
2021,February,Madhya Pradesh,Dhar,0.58,volume in million,
2021,February,Madhya Pradesh,Gwalior,0.63,volume in million,
2021,February,Madhya Pradesh,Indore,2.24,volume in million,
2021,February,Madhya Pradesh,Jabalpur,0.71,volume in million,
2021,February,Madhya Pradesh,Rest Of Locations,8.55,volume in million,
2021,February,Maharashtra,Mumbai,10,volume in million,
2021,February,Maharashtra,Nagpur,2.6,volume in million,
2021,February,Maharashtra,Nashik,2.17,volume in million,
2021,February,Maharashtra,Pune,9.8,volume in million,
2021,February,Maharashtra,Rest Of Locations,19.71,volume in million,
2021,February,Maharashtra,Thane,12.57,volume in million,
2021,February,Manipur,Bishnupur,0.05,volume in million,
2021,February,Manipur,Churachandpur,0.07,volume in million,
2021,February,Manipur,Imphal East,0.07,volume in million,
2021,February,Manipur,Imphal West,0.35,volume in million,
2021,February,Manipur,Rest Of Locations,0.07,volume in million,
2021,February,Manipur,Thoubal,0.11,volume in million,
2021,February,Meghalaya,East Khasi Hills,0.29,volume in million,
2021,February,Meghalaya,Jaintia Hills,0.07,volume in million,
2021,February,Meghalaya,Rest Of Locations,0.03,volume in million,
2021,February,Meghalaya,Ri Bhoi,0.04,volume in million,
2021,February,Meghalaya,West Garo Hills,0.07,volume in million,
2021,February,Meghalaya,West Khasi Hills,0.03,volume in million,
2021,February,Mizoram,Aizawl,0.27,volume in million,
2021,February,Mizoram,Champhai,0.02,volume in million,
2021,February,Mizoram,Kolasib,0.02,volume in million,
2021,February,Mizoram,Lawngtlai,0.04,volume in million,
2021,February,Mizoram,Lunglei,0.04,volume in million,
2021,February,Mizoram,Rest Of Locations,0.03,volume in million,
2021,February,Nagaland,Dimapur,0.19,volume in million,
2021,February,Nagaland,Kohima,0.09,volume in million,
2021,February,Nagaland,Mokokchung,0.02,volume in million,
2021,February,Nagaland,Mon,0.02,volume in million,
2021,February,Nagaland,Rest Of Locations,0.03,volume in million,
2021,February,Nagaland,Wokha,0.02,volume in million,
2021,February,Odisha,Baleswar,0.75,volume in million,
2021,February,Odisha,Cuttack,0.94,volume in million,
2021,February,Odisha,Ganjam,0.82,volume in million,
2021,February,Odisha,Jajapur,0.62,volume in million,
2021,February,Odisha,Khorda,1.66,volume in million,
2021,February,Odisha,Rest Of Locations,6.85,volume in million,
2021,February,Others,Other,1.68,volume in million,state: Pincode data or location mapping not available
2021,February,Puducherry,Karaikal,0.17,volume in million,
2021,February,Puducherry,Pondicherry,0.92,volume in million,
2021,February,Punjab,Amritsar,1.06,volume in million,
2021,February,Punjab,Gurdaspur,0.74,volume in million,
2021,February,Punjab,Jalandhar,1,volume in million,
2021,February,Punjab,Ludhiana,2.04,volume in million,
2021,February,Punjab,Rest Of Locations,4.61,volume in million,
2021,February,Punjab,Rupnagar,0.96,volume in million,
2021,February,Rajasthan,Ajmer,0.79,volume in million,
2021,February,Rajasthan,Alwar,0.98,volume in million,
2021,February,Rajasthan,Jaipur,2.98,volume in million,
2021,February,Rajasthan,Jodhpur,0.88,volume in million,
2021,February,Rajasthan,Nagaur,0.82,volume in million,
2021,February,Rajasthan,Rest Of Locations,7.93,volume in million,
2021,February,Sikkim,East Sikkim,0.33,volume in million,
2021,February,Sikkim,North Sikkim,0.01,volume in million,
2021,February,Sikkim,South Sikkim,0.05,volume in million,
2021,February,Sikkim,West Sikkim,0.06,volume in million,
2021,February,Tamil Nadu,Chennai,5.19,volume in million,
2021,February,Tamil Nadu,Coimbatore,6.07,volume in million,
2021,February,Tamil Nadu,Kanchipuram,5.48,volume in million,
2021,February,Tamil Nadu,Rest Of Locations,30.58,volume in million,
2021,February,Tamil Nadu,Tiruvallur,4.14,volume in million,
2021,February,Tamil Nadu,Vellore,2.53,volume in million,
2021,February,Telangana,Hyderabad,6.51,volume in million,
2021,February,Telangana,K.V.Rangareddy,3.09,volume in million,
2021,February,Telangana,Karim Nagar,1.42,volume in million,
2021,February,Telangana,Medak,1.25,volume in million,
2021,February,Telangana,Rest Of Locations,4.11,volume in million,
2021,February,Telangana,Warangal,1.04,volume in million,
2021,February,Tripura,Dhalai,0.05,volume in million,
2021,February,Tripura,North Tripura,0.14,volume in million,
2021,February,Tripura,South Tripura,0.12,volume in million,
2021,February,Tripura,West Tripura,0.5,volume in million,
2021,February,Uttar Pradesh,Allahabad,1.49,volume in million,
2021,February,Uttar Pradesh,Gautam Buddha Nagar,2.26,volume in million,
2021,February,Uttar Pradesh,Ghaziabad,2.11,volume in million,
2021,February,Uttar Pradesh,Lucknow,2.94,volume in million,
2021,February,Uttar Pradesh,Rest Of Locations,22.79,volume in million,
2021,February,Uttar Pradesh,Varanasi,1.51,volume in million,
2021,February,Uttarakhand,Almora,0.19,volume in million,
2021,February,Uttarakhand,Dehradun,1.35,volume in million,
2021,February,Uttarakhand,Haridwar,0.87,volume in million,
2021,February,Uttarakhand,Nainital,0.41,volume in million,
2021,February,Uttarakhand,Rest Of Locations,0.65,volume in million,
2021,February,Uttarakhand,Udham Singh Nagar,0.83,volume in million,
2021,February,West Bengal,Bardhaman,1.59,volume in million,
2021,February,West Bengal,Howrah,1.38,volume in million,
2021,February,West Bengal,Kolkata,3.54,volume in million,
2021,February,West Bengal,North 24 Parganas,2.77,volume in million,
2021,February,West Bengal,Rest Of Locations,9.34,volume in million,
2021,February,West Bengal,South 24 Parganas,1.42,volume in million,
2021,January,Andaman and Nicobar Islands,Nicobar,0.01,volume in million,
2021,January,Andaman and Nicobar Islands,North And Middle Andaman,0.02,volume in million,
2021,January,Andaman and Nicobar Islands,South Andaman,0.16,volume in million,
2021,January,Andhra Pradesh,Chittoor,2.35,volume in million,
2021,January,Andhra Pradesh,East Godavari,2.2,volume in million,
2021,January,Andhra Pradesh,Guntur,2.07,volume in million,
2021,January,Andhra Pradesh,Krishna,2.42,volume in million,
2021,January,Andhra Pradesh,Rest Of Locations,10,volume in million,
2021,January,Andhra Pradesh,Visakhapatnam,3.19,volume in million,
2021,January,Arunachal Pradesh,East Siang,0.03,volume in million,
2021,January,Arunachal Pradesh,Lohit,0.02,volume in million,
2021,January,Arunachal Pradesh,Lower Subansiri,0.03,volume in million,
2021,January,Arunachal Pradesh,Papum Pare,0.13,volume in million,
2021,January,Arunachal Pradesh,Rest Of Locations,0.08,volume in million,
2021,January,Arunachal Pradesh,West Siang,0.02,volume in million,
2021,January,Assam,Cachar,0.51,volume in million,
2021,January,Assam,Dibrugarh,0.42,volume in million,
2021,January,Assam,Kamrup,1.86,volume in million,
2021,January,Assam,Nagaon,0.58,volume in million,
2021,January,Assam,Rest Of Locations,3.7,volume in million,
2021,January,Assam,Sonitpur,0.44,volume in million,
2021,January,Bihar,Darbhanga,0.61,volume in million,
2021,January,Bihar,East Champaran,0.6,volume in million,
2021,January,Bihar,Muzaffarpur,0.84,volume in million,
2021,January,Bihar,Patna,2.42,volume in million,
2021,January,Bihar,Rest Of Locations,9.49,volume in million,
2021,January,Bihar,West Champaran,0.63,volume in million,
2021,January,Chandigarh,Chandigarh,0.96,volume in million,
2021,January,Chhattisgarh,Bilaspur(Cgh),0.59,volume in million,
2021,January,Chhattisgarh,Durg,1.15,volume in million,
2021,January,Chhattisgarh,Raigarh,0.42,volume in million,
2021,January,Chhattisgarh,Raipur,1.79,volume in million,
2021,January,Chhattisgarh,Rajnandgaon,0.45,volume in million,
2021,January,Chhattisgarh,Rest Of Locations,2.54,volume in million,
2021,January,Dadra and Nagar Haveli,Dadra & Nagar Haveli,0.37,volume in million,
2021,January,Daman and Diu,Daman,0.25,volume in million,
2021,January,Daman and Diu,Diu,0.02,volume in million,
2021,January,Delhi,East Delhi,1.87,volume in million,
2021,January,Delhi,North West Delhi,2.02,volume in million,
2021,January,Delhi,Rest Of Locations,2.6,volume in million,
2021,January,Delhi,South Delhi,2.23,volume in million,
2021,January,Delhi,South West Delhi,2.37,volume in million,
2021,January,Delhi,West Delhi,1.81,volume in million,
2021,January,Goa,North Goa,1,volume in million,
2021,January,Goa,South Goa,0.86,volume in million,
2021,January,Gujarat,Ahmedabad,4.16,volume in million,
2021,January,Gujarat,Rajkot,1.1,volume in million,
2021,January,Gujarat,Rest Of Locations,8.03,volume in million,
2021,January,Gujarat,Surat,3.71,volume in million,
2021,January,Gujarat,Vadodara,2,volume in million,
2021,January,Gujarat,Valsad,1.03,volume in million,
2021,January,Haryana,Ambala,0.55,volume in million,
2021,January,Haryana,Faridabad,1.54,volume in million,
2021,January,Haryana,Gurgaon,2.79,volume in million,
2021,January,Haryana,Karnal,0.51,volume in million,
2021,January,Haryana,Rest Of Locations,4.37,volume in million,
2021,January,Haryana,Sonipat,0.52,volume in million,
2021,January,Himachal Pradesh,Kangra,0.48,volume in million,
2021,January,Himachal Pradesh,Kullu,0.24,volume in million,
2021,January,Himachal Pradesh,Mandi,0.24,volume in million,
2021,January,Himachal Pradesh,Rest Of Locations,0.81,volume in million,
2021,January,Himachal Pradesh,Shimla,0.38,volume in million,
2021,January,Himachal Pradesh,Solan,0.76,volume in million,
2021,January,Jammu and Kashmir,Ananthnag,0.17,volume in million,
2021,January,Jammu and Kashmir,Jammu,1.07,volume in million,
2021,January,Jammu and Kashmir,Kathua,0.18,volume in million,
2021,January,Jammu and Kashmir,Rest Of Locations,0.87,volume in million,
2021,January,Jammu and Kashmir,Srinagar,0.27,volume in million,
2021,January,Jammu and Kashmir,Udhampur,0.2,volume in million,
2021,January,Jharkhand,Bokaro,0.45,volume in million,
2021,January,Jharkhand,Dhanbad,0.69,volume in million,
2021,January,Jharkhand,East Singhbhum,0.98,volume in million,
2021,January,Jharkhand,Hazaribag,0.33,volume in million,
2021,January,Jharkhand,Ranchi,1.32,volume in million,
2021,January,Jharkhand,Rest Of Locations,2.17,volume in million,
2021,January,Karnataka,Bangalore,11.59,volume in million,
2021,January,Karnataka,Bangalore Rural,1.35,volume in million,
2021,January,Karnataka,Belgaum,1.74,volume in million,
2021,January,Karnataka,Dakshina Kannada,1.51,volume in million,
2021,January,Karnataka,Mysore,1.57,volume in million,
2021,January,Karnataka,Rest Of Locations,14.87,volume in million,
2021,January,Kerala,Ernakulam,3.37,volume in million,
2021,January,Kerala,Kozhikode,1.87,volume in million,
2021,January,Kerala,Malappuram,1.88,volume in million,
2021,January,Kerala,Rest Of Locations,10.07,volume in million,
2021,January,Kerala,Thiruvananthapuram,2.47,volume in million,
2021,January,Kerala,Thrissur,2.28,volume in million,
2021,January,Lakshadweep,Lakshadweep,0.04,volume in million,
2021,January,Madhya Pradesh,Bhopal,1.51,volume in million,
2021,January,Madhya Pradesh,Dhar,0.62,volume in million,
2021,January,Madhya Pradesh,Gwalior,0.66,volume in million,
2021,January,Madhya Pradesh,Indore,2.42,volume in million,
2021,January,Madhya Pradesh,Jabalpur,0.76,volume in million,
2021,January,Madhya Pradesh,Rest Of Locations,9.49,volume in million,
2021,January,Maharashtra,Mumbai,10.6,volume in million,
2021,January,Maharashtra,Nagpur,2.86,volume in million,
2021,January,Maharashtra,Nashik,2.29,volume in million,
2021,January,Maharashtra,Pune,10.42,volume in million,
2021,January,Maharashtra,Rest Of Locations,21.62,volume in million,
2021,January,Maharashtra,Thane,13.96,volume in million,
2021,January,Manipur,Bishnupur,0.07,volume in million,
2021,January,Manipur,Churachandpur,0.09,volume in million,
2021,January,Manipur,Imphal East,0.09,volume in million,
2021,January,Manipur,Imphal West,0.39,volume in million,
2021,January,Manipur,Rest Of Locations,0.08,volume in million,
2021,January,Manipur,Thoubal,0.13,volume in million,
2021,January,Meghalaya,East Khasi Hills,0.28,volume in million,
2021,January,Meghalaya,Jaintia Hills,0.07,volume in million,
2021,January,Meghalaya,Rest Of Locations,0.03,volume in million,
2021,January,Meghalaya,Ri Bhoi,0.04,volume in million,
2021,January,Meghalaya,West Garo Hills,0.07,volume in million,
2021,January,Meghalaya,West Khasi Hills,0.03,volume in million,
2021,January,Mizoram,Aizawl,0.26,volume in million,
2021,January,Mizoram,Champhai,0.02,volume in million,
2021,January,Mizoram,Kolasib,0.02,volume in million,
2021,January,Mizoram,Lawngtlai,0.04,volume in million,
2021,January,Mizoram,Lunglei,0.04,volume in million,
2021,January,Mizoram,Rest Of Locations,0.03,volume in million,
2021,January,Nagaland,Dimapur,0.2,volume in million,
2021,January,Nagaland,Kohima,0.09,volume in million,
2021,January,Nagaland,Mokokchung,0.02,volume in million,
2021,January,Nagaland,Mon,0.02,volume in million,
2021,January,Nagaland,Rest Of Locations,0.02,volume in million,
2021,January,Nagaland,Wokha,0.02,volume in million,
2021,January,Odisha,Baleswar,0.82,volume in million,
2021,January,Odisha,Cuttack,0.98,volume in million,
2021,January,Odisha,Ganjam,0.86,volume in million,
2021,January,Odisha,Khorda,1.77,volume in million,
2021,January,Odisha,Rest Of Locations,7.43,volume in million,
2021,January,Odisha,Sundergarh,0.69,volume in million,
2021,January,Others,Other,1.99,volume in million,state: Pincode data or location mapping not available
2021,January,Puducherry,Karaikal,0.2,volume in million,
2021,January,Puducherry,Pondicherry,1.06,volume in million,
2021,January,Punjab,Amritsar,1.1,volume in million,
2021,January,Punjab,Gurdaspur,0.78,volume in million,
2021,January,Punjab,Jalandhar,1.05,volume in million,
2021,January,Punjab,Ludhiana,2.14,volume in million,
2021,January,Punjab,Rest Of Locations,4.86,volume in million,
2021,January,Punjab,Rupnagar,0.99,volume in million,
2021,January,Rajasthan,Ajmer,0.81,volume in million,
2021,January,Rajasthan,Alwar,1.02,volume in million,
2021,January,Rajasthan,Jaipur,3.08,volume in million,
2021,January,Rajasthan,Jodhpur,0.9,volume in million,
2021,January,Rajasthan,Nagaur,0.86,volume in million,
2021,January,Rajasthan,Rest Of Locations,8.38,volume in million,
2021,January,Sikkim,East Sikkim,0.35,volume in million,
2021,January,Sikkim,North Sikkim,0.01,volume in million,
2021,January,Sikkim,South Sikkim,0.06,volume in million,
2021,January,Sikkim,West Sikkim,0.06,volume in million,
2021,January,Tamil Nadu,Chennai,5.24,volume in million,
2021,January,Tamil Nadu,Coimbatore,6.26,volume in million,
2021,January,Tamil Nadu,Kanchipuram,5.77,volume in million,
2021,January,Tamil Nadu,Rest Of Locations,33.43,volume in million,
2021,January,Tamil Nadu,Tiruvallur,4.41,volume in million,
2021,January,Tamil Nadu,Vellore,2.93,volume in million,
2021,January,Telangana,Hyderabad,7.19,volume in million,
2021,January,Telangana,K.V.Rangareddy,3.39,volume in million,
2021,January,Telangana,Karim Nagar,1.75,volume in million,
2021,January,Telangana,Medak,1.46,volume in million,
2021,January,Telangana,Nalgonda,1.32,volume in million,
2021,January,Telangana,Rest Of Locations,5.22,volume in million,
2021,January,Tripura,Dhalai,0.06,volume in million,
2021,January,Tripura,North Tripura,0.16,volume in million,
2021,January,Tripura,South Tripura,0.13,volume in million,
2021,January,Tripura,West Tripura,0.55,volume in million,
2021,January,Uttar Pradesh,Allahabad,1.57,volume in million,
2021,January,Uttar Pradesh,Gautam Buddha Nagar,2.32,volume in million,
2021,January,Uttar Pradesh,Ghaziabad,2.14,volume in million,
2021,January,Uttar Pradesh,Lucknow,3.06,volume in million,
2021,January,Uttar Pradesh,Rest Of Locations,23.88,volume in million,
2021,January,Uttar Pradesh,Varanasi,1.6,volume in million,
2021,January,Uttarakhand,Almora,0.2,volume in million,
2021,January,Uttarakhand,Dehradun,1.39,volume in million,
2021,January,Uttarakhand,Haridwar,0.92,volume in million,
2021,January,Uttarakhand,Nainital,0.43,volume in million,
2021,January,Uttarakhand,Rest Of Locations,0.68,volume in million,
2021,January,Uttarakhand,Udham Singh Nagar,0.86,volume in million,
2021,January,West Bengal,Bardhaman,1.77,volume in million,
2021,January,West Bengal,Howrah,1.5,volume in million,
2021,January,West Bengal,Kolkata,3.85,volume in million,
2021,January,West Bengal,North 24 Parganas,3.03,volume in million,
2021,January,West Bengal,Rest Of Locations,10.49,volume in million,
2021,January,West Bengal,South 24 Parganas,1.56,volume in million,