fiscal_year,quarter,service_area,region,type_of_connection,value,unit,note
2025-26,Q4,West Bengal,Rural,Narrowband,0.29,value in Millions,
2025-26,Q4,West Bengal,Urban,Narrowband,0.38,value in Millions,
2025-26,Q4,West Bengal,Rural,Broadband,28.08,value in Millions,
2025-26,Q4,West Bengal,Urban,Broadband,40.37,value in Millions,
2025-26,Q4,West Bengal,Rural,Total,28.37,value in Millions,
2025-26,Q4,West Bengal,Urban,Total,40.74,value in Millions,
2025-26,Q4,Uttarakhand,Rural,Narrowband,0.08,value in Millions,
2025-26,Q4,Uttarakhand,Urban,Narrowband,0.05,value in Millions,
2025-26,Q4,Uttarakhand,Rural,Broadband,4.76,value in Millions,
2025-26,Q4,Uttarakhand,Urban,Broadband,5.6,value in Millions,
2025-26,Q4,Uttarakhand,Rural,Total,4.84,value in Millions,
2025-26,Q4,Uttarakhand,Urban,Total,5.64,value in Millions,
2025-26,Q4,Uttar Pradesh East and West,Rural,Narrowband,1.14,value in Millions,
2025-26,Q4,Uttar Pradesh East and West,Urban,Narrowband,1.74,value in Millions,
2025-26,Q4,Uttar Pradesh East and West,Rural,Broadband,70.36,value in Millions,
2025-26,Q4,Uttar Pradesh East and West,Urban,Broadband,79.43,value in Millions,
2025-26,Q4,Uttar Pradesh East and West,Rural,Total,71.5,value in Millions,
2025-26,Q4,Uttar Pradesh East and West,Urban,Total,81.17,value in Millions,
2025-26,Q4,Tripura,Rural,Narrowband,0.01,value in Millions,
2025-26,Q4,Tripura,Urban,Narrowband,0.01,value in Millions,
2025-26,Q4,Tripura,Rural,Broadband,1.36,value in Millions,
2025-26,Q4,Tripura,Urban,Broadband,1.5,value in Millions,
2025-26,Q4,Tripura,Rural,Total,1.36,value in Millions,
2025-26,Q4,Tripura,Urban,Total,1.51,value in Millions,
2025-26,Q4,Total,Rural,Narrowband,6.12,value in Millions,
2025-26,Q4,Total,Urban,Narrowband,20.79,value in Millions,
2025-26,Q4,Total,Rural,Broadband,434.75,value in Millions,
2025-26,Q4,Total,Urban,Broadband,631.13,value in Millions,
2025-26,Q4,Total,Rural,Total,440.87,value in Millions,
2025-26,Q4,Total,Urban,Total,651.93,value in Millions,
2025-26,Q4,Telangana,Rural,Narrowband,0.17,value in Millions,
2025-26,Q4,Telangana,Urban,Narrowband,0.36,value in Millions,
2025-26,Q4,Telangana,Rural,Broadband,13.22,value in Millions,
2025-26,Q4,Telangana,Urban,Broadband,23.91,value in Millions,
2025-26,Q4,Telangana,Rural,Total,13.39,value in Millions,
2025-26,Q4,Telangana,Urban,Total,24.27,value in Millions,
2025-26,Q4,Tamil Nadu,Rural,Narrowband,0.37,value in Millions,
2025-26,Q4,Tamil Nadu,Urban,Narrowband,1.43,value in Millions,
2025-26,Q4,Tamil Nadu,Rural,Broadband,19.56,value in Millions,
2025-26,Q4,Tamil Nadu,Urban,Broadband,46.37,value in Millions,
2025-26,Q4,Tamil Nadu,Rural,Total,19.93,value in Millions,
2025-26,Q4,Tamil Nadu,Urban,Total,47.8,value in Millions,
2025-26,Q4,Sikkim,Rural,Narrowband,0.003,value in Millions,
2025-26,Q4,Sikkim,Urban,Narrowband,0.002,value in Millions,
2025-26,Q4,Sikkim,Rural,Broadband,0.38,value in Millions,
2025-26,Q4,Sikkim,Urban,Broadband,0.26,value in Millions,
2025-26,Q4,Sikkim,Rural,Total,0.38,value in Millions,
2025-26,Q4,Sikkim,Urban,Total,0.26,value in Millions,
2025-26,Q4,Rajasthan,Rural,Narrowband,0.29,value in Millions,
2025-26,Q4,Rajasthan,Urban,Narrowband,0.67,value in Millions,
2025-26,Q4,Rajasthan,Rural,Broadband,27.57,value in Millions,
2025-26,Q4,Rajasthan,Urban,Broadband,28.73,value in Millions,
2025-26,Q4,Rajasthan,Rural,Total,27.86,value in Millions,
2025-26,Q4,Rajasthan,Urban,Total,29.4,value in Millions,
2025-26,Q4,Punjab,Rural,Narrowband,0.12,value in Millions,
2025-26,Q4,Punjab,Urban,Narrowband,0.24,value in Millions,
2025-26,Q4,Punjab,Rural,Broadband,10.31,value in Millions,
2025-26,Q4,Punjab,Urban,Broadband,19.19,value in Millions,
2025-26,Q4,Punjab,Rural,Total,10.43,value in Millions,
2025-26,Q4,Punjab,Urban,Total,19.43,value in Millions,
2025-26,Q4,Puducherry,Rural,Narrowband,0.02,value in Millions,
2025-26,Q4,Puducherry,Urban,Narrowband,0.04,value in Millions,
2025-26,Q4,Puducherry,Rural,Broadband,0.42,value in Millions,
2025-26,Q4,Puducherry,Urban,Broadband,0.83,value in Millions,
2025-26,Q4,Puducherry,Rural,Total,0.44,value in Millions,
2025-26,Q4,Puducherry,Urban,Total,0.87,value in Millions,
2025-26,Q4,Odisha,Rural,Narrowband,0.13,value in Millions,
2025-26,Q4,Odisha,Urban,Narrowband,0.1,value in Millions,
2025-26,Q4,Odisha,Rural,Broadband,18.61,value in Millions,
2025-26,Q4,Odisha,Urban,Broadband,11.71,value in Millions,
2025-26,Q4,Odisha,Rural,Total,18.74,value in Millions,
2025-26,Q4,Odisha,Urban,Total,11.81,value in Millions,
2025-26,Q4,Nagaland,Rural,Narrowband,0.004,value in Millions,
2025-26,Q4,Nagaland,Urban,Narrowband,0.01,value in Millions,
2025-26,Q4,Nagaland,Rural,Broadband,0.77,value in Millions,
2025-26,Q4,Nagaland,Urban,Broadband,0.68,value in Millions,
2025-26,Q4,Nagaland,Rural,Total,0.78,value in Millions,
2025-26,Q4,Nagaland,Urban,Total,0.68,value in Millions,
2025-26,Q4,Mizoram,Rural,Narrowband,0.002,value in Millions,
2025-26,Q4,Mizoram,Urban,Narrowband,0.002,value in Millions,
2025-26,Q4,Mizoram,Rural,Broadband,0.51,value in Millions,
2025-26,Q4,Mizoram,Urban,Broadband,0.77,value in Millions,
2025-26,Q4,Mizoram,Rural,Total,0.52,value in Millions,
2025-26,Q4,Mizoram,Urban,Total,0.77,value in Millions,
2025-26,Q4,Meghalaya,Rural,Narrowband,0.01,value in Millions,
2025-26,Q4,Meghalaya,Urban,Narrowband,0.04,value in Millions,
2025-26,Q4,Meghalaya,Rural,Broadband,1.7,value in Millions,
2025-26,Q4,Meghalaya,Urban,Broadband,0.78,value in Millions,
2025-26,Q4,Meghalaya,Rural,Total,1.71,value in Millions,
2025-26,Q4,Meghalaya,Urban,Total,0.82,value in Millions,
2025-26,Q4,Manipur,Rural,Narrowband,0.0,value in Millions,
2025-26,Q4,Manipur,Urban,Narrowband,0.01,value in Millions,
2025-26,Q4,Manipur,Rural,Broadband,0.86,value in Millions,
2025-26,Q4,Manipur,Urban,Broadband,1.38,value in Millions,
2025-26,Q4,Manipur,Rural,Total,0.87,value in Millions,
2025-26,Q4,Manipur,Urban,Total,1.38,value in Millions,
2025-26,Q4,Maharashtra,Rural,Narrowband,0.34,value in Millions,
2025-26,Q4,Maharashtra,Urban,Narrowband,1.37,value in Millions,
2025-26,Q4,Maharashtra,Rural,Broadband,35.71,value in Millions,
2025-26,Q4,Maharashtra,Urban,Broadband,89.67,value in Millions,
2025-26,Q4,Maharashtra,Rural,Total,36.05,value in Millions,
2025-26,Q4,Maharashtra,Urban,Total,91.04,value in Millions,
2025-26,Q4,Madhya Pradesh,Rural,Narrowband,0.22,value in Millions,
2025-26,Q4,Madhya Pradesh,Urban,Narrowband,0.36,value in Millions,
2025-26,Q4,Madhya Pradesh,Rural,Broadband,23.08,value in Millions,
2025-26,Q4,Madhya Pradesh,Urban,Broadband,32.1,value in Millions,
2025-26,Q4,Madhya Pradesh,Rural,Total,23.3,value in Millions,
2025-26,Q4,Madhya Pradesh,Urban,Total,32.46,value in Millions,
2025-26,Q4,Lakshadweep,Rural,Narrowband,0.02,value in Millions,
2025-26,Q4,Lakshadweep,Urban,Narrowband,1e-05,value in Millions,
2025-26,Q4,Lakshadweep,Rural,Broadband,0.05,value in Millions,
2025-26,Q4,Lakshadweep,Urban,Broadband,0.004,value in Millions,
2025-26,Q4,Lakshadweep,Rural,Total,0.07,value in Millions,
2025-26,Q4,Lakshadweep,Urban,Total,0.004,value in Millions,
2025-26,Q4,Ladakh,Rural,Narrowband,0.001,value in Millions,
2025-26,Q4,Ladakh,Urban,Narrowband,0.001,value in Millions,
2025-26,Q4,Ladakh,Rural,Broadband,0.28,value in Millions,
2025-26,Q4,Ladakh,Urban,Broadband,0.12,value in Millions,
2025-26,Q4,Ladakh,Rural,Total,0.29,value in Millions,
2025-26,Q4,Ladakh,Urban,Total,0.12,value in Millions,
2025-26,Q4,Kerala,Rural,Narrowband,0.24,value in Millions,
2025-26,Q4,Kerala,Urban,Narrowband,0.51,value in Millions,
2025-26,Q4,Kerala,Rural,Broadband,15.78,value in Millions,
2025-26,Q4,Kerala,Urban,Broadband,19.02,value in Millions,
2025-26,Q4,Kerala,Rural,Total,16.02,value in Millions,
2025-26,Q4,Kerala,Urban,Total,19.53,value in Millions,
2025-26,Q4,Karnataka,Rural,Narrowband,1.07,value in Millions,
2025-26,Q4,Karnataka,Urban,Narrowband,4.92,value in Millions,
2025-26,Q4,Karnataka,Rural,Broadband,21.49,value in Millions,
2025-26,Q4,Karnataka,Urban,Broadband,42.71,value in Millions,
2025-26,Q4,Karnataka,Rural,Total,22.55,value in Millions,
2025-26,Q4,Karnataka,Urban,Total,47.62,value in Millions,
2025-26,Q4,Jharkhand,Rural,Narrowband,0.11,value in Millions,
2025-26,Q4,Jharkhand,Urban,Narrowband,0.11,value in Millions,
2025-26,Q4,Jharkhand,Rural,Broadband,12.34,value in Millions,
2025-26,Q4,Jharkhand,Urban,Broadband,10.12,value in Millions,
2025-26,Q4,Jharkhand,Rural,Total,12.45,value in Millions,
2025-26,Q4,Jharkhand,Urban,Total,10.24,value in Millions,
2025-26,Q4,Jammu and Kashmir,Rural,Narrowband,0.06,value in Millions,
2025-26,Q4,Jammu and Kashmir,Urban,Narrowband,0.03,value in Millions,
2025-26,Q4,Jammu and Kashmir,Rural,Broadband,5.43,value in Millions,
2025-26,Q4,Jammu and Kashmir,Urban,Broadband,6.07,value in Millions,
2025-26,Q4,Jammu and Kashmir,Rural,Total,5.49,value in Millions,
2025-26,Q4,Jammu and Kashmir,Urban,Total,6.1,value in Millions,
2025-26,Q4,Himachal Pradesh,Rural,Narrowband,0.03,value in Millions,
2025-26,Q4,Himachal Pradesh,Urban,Narrowband,0.02,value in Millions,
2025-26,Q4,Himachal Pradesh,Rural,Broadband,4.48,value in Millions,
2025-26,Q4,Himachal Pradesh,Urban,Broadband,2.81,value in Millions,
2025-26,Q4,Himachal Pradesh,Rural,Total,4.51,value in Millions,
2025-26,Q4,Himachal Pradesh,Urban,Total,2.83,value in Millions,
2025-26,Q4,Haryana,Rural,Narrowband,0.14,value in Millions,
2025-26,Q4,Haryana,Urban,Narrowband,2.02,value in Millions,
2025-26,Q4,Haryana,Rural,Broadband,10.55,value in Millions,
2025-26,Q4,Haryana,Urban,Broadband,22.15,value in Millions,
2025-26,Q4,Haryana,Rural,Total,10.69,value in Millions,
2025-26,Q4,Haryana,Urban,Total,24.17,value in Millions,
2025-26,Q4,Gujarat,Rural,Narrowband,0.16,value in Millions,
2025-26,Q4,Gujarat,Urban,Narrowband,0.55,value in Millions,
2025-26,Q4,Gujarat,Rural,Broadband,21.24,value in Millions,
2025-26,Q4,Gujarat,Urban,Broadband,40.83,value in Millions,
2025-26,Q4,Gujarat,Rural,Total,21.4,value in Millions,
2025-26,Q4,Gujarat,Urban,Total,41.38,value in Millions,
2025-26,Q4,Goa,Rural,Narrowband,0.01,value in Millions,
2025-26,Q4,Goa,Urban,Narrowband,0.02,value in Millions,
2025-26,Q4,Goa,Rural,Broadband,0.66,value in Millions,
2025-26,Q4,Goa,Urban,Broadband,1.72,value in Millions,
2025-26,Q4,Goa,Rural,Total,0.67,value in Millions,
2025-26,Q4,Goa,Urban,Total,1.74,value in Millions,
2025-26,Q4,Delhi,Rural,Narrowband,0.04,value in Millions,
2025-26,Q4,Delhi,Urban,Narrowband,3.24,value in Millions,
2025-26,Q4,Delhi,Rural,Broadband,0.3,value in Millions,
2025-26,Q4,Delhi,Urban,Broadband,35.58,value in Millions,
2025-26,Q4,Delhi,Rural,Total,0.34,value in Millions,
2025-26,Q4,Delhi,Urban,Total,38.82,value in Millions,
2025-26,Q4,Dadra Nagar Haveli and Daman Diu,Rural,Narrowband,0.002,value in Millions,
2025-26,Q4,Dadra Nagar Haveli and Daman Diu,Urban,Narrowband,0.009,value in Millions,
2025-26,Q4,Dadra Nagar Haveli and Daman Diu,Rural,Broadband,0.32,value in Millions,
2025-26,Q4,Dadra Nagar Haveli and Daman Diu,Urban,Broadband,0.59,value in Millions,
2025-26,Q4,Dadra Nagar Haveli and Daman Diu,Rural,Total,0.32,value in Millions,
2025-26,Q4,Dadra Nagar Haveli and Daman Diu,Urban,Total,0.6,value in Millions,
2025-26,Q4,Chhattisgarh,Rural,Narrowband,0.07,value in Millions,
2025-26,Q4,Chhattisgarh,Urban,Narrowband,0.09,value in Millions,
2025-26,Q4,Chhattisgarh,Rural,Broadband,9.56,value in Millions,
2025-26,Q4,Chhattisgarh,Urban,Broadband,11.02,value in Millions,
2025-26,Q4,Chhattisgarh,Rural,Total,9.63,value in Millions,
2025-26,Q4,Chhattisgarh,Urban,Total,11.1,value in Millions,
2025-26,Q4,Chandigarh,Rural,Narrowband,0.0003,value in Millions,
2025-26,Q4,Chandigarh,Urban,Narrowband,0.02,value in Millions,
2025-26,Q4,Chandigarh,Rural,Broadband,0.04,value in Millions,
2025-26,Q4,Chandigarh,Urban,Broadband,1.47,value in Millions,
2025-26,Q4,Chandigarh,Rural,Total,0.04,value in Millions,
2025-26,Q4,Chandigarh,Urban,Total,1.49,value in Millions,
2025-26,Q4,Bihar,Rural,Narrowband,0.57,value in Millions,
2025-26,Q4,Bihar,Urban,Narrowband,2.13,value in Millions,
2025-26,Q4,Bihar,Rural,Broadband,41.0,value in Millions,
2025-26,Q4,Bihar,Urban,Broadband,23.17,value in Millions,
2025-26,Q4,Bihar,Rural,Total,41.57,value in Millions,
2025-26,Q4,Bihar,Urban,Total,25.3,value in Millions,
2025-26,Q4,Assam,Rural,Narrowband,0.09,value in Millions,
2025-26,Q4,Assam,Urban,Narrowband,0.07,value in Millions,
2025-26,Q4,Assam,Rural,Broadband,14.76,value in Millions,
2025-26,Q4,Assam,Urban,Broadband,9.15,value in Millions,
2025-26,Q4,Assam,Rural,Total,14.84,value in Millions,
2025-26,Q4,Assam,Urban,Total,9.21,value in Millions,
2025-26,Q4,Arunachal Pradesh,Rural,Narrowband,0.003,value in Millions,
2025-26,Q4,Arunachal Pradesh,Urban,Narrowband,0.002,value in Millions,
2025-26,Q4,Arunachal Pradesh,Rural,Broadband,0.75,value in Millions,
2025-26,Q4,Arunachal Pradesh,Urban,Broadband,0.46,value in Millions,
2025-26,Q4,Arunachal Pradesh,Rural,Total,0.75,value in Millions,
2025-26,Q4,Arunachal Pradesh,Urban,Total,0.46,value in Millions,
2025-26,Q4,Andhra Pradesh,Rural,Narrowband,0.28,value in Millions,
2025-26,Q4,Andhra Pradesh,Urban,Narrowband,0.23,value in Millions,
2025-26,Q4,Andhra Pradesh,Rural,Broadband,18.27,value in Millions,
2025-26,Q4,Andhra Pradesh,Urban,Broadband,20.71,value in Millions,
2025-26,Q4,Andhra Pradesh,Rural,Total,18.55,value in Millions,
2025-26,Q4,Andhra Pradesh,Urban,Total,20.93,value in Millions,
2025-26,Q4,Andaman and Nicobar Islands,Rural,Narrowband,0.03,value in Millions,
2025-26,Q4,Andaman and Nicobar Islands,Urban,Narrowband,0.03,value in Millions,
2025-26,Q4,Andaman and Nicobar Islands,Rural,Broadband,0.2,value in Millions,
2025-26,Q4,Andaman and Nicobar Islands,Urban,Broadband,0.2,value in Millions,
2025-26,Q4,Andaman and Nicobar Islands,Rural,Total,0.23,value in Millions,
2025-26,Q4,Andaman and Nicobar Islands,Urban,Total,0.23,value in Millions,
2025-26,Q3,West Bengal,Rural,Narrowband,0.32,value in Millions,
2025-26,Q3,West Bengal,Urban,Narrowband,0.3,value in Millions,
2025-26,Q3,West Bengal,Rural,Broadband,27.42,value in Millions,
2025-26,Q3,West Bengal,Urban,Broadband,39.43,value in Millions,
2025-26,Q3,West Bengal,Rural,Total,27.74,value in Millions,
2025-26,Q3,West Bengal,Urban,Total,39.73,value in Millions,
2025-26,Q3,Uttarakhand,Rural,Narrowband,0.09,value in Millions,
2025-26,Q3,Uttarakhand,Urban,Narrowband,0.06,value in Millions,
2025-26,Q3,Uttarakhand,Rural,Broadband,4.7,value in Millions,
2025-26,Q3,Uttarakhand,Urban,Broadband,5.02,value in Millions,
2025-26,Q3,Uttarakhand,Rural,Total,4.8,value in Millions,
2025-26,Q3,Uttarakhand,Urban,Total,5.08,value in Millions,
2025-26,Q3,Uttar Pradesh East and West,Rural,Narrowband,1.29,value in Millions,
2025-26,Q3,Uttar Pradesh East and West,Urban,Narrowband,1.63,value in Millions,
2025-26,Q3,Uttar Pradesh East and West,Rural,Broadband,68.49,value in Millions,
2025-26,Q3,Uttar Pradesh East and West,Urban,Broadband,68.06,value in Millions,
2025-26,Q3,Uttar Pradesh East and West,Rural,Total,69.78,value in Millions,
2025-26,Q3,Uttar Pradesh East and West,Urban,Total,69.7,value in Millions,
2025-26,Q3,Tripura,Rural,Narrowband,0.01,value in Millions,
2025-26,Q3,Tripura,Urban,Narrowband,0.01,value in Millions,
2025-26,Q3,Tripura,Rural,Broadband,1.32,value in Millions,
2025-26,Q3,Tripura,Urban,Broadband,1.39,value in Millions,
2025-26,Q3,Tripura,Rural,Total,1.33,value in Millions,
2025-26,Q3,Tripura,Urban,Total,1.4,value in Millions,
2025-26,Q3,Total,Rural,Narrowband,7.17,value in Millions,
2025-26,Q3,Total,Urban,Narrowband,14.08,value in Millions,
2025-26,Q3,Total,Rural,Broadband,427.1,value in Millions,
2025-26,Q3,Total,Urban,Broadband,580.25,value in Millions,
2025-26,Q3,Total,Rural,Total,434.27,value in Millions,
2025-26,Q3,Total,Urban,Total,594.33,value in Millions,
2025-26,Q3,Telangana,Rural,Narrowband,0.2,value in Millions,
2025-26,Q3,Telangana,Urban,Narrowband,0.22,value in Millions,
2025-26,Q3,Telangana,Rural,Broadband,13.18,value in Millions,
2025-26,Q3,Telangana,Urban,Broadband,23.72,value in Millions,
2025-26,Q3,Telangana,Rural,Total,13.38,value in Millions,
2025-26,Q3,Telangana,Urban,Total,23.94,value in Millions,
2025-26,Q3,Tamil Nadu,Rural,Narrowband,0.34,value in Millions,
2025-26,Q3,Tamil Nadu,Urban,Narrowband,0.85,value in Millions,
2025-26,Q3,Tamil Nadu,Rural,Broadband,19.04,value in Millions,
2025-26,Q3,Tamil Nadu,Urban,Broadband,45.96,value in Millions,
2025-26,Q3,Tamil Nadu,Rural,Total,19.38,value in Millions,
2025-26,Q3,Tamil Nadu,Urban,Total,46.81,value in Millions,
2025-26,Q3,Sikkim,Rural,Narrowband,0.003,value in Millions,
2025-26,Q3,Sikkim,Urban,Narrowband,0.002,value in Millions,
2025-26,Q3,Sikkim,Rural,Broadband,0.37,value in Millions,
2025-26,Q3,Sikkim,Urban,Broadband,0.26,value in Millions,
2025-26,Q3,Sikkim,Rural,Total,0.37,value in Millions,
2025-26,Q3,Sikkim,Urban,Total,0.27,value in Millions,
2025-26,Q3,Rajasthan,Rural,Narrowband,0.3,value in Millions,
2025-26,Q3,Rajasthan,Urban,Narrowband,0.35,value in Millions,
2025-26,Q3,Rajasthan,Rural,Broadband,26.67,value in Millions,
2025-26,Q3,Rajasthan,Urban,Broadband,27.14,value in Millions,
2025-26,Q3,Rajasthan,Rural,Total,26.97,value in Millions,
2025-26,Q3,Rajasthan,Urban,Total,27.49,value in Millions,
2025-26,Q3,Punjab,Rural,Narrowband,0.14,value in Millions,
2025-26,Q3,Punjab,Urban,Narrowband,0.25,value in Millions,
2025-26,Q3,Punjab,Rural,Broadband,10.02,value in Millions,
2025-26,Q3,Punjab,Urban,Broadband,17.83,value in Millions,
2025-26,Q3,Punjab,Rural,Total,10.15,value in Millions,
2025-26,Q3,Punjab,Urban,Total,18.07,value in Millions,
2025-26,Q3,Puducherry,Rural,Narrowband,0.02,value in Millions,
2025-26,Q3,Puducherry,Urban,Narrowband,0.04,value in Millions,
2025-26,Q3,Puducherry,Rural,Broadband,0.38,value in Millions,
2025-26,Q3,Puducherry,Urban,Broadband,0.81,value in Millions,
2025-26,Q3,Puducherry,Rural,Total,0.4,value in Millions,
2025-26,Q3,Puducherry,Urban,Total,0.85,value in Millions,
2025-26,Q3,Odisha,Rural,Narrowband,0.15,value in Millions,
2025-26,Q3,Odisha,Urban,Narrowband,0.05,value in Millions,
2025-26,Q3,Odisha,Rural,Broadband,18.1,value in Millions,
2025-26,Q3,Odisha,Urban,Broadband,10.34,value in Millions,
2025-26,Q3,Odisha,Rural,Total,18.25,value in Millions,
2025-26,Q3,Odisha,Urban,Total,10.4,value in Millions,
2025-26,Q3,Nagaland,Rural,Narrowband,0.004,value in Millions,
2025-26,Q3,Nagaland,Urban,Narrowband,0.01,value in Millions,
2025-26,Q3,Nagaland,Rural,Broadband,0.74,value in Millions,
2025-26,Q3,Nagaland,Urban,Broadband,0.67,value in Millions,
2025-26,Q3,Nagaland,Rural,Total,0.74,value in Millions,
2025-26,Q3,Nagaland,Urban,Total,0.67,value in Millions,
2025-26,Q3,Mizoram,Rural,Narrowband,0.002,value in Millions,
2025-26,Q3,Mizoram,Urban,Narrowband,0.002,value in Millions,
2025-26,Q3,Mizoram,Rural,Broadband,0.49,value in Millions,
2025-26,Q3,Mizoram,Urban,Broadband,0.71,value in Millions,
2025-26,Q3,Mizoram,Rural,Total,0.49,value in Millions,
2025-26,Q3,Mizoram,Urban,Total,0.72,value in Millions,
2025-26,Q3,Meghalaya,Rural,Narrowband,0.01,value in Millions,
2025-26,Q3,Meghalaya,Urban,Narrowband,0.01,value in Millions,
2025-26,Q3,Meghalaya,Rural,Broadband,1.66,value in Millions,
2025-26,Q3,Meghalaya,Urban,Broadband,0.75,value in Millions,
2025-26,Q3,Meghalaya,Rural,Total,1.67,value in Millions,
2025-26,Q3,Meghalaya,Urban,Total,0.76,value in Millions,
2025-26,Q3,Manipur,Rural,Narrowband,0.01,value in Millions,
2025-26,Q3,Manipur,Urban,Narrowband,0.01,value in Millions,
2025-26,Q3,Manipur,Rural,Broadband,0.85,value in Millions,
2025-26,Q3,Manipur,Urban,Broadband,1.37,value in Millions,
2025-26,Q3,Manipur,Rural,Total,0.86,value in Millions,
2025-26,Q3,Manipur,Urban,Total,1.38,value in Millions,
2025-26,Q3,Maharashtra,Rural,Narrowband,0.37,value in Millions,
2025-26,Q3,Maharashtra,Urban,Narrowband,0.99,value in Millions,
2025-26,Q3,Maharashtra,Rural,Broadband,35.29,value in Millions,
2025-26,Q3,Maharashtra,Urban,Broadband,78.68,value in Millions,
2025-26,Q3,Maharashtra,Rural,Total,35.66,value in Millions,
2025-26,Q3,Maharashtra,Urban,Total,79.68,value in Millions,
2025-26,Q3,Madhya Pradesh,Rural,Narrowband,0.24,value in Millions,
2025-26,Q3,Madhya Pradesh,Urban,Narrowband,0.24,value in Millions,
2025-26,Q3,Madhya Pradesh,Rural,Broadband,22.47,value in Millions,
2025-26,Q3,Madhya Pradesh,Urban,Broadband,31.18,value in Millions,
2025-26,Q3,Madhya Pradesh,Rural,Total,22.71,value in Millions,
2025-26,Q3,Madhya Pradesh,Urban,Total,31.42,value in Millions,
2025-26,Q3,Lakshadweep,Rural,Narrowband,0.02,value in Millions,
2025-26,Q3,Lakshadweep,Urban,Narrowband,1e-05,value in Millions,
2025-26,Q3,Lakshadweep,Rural,Broadband,0.05,value in Millions,
2025-26,Q3,Lakshadweep,Urban,Broadband,0.004,value in Millions,
2025-26,Q3,Lakshadweep,Rural,Total,0.07,value in Millions,
2025-26,Q3,Lakshadweep,Urban,Total,0.004,value in Millions,
2025-26,Q3,Ladakh,Rural,Narrowband,0.001,value in Millions,
2025-26,Q3,Ladakh,Urban,Narrowband,0.001,value in Millions,
2025-26,Q3,Ladakh,Rural,Broadband,0.3,value in Millions,
2025-26,Q3,Ladakh,Urban,Broadband,0.12,value in Millions,
2025-26,Q3,Ladakh,Rural,Total,0.3,value in Millions,
2025-26,Q3,Ladakh,Urban,Total,0.12,value in Millions,
2025-26,Q3,Kerala,Rural,Narrowband,0.58,value in Millions,
2025-26,Q3,Kerala,Urban,Narrowband,0.47,value in Millions,
2025-26,Q3,Kerala,Rural,Broadband,17.44,value in Millions,
2025-26,Q3,Kerala,Urban,Broadband,19.45,value in Millions,
2025-26,Q3,Kerala,Rural,Total,18.02,value in Millions,
2025-26,Q3,Kerala,Urban,Total,19.91,value in Millions,
2025-26,Q3,Karnataka,Rural,Narrowband,1.24,value in Millions,
2025-26,Q3,Karnataka,Urban,Narrowband,2.32,value in Millions,
2025-26,Q3,Karnataka,Rural,Broadband,21.46,value in Millions,
2025-26,Q3,Karnataka,Urban,Broadband,40.15,value in Millions,
2025-26,Q3,Karnataka,Rural,Total,22.69,value in Millions,
2025-26,Q3,Karnataka,Urban,Total,42.47,value in Millions,
2025-26,Q3,Jharkhand,Rural,Narrowband,0.12,value in Millions,
2025-26,Q3,Jharkhand,Urban,Narrowband,0.07,value in Millions,
2025-26,Q3,Jharkhand,Rural,Broadband,11.99,value in Millions,
2025-26,Q3,Jharkhand,Urban,Broadband,9.38,value in Millions,
2025-26,Q3,Jharkhand,Rural,Total,12.11,value in Millions,
2025-26,Q3,Jharkhand,Urban,Total,9.45,value in Millions,
2025-26,Q3,Jammu and Kashmir,Rural,Narrowband,0.07,value in Millions,
2025-26,Q3,Jammu and Kashmir,Urban,Narrowband,0.04,value in Millions,
2025-26,Q3,Jammu and Kashmir,Rural,Broadband,5.15,value in Millions,
2025-26,Q3,Jammu and Kashmir,Urban,Broadband,5.56,value in Millions,
2025-26,Q3,Jammu and Kashmir,Rural,Total,5.22,value in Millions,
2025-26,Q3,Jammu and Kashmir,Urban,Total,5.59,value in Millions,
2025-26,Q3,Himachal Pradesh,Rural,Narrowband,0.03,value in Millions,
2025-26,Q3,Himachal Pradesh,Urban,Narrowband,0.02,value in Millions,
2025-26,Q3,Himachal Pradesh,Rural,Broadband,4.33,value in Millions,
2025-26,Q3,Himachal Pradesh,Urban,Broadband,2.73,value in Millions,
2025-26,Q3,Himachal Pradesh,Rural,Total,4.36,value in Millions,
2025-26,Q3,Himachal Pradesh,Urban,Total,2.75,value in Millions,
2025-26,Q3,Haryana,Rural,Narrowband,0.16,value in Millions,
2025-26,Q3,Haryana,Urban,Narrowband,1.72,value in Millions,
2025-26,Q3,Haryana,Rural,Broadband,10.35,value in Millions,
2025-26,Q3,Haryana,Urban,Broadband,19.63,value in Millions,
2025-26,Q3,Haryana,Rural,Total,10.51,value in Millions,
2025-26,Q3,Haryana,Urban,Total,21.35,value in Millions,
2025-26,Q3,Gujarat,Rural,Narrowband,0.17,value in Millions,
2025-26,Q3,Gujarat,Urban,Narrowband,0.3,value in Millions,
2025-26,Q3,Gujarat,Rural,Broadband,20.9,value in Millions,
2025-26,Q3,Gujarat,Urban,Broadband,38.52,value in Millions,
2025-26,Q3,Gujarat,Rural,Total,21.07,value in Millions,
2025-26,Q3,Gujarat,Urban,Total,38.82,value in Millions,
2025-26,Q3,Goa,Rural,Narrowband,0.01,value in Millions,
2025-26,Q3,Goa,Urban,Narrowband,0.01,value in Millions,
2025-26,Q3,Goa,Rural,Broadband,0.67,value in Millions,
2025-26,Q3,Goa,Urban,Broadband,1.73,value in Millions,
2025-26,Q3,Goa,Rural,Total,0.67,value in Millions,
2025-26,Q3,Goa,Urban,Total,1.75,value in Millions,
2025-26,Q3,Delhi,Rural,Narrowband,0.04,value in Millions,
2025-26,Q3,Delhi,Urban,Narrowband,3.18,value in Millions,
2025-26,Q3,Delhi,Rural,Broadband,0.3,value in Millions,
2025-26,Q3,Delhi,Urban,Broadband,33.64,value in Millions,
2025-26,Q3,Delhi,Rural,Total,0.34,value in Millions,
2025-26,Q3,Delhi,Urban,Total,36.82,value in Millions,
2025-26,Q3,Dadra Nagar Haveli and Daman Diu,Rural,Narrowband,0.004,value in Millions,
2025-26,Q3,Dadra Nagar Haveli and Daman Diu,Urban,Narrowband,0.004,value in Millions,
2025-26,Q3,Dadra Nagar Haveli and Daman Diu,Rural,Broadband,0.32,value in Millions,
2025-26,Q3,Dadra Nagar Haveli and Daman Diu,Urban,Broadband,0.56,value in Millions,
2025-26,Q3,Dadra Nagar Haveli and Daman Diu,Rural,Total,0.33,value in Millions,
2025-26,Q3,Dadra Nagar Haveli and Daman Diu,Urban,Total,0.56,value in Millions,
2025-26,Q3,Chhattisgarh,Rural,Narrowband,0.07,value in Millions,
2025-26,Q3,Chhattisgarh,Urban,Narrowband,0.06,value in Millions,
2025-26,Q3,Chhattisgarh,Rural,Broadband,9.31,value in Millions,
2025-26,Q3,Chhattisgarh,Urban,Broadband,10.28,value in Millions,
2025-26,Q3,Chhattisgarh,Rural,Total,9.39,value in Millions,
2025-26,Q3,Chhattisgarh,Urban,Total,10.35,value in Millions,
2025-26,Q3,Chandigarh,Rural,Narrowband,0.0003,value in Millions,
2025-26,Q3,Chandigarh,Urban,Narrowband,0.01,value in Millions,
2025-26,Q3,Chandigarh,Rural,Broadband,0.04,value in Millions,
2025-26,Q3,Chandigarh,Urban,Broadband,1.44,value in Millions,
2025-26,Q3,Chandigarh,Rural,Total,0.04,value in Millions,
2025-26,Q3,Chandigarh,Urban,Total,1.45,value in Millions,
2025-26,Q3,Bihar,Rural,Narrowband,0.62,value in Millions,
2025-26,Q3,Bihar,Urban,Narrowband,0.14,value in Millions,
2025-26,Q3,Bihar,Rural,Broadband,40.04,value in Millions,
2025-26,Q3,Bihar,Urban,Broadband,17.96,value in Millions,
2025-26,Q3,Bihar,Rural,Total,40.66,value in Millions,
2025-26,Q3,Bihar,Urban,Total,18.09,value in Millions,
2025-26,Q3,Assam,Rural,Narrowband,0.09,value in Millions,
2025-26,Q3,Assam,Urban,Narrowband,0.06,value in Millions,
2025-26,Q3,Assam,Rural,Broadband,14.26,value in Millions,
2025-26,Q3,Assam,Urban,Broadband,7.17,value in Millions,
2025-26,Q3,Assam,Rural,Total,14.35,value in Millions,
2025-26,Q3,Assam,Urban,Total,7.22,value in Millions,
2025-26,Q3,Arunachal Pradesh,Rural,Narrowband,0.003,value in Millions,
2025-26,Q3,Arunachal Pradesh,Urban,Narrowband,0.003,value in Millions,
2025-26,Q3,Arunachal Pradesh,Rural,Broadband,0.73,value in Millions,
2025-26,Q3,Arunachal Pradesh,Urban,Broadband,0.44,value in Millions,
2025-26,Q3,Arunachal Pradesh,Rural,Total,0.73,value in Millions,
2025-26,Q3,Arunachal Pradesh,Urban,Total,0.45,value in Millions,
2025-26,Q3,Andhra Pradesh,Rural,Narrowband,0.45,value in Millions,
2025-26,Q3,Andhra Pradesh,Urban,Narrowband,0.6,value in Millions,
2025-26,Q3,Andhra Pradesh,Rural,Broadband,18.04,value in Millions,
2025-26,Q3,Andhra Pradesh,Urban,Broadband,17.96,value in Millions,
2025-26,Q3,Andhra Pradesh,Rural,Total,18.48,value in Millions,
2025-26,Q3,Andhra Pradesh,Urban,Total,18.57,value in Millions,
2025-26,Q3,Andaman and Nicobar Islands,Rural,Narrowband,0.03,value in Millions,
2025-26,Q3,Andaman and Nicobar Islands,Urban,Narrowband,0.03,value in Millions,
2025-26,Q3,Andaman and Nicobar Islands,Rural,Broadband,0.19,value in Millions,
2025-26,Q3,Andaman and Nicobar Islands,Urban,Broadband,0.19,value in Millions,
2025-26,Q3,Andaman and Nicobar Islands,Rural,Total,0.23,value in Millions,
2025-26,Q3,Andaman and Nicobar Islands,Urban,Total,0.22,value in Millions,
2025-26,Q2,West Bengal,Rural,Narrowband,0.4,value in Millions,
2025-26,Q2,West Bengal,Urban,Narrowband,0.16,value in Millions,
2025-26,Q2,West Bengal,Rural,Broadband,26.24,value in Millions,
2025-26,Q2,West Bengal,Urban,Broadband,21.18,value in Millions,
2025-26,Q2,West Bengal,Rural,Total,26.64,value in Millions,
2025-26,Q2,West Bengal,Urban,Total,21.34,value in Millions,
2025-26,Q2,Uttar Pradesh West,Rural,Narrowband,0.43,value in Millions,
2025-26,Q2,Uttar Pradesh West,Urban,Narrowband,0.32,value in Millions,
2025-26,Q2,Uttar Pradesh West,Rural,Broadband,23.18,value in Millions,
2025-26,Q2,Uttar Pradesh West,Urban,Broadband,28.42,value in Millions,
2025-26,Q2,Uttar Pradesh West,Rural,Total,23.61,value in Millions,
2025-26,Q2,Uttar Pradesh West,Urban,Total,28.74,value in Millions,
2025-26,Q2,Uttar Pradesh East,Rural,Narrowband,1.03,value in Millions,
2025-26,Q2,Uttar Pradesh East,Urban,Narrowband,0.46,value in Millions,
2025-26,Q2,Uttar Pradesh East,Rural,Broadband,48.05,value in Millions,
2025-26,Q2,Uttar Pradesh East,Urban,Broadband,34.0,value in Millions,
2025-26,Q2,Uttar Pradesh East,Rural,Total,49.08,value in Millions,
2025-26,Q2,Uttar Pradesh East,Urban,Total,34.46,value in Millions,
2025-26,Q2,Tamil Nadu,Rural,Narrowband,0.38,value in Millions,
2025-26,Q2,Tamil Nadu,Urban,Narrowband,0.97,value in Millions,
2025-26,Q2,Tamil Nadu,Rural,Broadband,19.07,value in Millions,
2025-26,Q2,Tamil Nadu,Urban,Broadband,46.73,value in Millions,
2025-26,Q2,Tamil Nadu,Rural,Total,19.46,value in Millions,
2025-26,Q2,Tamil Nadu,Urban,Total,47.7,value in Millions,
2025-26,Q2,Rajasthan,Rural,Narrowband,0.32,value in Millions,
2025-26,Q2,Rajasthan,Urban,Narrowband,0.48,value in Millions,
2025-26,Q2,Rajasthan,Rural,Broadband,26.22,value in Millions,
2025-26,Q2,Rajasthan,Urban,Broadband,27.06,value in Millions,
2025-26,Q2,Rajasthan,Rural,Total,26.55,value in Millions,
2025-26,Q2,Rajasthan,Urban,Total,27.54,value in Millions,
2025-26,Q2,Punjab,Rural,Narrowband,0.14,value in Millions,
2025-26,Q2,Punjab,Urban,Narrowband,0.28,value in Millions,
2025-26,Q2,Punjab,Rural,Broadband,9.86,value in Millions,
2025-26,Q2,Punjab,Urban,Broadband,19.33,value in Millions,
2025-26,Q2,Punjab,Rural,Total,10.0,value in Millions,
2025-26,Q2,Punjab,Urban,Total,19.61,value in Millions,
2025-26,Q2,Odisha,Rural,Narrowband,0.15,value in Millions,
2025-26,Q2,Odisha,Urban,Narrowband,0.06,value in Millions,
2025-26,Q2,Odisha,Rural,Broadband,17.82,value in Millions,
2025-26,Q2,Odisha,Urban,Broadband,10.08,value in Millions,
2025-26,Q2,Odisha,Rural,Total,17.97,value in Millions,
2025-26,Q2,Odisha,Urban,Total,10.14,value in Millions,
2025-26,Q2,North East,Rural,Narrowband,0.03,value in Millions,
2025-26,Q2,North East,Urban,Narrowband,0.04,value in Millions,
2025-26,Q2,North East,Rural,Broadband,5.67,value in Millions,
2025-26,Q2,North East,Urban,Broadband,5.29,value in Millions,
2025-26,Q2,North East,Rural,Total,5.7,value in Millions,
2025-26,Q2,North East,Urban,Total,5.33,value in Millions,
2025-26,Q2,Mumbai,Rural,Narrowband,0.03,value in Millions,
2025-26,Q2,Mumbai,Urban,Narrowband,0.61,value in Millions,
2025-26,Q2,Mumbai,Rural,Broadband,1.51,value in Millions,
2025-26,Q2,Mumbai,Urban,Broadband,31.29,value in Millions,
2025-26,Q2,Mumbai,Rural,Total,1.54,value in Millions,
2025-26,Q2,Mumbai,Urban,Total,31.9,value in Millions,
2025-26,Q2,Maharashtra,Rural,Narrowband,0.39,value in Millions,
2025-26,Q2,Maharashtra,Urban,Narrowband,0.5,value in Millions,
2025-26,Q2,Maharashtra,Rural,Broadband,33.35,value in Millions,
2025-26,Q2,Maharashtra,Urban,Broadband,48.4,value in Millions,
2025-26,Q2,Maharashtra,Rural,Total,33.73,value in Millions,
2025-26,Q2,Maharashtra,Urban,Total,48.9,value in Millions,
2025-26,Q2,Madhya Pradesh,Rural,Narrowband,0.34,value in Millions,
2025-26,Q2,Madhya Pradesh,Urban,Narrowband,0.34,value in Millions,
2025-26,Q2,Madhya Pradesh,Rural,Broadband,30.92,value in Millions,
2025-26,Q2,Madhya Pradesh,Urban,Broadband,40.8,value in Millions,
2025-26,Q2,Madhya Pradesh,Rural,Total,31.25,value in Millions,
2025-26,Q2,Madhya Pradesh,Urban,Total,41.14,value in Millions,
2025-26,Q2,Kolkata,Rural,Narrowband,0.01,value in Millions,
2025-26,Q2,Kolkata,Urban,Narrowband,0.21,value in Millions,
2025-26,Q2,Kolkata,Rural,Broadband,1.29,value in Millions,
2025-26,Q2,Kolkata,Urban,Broadband,18.68,value in Millions,
2025-26,Q2,Kolkata,Rural,Total,1.3,value in Millions,
2025-26,Q2,Kolkata,Urban,Total,18.88,value in Millions,
2025-26,Q2,Kerala,Rural,Narrowband,0.55,value in Millions,
2025-26,Q2,Kerala,Urban,Narrowband,0.47,value in Millions,
2025-26,Q2,Kerala,Rural,Broadband,17.51,value in Millions,
2025-26,Q2,Kerala,Urban,Broadband,19.33,value in Millions,
2025-26,Q2,Kerala,Rural,Total,18.05,value in Millions,
2025-26,Q2,Kerala,Urban,Total,19.81,value in Millions,
2025-26,Q2,Karnataka,Rural,Narrowband,1.22,value in Millions,
2025-26,Q2,Karnataka,Urban,Narrowband,2.37,value in Millions,
2025-26,Q2,Karnataka,Rural,Broadband,21.09,value in Millions,
2025-26,Q2,Karnataka,Urban,Broadband,39.41,value in Millions,
2025-26,Q2,Karnataka,Rural,Total,22.32,value in Millions,
2025-26,Q2,Karnataka,Urban,Total,41.78,value in Millions,
2025-26,Q2,Jammu and Kashmir,Rural,Narrowband,0.07,value in Millions,
2025-26,Q2,Jammu and Kashmir,Urban,Narrowband,0.04,value in Millions,
2025-26,Q2,Jammu and Kashmir,Rural,Broadband,5.38,value in Millions,
2025-26,Q2,Jammu and Kashmir,Urban,Broadband,5.66,value in Millions,
2025-26,Q2,Jammu and Kashmir,Rural,Total,5.45,value in Millions,
2025-26,Q2,Jammu and Kashmir,Urban,Total,5.7,value in Millions,
2025-26,Q2,Himachal Pradesh,Rural,Narrowband,0.04,value in Millions,
2025-26,Q2,Himachal Pradesh,Urban,Narrowband,0.03,value in Millions,
2025-26,Q2,Himachal Pradesh,Rural,Broadband,4.33,value in Millions,
2025-26,Q2,Himachal Pradesh,Urban,Broadband,2.73,value in Millions,
2025-26,Q2,Himachal Pradesh,Rural,Total,4.36,value in Millions,
2025-26,Q2,Himachal Pradesh,Urban,Total,2.76,value in Millions,
2025-26,Q2,Haryana,Rural,Narrowband,0.15,value in Millions,
2025-26,Q2,Haryana,Urban,Narrowband,0.82,value in Millions,
2025-26,Q2,Haryana,Rural,Broadband,9.73,value in Millions,
2025-26,Q2,Haryana,Urban,Broadband,10.71,value in Millions,
2025-26,Q2,Haryana,Rural,Total,9.88,value in Millions,
2025-26,Q2,Haryana,Urban,Total,11.52,value in Millions,
2025-26,Q2,Gujarat,Rural,Narrowband,0.2,value in Millions,
2025-26,Q2,Gujarat,Urban,Narrowband,0.31,value in Millions,
2025-26,Q2,Gujarat,Rural,Broadband,21.48,value in Millions,
2025-26,Q2,Gujarat,Urban,Broadband,37.61,value in Millions,
2025-26,Q2,Gujarat,Rural,Total,21.67,value in Millions,
2025-26,Q2,Gujarat,Urban,Total,37.92,value in Millions,
2025-26,Q2,Grand Total,Rural,Narrowband,7.56,value in Millions,
2025-26,Q2,Grand Total,Urban,Narrowband,14.63,value in Millions,
2025-26,Q2,Grand Total,Rural,Broadband,420.15,value in Millions,
2025-26,Q2,Grand Total,Urban,Broadband,575.48,value in Millions,
2025-26,Q2,Grand Total,Rural,Total,427.7,value in Millions,
2025-26,Q2,Grand Total,Urban,Total,590.11,value in Millions,
2025-26,Q2,Delhi,Rural,Narrowband,0.09,value in Millions,
2025-26,Q2,Delhi,Urban,Narrowband,5.04,value in Millions,
2025-26,Q2,Delhi,Rural,Broadband,1.46,value in Millions,
2025-26,Q2,Delhi,Urban,Broadband,52.76,value in Millions,
2025-26,Q2,Delhi,Rural,Total,1.55,value in Millions,
2025-26,Q2,Delhi,Urban,Total,57.8,value in Millions,
2025-26,Q2,Bihar,Rural,Narrowband,0.84,value in Millions,
2025-26,Q2,Bihar,Urban,Narrowband,0.26,value in Millions,
2025-26,Q2,Bihar,Rural,Broadband,50.94,value in Millions,
2025-26,Q2,Bihar,Urban,Broadband,27.07,value in Millions,
2025-26,Q2,Bihar,Rural,Total,51.78,value in Millions,
2025-26,Q2,Bihar,Urban,Total,27.32,value in Millions,
2025-26,Q2,Assam,Rural,Narrowband,0.1,value in Millions,
2025-26,Q2,Assam,Urban,Narrowband,0.07,value in Millions,
2025-26,Q2,Assam,Rural,Broadband,14.09,value in Millions,
2025-26,Q2,Assam,Urban,Broadband,7.16,value in Millions,
2025-26,Q2,Assam,Rural,Total,14.2,value in Millions,
2025-26,Q2,Assam,Urban,Total,7.22,value in Millions,
2025-26,Q2,Andhra Pradesh,Rural,Narrowband,0.65,value in Millions,
2025-26,Q2,Andhra Pradesh,Urban,Narrowband,0.78,value in Millions,
2025-26,Q2,Andhra Pradesh,Rural,Broadband,30.97,value in Millions,
2025-26,Q2,Andhra Pradesh,Urban,Broadband,41.79,value in Millions,
2025-26,Q2,Andhra Pradesh,Rural,Total,31.62,value in Millions,
2025-26,Q2,Andhra Pradesh,Urban,Total,42.57,value in Millions,
2025-26,Q1,Kerala,Rural,Narrowband,0.32,value in Millions,
2025-26,Q1,Kerala,Urban,Narrowband,0.48,value in Millions,
2025-26,Q1,Kerala,Rural,Broadband,17.21,value in Millions,
2025-26,Q1,Kerala,Urban,Broadband,19.02,value in Millions,
2025-26,Q1,Kerala,Rural,Total,17.53,value in Millions,
2025-26,Q1,Kerala,Urban,Total,19.5,value in Millions,
2025-26,Q1,Karnataka,Rural,Narrowband,1.16,value in Millions,
2025-26,Q1,Karnataka,Urban,Narrowband,2.42,value in Millions,
2025-26,Q1,Karnataka,Rural,Broadband,20.7,value in Millions,
2025-26,Q1,Karnataka,Urban,Broadband,38.13,value in Millions,
2025-26,Q1,Karnataka,Rural,Total,21.87,value in Millions,
2025-26,Q1,Karnataka,Urban,Total,40.55,value in Millions,
2025-26,Q1,Jammu and Kashmir,Rural,Narrowband,0.08,value in Millions,
2025-26,Q1,Jammu and Kashmir,Urban,Narrowband,0.05,value in Millions,
2025-26,Q1,Jammu and Kashmir,Rural,Broadband,5.2,value in Millions,
2025-26,Q1,Jammu and Kashmir,Urban,Broadband,5.47,value in Millions,
2025-26,Q1,Jammu and Kashmir,Rural,Total,5.28,value in Millions,
2025-26,Q1,Jammu and Kashmir,Urban,Total,5.51,value in Millions,
2025-26,Q1,Himachal Pradesh,Rural,Narrowband,0.04,value in Millions,
2025-26,Q1,Himachal Pradesh,Urban,Narrowband,0.03,value in Millions,
2025-26,Q1,Himachal Pradesh,Rural,Broadband,4.12,value in Millions,
2025-26,Q1,Himachal Pradesh,Urban,Broadband,2.65,value in Millions,
2025-26,Q1,Himachal Pradesh,Rural,Total,4.16,value in Millions,
2025-26,Q1,Himachal Pradesh,Urban,Total,2.68,value in Millions,
2025-26,Q1,Haryana,Rural,Narrowband,0.16,value in Millions,
2025-26,Q1,Haryana,Urban,Narrowband,0.82,value in Millions,
2025-26,Q1,Haryana,Rural,Broadband,9.69,value in Millions,
2025-26,Q1,Haryana,Urban,Broadband,10.48,value in Millions,
2025-26,Q1,Haryana,Rural,Total,9.85,value in Millions,
2025-26,Q1,Haryana,Urban,Total,11.3,value in Millions,
2025-26,Q1,Gujarat,Rural,Narrowband,0.2,value in Millions,
2025-26,Q1,Gujarat,Urban,Narrowband,0.39,value in Millions,
2025-26,Q1,Gujarat,Rural,Broadband,20.73,value in Millions,
2025-26,Q1,Gujarat,Urban,Broadband,37.51,value in Millions,
2025-26,Q1,Gujarat,Rural,Total,20.93,value in Millions,
2025-26,Q1,Gujarat,Urban,Total,37.89,value in Millions,
2025-26,Q1,Delhi,Rural,Narrowband,0.09,value in Millions,
2025-26,Q1,Delhi,Urban,Narrowband,5.25,value in Millions,
2025-26,Q1,Delhi,Rural,Broadband,1.45,value in Millions,
2025-26,Q1,Delhi,Urban,Broadband,52.05,value in Millions,
2025-26,Q1,Delhi,Rural,Total,1.54,value in Millions,
2025-26,Q1,Delhi,Urban,Total,57.31,value in Millions,
2025-26,Q1,Bihar,Rural,Narrowband,0.93,value in Millions,
2025-26,Q1,Bihar,Urban,Narrowband,0.3,value in Millions,
2025-26,Q1,Bihar,Rural,Broadband,50.1,value in Millions,
2025-26,Q1,Bihar,Urban,Broadband,26.24,value in Millions,
2025-26,Q1,Bihar,Rural,Total,51.03,value in Millions,
2025-26,Q1,Bihar,Urban,Total,26.54,value in Millions,
2025-26,Q1,Assam,Rural,Narrowband,0.11,value in Millions,
2025-26,Q1,Assam,Urban,Narrowband,0.07,value in Millions,
2025-26,Q1,Assam,Rural,Broadband,13.88,value in Millions,
2025-26,Q1,Assam,Urban,Broadband,6.99,value in Millions,
2025-26,Q1,Assam,Rural,Total,13.99,value in Millions,
2025-26,Q1,Assam,Urban,Total,7.05,value in Millions,
2025-26,Q1,Andhra Pradesh,Rural,Narrowband,0.67,value in Millions,
2025-26,Q1,Andhra Pradesh,Urban,Narrowband,0.78,value in Millions,
2025-26,Q1,Andhra Pradesh,Rural,Broadband,31.08,value in Millions,
2025-26,Q1,Andhra Pradesh,Urban,Broadband,41.6,value in Millions,
2025-26,Q1,Andhra Pradesh,Rural,Total,31.75,value in Millions,
2025-26,Q1,Andhra Pradesh,Urban,Total,42.38,value in Millions,
2024-25,Q4,West Bengal,Rural,Narrowband,0.47,value in Millions,
2024-25,Q4,West Bengal,Urban,Narrowband,0.18,value in Millions,
2024-25,Q4,West Bengal,Rural,Broadband,24.37,value in Millions,
2024-25,Q4,West Bengal,Urban,Broadband,20.24,value in Millions,
2024-25,Q4,West Bengal,Rural,Total,24.84,value in Millions,
2024-25,Q4,West Bengal,Urban,Total,20.42,value in Millions,
2024-25,Q4,Uttar Pradesh West,Rural,Narrowband,0.48,value in Millions,
2024-25,Q4,Uttar Pradesh West,Urban,Narrowband,0.36,value in Millions,
2024-25,Q4,Uttar Pradesh West,Rural,Broadband,22.44,value in Millions,
2024-25,Q4,Uttar Pradesh West,Urban,Broadband,26.42,value in Millions,
2024-25,Q4,Uttar Pradesh West,Rural,Total,22.93,value in Millions,
2024-25,Q4,Uttar Pradesh West,Urban,Total,26.78,value in Millions,
2024-25,Q4,Uttar Pradesh East,Rural,Narrowband,1.29,value in Millions,
2024-25,Q4,Uttar Pradesh East,Urban,Narrowband,0.54,value in Millions,
2024-25,Q4,Uttar Pradesh East,Rural,Broadband,45.17,value in Millions,
2024-25,Q4,Uttar Pradesh East,Urban,Broadband,31.84,value in Millions,
2024-25,Q4,Uttar Pradesh East,Rural,Total,46.46,value in Millions,
2024-25,Q4,Uttar Pradesh East,Urban,Total,32.38,value in Millions,
2024-25,Q4,Tamil Nadu,Rural,Narrowband,0.56,value in Millions,
2024-25,Q4,Tamil Nadu,Urban,Narrowband,0.92,value in Millions,
2024-25,Q4,Tamil Nadu,Rural,Broadband,17.81,value in Millions,
2024-25,Q4,Tamil Nadu,Urban,Broadband,45.34,value in Millions,
2024-25,Q4,Tamil Nadu,Rural,Total,18.37,value in Millions,
2024-25,Q4,Tamil Nadu,Urban,Total,46.26,value in Millions,
2024-25,Q4,Rajasthan,Rural,Narrowband,0.41,value in Millions,
2024-25,Q4,Rajasthan,Urban,Narrowband,0.58,value in Millions,
2024-25,Q4,Rajasthan,Rural,Broadband,25.66,value in Millions,
2024-25,Q4,Rajasthan,Urban,Broadband,25.4,value in Millions,
2024-25,Q4,Rajasthan,Rural,Total,26.07,value in Millions,
2024-25,Q4,Rajasthan,Urban,Total,25.97,value in Millions,
2024-25,Q4,Punjab,Rural,Narrowband,0.16,value in Millions,
2024-25,Q4,Punjab,Urban,Narrowband,0.32,value in Millions,
2024-25,Q4,Punjab,Rural,Broadband,9.48,value in Millions,
2024-25,Q4,Punjab,Urban,Broadband,18.69,value in Millions,
2024-25,Q4,Punjab,Rural,Total,9.64,value in Millions,
2024-25,Q4,Punjab,Urban,Total,19.01,value in Millions,
2024-25,Q4,Odisha,Rural,Narrowband,0.22,value in Millions,
2024-25,Q4,Odisha,Urban,Narrowband,0.09,value in Millions,
2024-25,Q4,Odisha,Rural,Broadband,16.88,value in Millions,
2024-25,Q4,Odisha,Urban,Broadband,8.7,value in Millions,
2024-25,Q4,Odisha,Rural,Total,17.1,value in Millions,
2024-25,Q4,Odisha,Urban,Total,8.79,value in Millions,
2024-25,Q4,North East,Rural,Narrowband,0.05,value in Millions,
2024-25,Q4,North East,Urban,Narrowband,0.06,value in Millions,
2024-25,Q4,North East,Rural,Broadband,5.39,value in Millions,
2024-25,Q4,North East,Urban,Broadband,4.91,value in Millions,
2024-25,Q4,North East,Rural,Total,5.44,value in Millions,
2024-25,Q4,North East,Urban,Total,4.97,value in Millions,
2024-25,Q4,Mumbai,Rural,Narrowband,0.02,value in Millions,
2024-25,Q4,Mumbai,Urban,Narrowband,0.72,value in Millions,
2024-25,Q4,Mumbai,Rural,Broadband,1.28,value in Millions,
2024-25,Q4,Mumbai,Urban,Broadband,30.45,value in Millions,
2024-25,Q4,Mumbai,Rural,Total,1.3,value in Millions,
2024-25,Q4,Mumbai,Urban,Total,31.17,value in Millions,
2024-25,Q4,Maharashtra,Rural,Narrowband,0.53,value in Millions,
2024-25,Q4,Maharashtra,Urban,Narrowband,0.65,value in Millions,
2024-25,Q4,Maharashtra,Rural,Broadband,31.63,value in Millions,
2024-25,Q4,Maharashtra,Urban,Broadband,46.58,value in Millions,
2024-25,Q4,Maharashtra,Rural,Total,32.16,value in Millions,
2024-25,Q4,Maharashtra,Urban,Total,47.23,value in Millions,
2024-25,Q4,Madhya Pradesh,Rural,Narrowband,0.44,value in Millions,
2024-25,Q4,Madhya Pradesh,Urban,Narrowband,0.43,value in Millions,
2024-25,Q4,Madhya Pradesh,Rural,Broadband,29.24,value in Millions,
2024-25,Q4,Madhya Pradesh,Urban,Broadband,36.89,value in Millions,
2024-25,Q4,Madhya Pradesh,Rural,Total,29.69,value in Millions,
2024-25,Q4,Madhya Pradesh,Urban,Total,37.32,value in Millions,
2024-25,Q4,Kolkata,Rural,Narrowband,0.01,value in Millions,
2024-25,Q4,Kolkata,Urban,Narrowband,0.27,value in Millions,
2024-25,Q4,Kolkata,Rural,Broadband,1.35,value in Millions,
2024-25,Q4,Kolkata,Urban,Broadband,17.93,value in Millions,
2024-25,Q4,Kolkata,Rural,Total,1.37,value in Millions,
2024-25,Q4,Kolkata,Urban,Total,18.19,value in Millions,
2024-25,Q4,Kerala,Rural,Narrowband,0.34,value in Millions,
2024-25,Q4,Kerala,Urban,Narrowband,0.5,value in Millions,
2024-25,Q4,Kerala,Rural,Broadband,17.93,value in Millions,
2024-25,Q4,Kerala,Urban,Broadband,17.35,value in Millions,
2024-25,Q4,Kerala,Rural,Total,18.27,value in Millions,
2024-25,Q4,Kerala,Urban,Total,17.85,value in Millions,
2024-25,Q4,Karnataka,Rural,Narrowband,1.22,value in Millions,
2024-25,Q4,Karnataka,Urban,Narrowband,2.52,value in Millions,
2024-25,Q4,Karnataka,Rural,Broadband,20.25,value in Millions,
2024-25,Q4,Karnataka,Urban,Broadband,36.31,value in Millions,
2024-25,Q4,Karnataka,Rural,Total,21.47,value in Millions,
2024-25,Q4,Karnataka,Urban,Total,38.83,value in Millions,
2024-25,Q4,Jammu and Kashmir,Rural,Narrowband,0.09,value in Millions,
2024-25,Q4,Jammu and Kashmir,Urban,Narrowband,0.05,value in Millions,
2024-25,Q4,Jammu and Kashmir,Rural,Broadband,4.8,value in Millions,
2024-25,Q4,Jammu and Kashmir,Urban,Broadband,5.4,value in Millions,
2024-25,Q4,Jammu and Kashmir,Rural,Total,4.89,value in Millions,
2024-25,Q4,Jammu and Kashmir,Urban,Total,5.45,value in Millions,
2024-25,Q4,Himachal Pradesh,Rural,Narrowband,0.04,value in Millions,
2024-25,Q4,Himachal Pradesh,Urban,Narrowband,0.03,value in Millions,
2024-25,Q4,Himachal Pradesh,Rural,Broadband,3.96,value in Millions,
2024-25,Q4,Himachal Pradesh,Urban,Broadband,2.64,value in Millions,
2024-25,Q4,Himachal Pradesh,Rural,Total,4.0,value in Millions,
2024-25,Q4,Himachal Pradesh,Urban,Total,2.67,value in Millions,
2024-25,Q4,Haryana,Rural,Narrowband,0.17,value in Millions,
2024-25,Q4,Haryana,Urban,Narrowband,0.8,value in Millions,
2024-25,Q4,Haryana,Rural,Broadband,9.51,value in Millions,
2024-25,Q4,Haryana,Urban,Broadband,10.28,value in Millions,
2024-25,Q4,Haryana,Rural,Total,9.68,value in Millions,
2024-25,Q4,Haryana,Urban,Total,11.08,value in Millions,
2024-25,Q4,Gujarat,Rural,Narrowband,0.24,value in Millions,
2024-25,Q4,Gujarat,Urban,Narrowband,0.41,value in Millions,
2024-25,Q4,Gujarat,Rural,Broadband,19.24,value in Millions,
2024-25,Q4,Gujarat,Urban,Broadband,36.81,value in Millions,
2024-25,Q4,Gujarat,Rural,Total,19.48,value in Millions,
2024-25,Q4,Gujarat,Urban,Total,37.22,value in Millions,
2024-25,Q4,Grand Total,Rural,Narrowband,8.84,value in Millions,
2024-25,Q4,Grand Total,Urban,Narrowband,16.14,value in Millions,
2024-25,Q4,Grand Total,Rural,Broadband,398.85,value in Millions,
2024-25,Q4,Grand Total,Urban,Broadband,545.28,value in Millions,
2024-25,Q4,Grand Total,Rural,Total,407.69,value in Millions,
2024-25,Q4,Grand Total,Urban,Total,561.42,value in Millions,
2024-25,Q4,Delhi,Rural,Narrowband,0.1,value in Millions,
2024-25,Q4,Delhi,Urban,Narrowband,5.48,value in Millions,
2024-25,Q4,Delhi,Rural,Broadband,1.48,value in Millions,
2024-25,Q4,Delhi,Urban,Broadband,50.58,value in Millions,
2024-25,Q4,Delhi,Rural,Total,1.58,value in Millions,
2024-25,Q4,Delhi,Urban,Total,56.06,value in Millions,
2024-25,Q4,Bihar,Rural,Narrowband,1.09,value in Millions,
2024-25,Q4,Bihar,Urban,Narrowband,0.35,value in Millions,
2024-25,Q4,Bihar,Rural,Broadband,47.41,value in Millions,
2024-25,Q4,Bihar,Urban,Broadband,24.88,value in Millions,
2024-25,Q4,Bihar,Rural,Total,48.51,value in Millions,
2024-25,Q4,Bihar,Urban,Total,25.23,value in Millions,
2024-25,Q4,Assam,Rural,Narrowband,0.14,value in Millions,
2024-25,Q4,Assam,Urban,Narrowband,0.08,value in Millions,
2024-25,Q4,Assam,Rural,Broadband,13.24,value in Millions,
2024-25,Q4,Assam,Urban,Broadband,6.87,value in Millions,
2024-25,Q4,Assam,Rural,Total,13.38,value in Millions,
2024-25,Q4,Assam,Urban,Total,6.95,value in Millions,
2024-25,Q4,Andhra Pradesh,Rural,Narrowband,0.74,value in Millions,
2024-25,Q4,Andhra Pradesh,Urban,Narrowband,0.81,value in Millions,
2024-25,Q4,Andhra Pradesh,Rural,Broadband,30.31,value in Millions,
2024-25,Q4,Andhra Pradesh,Urban,Broadband,40.79,value in Millions,
2024-25,Q4,Andhra Pradesh,Rural,Total,31.05,value in Millions,
2024-25,Q4,Andhra Pradesh,Urban,Total,41.6,value in Millions,
2024-25,Q3,West Bengal,Rural,Narrowband,0.5,value in Millions,
2024-25,Q3,West Bengal,Urban,Narrowband,0.18,value in Millions,
2024-25,Q3,West Bengal,Rural,Broadband,24.26,value in Millions,
2024-25,Q3,West Bengal,Urban,Broadband,20.4,value in Millions,
2024-25,Q3,West Bengal,Rural,Total,24.76,value in Millions,
2024-25,Q3,West Bengal,Urban,Total,20.58,value in Millions,
2024-25,Q3,Uttar Pradesh West,Rural,Narrowband,0.32,value in Millions,
2024-25,Q3,Uttar Pradesh West,Urban,Narrowband,0.57,value in Millions,
2024-25,Q3,Uttar Pradesh West,Rural,Broadband,22.49,value in Millions,
2024-25,Q3,Uttar Pradesh West,Urban,Broadband,26.6,value in Millions,
2024-25,Q3,Uttar Pradesh West,Rural,Total,22.81,value in Millions,
2024-25,Q3,Uttar Pradesh West,Urban,Total,27.17,value in Millions,
2024-25,Q3,Uttar Pradesh East,Rural,Narrowband,1.32,value in Millions,
2024-25,Q3,Uttar Pradesh East,Urban,Narrowband,0.56,value in Millions,
2024-25,Q3,Uttar Pradesh East,Rural,Broadband,45.04,value in Millions,
2024-25,Q3,Uttar Pradesh East,Urban,Broadband,32.07,value in Millions,
2024-25,Q3,Uttar Pradesh East,Rural,Total,46.36,value in Millions,
2024-25,Q3,Uttar Pradesh East,Urban,Total,32.63,value in Millions,
2024-25,Q3,Tamil Nadu,Rural,Narrowband,0.55,value in Millions,
2024-25,Q3,Tamil Nadu,Urban,Narrowband,0.95,value in Millions,
2024-25,Q3,Tamil Nadu,Rural,Broadband,17.26,value in Millions,
2024-25,Q3,Tamil Nadu,Urban,Broadband,45.48,value in Millions,
2024-25,Q3,Tamil Nadu,Rural,Total,17.81,value in Millions,
2024-25,Q3,Tamil Nadu,Urban,Total,46.43,value in Millions,
2024-25,Q3,Rajasthan,Rural,Narrowband,0.43,value in Millions,
2024-25,Q3,Rajasthan,Urban,Narrowband,0.59,value in Millions,
2024-25,Q3,Rajasthan,Rural,Broadband,25.58,value in Millions,
2024-25,Q3,Rajasthan,Urban,Broadband,25.47,value in Millions,
2024-25,Q3,Rajasthan,Rural,Total,26.01,value in Millions,
2024-25,Q3,Rajasthan,Urban,Total,26.07,value in Millions,
2024-25,Q3,Punjab,Rural,Narrowband,0.15,value in Millions,
2024-25,Q3,Punjab,Urban,Narrowband,0.35,value in Millions,
2024-25,Q3,Punjab,Rural,Broadband,9.47,value in Millions,
2024-25,Q3,Punjab,Urban,Broadband,18.83,value in Millions,
2024-25,Q3,Punjab,Rural,Total,9.62,value in Millions,
2024-25,Q3,Punjab,Urban,Total,19.18,value in Millions,
2024-25,Q3,Odisha,Rural,Narrowband,0.23,value in Millions,
2024-25,Q3,Odisha,Urban,Narrowband,0.09,value in Millions,
2024-25,Q3,Odisha,Rural,Broadband,16.94,value in Millions,
2024-25,Q3,Odisha,Urban,Broadband,8.66,value in Millions,
2024-25,Q3,Odisha,Rural,Total,17.16,value in Millions,
2024-25,Q3,Odisha,Urban,Total,8.75,value in Millions,
2024-25,Q3,North East,Rural,Narrowband,0.05,value in Millions,
2024-25,Q3,North East,Urban,Narrowband,0.06,value in Millions,
2024-25,Q3,North East,Rural,Broadband,5.39,value in Millions,
2024-25,Q3,North East,Urban,Broadband,4.93,value in Millions,
2024-25,Q3,North East,Rural,Total,5.44,value in Millions,
2024-25,Q3,North East,Urban,Total,4.98,value in Millions,
2024-25,Q3,Mumbai,Rural,Narrowband,0.02,value in Millions,
2024-25,Q3,Mumbai,Urban,Narrowband,0.75,value in Millions,
2024-25,Q3,Mumbai,Rural,Broadband,1.27,value in Millions,
2024-25,Q3,Mumbai,Urban,Broadband,30.75,value in Millions,
2024-25,Q3,Mumbai,Rural,Total,1.29,value in Millions,
2024-25,Q3,Mumbai,Urban,Total,31.5,value in Millions,
2024-25,Q3,Maharashtra,Rural,Narrowband,0.58,value in Millions,
2024-25,Q3,Maharashtra,Urban,Narrowband,0.68,value in Millions,
2024-25,Q3,Maharashtra,Rural,Broadband,31.82,value in Millions,
2024-25,Q3,Maharashtra,Urban,Broadband,46.72,value in Millions,
2024-25,Q3,Maharashtra,Rural,Total,32.4,value in Millions,
2024-25,Q3,Maharashtra,Urban,Total,47.4,value in Millions,
2024-25,Q3,Madhya Pradesh,Rural,Narrowband,0.48,value in Millions,
2024-25,Q3,Madhya Pradesh,Urban,Narrowband,0.45,value in Millions,
2024-25,Q3,Madhya Pradesh,Rural,Broadband,29.21,value in Millions,
2024-25,Q3,Madhya Pradesh,Urban,Broadband,37.05,value in Millions,
2024-25,Q3,Madhya Pradesh,Rural,Total,29.69,value in Millions,
2024-25,Q3,Madhya Pradesh,Urban,Total,37.51,value in Millions,
2024-25,Q3,Kolkata,Rural,Narrowband,0.02,value in Millions,
2024-25,Q3,Kolkata,Urban,Narrowband,0.28,value in Millions,
2024-25,Q3,Kolkata,Rural,Broadband,1.35,value in Millions,
2024-25,Q3,Kolkata,Urban,Broadband,18.02,value in Millions,
2024-25,Q3,Kolkata,Rural,Total,1.37,value in Millions,
2024-25,Q3,Kolkata,Urban,Total,18.3,value in Millions,
2024-25,Q3,Kerala,Rural,Narrowband,0.34,value in Millions,
2024-25,Q3,Kerala,Urban,Narrowband,0.5,value in Millions,
2024-25,Q3,Kerala,Rural,Broadband,17.55,value in Millions,
2024-25,Q3,Kerala,Urban,Broadband,17.54,value in Millions,
2024-25,Q3,Kerala,Rural,Total,17.89,value in Millions,
2024-25,Q3,Kerala,Urban,Total,18.04,value in Millions,
2024-25,Q3,Karnataka,Rural,Narrowband,1.2,value in Millions,
2024-25,Q3,Karnataka,Urban,Narrowband,2.46,value in Millions,
2024-25,Q3,Karnataka,Rural,Broadband,20.24,value in Millions,
2024-25,Q3,Karnataka,Urban,Broadband,36.38,value in Millions,
2024-25,Q3,Karnataka,Rural,Total,21.44,value in Millions,
2024-25,Q3,Karnataka,Urban,Total,38.85,value in Millions,
2024-25,Q3,Jammu and Kashmir,Rural,Narrowband,0.09,value in Millions,
2024-25,Q3,Jammu and Kashmir,Urban,Narrowband,0.06,value in Millions,
2024-25,Q3,Jammu and Kashmir,Rural,Broadband,4.79,value in Millions,
2024-25,Q3,Jammu and Kashmir,Urban,Broadband,5.44,value in Millions,
2024-25,Q3,Jammu and Kashmir,Rural,Total,4.89,value in Millions,
2024-25,Q3,Jammu and Kashmir,Urban,Total,5.49,value in Millions,
2024-25,Q3,Himachal Pradesh,Rural,Narrowband,0.04,value in Millions,
2024-25,Q3,Himachal Pradesh,Urban,Narrowband,0.04,value in Millions,
2024-25,Q3,Himachal Pradesh,Rural,Broadband,3.95,value in Millions,
2024-25,Q3,Himachal Pradesh,Urban,Broadband,2.67,value in Millions,
2024-25,Q3,Himachal Pradesh,Rural,Total,3.99,value in Millions,
2024-25,Q3,Himachal Pradesh,Urban,Total,2.71,value in Millions,
2024-25,Q3,Haryana,Rural,Narrowband,0.18,value in Millions,
2024-25,Q3,Haryana,Urban,Narrowband,0.83,value in Millions,
2024-25,Q3,Haryana,Rural,Broadband,9.46,value in Millions,
2024-25,Q3,Haryana,Urban,Broadband,10.27,value in Millions,
2024-25,Q3,Haryana,Rural,Total,9.64,value in Millions,
2024-25,Q3,Haryana,Urban,Total,11.1,value in Millions,
2024-25,Q3,Gujarat,Rural,Narrowband,0.25,value in Millions,
2024-25,Q3,Gujarat,Urban,Narrowband,0.43,value in Millions,
2024-25,Q3,Gujarat,Rural,Broadband,19.52,value in Millions,
2024-25,Q3,Gujarat,Urban,Broadband,36.57,value in Millions,
2024-25,Q3,Gujarat,Rural,Total,19.77,value in Millions,
2024-25,Q3,Gujarat,Urban,Total,36.99,value in Millions,
2024-25,Q3,Grand Total,Rural,Narrowband,8.82,value in Millions,
2024-25,Q3,Grand Total,Urban,Narrowband,16.38,value in Millions,
2024-25,Q3,Grand Total,Rural,Broadband,398.15,value in Millions,
2024-25,Q3,Grand Total,Urban,Broadband,546.81,value in Millions,
2024-25,Q3,Grand Total,Rural,Total,406.97,value in Millions,
2024-25,Q3,Grand Total,Urban,Total,563.19,value in Millions,
2024-25,Q3,Delhi,Rural,Narrowband,0.08,value in Millions,
2024-25,Q3,Delhi,Urban,Narrowband,5.3,value in Millions,
2024-25,Q3,Delhi,Rural,Broadband,1.44,value in Millions,
2024-25,Q3,Delhi,Urban,Broadband,50.5,value in Millions,
2024-25,Q3,Delhi,Rural,Total,1.52,value in Millions,
2024-25,Q3,Delhi,Urban,Total,55.79,value in Millions,
2024-25,Q3,Bihar,Rural,Narrowband,1.06,value in Millions,
2024-25,Q3,Bihar,Urban,Narrowband,0.39,value in Millions,
2024-25,Q3,Bihar,Rural,Broadband,47.47,value in Millions,
2024-25,Q3,Bihar,Urban,Broadband,24.69,value in Millions,
2024-25,Q3,Bihar,Rural,Total,48.53,value in Millions,
2024-25,Q3,Bihar,Urban,Total,25.08,value in Millions,
2024-25,Q3,Assam,Rural,Narrowband,0.14,value in Millions,
2024-25,Q3,Assam,Urban,Narrowband,0.08,value in Millions,
2024-25,Q3,Assam,Rural,Broadband,13.24,value in Millions,
2024-25,Q3,Assam,Urban,Broadband,6.9,value in Millions,
2024-25,Q3,Assam,Rural,Total,13.38,value in Millions,
2024-25,Q3,Assam,Urban,Total,6.98,value in Millions,
2024-25,Q3,Andhra Pradesh,Rural,Narrowband,0.78,value in Millions,
2024-25,Q3,Andhra Pradesh,Urban,Narrowband,0.8,value in Millions,
2024-25,Q3,Andhra Pradesh,Rural,Broadband,30.42,value in Millions,
2024-25,Q3,Andhra Pradesh,Urban,Broadband,40.86,value in Millions,
2024-25,Q3,Andhra Pradesh,Rural,Total,31.19,value in Millions,
2024-25,Q3,Andhra Pradesh,Urban,Total,41.66,value in Millions,
2024-25,Q2,West Bengal,Rural,Narrowband,0.62,value in Millions,
2024-25,Q2,West Bengal,Urban,Narrowband,0.57,value in Millions,
2024-25,Q2,West Bengal,Rural,Broadband,24.65,value in Millions,
2024-25,Q2,West Bengal,Urban,Broadband,38.13,value in Millions,
2024-25,Q2,West Bengal,Rural,Total,25.27,value in Millions,
2024-25,Q2,West Bengal,Urban,Total,38.7,value in Millions,
2024-25,Q2,Uttarakhand,Rural,Narrowband,0.07,value in Millions,
2024-25,Q2,Uttarakhand,Urban,Narrowband,0.07,value in Millions,
2024-25,Q2,Uttarakhand,Rural,Broadband,4.68,value in Millions,
2024-25,Q2,Uttarakhand,Urban,Broadband,5.08,value in Millions,
2024-25,Q2,Uttarakhand,Rural,Total,4.75,value in Millions,
2024-25,Q2,Uttarakhand,Urban,Total,5.15,value in Millions,
2024-25,Q2,Uttar Pradesh East and West,Rural,Narrowband,1.8,value in Millions,
2024-25,Q2,Uttar Pradesh East and West,Urban,Narrowband,2.45,value in Millions,
2024-25,Q2,Uttar Pradesh East and West,Rural,Broadband,62.84,value in Millions,
2024-25,Q2,Uttar Pradesh East and West,Urban,Broadband,64.47,value in Millions,
2024-25,Q2,Uttar Pradesh East and West,Rural,Total,64.64,value in Millions,
2024-25,Q2,Uttar Pradesh East and West,Urban,Total,66.93,value in Millions,
2024-25,Q2,Tripura,Rural,Narrowband,0.02,value in Millions,
2024-25,Q2,Tripura,Urban,Narrowband,0.02,value in Millions,
2024-25,Q2,Tripura,Rural,Broadband,1.05,value in Millions,
2024-25,Q2,Tripura,Urban,Broadband,1.12,value in Millions,
2024-25,Q2,Tripura,Rural,Total,1.06,value in Millions,
2024-25,Q2,Tripura,Urban,Total,1.14,value in Millions,
2024-25,Q2,Total,Rural,Narrowband,9.94,value in Millions,
2024-25,Q2,Total,Urban,Narrowband,17.17,value in Millions,
2024-25,Q2,Total,Rural,Broadband,395.4,value in Millions,
2024-25,Q2,Total,Urban,Broadband,548.99,value in Millions,
2024-25,Q2,Total,Rural,Total,405.33,value in Millions,
2024-25,Q2,Total,Urban,Total,566.16,value in Millions,
2024-25,Q2,Telangana,Rural,Narrowband,0.37,value in Millions,
2024-25,Q2,Telangana,Urban,Narrowband,0.38,value in Millions,
2024-25,Q2,Telangana,Rural,Broadband,12.84,value in Millions,
2024-25,Q2,Telangana,Urban,Broadband,22.84,value in Millions,
2024-25,Q2,Telangana,Rural,Total,13.21,value in Millions,
2024-25,Q2,Telangana,Urban,Total,23.22,value in Millions,
2024-25,Q2,Tamil Nadu,Rural,Narrowband,0.59,value in Millions,
2024-25,Q2,Tamil Nadu,Urban,Narrowband,0.98,value in Millions,
2024-25,Q2,Tamil Nadu,Rural,Broadband,16.88,value in Millions,
2024-25,Q2,Tamil Nadu,Urban,Broadband,44.76,value in Millions,
2024-25,Q2,Tamil Nadu,Rural,Total,17.46,value in Millions,
2024-25,Q2,Tamil Nadu,Urban,Total,45.74,value in Millions,
2024-25,Q2,Sikkim,Rural,Narrowband,0.01,value in Millions,
2024-25,Q2,Sikkim,Urban,Narrowband,0.0,value in Millions,
2024-25,Q2,Sikkim,Rural,Broadband,0.36,value in Millions,
2024-25,Q2,Sikkim,Urban,Broadband,0.29,value in Millions,
2024-25,Q2,Sikkim,Rural,Total,0.37,value in Millions,
2024-25,Q2,Sikkim,Urban,Total,0.29,value in Millions,
2024-25,Q2,Rajasthan,Rural,Narrowband,0.49,value in Millions,
2024-25,Q2,Rajasthan,Urban,Narrowband,0.6,value in Millions,
2024-25,Q2,Rajasthan,Rural,Broadband,25.34,value in Millions,
2024-25,Q2,Rajasthan,Urban,Broadband,25.99,value in Millions,
2024-25,Q2,Rajasthan,Rural,Total,25.83,value in Millions,
2024-25,Q2,Rajasthan,Urban,Total,26.59,value in Millions,
2024-25,Q2,Punjab,Rural,Narrowband,0.18,value in Millions,
2024-25,Q2,Punjab,Urban,Narrowband,0.34,value in Millions,
2024-25,Q2,Punjab,Rural,Broadband,9.31,value in Millions,
2024-25,Q2,Punjab,Urban,Broadband,17.43,value in Millions,
2024-25,Q2,Punjab,Rural,Total,9.49,value in Millions,
2024-25,Q2,Punjab,Urban,Total,17.77,value in Millions,
2024-25,Q2,Puducherry,Rural,Narrowband,0.01,value in Millions,
2024-25,Q2,Puducherry,Urban,Narrowband,0.01,value in Millions,
2024-25,Q2,Puducherry,Rural,Broadband,0.25,value in Millions,
2024-25,Q2,Puducherry,Urban,Broadband,0.45,value in Millions,
2024-25,Q2,Puducherry,Rural,Total,0.26,value in Millions,
2024-25,Q2,Puducherry,Urban,Total,0.45,value in Millions,
2024-25,Q2,Odisha,Rural,Narrowband,0.27,value in Millions,
2024-25,Q2,Odisha,Urban,Narrowband,0.1,value in Millions,
2024-25,Q2,Odisha,Rural,Broadband,16.64,value in Millions,
2024-25,Q2,Odisha,Urban,Broadband,8.67,value in Millions,
2024-25,Q2,Odisha,Rural,Total,16.91,value in Millions,
2024-25,Q2,Odisha,Urban,Total,8.77,value in Millions,
2024-25,Q2,Nagaland,Rural,Narrowband,0.01,value in Millions,
2024-25,Q2,Nagaland,Urban,Narrowband,0.01,value in Millions,
2024-25,Q2,Nagaland,Rural,Broadband,0.96,value in Millions,
2024-25,Q2,Nagaland,Urban,Broadband,0.68,value in Millions,
2024-25,Q2,Nagaland,Rural,Total,0.97,value in Millions,
2024-25,Q2,Nagaland,Urban,Total,0.69,value in Millions,
2024-25,Q2,Mizoram,Rural,Narrowband,0.004,value in Millions,
2024-25,Q2,Mizoram,Urban,Narrowband,0.01,value in Millions,
2024-25,Q2,Mizoram,Rural,Broadband,0.53,value in Millions,
2024-25,Q2,Mizoram,Urban,Broadband,0.71,value in Millions,
2024-25,Q2,Mizoram,Rural,Total,0.53,value in Millions,
2024-25,Q2,Mizoram,Urban,Total,0.72,value in Millions,
2024-25,Q2,Meghalaya,Rural,Narrowband,0.01,value in Millions,
2024-25,Q2,Meghalaya,Urban,Narrowband,0.01,value in Millions,
2024-25,Q2,Meghalaya,Rural,Broadband,1.32,value in Millions,
2024-25,Q2,Meghalaya,Urban,Broadband,0.75,value in Millions,
2024-25,Q2,Meghalaya,Rural,Total,1.34,value in Millions,
2024-25,Q2,Meghalaya,Urban,Total,0.76,value in Millions,
2024-25,Q2,Manipur,Rural,Narrowband,0.01,value in Millions,
2024-25,Q2,Manipur,Urban,Narrowband,0.01,value in Millions,
2024-25,Q2,Manipur,Rural,Broadband,0.95,value in Millions,
2024-25,Q2,Manipur,Urban,Broadband,1.32,value in Millions,
2024-25,Q2,Manipur,Rural,Total,0.96,value in Millions,
2024-25,Q2,Manipur,Urban,Total,1.33,value in Millions,
2024-25,Q2,Maharashtra,Rural,Narrowband,0.63,value in Millions,
2024-25,Q2,Maharashtra,Urban,Narrowband,1.46,value in Millions,
2024-25,Q2,Maharashtra,Rural,Broadband,33.4,value in Millions,
2024-25,Q2,Maharashtra,Urban,Broadband,75.05,value in Millions,
2024-25,Q2,Maharashtra,Rural,Total,34.03,value in Millions,
2024-25,Q2,Maharashtra,Urban,Total,76.52,value in Millions,
2024-25,Q2,Madhya Pradesh,Rural,Narrowband,0.46,value in Millions,
2024-25,Q2,Madhya Pradesh,Urban,Narrowband,0.38,value in Millions,
2024-25,Q2,Madhya Pradesh,Rural,Broadband,20.68,value in Millions,
2024-25,Q2,Madhya Pradesh,Urban,Broadband,28.85,value in Millions,
2024-25,Q2,Madhya Pradesh,Rural,Total,21.15,value in Millions,
2024-25,Q2,Madhya Pradesh,Urban,Total,29.22,value in Millions,
2024-25,Q2,Lakshadweep,Rural,Narrowband,0.02,value in Millions,
2024-25,Q2,Lakshadweep,Urban,Narrowband,2e-05,value in Millions,
2024-25,Q2,Lakshadweep,Rural,Broadband,0.04,value in Millions,
2024-25,Q2,Lakshadweep,Urban,Broadband,0.003,value in Millions,
2024-25,Q2,Lakshadweep,Rural,Total,0.06,value in Millions,
2024-25,Q2,Lakshadweep,Urban,Total,0.003,value in Millions,
2024-25,Q2,Ladakh,Rural,Narrowband,0.002,value in Millions,
2024-25,Q2,Ladakh,Urban,Narrowband,0.004,value in Millions,
2024-25,Q2,Ladakh,Rural,Broadband,0.32,value in Millions,
2024-25,Q2,Ladakh,Urban,Broadband,0.11,value in Millions,
2024-25,Q2,Ladakh,Rural,Total,0.32,value in Millions,
2024-25,Q2,Ladakh,Urban,Total,0.12,value in Millions,
2024-25,Q2,Kerala,Rural,Narrowband,0.38,value in Millions,
2024-25,Q2,Kerala,Urban,Narrowband,0.52,value in Millions,
2024-25,Q2,Kerala,Rural,Broadband,17.17,value in Millions,
2024-25,Q2,Kerala,Urban,Broadband,17.5,value in Millions,
2024-25,Q2,Kerala,Rural,Total,17.55,value in Millions,
2024-25,Q2,Kerala,Urban,Total,18.02,value in Millions,
2024-25,Q2,Karnataka,Rural,Narrowband,1.19,value in Millions,
2024-25,Q2,Karnataka,Urban,Narrowband,2.49,value in Millions,
2024-25,Q2,Karnataka,Rural,Broadband,20.05,value in Millions,
2024-25,Q2,Karnataka,Urban,Broadband,36.11,value in Millions,
2024-25,Q2,Karnataka,Rural,Total,21.23,value in Millions,
2024-25,Q2,Karnataka,Urban,Total,38.59,value in Millions,
2024-25,Q2,Jharkhand,Rural,Narrowband,0.2,value in Millions,
2024-25,Q2,Jharkhand,Urban,Narrowband,0.15,value in Millions,
2024-25,Q2,Jharkhand,Rural,Broadband,10.8,value in Millions,
2024-25,Q2,Jharkhand,Urban,Broadband,8.42,value in Millions,
2024-25,Q2,Jharkhand,Rural,Total,11.0,value in Millions,
2024-25,Q2,Jharkhand,Urban,Total,8.57,value in Millions,
2024-25,Q2,Jammu and Kashmir,Rural,Narrowband,0.1,value in Millions,
2024-25,Q2,Jammu and Kashmir,Urban,Narrowband,0.06,value in Millions,
2024-25,Q2,Jammu and Kashmir,Rural,Broadband,4.55,value in Millions,
2024-25,Q2,Jammu and Kashmir,Urban,Broadband,5.45,value in Millions,
2024-25,Q2,Jammu and Kashmir,Rural,Total,4.65,value in Millions,
2024-25,Q2,Jammu and Kashmir,Urban,Total,5.51,value in Millions,
2024-25,Q2,Himachal Pradesh,Rural,Narrowband,0.05,value in Millions,
2024-25,Q2,Himachal Pradesh,Urban,Narrowband,0.05,value in Millions,
2024-25,Q2,Himachal Pradesh,Rural,Broadband,3.97,value in Millions,
2024-25,Q2,Himachal Pradesh,Urban,Broadband,2.7,value in Millions,
2024-25,Q2,Himachal Pradesh,Rural,Total,4.02,value in Millions,
2024-25,Q2,Himachal Pradesh,Urban,Total,2.74,value in Millions,
2024-25,Q2,Haryana,Rural,Narrowband,0.21,value in Millions,
2024-25,Q2,Haryana,Urban,Narrowband,1.63,value in Millions,
2024-25,Q2,Haryana,Rural,Broadband,9.73,value in Millions,
2024-25,Q2,Haryana,Urban,Broadband,18.55,value in Millions,
2024-25,Q2,Haryana,Rural,Total,9.95,value in Millions,
2024-25,Q2,Haryana,Urban,Total,20.18,value in Millions,
2024-25,Q2,Gujarat,Rural,Narrowband,0.25,value in Millions,
2024-25,Q2,Gujarat,Urban,Narrowband,0.44,value in Millions,
2024-25,Q2,Gujarat,Rural,Broadband,18.53,value in Millions,
2024-25,Q2,Gujarat,Urban,Broadband,35.45,value in Millions,
2024-25,Q2,Gujarat,Rural,Total,18.77,value in Millions,
2024-25,Q2,Gujarat,Urban,Total,35.89,value in Millions,
2024-25,Q2,Goa,Rural,Narrowband,0.04,value in Millions,
2024-25,Q2,Goa,Urban,Narrowband,0.07,value in Millions,
2024-25,Q2,Goa,Rural,Broadband,0.64,value in Millions,
2024-25,Q2,Goa,Urban,Broadband,1.73,value in Millions,
2024-25,Q2,Goa,Rural,Total,0.68,value in Millions,
2024-25,Q2,Goa,Urban,Total,1.8,value in Millions,
2024-25,Q2,Delhi,Rural,Narrowband,0.05,value in Millions,
2024-25,Q2,Delhi,Urban,Narrowband,3.28,value in Millions,
2024-25,Q2,Delhi,Rural,Broadband,0.29,value in Millions,
2024-25,Q2,Delhi,Urban,Broadband,31.83,value in Millions,
2024-25,Q2,Delhi,Rural,Total,0.34,value in Millions,
2024-25,Q2,Delhi,Urban,Total,35.11,value in Millions,
2024-25,Q2,Dadra and Nagar Haveli,Rural,Narrowband,0.03,value in Millions,
2024-25,Q2,Dadra and Nagar Haveli,Urban,Narrowband,0.03,value in Millions,
2024-25,Q2,Dadra and Nagar Haveli,Rural,Broadband,0.47,value in Millions,
2024-25,Q2,Dadra and Nagar Haveli,Urban,Broadband,1.63,value in Millions,
2024-25,Q2,Dadra and Nagar Haveli,Rural,Total,0.5,value in Millions,
2024-25,Q2,Dadra and Nagar Haveli,Urban,Total,1.66,value in Millions,
2024-25,Q2,Chhattisgarh,Rural,Narrowband,0.12,value in Millions,
2024-25,Q2,Chhattisgarh,Urban,Narrowband,0.1,value in Millions,
2024-25,Q2,Chhattisgarh,Rural,Broadband,8.53,value in Millions,
2024-25,Q2,Chhattisgarh,Urban,Broadband,8.95,value in Millions,
2024-25,Q2,Chhattisgarh,Rural,Total,8.65,value in Millions,
2024-25,Q2,Chhattisgarh,Urban,Total,9.05,value in Millions,
2024-25,Q2,Chandigarh,Rural,Narrowband,0.0003,value in Millions,
2024-25,Q2,Chandigarh,Urban,Narrowband,0.02,value in Millions,
2024-25,Q2,Chandigarh,Rural,Broadband,0.03,value in Millions,
2024-25,Q2,Chandigarh,Urban,Broadband,1.32,value in Millions,
2024-25,Q2,Chandigarh,Rural,Total,0.03,value in Millions,
2024-25,Q2,Chandigarh,Urban,Total,1.33,value in Millions,
2024-25,Q2,Bihar,Rural,Narrowband,1.06,value in Millions,
2024-25,Q2,Bihar,Urban,Narrowband,0.29,value in Millions,
2024-25,Q2,Bihar,Rural,Broadband,36.31,value in Millions,
2024-25,Q2,Bihar,Urban,Broadband,17.04,value in Millions,
2024-25,Q2,Bihar,Rural,Total,37.37,value in Millions,
2024-25,Q2,Bihar,Urban,Total,17.33,value in Millions,
2024-25,Q2,Assam,Rural,Narrowband,0.16,value in Millions,
2024-25,Q2,Assam,Urban,Narrowband,0.09,value in Millions,
2024-25,Q2,Assam,Rural,Broadband,13.11,value in Millions,
2024-25,Q2,Assam,Urban,Broadband,6.99,value in Millions,
2024-25,Q2,Assam,Rural,Total,13.28,value in Millions,
2024-25,Q2,Assam,Urban,Total,7.08,value in Millions,
2024-25,Q2,Arunachal Pradesh,Rural,Narrowband,0.01,value in Millions,
2024-25,Q2,Arunachal Pradesh,Urban,Narrowband,0.01,value in Millions,
2024-25,Q2,Arunachal Pradesh,Rural,Broadband,0.53,value in Millions,
2024-25,Q2,Arunachal Pradesh,Urban,Broadband,0.38,value in Millions,
2024-25,Q2,Arunachal Pradesh,Rural,Total,0.54,value in Millions,
2024-25,Q2,Arunachal Pradesh,Urban,Total,0.39,value in Millions,
2024-25,Q2,Andhra Pradesh,Rural,Narrowband,0.49,value in Millions,
2024-25,Q2,Andhra Pradesh,Urban,Narrowband,0.48,value in Millions,
2024-25,Q2,Andhra Pradesh,Rural,Broadband,17.47,value in Millions,
2024-25,Q2,Andhra Pradesh,Urban,Broadband,18.05,value in Millions,
2024-25,Q2,Andhra Pradesh,Rural,Total,17.97,value in Millions,
2024-25,Q2,Andhra Pradesh,Urban,Total,18.53,value in Millions,
2024-25,Q2,Andaman and Nicobar Islands,Rural,Narrowband,0.01,value in Millions,
2024-25,Q2,Andaman and Nicobar Islands,Urban,Narrowband,0.05,value in Millions,
2024-25,Q2,Andaman and Nicobar Islands,Rural,Broadband,0.17,value in Millions,
2024-25,Q2,Andaman and Nicobar Islands,Urban,Broadband,0.2,value in Millions,
2024-25,Q2,Andaman and Nicobar Islands,Rural,Total,0.18,value in Millions,
2024-25,Q2,Andaman and Nicobar Islands,Urban,Total,0.25,value in Millions,
2023-24,Q4,West Bengal,Rural,Narrowband,0.76,value in Millions,
2023-24,Q4,West Bengal,Urban,Narrowband,0.6,value in Millions,
2023-24,Q4,West Bengal,Rural,Broadband,24.39,value in Millions,
2023-24,Q4,West Bengal,Urban,Broadband,37.43,value in Millions,
2023-24,Q4,West Bengal,Rural,Total,25.15,value in Millions,
2023-24,Q4,West Bengal,Urban,Total,38.04,value in Millions,
2023-24,Q4,Uttarakhand,Rural,Narrowband,0.07,value in Millions,
2023-24,Q4,Uttarakhand,Urban,Narrowband,0.07,value in Millions,
2023-24,Q4,Uttarakhand,Rural,Broadband,4.82,value in Millions,
2023-24,Q4,Uttarakhand,Urban,Broadband,4.88,value in Millions,
2023-24,Q4,Uttarakhand,Rural,Total,4.9,value in Millions,
2023-24,Q4,Uttarakhand,Urban,Total,4.95,value in Millions,
2023-24,Q4,Uttar Pradesh East and West,Rural,Narrowband,2.22,value in Millions,
2023-24,Q4,Uttar Pradesh East and West,Urban,Narrowband,2.58,value in Millions,
2023-24,Q4,Uttar Pradesh East and West,Rural,Broadband,61.55,value in Millions,
2023-24,Q4,Uttar Pradesh East and West,Urban,Broadband,63.18,value in Millions,
2023-24,Q4,Uttar Pradesh East and West,Rural,Total,63.77,value in Millions,
2023-24,Q4,Uttar Pradesh East and West,Urban,Total,65.76,value in Millions,
2023-24,Q4,Tripura,Rural,Narrowband,0.02,value in Millions,
2023-24,Q4,Tripura,Urban,Narrowband,0.02,value in Millions,
2023-24,Q4,Tripura,Rural,Broadband,1.04,value in Millions,
2023-24,Q4,Tripura,Urban,Broadband,1.1,value in Millions,
2023-24,Q4,Tripura,Rural,Total,1.06,value in Millions,
2023-24,Q4,Tripura,Urban,Total,1.12,value in Millions,
2023-24,Q4,Total,Rural,Narrowband,11.82,value in Millions,
2023-24,Q4,Total,Urban,Narrowband,18.52,value in Millions,
2023-24,Q4,Total,Rural,Broadband,386.53,value in Millions,
2023-24,Q4,Total,Urban,Broadband,537.54,value in Millions,
2023-24,Q4,Total,Rural,Total,398.35,value in Millions,
2023-24,Q4,Total,Urban,Total,556.05,value in Millions,
2023-24,Q4,Telangana,Rural,Narrowband,0.43,value in Millions,
2023-24,Q4,Telangana,Urban,Narrowband,0.46,value in Millions,
2023-24,Q4,Telangana,Rural,Broadband,12.67,value in Millions,
2023-24,Q4,Telangana,Urban,Broadband,22.03,value in Millions,
2023-24,Q4,Telangana,Rural,Total,13.1,value in Millions,
2023-24,Q4,Telangana,Urban,Total,22.49,value in Millions,
2023-24,Q4,Tamil Nadu,Rural,Narrowband,0.62,value in Millions,
2023-24,Q4,Tamil Nadu,Urban,Narrowband,0.94,value in Millions,
2023-24,Q4,Tamil Nadu,Rural,Broadband,16.6,value in Millions,
2023-24,Q4,Tamil Nadu,Urban,Broadband,43.06,value in Millions,
2023-24,Q4,Tamil Nadu,Rural,Total,17.23,value in Millions,
2023-24,Q4,Tamil Nadu,Urban,Total,44.0,value in Millions,
2023-24,Q4,Sikkim,Rural,Narrowband,0.004,value in Millions,
2023-24,Q4,Sikkim,Urban,Narrowband,0.001,value in Millions,
2023-24,Q4,Sikkim,Rural,Broadband,0.3,value in Millions,
2023-24,Q4,Sikkim,Urban,Broadband,0.29,value in Millions,
2023-24,Q4,Sikkim,Rural,Total,0.31,value in Millions,
2023-24,Q4,Sikkim,Urban,Total,0.29,value in Millions,
2023-24,Q4,Rajasthan,Rural,Narrowband,0.6,value in Millions,
2023-24,Q4,Rajasthan,Urban,Narrowband,0.66,value in Millions,
2023-24,Q4,Rajasthan,Rural,Broadband,25.15,value in Millions,
2023-24,Q4,Rajasthan,Urban,Broadband,26.07,value in Millions,
2023-24,Q4,Rajasthan,Rural,Total,25.75,value in Millions,
2023-24,Q4,Rajasthan,Urban,Total,26.73,value in Millions,
2023-24,Q4,Punjab,Rural,Narrowband,0.19,value in Millions,
2023-24,Q4,Punjab,Urban,Narrowband,0.37,value in Millions,
2023-24,Q4,Punjab,Rural,Broadband,9.61,value in Millions,
2023-24,Q4,Punjab,Urban,Broadband,17.3,value in Millions,
2023-24,Q4,Punjab,Rural,Total,9.81,value in Millions,
2023-24,Q4,Punjab,Urban,Total,17.66,value in Millions,
2023-24,Q4,Puducherry,Rural,Narrowband,0.03,value in Millions,
2023-24,Q4,Puducherry,Urban,Narrowband,0.15,value in Millions,
2023-24,Q4,Puducherry,Rural,Broadband,0.33,value in Millions,
2023-24,Q4,Puducherry,Urban,Broadband,0.74,value in Millions,
2023-24,Q4,Puducherry,Rural,Total,0.36,value in Millions,
2023-24,Q4,Puducherry,Urban,Total,0.89,value in Millions,
2023-24,Q4,Odisha,Rural,Narrowband,0.34,value in Millions,
2023-24,Q4,Odisha,Urban,Narrowband,0.12,value in Millions,
2023-24,Q4,Odisha,Rural,Broadband,15.81,value in Millions,
2023-24,Q4,Odisha,Urban,Broadband,8.28,value in Millions,
2023-24,Q4,Odisha,Rural,Total,16.15,value in Millions,
2023-24,Q4,Odisha,Urban,Total,8.4,value in Millions,
2023-24,Q4,Nagaland,Rural,Narrowband,0.01,value in Millions,
2023-24,Q4,Nagaland,Urban,Narrowband,0.01,value in Millions,
2023-24,Q4,Nagaland,Rural,Broadband,0.97,value in Millions,
2023-24,Q4,Nagaland,Urban,Broadband,0.67,value in Millions,
2023-24,Q4,Nagaland,Rural,Total,0.98,value in Millions,
2023-24,Q4,Nagaland,Urban,Total,0.68,value in Millions,
2023-24,Q4,Mizoram,Rural,Narrowband,0.01,value in Millions,
2023-24,Q4,Mizoram,Urban,Narrowband,0.01,value in Millions,
2023-24,Q4,Mizoram,Rural,Broadband,0.53,value in Millions,
2023-24,Q4,Mizoram,Urban,Broadband,0.7,value in Millions,
2023-24,Q4,Mizoram,Rural,Total,0.53,value in Millions,
2023-24,Q4,Mizoram,Urban,Total,0.71,value in Millions,
2023-24,Q4,Meghalaya,Rural,Narrowband,0.02,value in Millions,
2023-24,Q4,Meghalaya,Urban,Narrowband,0.01,value in Millions,
2023-24,Q4,Meghalaya,Rural,Broadband,1.31,value in Millions,
2023-24,Q4,Meghalaya,Urban,Broadband,0.74,value in Millions,
2023-24,Q4,Meghalaya,Rural,Total,1.32,value in Millions,
2023-24,Q4,Meghalaya,Urban,Total,0.75,value in Millions,
2023-24,Q4,Manipur,Rural,Narrowband,0.01,value in Millions,
2023-24,Q4,Manipur,Urban,Narrowband,0.01,value in Millions,
2023-24,Q4,Manipur,Rural,Broadband,0.93,value in Millions,
2023-24,Q4,Manipur,Urban,Broadband,1.29,value in Millions,
2023-24,Q4,Manipur,Rural,Total,0.95,value in Millions,
2023-24,Q4,Manipur,Urban,Total,1.3,value in Millions,
2023-24,Q4,Maharashtra,Rural,Narrowband,0.83,value in Millions,
2023-24,Q4,Maharashtra,Urban,Narrowband,1.73,value in Millions,
2023-24,Q4,Maharashtra,Rural,Broadband,32.94,value in Millions,
2023-24,Q4,Maharashtra,Urban,Broadband,74.26,value in Millions,
2023-24,Q4,Maharashtra,Rural,Total,33.76,value in Millions,
2023-24,Q4,Maharashtra,Urban,Total,75.99,value in Millions,
2023-24,Q4,Madhya Pradesh,Rural,Narrowband,0.54,value in Millions,
2023-24,Q4,Madhya Pradesh,Urban,Narrowband,0.43,value in Millions,
2023-24,Q4,Madhya Pradesh,Rural,Broadband,19.62,value in Millions,
2023-24,Q4,Madhya Pradesh,Urban,Broadband,28.07,value in Millions,
2023-24,Q4,Madhya Pradesh,Rural,Total,20.17,value in Millions,
2023-24,Q4,Madhya Pradesh,Urban,Total,28.5,value in Millions,
2023-24,Q4,Lakshadweep,Rural,Narrowband,0.02,value in Millions,
2023-24,Q4,Lakshadweep,Urban,Narrowband,2e-05,value in Millions,
2023-24,Q4,Lakshadweep,Rural,Broadband,0.03,value in Millions,
2023-24,Q4,Lakshadweep,Urban,Broadband,0.003,value in Millions,
2023-24,Q4,Lakshadweep,Rural,Total,0.06,value in Millions,
2023-24,Q4,Lakshadweep,Urban,Total,0.003,value in Millions,
2023-24,Q4,Ladakh,Rural,Narrowband,0.001,value in Millions,
2023-24,Q4,Ladakh,Urban,Narrowband,0.004,value in Millions,
2023-24,Q4,Ladakh,Rural,Broadband,0.24,value in Millions,
2023-24,Q4,Ladakh,Urban,Broadband,0.08,value in Millions,
2023-24,Q4,Ladakh,Rural,Total,0.24,value in Millions,
2023-24,Q4,Ladakh,Urban,Total,0.08,value in Millions,
2023-24,Q4,Kerala,Rural,Narrowband,0.46,value in Millions,
2023-24,Q4,Kerala,Urban,Narrowband,0.6,value in Millions,
2023-24,Q4,Kerala,Rural,Broadband,15.42,value in Millions,
2023-24,Q4,Kerala,Urban,Broadband,17.2,value in Millions,
2023-24,Q4,Kerala,Rural,Total,15.88,value in Millions,
2023-24,Q4,Kerala,Urban,Total,17.81,value in Millions,
2023-24,Q4,Karnataka,Rural,Narrowband,1.25,value in Millions,
2023-24,Q4,Karnataka,Urban,Narrowband,2.64,value in Millions,
2023-24,Q4,Karnataka,Rural,Broadband,19.54,value in Millions,
2023-24,Q4,Karnataka,Urban,Broadband,34.45,value in Millions,
2023-24,Q4,Karnataka,Rural,Total,20.79,value in Millions,
2023-24,Q4,Karnataka,Urban,Total,37.09,value in Millions,
2023-24,Q4,Jharkhand,Rural,Narrowband,0.25,value in Millions,
2023-24,Q4,Jharkhand,Urban,Narrowband,0.2,value in Millions,
2023-24,Q4,Jharkhand,Rural,Broadband,10.72,value in Millions,
2023-24,Q4,Jharkhand,Urban,Broadband,8.45,value in Millions,
2023-24,Q4,Jharkhand,Rural,Total,10.98,value in Millions,
2023-24,Q4,Jharkhand,Urban,Total,8.64,value in Millions,
2023-24,Q4,Jammu and Kashmir,Rural,Narrowband,0.12,value in Millions,
2023-24,Q4,Jammu and Kashmir,Urban,Narrowband,0.06,value in Millions,
2023-24,Q4,Jammu and Kashmir,Rural,Broadband,4.21,value in Millions,
2023-24,Q4,Jammu and Kashmir,Urban,Broadband,5.15,value in Millions,
2023-24,Q4,Jammu and Kashmir,Rural,Total,4.33,value in Millions,
2023-24,Q4,Jammu and Kashmir,Urban,Total,5.21,value in Millions,
2023-24,Q4,Himachal Pradesh,Rural,Narrowband,0.06,value in Millions,
2023-24,Q4,Himachal Pradesh,Urban,Narrowband,0.05,value in Millions,
2023-24,Q4,Himachal Pradesh,Rural,Broadband,3.97,value in Millions,
2023-24,Q4,Himachal Pradesh,Urban,Broadband,2.52,value in Millions,
2023-24,Q4,Himachal Pradesh,Rural,Total,4.03,value in Millions,
2023-24,Q4,Himachal Pradesh,Urban,Total,2.58,value in Millions,
2023-24,Q4,Haryana,Rural,Narrowband,0.24,value in Millions,
2023-24,Q4,Haryana,Urban,Narrowband,1.61,value in Millions,
2023-24,Q4,Haryana,Rural,Broadband,9.72,value in Millions,
2023-24,Q4,Haryana,Urban,Broadband,18.1,value in Millions,
2023-24,Q4,Haryana,Rural,Total,9.96,value in Millions,
2023-24,Q4,Haryana,Urban,Total,19.71,value in Millions,
2023-24,Q4,Gujarat,Rural,Narrowband,0.35,value in Millions,
2023-24,Q4,Gujarat,Urban,Narrowband,0.56,value in Millions,
2023-24,Q4,Gujarat,Rural,Broadband,18.22,value in Millions,
2023-24,Q4,Gujarat,Urban,Broadband,36.46,value in Millions,
2023-24,Q4,Gujarat,Rural,Total,18.56,value in Millions,
2023-24,Q4,Gujarat,Urban,Total,37.02,value in Millions,
2023-24,Q4,Goa,Rural,Narrowband,0.04,value in Millions,
2023-24,Q4,Goa,Urban,Narrowband,0.05,value in Millions,
2023-24,Q4,Goa,Rural,Broadband,0.79,value in Millions,
2023-24,Q4,Goa,Urban,Broadband,1.54,value in Millions,
2023-24,Q4,Goa,Rural,Total,0.83,value in Millions,
2023-24,Q4,Goa,Urban,Total,1.59,value in Millions,
2023-24,Q4,Delhi,Rural,Narrowband,0.04,value in Millions,
2023-24,Q4,Delhi,Urban,Narrowband,3.39,value in Millions,
2023-24,Q4,Delhi,Rural,Broadband,0.25,value in Millions,
2023-24,Q4,Delhi,Urban,Broadband,31.5,value in Millions,
2023-24,Q4,Delhi,Rural,Total,0.29,value in Millions,
2023-24,Q4,Delhi,Urban,Total,34.89,value in Millions,
2023-24,Q4,Dadra and Nagar Haveli,Rural,Narrowband,0.004,value in Millions,
2023-24,Q4,Dadra and Nagar Haveli,Urban,Narrowband,0.01,value in Millions,
2023-24,Q4,Dadra and Nagar Haveli,Rural,Broadband,0.28,value in Millions,
2023-24,Q4,Dadra and Nagar Haveli,Urban,Broadband,0.54,value in Millions,
2023-24,Q4,Dadra and Nagar Haveli,Rural,Total,0.29,value in Millions,
2023-24,Q4,Dadra and Nagar Haveli,Urban,Total,0.55,value in Millions,
2023-24,Q4,Chhattisgarh,Rural,Narrowband,0.16,value in Millions,
2023-24,Q4,Chhattisgarh,Urban,Narrowband,0.13,value in Millions,
2023-24,Q4,Chhattisgarh,Rural,Broadband,8.23,value in Millions,
2023-24,Q4,Chhattisgarh,Urban,Broadband,8.71,value in Millions,
2023-24,Q4,Chhattisgarh,Rural,Total,8.39,value in Millions,
2023-24,Q4,Chhattisgarh,Urban,Total,8.84,value in Millions,
2023-24,Q4,Chandigarh,Rural,Narrowband,0.001,value in Millions,
2023-24,Q4,Chandigarh,Urban,Narrowband,0.02,value in Millions,
2023-24,Q4,Chandigarh,Rural,Broadband,0.04,value in Millions,
2023-24,Q4,Chandigarh,Urban,Broadband,1.27,value in Millions,
2023-24,Q4,Chandigarh,Rural,Total,0.04,value in Millions,
2023-24,Q4,Chandigarh,Urban,Total,1.29,value in Millions,
2023-24,Q4,Bihar,Rural,Narrowband,1.28,value in Millions,
2023-24,Q4,Bihar,Urban,Narrowband,0.37,value in Millions,
2023-24,Q4,Bihar,Rural,Broadband,35.75,value in Millions,
2023-24,Q4,Bihar,Urban,Broadband,16.8,value in Millions,
2023-24,Q4,Bihar,Rural,Total,37.03,value in Millions,
2023-24,Q4,Bihar,Urban,Total,17.17,value in Millions,
2023-24,Q4,Assam,Rural,Narrowband,0.21,value in Millions,
2023-24,Q4,Assam,Urban,Narrowband,0.1,value in Millions,
2023-24,Q4,Assam,Rural,Broadband,12.54,value in Millions,
2023-24,Q4,Assam,Urban,Broadband,6.92,value in Millions,
2023-24,Q4,Assam,Rural,Total,12.75,value in Millions,
2023-24,Q4,Assam,Urban,Total,7.02,value in Millions,
2023-24,Q4,Arunachal Pradesh,Rural,Narrowband,0.01,value in Millions,
2023-24,Q4,Arunachal Pradesh,Urban,Narrowband,0.01,value in Millions,
2023-24,Q4,Arunachal Pradesh,Rural,Broadband,0.52,value in Millions,
2023-24,Q4,Arunachal Pradesh,Urban,Broadband,0.36,value in Millions,
2023-24,Q4,Arunachal Pradesh,Rural,Total,0.53,value in Millions,
2023-24,Q4,Arunachal Pradesh,Urban,Total,0.37,value in Millions,
2023-24,Q4,Andhra Pradesh,Rural,Narrowband,0.6,value in Millions,
2023-24,Q4,Andhra Pradesh,Urban,Narrowband,0.54,value in Millions,
2023-24,Q4,Andhra Pradesh,Rural,Broadband,17.29,value in Millions,
2023-24,Q4,Andhra Pradesh,Urban,Broadband,17.18,value in Millions,
2023-24,Q4,Andhra Pradesh,Rural,Total,17.89,value in Millions,
2023-24,Q4,Andhra Pradesh,Urban,Total,17.72,value in Millions,
2023-24,Q4,Andaman and Nicobar Islands,Rural,Narrowband,0.003,value in Millions,
2023-24,Q4,Andaman and Nicobar Islands,Urban,Narrowband,0.003,value in Millions,
2023-24,Q4,Andaman and Nicobar Islands,Rural,Broadband,0.2,value in Millions,
2023-24,Q4,Andaman and Nicobar Islands,Urban,Broadband,0.21,value in Millions,
2023-24,Q4,Andaman and Nicobar Islands,Rural,Total,0.2,value in Millions,
2023-24,Q4,Andaman and Nicobar Islands,Urban,Total,0.21,value in Millions,
2023-24,Q3,West Bengal,Rural,Narrowband,0.8,value in Millions,
2023-24,Q3,West Bengal,Urban,Narrowband,0.63,value in Millions,
2023-24,Q3,West Bengal,Rural,Broadband,23.51,value in Millions,
2023-24,Q3,West Bengal,Urban,Broadband,36.98,value in Millions,
2023-24,Q3,West Bengal,Rural,Total,24.32,value in Millions,
2023-24,Q3,West Bengal,Urban,Total,37.61,value in Millions,
2023-24,Q3,Uttarakhand,Rural,Narrowband,0.08,value in Millions,
2023-24,Q3,Uttarakhand,Urban,Narrowband,0.08,value in Millions,
2023-24,Q3,Uttarakhand,Rural,Broadband,4.66,value in Millions,
2023-24,Q3,Uttarakhand,Urban,Broadband,4.79,value in Millions,
2023-24,Q3,Uttarakhand,Rural,Total,4.73,value in Millions,
2023-24,Q3,Uttarakhand,Urban,Total,4.88,value in Millions,
2023-24,Q3,Uttar Pradesh East and West,Rural,Narrowband,2.38,value in Millions,
2023-24,Q3,Uttar Pradesh East and West,Urban,Narrowband,2.66,value in Millions,
2023-24,Q3,Uttar Pradesh East and West,Rural,Broadband,59.15,value in Millions,
2023-24,Q3,Uttar Pradesh East and West,Urban,Broadband,61.55,value in Millions,
2023-24,Q3,Uttar Pradesh East and West,Rural,Total,61.53,value in Millions,
2023-24,Q3,Uttar Pradesh East and West,Urban,Total,64.2,value in Millions,
2023-24,Q3,Tripura,Rural,Narrowband,0.02,value in Millions,
2023-24,Q3,Tripura,Urban,Narrowband,0.02,value in Millions,
2023-24,Q3,Tripura,Rural,Broadband,1.03,value in Millions,
2023-24,Q3,Tripura,Urban,Broadband,1.11,value in Millions,
2023-24,Q3,Tripura,Rural,Total,1.05,value in Millions,
2023-24,Q3,Tripura,Urban,Total,1.13,value in Millions,
2023-24,Q3,Total,Rural,Narrowband,12.45,value in Millions,
2023-24,Q3,Total,Urban,Narrowband,19.18,value in Millions,
2023-24,Q3,Total,Rural,Broadband,375.6,value in Millions,
2023-24,Q3,Total,Urban,Broadband,528.94,value in Millions,
2023-24,Q3,Total,Rural,Total,388.05,value in Millions,
2023-24,Q3,Total,Urban,Total,548.12,value in Millions,
2023-24,Q3,Telangana,Rural,Narrowband,0.47,value in Millions,
2023-24,Q3,Telangana,Urban,Narrowband,0.49,value in Millions,
2023-24,Q3,Telangana,Rural,Broadband,12.45,value in Millions,
2023-24,Q3,Telangana,Urban,Broadband,21.68,value in Millions,
2023-24,Q3,Telangana,Rural,Total,12.92,value in Millions,
2023-24,Q3,Telangana,Urban,Total,22.16,value in Millions,
2023-24,Q3,Tamil Nadu,Rural,Narrowband,0.71,value in Millions,
2023-24,Q3,Tamil Nadu,Urban,Narrowband,1.08,value in Millions,
2023-24,Q3,Tamil Nadu,Rural,Broadband,16.17,value in Millions,
2023-24,Q3,Tamil Nadu,Urban,Broadband,42.68,value in Millions,
2023-24,Q3,Tamil Nadu,Rural,Total,16.88,value in Millions,
2023-24,Q3,Tamil Nadu,Urban,Total,43.76,value in Millions,
2023-24,Q3,Sikkim,Rural,Narrowband,0.005,value in Millions,
2023-24,Q3,Sikkim,Urban,Narrowband,0.003,value in Millions,
2023-24,Q3,Sikkim,Rural,Broadband,0.32,value in Millions,
2023-24,Q3,Sikkim,Urban,Broadband,0.36,value in Millions,
2023-24,Q3,Sikkim,Rural,Total,0.32,value in Millions,
2023-24,Q3,Sikkim,Urban,Total,0.36,value in Millions,
2023-24,Q3,Rajasthan,Rural,Narrowband,0.62,value in Millions,
2023-24,Q3,Rajasthan,Urban,Narrowband,0.67,value in Millions,
2023-24,Q3,Rajasthan,Rural,Broadband,24.32,value in Millions,
2023-24,Q3,Rajasthan,Urban,Broadband,25.96,value in Millions,
2023-24,Q3,Rajasthan,Rural,Total,24.93,value in Millions,
2023-24,Q3,Rajasthan,Urban,Total,26.63,value in Millions,
2023-24,Q3,Punjab,Rural,Narrowband,0.2,value in Millions,
2023-24,Q3,Punjab,Urban,Narrowband,0.38,value in Millions,
2023-24,Q3,Punjab,Rural,Broadband,9.38,value in Millions,
2023-24,Q3,Punjab,Urban,Broadband,16.87,value in Millions,
2023-24,Q3,Punjab,Rural,Total,9.58,value in Millions,
2023-24,Q3,Punjab,Urban,Total,17.25,value in Millions,
2023-24,Q3,Puducherry,Rural,Narrowband,0.01,value in Millions,
2023-24,Q3,Puducherry,Urban,Narrowband,0.1,value in Millions,
2023-24,Q3,Puducherry,Rural,Broadband,0.34,value in Millions,
2023-24,Q3,Puducherry,Urban,Broadband,0.71,value in Millions,
2023-24,Q3,Puducherry,Rural,Total,0.35,value in Millions,
2023-24,Q3,Puducherry,Urban,Total,0.8,value in Millions,
2023-24,Q3,Odisha,Rural,Narrowband,0.35,value in Millions,
2023-24,Q3,Odisha,Urban,Narrowband,0.12,value in Millions,
2023-24,Q3,Odisha,Rural,Broadband,15.33,value in Millions,
2023-24,Q3,Odisha,Urban,Broadband,7.99,value in Millions,
2023-24,Q3,Odisha,Rural,Total,15.68,value in Millions,
2023-24,Q3,Odisha,Urban,Total,8.11,value in Millions,
2023-24,Q3,Nagaland,Rural,Narrowband,0.01,value in Millions,
2023-24,Q3,Nagaland,Urban,Narrowband,0.01,value in Millions,
2023-24,Q3,Nagaland,Rural,Broadband,0.96,value in Millions,
2023-24,Q3,Nagaland,Urban,Broadband,0.66,value in Millions,
2023-24,Q3,Nagaland,Rural,Total,0.97,value in Millions,
2023-24,Q3,Nagaland,Urban,Total,0.67,value in Millions,
2023-24,Q3,Mizoram,Rural,Narrowband,0.01,value in Millions,
2023-24,Q3,Mizoram,Urban,Narrowband,0.01,value in Millions,
2023-24,Q3,Mizoram,Rural,Broadband,0.52,value in Millions,
2023-24,Q3,Mizoram,Urban,Broadband,0.68,value in Millions,
2023-24,Q3,Mizoram,Rural,Total,0.52,value in Millions,
2023-24,Q3,Mizoram,Urban,Total,0.69,value in Millions,
2023-24,Q3,Meghalaya,Rural,Narrowband,0.02,value in Millions,
2023-24,Q3,Meghalaya,Urban,Narrowband,0.01,value in Millions,
2023-24,Q3,Meghalaya,Rural,Broadband,1.28,value in Millions,
2023-24,Q3,Meghalaya,Urban,Broadband,0.72,value in Millions,
2023-24,Q3,Meghalaya,Rural,Total,1.3,value in Millions,
2023-24,Q3,Meghalaya,Urban,Total,0.73,value in Millions,
2023-24,Q3,Manipur,Rural,Narrowband,0.02,value in Millions,
2023-24,Q3,Manipur,Urban,Narrowband,0.01,value in Millions,
2023-24,Q3,Manipur,Rural,Broadband,0.9,value in Millions,
2023-24,Q3,Manipur,Urban,Broadband,1.21,value in Millions,
2023-24,Q3,Manipur,Rural,Total,0.91,value in Millions,
2023-24,Q3,Manipur,Urban,Total,1.22,value in Millions,
2023-24,Q3,Maharashtra,Rural,Narrowband,0.85,value in Millions,
2023-24,Q3,Maharashtra,Urban,Narrowband,1.79,value in Millions,
2023-24,Q3,Maharashtra,Rural,Broadband,32.57,value in Millions,
2023-24,Q3,Maharashtra,Urban,Broadband,73.48,value in Millions,
2023-24,Q3,Maharashtra,Rural,Total,33.42,value in Millions,
2023-24,Q3,Maharashtra,Urban,Total,75.28,value in Millions,
2023-24,Q3,Madhya Pradesh,Rural,Narrowband,0.58,value in Millions,
2023-24,Q3,Madhya Pradesh,Urban,Narrowband,0.45,value in Millions,
2023-24,Q3,Madhya Pradesh,Rural,Broadband,19.09,value in Millions,
2023-24,Q3,Madhya Pradesh,Urban,Broadband,27.64,value in Millions,
2023-24,Q3,Madhya Pradesh,Rural,Total,19.67,value in Millions,
2023-24,Q3,Madhya Pradesh,Urban,Total,28.09,value in Millions,
2023-24,Q3,Lakshadweep,Rural,Narrowband,0.03,value in Millions,
2023-24,Q3,Lakshadweep,Urban,Narrowband,2e-05,value in Millions,
2023-24,Q3,Lakshadweep,Rural,Broadband,0.03,value in Millions,
2023-24,Q3,Lakshadweep,Urban,Broadband,0.003,value in Millions,
2023-24,Q3,Lakshadweep,Rural,Total,0.06,value in Millions,
2023-24,Q3,Lakshadweep,Urban,Total,0.003,value in Millions,
2023-24,Q3,Ladakh,Rural,Narrowband,0.002,value in Millions,
2023-24,Q3,Ladakh,Urban,Narrowband,0.004,value in Millions,
2023-24,Q3,Ladakh,Rural,Broadband,0.25,value in Millions,
2023-24,Q3,Ladakh,Urban,Broadband,0.08,value in Millions,
2023-24,Q3,Ladakh,Rural,Total,0.25,value in Millions,
2023-24,Q3,Ladakh,Urban,Total,0.08,value in Millions,
2023-24,Q3,Kerala,Rural,Narrowband,0.46,value in Millions,
2023-24,Q3,Kerala,Urban,Narrowband,0.58,value in Millions,
2023-24,Q3,Kerala,Rural,Broadband,15.58,value in Millions,
2023-24,Q3,Kerala,Urban,Broadband,17.12,value in Millions,
2023-24,Q3,Kerala,Rural,Total,16.04,value in Millions,
2023-24,Q3,Kerala,Urban,Total,17.7,value in Millions,
2023-24,Q3,Karnataka,Rural,Narrowband,1.31,value in Millions,
2023-24,Q3,Karnataka,Urban,Narrowband,2.63,value in Millions,
2023-24,Q3,Karnataka,Rural,Broadband,19.21,value in Millions,
2023-24,Q3,Karnataka,Urban,Broadband,33.81,value in Millions,
2023-24,Q3,Karnataka,Rural,Total,20.52,value in Millions,
2023-24,Q3,Karnataka,Urban,Total,36.44,value in Millions,
2023-24,Q3,Jharkhand,Rural,Narrowband,0.26,value in Millions,
2023-24,Q3,Jharkhand,Urban,Narrowband,0.21,value in Millions,
2023-24,Q3,Jharkhand,Rural,Broadband,10.37,value in Millions,
2023-24,Q3,Jharkhand,Urban,Broadband,8.33,value in Millions,
2023-24,Q3,Jharkhand,Rural,Total,10.64,value in Millions,
2023-24,Q3,Jharkhand,Urban,Total,8.54,value in Millions,
2023-24,Q3,Jammu and Kashmir,Rural,Narrowband,0.13,value in Millions,
2023-24,Q3,Jammu and Kashmir,Urban,Narrowband,0.07,value in Millions,
2023-24,Q3,Jammu and Kashmir,Rural,Broadband,4.16,value in Millions,
2023-24,Q3,Jammu and Kashmir,Urban,Broadband,5.19,value in Millions,
2023-24,Q3,Jammu and Kashmir,Rural,Total,4.29,value in Millions,
2023-24,Q3,Jammu and Kashmir,Urban,Total,5.26,value in Millions,
2023-24,Q3,Himachal Pradesh,Rural,Narrowband,0.06,value in Millions,
2023-24,Q3,Himachal Pradesh,Urban,Narrowband,0.06,value in Millions,
2023-24,Q3,Himachal Pradesh,Rural,Broadband,3.91,value in Millions,
2023-24,Q3,Himachal Pradesh,Urban,Broadband,2.46,value in Millions,
2023-24,Q3,Himachal Pradesh,Rural,Total,3.97,value in Millions,
2023-24,Q3,Himachal Pradesh,Urban,Total,2.51,value in Millions,
2023-24,Q3,Haryana,Rural,Narrowband,0.26,value in Millions,
2023-24,Q3,Haryana,Urban,Narrowband,1.58,value in Millions,
2023-24,Q3,Haryana,Rural,Broadband,9.55,value in Millions,
2023-24,Q3,Haryana,Urban,Broadband,17.57,value in Millions,
2023-24,Q3,Haryana,Rural,Total,9.8,value in Millions,
2023-24,Q3,Haryana,Urban,Total,19.15,value in Millions,
2023-24,Q3,Gujarat,Rural,Narrowband,0.37,value in Millions,
2023-24,Q3,Gujarat,Urban,Narrowband,0.58,value in Millions,
2023-24,Q3,Gujarat,Rural,Broadband,17.8,value in Millions,
2023-24,Q3,Gujarat,Urban,Broadband,35.9,value in Millions,
2023-24,Q3,Gujarat,Rural,Total,18.17,value in Millions,
2023-24,Q3,Gujarat,Urban,Total,36.48,value in Millions,
2023-24,Q3,Goa,Rural,Narrowband,0.05,value in Millions,
2023-24,Q3,Goa,Urban,Narrowband,0.05,value in Millions,
2023-24,Q3,Goa,Rural,Broadband,0.73,value in Millions,
2023-24,Q3,Goa,Urban,Broadband,1.46,value in Millions,
2023-24,Q3,Goa,Rural,Total,0.77,value in Millions,
2023-24,Q3,Goa,Urban,Total,1.51,value in Millions,
2023-24,Q3,Delhi,Rural,Narrowband,0.04,value in Millions,
2023-24,Q3,Delhi,Urban,Narrowband,3.68,value in Millions,
2023-24,Q3,Delhi,Rural,Broadband,0.28,value in Millions,
2023-24,Q3,Delhi,Urban,Broadband,31.25,value in Millions,
2023-24,Q3,Delhi,Rural,Total,0.32,value in Millions,
2023-24,Q3,Delhi,Urban,Total,34.92,value in Millions,
2023-24,Q3,Dadra and Nagar Haveli,Rural,Narrowband,0.01,value in Millions,
2023-24,Q3,Dadra and Nagar Haveli,Urban,Narrowband,0.01,value in Millions,
2023-24,Q3,Dadra and Nagar Haveli,Rural,Broadband,0.27,value in Millions,
2023-24,Q3,Dadra and Nagar Haveli,Urban,Broadband,0.52,value in Millions,
2023-24,Q3,Dadra and Nagar Haveli,Rural,Total,0.28,value in Millions,
2023-24,Q3,Dadra and Nagar Haveli,Urban,Total,0.53,value in Millions,
2023-24,Q3,Chhattisgarh,Rural,Narrowband,0.15,value in Millions,
2023-24,Q3,Chhattisgarh,Urban,Narrowband,0.12,value in Millions,
2023-24,Q3,Chhattisgarh,Rural,Broadband,7.69,value in Millions,
2023-24,Q3,Chhattisgarh,Urban,Broadband,8.46,value in Millions,
2023-24,Q3,Chhattisgarh,Rural,Total,7.84,value in Millions,
2023-24,Q3,Chhattisgarh,Urban,Total,8.59,value in Millions,
2023-24,Q3,Chandigarh,Rural,Narrowband,0.0004,value in Millions,
2023-24,Q3,Chandigarh,Urban,Narrowband,0.02,value in Millions,
2023-24,Q3,Chandigarh,Rural,Broadband,0.04,value in Millions,
2023-24,Q3,Chandigarh,Urban,Broadband,1.31,value in Millions,
2023-24,Q3,Chandigarh,Rural,Total,0.04,value in Millions,
2023-24,Q3,Chandigarh,Urban,Total,1.33,value in Millions,
2023-24,Q3,Bihar,Rural,Narrowband,1.33,value in Millions,
2023-24,Q3,Bihar,Urban,Narrowband,0.38,value in Millions,
2023-24,Q3,Bihar,Rural,Broadband,34.29,value in Millions,
2023-24,Q3,Bihar,Urban,Broadband,16.39,value in Millions,
2023-24,Q3,Bihar,Rural,Total,35.63,value in Millions,
2023-24,Q3,Bihar,Urban,Total,16.77,value in Millions,
2023-24,Q3,Assam,Rural,Narrowband,0.22,value in Millions,
2023-24,Q3,Assam,Urban,Narrowband,0.1,value in Millions,
2023-24,Q3,Assam,Rural,Broadband,11.75,value in Millions,
2023-24,Q3,Assam,Urban,Broadband,6.75,value in Millions,
2023-24,Q3,Assam,Rural,Total,11.97,value in Millions,
2023-24,Q3,Assam,Urban,Total,6.85,value in Millions,
2023-24,Q3,Arunachal Pradesh,Rural,Narrowband,0.01,value in Millions,
2023-24,Q3,Arunachal Pradesh,Urban,Narrowband,0.01,value in Millions,
2023-24,Q3,Arunachal Pradesh,Rural,Broadband,0.5,value in Millions,
2023-24,Q3,Arunachal Pradesh,Urban,Broadband,0.34,value in Millions,
2023-24,Q3,Arunachal Pradesh,Rural,Total,0.51,value in Millions,
2023-24,Q3,Arunachal Pradesh,Urban,Total,0.35,value in Millions,
2023-24,Q3,Andhra Pradesh,Rural,Narrowband,0.64,value in Millions,
2023-24,Q3,Andhra Pradesh,Urban,Narrowband,0.57,value in Millions,
2023-24,Q3,Andhra Pradesh,Rural,Broadband,16.92,value in Millions,
2023-24,Q3,Andhra Pradesh,Urban,Broadband,16.77,value in Millions,
2023-24,Q3,Andhra Pradesh,Rural,Total,17.55,value in Millions,
2023-24,Q3,Andhra Pradesh,Urban,Total,17.34,value in Millions,
2023-24,Q3,Andaman and Nicobar Islands,Rural,Narrowband,0.004,value in Millions,
2023-24,Q3,Andaman and Nicobar Islands,Urban,Narrowband,0.001,value in Millions,
2023-24,Q3,Andaman and Nicobar Islands,Rural,Broadband,0.28,value in Millions,
2023-24,Q3,Andaman and Nicobar Islands,Urban,Broadband,0.17,value in Millions,
2023-24,Q3,Andaman and Nicobar Islands,Rural,Total,0.28,value in Millions,
2023-24,Q3,Andaman and Nicobar Islands,Urban,Total,0.17,value in Millions,
2023-24,Q2,West Bengal,Rural,Narrowband,0.91,value in Millions,
2023-24,Q2,West Bengal,Urban,Narrowband,0.7,value in Millions,
2023-24,Q2,West Bengal,Rural,Broadband,22.97,value in Millions,
2023-24,Q2,West Bengal,Urban,Broadband,36.52,value in Millions,
2023-24,Q2,West Bengal,Rural,Total,23.88,value in Millions,
2023-24,Q2,West Bengal,Urban,Total,37.22,value in Millions,
2023-24,Q2,Uttarakhand,Rural,Narrowband,0.08,value in Millions,
2023-24,Q2,Uttarakhand,Urban,Narrowband,0.11,value in Millions,
2023-24,Q2,Uttarakhand,Rural,Broadband,4.34,value in Millions,
2023-24,Q2,Uttarakhand,Urban,Broadband,5.04,value in Millions,
2023-24,Q2,Uttarakhand,Rural,Total,4.42,value in Millions,
2023-24,Q2,Uttarakhand,Urban,Total,5.15,value in Millions,
2023-24,Q2,Uttar Pradesh East and West,Rural,Narrowband,2.67,value in Millions,
2023-24,Q2,Uttar Pradesh East and West,Urban,Narrowband,2.56,value in Millions,
2023-24,Q2,Uttar Pradesh East and West,Rural,Broadband,54.55,value in Millions,
2023-24,Q2,Uttar Pradesh East and West,Urban,Broadband,61.22,value in Millions,
2023-24,Q2,Uttar Pradesh East and West,Rural,Total,57.22,value in Millions,
2023-24,Q2,Uttar Pradesh East and West,Urban,Total,63.78,value in Millions,
2023-24,Q2,Tripura,Rural,Narrowband,0.03,value in Millions,
2023-24,Q2,Tripura,Urban,Narrowband,0.03,value in Millions,
2023-24,Q2,Tripura,Rural,Broadband,0.97,value in Millions,
2023-24,Q2,Tripura,Urban,Broadband,1.09,value in Millions,
2023-24,Q2,Tripura,Rural,Total,1.0,value in Millions,
2023-24,Q2,Tripura,Urban,Total,1.12,value in Millions,
2023-24,Q2,Total,Rural,Narrowband,13.76,value in Millions,
2023-24,Q2,Total,Urban,Narrowband,19.43,value in Millions,
2023-24,Q2,Total,Rural,Broadband,361.9,value in Millions,
2023-24,Q2,Total,Urban,Broadband,523.11,value in Millions,
2023-24,Q2,Total,Rural,Total,375.66,value in Millions,
2023-24,Q2,Total,Urban,Total,542.53,value in Millions,
2023-24,Q2,Telangana,Rural,Narrowband,0.48,value in Millions,
2023-24,Q2,Telangana,Urban,Narrowband,0.5,value in Millions,
2023-24,Q2,Telangana,Rural,Broadband,12.11,value in Millions,
2023-24,Q2,Telangana,Urban,Broadband,21.21,value in Millions,
2023-24,Q2,Telangana,Rural,Total,12.58,value in Millions,
2023-24,Q2,Telangana,Urban,Total,21.71,value in Millions,
2023-24,Q2,Tamil Nadu,Rural,Narrowband,0.72,value in Millions,
2023-24,Q2,Tamil Nadu,Urban,Narrowband,1.18,value in Millions,
2023-24,Q2,Tamil Nadu,Rural,Broadband,15.93,value in Millions,
2023-24,Q2,Tamil Nadu,Urban,Broadband,41.69,value in Millions,
2023-24,Q2,Tamil Nadu,Rural,Total,16.65,value in Millions,
2023-24,Q2,Tamil Nadu,Urban,Total,42.87,value in Millions,
2023-24,Q2,Sikkim,Rural,Narrowband,0.01,value in Millions,
2023-24,Q2,Sikkim,Urban,Narrowband,0.0,value in Millions,
2023-24,Q2,Sikkim,Rural,Broadband,0.37,value in Millions,
2023-24,Q2,Sikkim,Urban,Broadband,0.3,value in Millions,
2023-24,Q2,Sikkim,Rural,Total,0.38,value in Millions,
2023-24,Q2,Sikkim,Urban,Total,0.31,value in Millions,
2023-24,Q2,Rajasthan,Rural,Narrowband,0.69,value in Millions,
2023-24,Q2,Rajasthan,Urban,Narrowband,0.72,value in Millions,
2023-24,Q2,Rajasthan,Rural,Broadband,23.47,value in Millions,
2023-24,Q2,Rajasthan,Urban,Broadband,25.71,value in Millions,
2023-24,Q2,Rajasthan,Rural,Total,24.16,value in Millions,
2023-24,Q2,Rajasthan,Urban,Total,26.43,value in Millions,
2023-24,Q2,Punjab,Rural,Narrowband,0.24,value in Millions,
2023-24,Q2,Punjab,Urban,Narrowband,0.42,value in Millions,
2023-24,Q2,Punjab,Rural,Broadband,8.96,value in Millions,
2023-24,Q2,Punjab,Urban,Broadband,16.91,value in Millions,
2023-24,Q2,Punjab,Rural,Total,9.2,value in Millions,
2023-24,Q2,Punjab,Urban,Total,17.33,value in Millions,
2023-24,Q2,Puducherry,Rural,Narrowband,0.03,value in Millions,
2023-24,Q2,Puducherry,Urban,Narrowband,0.07,value in Millions,
2023-24,Q2,Puducherry,Rural,Broadband,0.32,value in Millions,
2023-24,Q2,Puducherry,Urban,Broadband,0.75,value in Millions,
2023-24,Q2,Puducherry,Rural,Total,0.35,value in Millions,
2023-24,Q2,Puducherry,Urban,Total,0.81,value in Millions,
2023-24,Q2,Odisha,Rural,Narrowband,0.4,value in Millions,
2023-24,Q2,Odisha,Urban,Narrowband,0.14,value in Millions,
2023-24,Q2,Odisha,Rural,Broadband,14.95,value in Millions,
2023-24,Q2,Odisha,Urban,Broadband,7.87,value in Millions,
2023-24,Q2,Odisha,Rural,Total,15.35,value in Millions,
2023-24,Q2,Odisha,Urban,Total,8.01,value in Millions,
2023-24,Q2,Nagaland,Rural,Narrowband,0.01,value in Millions,
2023-24,Q2,Nagaland,Urban,Narrowband,0.01,value in Millions,
2023-24,Q2,Nagaland,Rural,Broadband,0.92,value in Millions,
2023-24,Q2,Nagaland,Urban,Broadband,0.65,value in Millions,
2023-24,Q2,Nagaland,Rural,Total,0.94,value in Millions,
2023-24,Q2,Nagaland,Urban,Total,0.67,value in Millions,
2023-24,Q2,Mizoram,Rural,Narrowband,0.01,value in Millions,
2023-24,Q2,Mizoram,Urban,Narrowband,0.01,value in Millions,
2023-24,Q2,Mizoram,Rural,Broadband,0.48,value in Millions,
2023-24,Q2,Mizoram,Urban,Broadband,0.67,value in Millions,
2023-24,Q2,Mizoram,Rural,Total,0.49,value in Millions,
2023-24,Q2,Mizoram,Urban,Total,0.68,value in Millions,
2023-24,Q2,Meghalaya,Rural,Narrowband,0.02,value in Millions,
2023-24,Q2,Meghalaya,Urban,Narrowband,0.01,value in Millions,
2023-24,Q2,Meghalaya,Rural,Broadband,1.24,value in Millions,
2023-24,Q2,Meghalaya,Urban,Broadband,0.72,value in Millions,
2023-24,Q2,Meghalaya,Rural,Total,1.26,value in Millions,
2023-24,Q2,Meghalaya,Urban,Total,0.73,value in Millions,
2023-24,Q2,Manipur,Rural,Narrowband,0.02,value in Millions,
2023-24,Q2,Manipur,Urban,Narrowband,0.02,value in Millions,
2023-24,Q2,Manipur,Rural,Broadband,0.86,value in Millions,
2023-24,Q2,Manipur,Urban,Broadband,1.19,value in Millions,
2023-24,Q2,Manipur,Rural,Total,0.88,value in Millions,
2023-24,Q2,Manipur,Urban,Total,1.2,value in Millions,
2023-24,Q2,Maharashtra,Rural,Narrowband,0.93,value in Millions,
2023-24,Q2,Maharashtra,Urban,Narrowband,1.88,value in Millions,
2023-24,Q2,Maharashtra,Rural,Broadband,32.19,value in Millions,
2023-24,Q2,Maharashtra,Urban,Broadband,72.55,value in Millions,
2023-24,Q2,Maharashtra,Rural,Total,33.11,value in Millions,
2023-24,Q2,Maharashtra,Urban,Total,74.43,value in Millions,
2023-24,Q2,Madhya Pradesh,Rural,Narrowband,0.64,value in Millions,
2023-24,Q2,Madhya Pradesh,Urban,Narrowband,0.49,value in Millions,
2023-24,Q2,Madhya Pradesh,Rural,Broadband,18.31,value in Millions,
2023-24,Q2,Madhya Pradesh,Urban,Broadband,27.36,value in Millions,
2023-24,Q2,Madhya Pradesh,Rural,Total,18.95,value in Millions,
2023-24,Q2,Madhya Pradesh,Urban,Total,27.86,value in Millions,
2023-24,Q2,Lakshadweep,Rural,Narrowband,0.03,value in Millions,
2023-24,Q2,Lakshadweep,Urban,Narrowband,0.0,value in Millions,
2023-24,Q2,Lakshadweep,Rural,Broadband,0.02,value in Millions,
2023-24,Q2,Lakshadweep,Urban,Broadband,0.0,value in Millions,
2023-24,Q2,Lakshadweep,Rural,Total,0.05,value in Millions,
2023-24,Q2,Lakshadweep,Urban,Total,0.0,value in Millions,
2023-24,Q2,Ladakh,Rural,Narrowband,0.0,value in Millions,
2023-24,Q2,Ladakh,Urban,Narrowband,0.01,value in Millions,
2023-24,Q2,Ladakh,Rural,Broadband,0.28,value in Millions,
2023-24,Q2,Ladakh,Urban,Broadband,0.1,value in Millions,
2023-24,Q2,Ladakh,Rural,Total,0.28,value in Millions,
2023-24,Q2,Ladakh,Urban,Total,0.1,value in Millions,
2023-24,Q2,Kerala,Rural,Narrowband,0.48,value in Millions,
2023-24,Q2,Kerala,Urban,Narrowband,0.59,value in Millions,
2023-24,Q2,Kerala,Rural,Broadband,15.14,value in Millions,
2023-24,Q2,Kerala,Urban,Broadband,16.85,value in Millions,
2023-24,Q2,Kerala,Rural,Total,15.62,value in Millions,
2023-24,Q2,Kerala,Urban,Total,17.44,value in Millions,
2023-24,Q2,Karnataka,Rural,Narrowband,1.32,value in Millions,
2023-24,Q2,Karnataka,Urban,Narrowband,2.59,value in Millions,
2023-24,Q2,Karnataka,Rural,Broadband,18.72,value in Millions,
2023-24,Q2,Karnataka,Urban,Broadband,32.84,value in Millions,
2023-24,Q2,Karnataka,Rural,Total,20.04,value in Millions,
2023-24,Q2,Karnataka,Urban,Total,35.43,value in Millions,
2023-24,Q2,Jharkhand,Rural,Narrowband,0.29,value in Millions,
2023-24,Q2,Jharkhand,Urban,Narrowband,0.21,value in Millions,
2023-24,Q2,Jharkhand,Rural,Broadband,10.09,value in Millions,
2023-24,Q2,Jharkhand,Urban,Broadband,8.26,value in Millions,
2023-24,Q2,Jharkhand,Rural,Total,10.38,value in Millions,
2023-24,Q2,Jharkhand,Urban,Total,8.47,value in Millions,
2023-24,Q2,Jammu and Kashmir,Rural,Narrowband,0.12,value in Millions,
2023-24,Q2,Jammu and Kashmir,Urban,Narrowband,0.07,value in Millions,
2023-24,Q2,Jammu and Kashmir,Rural,Broadband,4.17,value in Millions,
2023-24,Q2,Jammu and Kashmir,Urban,Broadband,5.15,value in Millions,
2023-24,Q2,Jammu and Kashmir,Rural,Total,4.29,value in Millions,
2023-24,Q2,Jammu and Kashmir,Urban,Total,5.22,value in Millions,
2023-24,Q2,Himachal Pradesh,Rural,Narrowband,0.07,value in Millions,
2023-24,Q2,Himachal Pradesh,Urban,Narrowband,0.07,value in Millions,
2023-24,Q2,Himachal Pradesh,Rural,Broadband,3.88,value in Millions,
2023-24,Q2,Himachal Pradesh,Urban,Broadband,2.45,value in Millions,
2023-24,Q2,Himachal Pradesh,Rural,Total,3.95,value in Millions,
2023-24,Q2,Himachal Pradesh,Urban,Total,2.52,value in Millions,
2023-24,Q2,Haryana,Rural,Narrowband,0.28,value in Millions,
2023-24,Q2,Haryana,Urban,Narrowband,1.4,value in Millions,
2023-24,Q2,Haryana,Rural,Broadband,8.53,value in Millions,
2023-24,Q2,Haryana,Urban,Broadband,16.38,value in Millions,
2023-24,Q2,Haryana,Rural,Total,8.81,value in Millions,
2023-24,Q2,Haryana,Urban,Total,17.78,value in Millions,
2023-24,Q2,Gujarat,Rural,Narrowband,0.39,value in Millions,
2023-24,Q2,Gujarat,Urban,Narrowband,0.6,value in Millions,
2023-24,Q2,Gujarat,Rural,Broadband,17.27,value in Millions,
2023-24,Q2,Gujarat,Urban,Broadband,35.46,value in Millions,
2023-24,Q2,Gujarat,Rural,Total,17.66,value in Millions,
2023-24,Q2,Gujarat,Urban,Total,36.06,value in Millions,
2023-24,Q2,Goa,Rural,Narrowband,0.04,value in Millions,
2023-24,Q2,Goa,Urban,Narrowband,0.05,value in Millions,
2023-24,Q2,Goa,Rural,Broadband,0.72,value in Millions,
2023-24,Q2,Goa,Urban,Broadband,1.47,value in Millions,
2023-24,Q2,Goa,Rural,Total,0.77,value in Millions,
2023-24,Q2,Goa,Urban,Total,1.52,value in Millions,
2023-24,Q2,Delhi,Rural,Narrowband,0.26,value in Millions,
2023-24,Q2,Delhi,Urban,Narrowband,3.72,value in Millions,
2023-24,Q2,Delhi,Rural,Broadband,0.56,value in Millions,
2023-24,Q2,Delhi,Urban,Broadband,33.19,value in Millions,
2023-24,Q2,Delhi,Rural,Total,0.82,value in Millions,
2023-24,Q2,Delhi,Urban,Total,36.92,value in Millions,
2023-24,Q2,Dadra and Nagar Haveli,Rural,Narrowband,0.01,value in Millions,
2023-24,Q2,Dadra and Nagar Haveli,Urban,Narrowband,0.02,value in Millions,
2023-24,Q2,Dadra and Nagar Haveli,Rural,Broadband,0.29,value in Millions,
2023-24,Q2,Dadra and Nagar Haveli,Urban,Broadband,0.49,value in Millions,
2023-24,Q2,Dadra and Nagar Haveli,Rural,Total,0.3,value in Millions,
2023-24,Q2,Dadra and Nagar Haveli,Urban,Total,0.51,value in Millions,
2023-24,Q2,Chhattisgarh,Rural,Narrowband,0.16,value in Millions,
2023-24,Q2,Chhattisgarh,Urban,Narrowband,0.13,value in Millions,
2023-24,Q2,Chhattisgarh,Rural,Broadband,7.63,value in Millions,
2023-24,Q2,Chhattisgarh,Urban,Broadband,8.13,value in Millions,
2023-24,Q2,Chhattisgarh,Rural,Total,7.79,value in Millions,
2023-24,Q2,Chhattisgarh,Urban,Total,8.26,value in Millions,
2023-24,Q2,Chandigarh,Rural,Narrowband,0.0,value in Millions,
2023-24,Q2,Chandigarh,Urban,Narrowband,0.02,value in Millions,
2023-24,Q2,Chandigarh,Rural,Broadband,0.05,value in Millions,
2023-24,Q2,Chandigarh,Urban,Broadband,1.29,value in Millions,
2023-24,Q2,Chandigarh,Rural,Total,0.05,value in Millions,
2023-24,Q2,Chandigarh,Urban,Total,1.31,value in Millions,
2023-24,Q2,Bihar,Rural,Narrowband,1.47,value in Millions,
2023-24,Q2,Bihar,Urban,Narrowband,0.39,value in Millions,
2023-24,Q2,Bihar,Rural,Broadband,32.99,value in Millions,
2023-24,Q2,Bihar,Urban,Broadband,16.13,value in Millions,
2023-24,Q2,Bihar,Rural,Total,34.46,value in Millions,
2023-24,Q2,Bihar,Urban,Total,16.52,value in Millions,
2023-24,Q2,Assam,Rural,Narrowband,0.26,value in Millions,
2023-24,Q2,Assam,Urban,Narrowband,0.11,value in Millions,
2023-24,Q2,Assam,Rural,Broadband,11.33,value in Millions,
2023-24,Q2,Assam,Urban,Broadband,6.7,value in Millions,
2023-24,Q2,Assam,Rural,Total,11.59,value in Millions,
2023-24,Q2,Assam,Urban,Total,6.81,value in Millions,
2023-24,Q2,Arunachal Pradesh,Rural,Narrowband,0.01,value in Millions,
2023-24,Q2,Arunachal Pradesh,Urban,Narrowband,0.01,value in Millions,
2023-24,Q2,Arunachal Pradesh,Rural,Broadband,0.47,value in Millions,
2023-24,Q2,Arunachal Pradesh,Urban,Broadband,0.33,value in Millions,
2023-24,Q2,Arunachal Pradesh,Rural,Total,0.48,value in Millions,
2023-24,Q2,Arunachal Pradesh,Urban,Total,0.34,value in Millions,
2023-24,Q2,Andhra Pradesh,Rural,Narrowband,0.66,value in Millions,
2023-24,Q2,Andhra Pradesh,Urban,Narrowband,0.59,value in Millions,
2023-24,Q2,Andhra Pradesh,Rural,Broadband,16.62,value in Millions,
2023-24,Q2,Andhra Pradesh,Urban,Broadband,16.21,value in Millions,
2023-24,Q2,Andhra Pradesh,Rural,Total,17.28,value in Millions,
2023-24,Q2,Andhra Pradesh,Urban,Total,16.8,value in Millions,
2023-24,Q2,Andaman and Nicobar Islands,Rural,Narrowband,0.0,value in Millions,
2023-24,Q2,Andaman and Nicobar Islands,Urban,Narrowband,0.0,value in Millions,
2023-24,Q2,Andaman and Nicobar Islands,Rural,Broadband,0.21,value in Millions,
2023-24,Q2,Andaman and Nicobar Islands,Urban,Broadband,0.21,value in Millions,
2023-24,Q2,Andaman and Nicobar Islands,Rural,Total,0.21,value in Millions,
2023-24,Q2,Andaman and Nicobar Islands,Urban,Total,0.21,value in Millions,
2023-24,Q1,West Bengal,Rural,Narrowband,0.99,value in Millions,
2023-24,Q1,West Bengal,Urban,Narrowband,0.75,value in Millions,
2023-24,Q1,West Bengal,Rural,Broadband,22.22,value in Millions,
2023-24,Q1,West Bengal,Urban,Broadband,35.85,value in Millions,
2023-24,Q1,West Bengal,Rural,Total,23.22,value in Millions,
2023-24,Q1,West Bengal,Urban,Total,36.6,value in Millions,
2023-24,Q1,Uttarakhand,Rural,Narrowband,0.09,value in Millions,
2023-24,Q1,Uttarakhand,Urban,Narrowband,0.1,value in Millions,
2023-24,Q1,Uttarakhand,Rural,Broadband,4.29,value in Millions,
2023-24,Q1,Uttarakhand,Urban,Broadband,4.79,value in Millions,
2023-24,Q1,Uttarakhand,Rural,Total,4.37,value in Millions,
2023-24,Q1,Uttarakhand,Urban,Total,4.89,value in Millions,
2023-24,Q1,Uttar Pradesh East and West,Rural,Narrowband,2.79,value in Millions,
2023-24,Q1,Uttar Pradesh East and West,Urban,Narrowband,4.23,value in Millions,
2023-24,Q1,Uttar Pradesh East and West,Rural,Broadband,52.92,value in Millions,
2023-24,Q1,Uttar Pradesh East and West,Urban,Broadband,65.26,value in Millions,
2023-24,Q1,Uttar Pradesh East and West,Rural,Total,55.71,value in Millions,
2023-24,Q1,Uttar Pradesh East and West,Urban,Total,69.5,value in Millions,
2023-24,Q1,Tripura,Rural,Narrowband,0.03,value in Millions,
2023-24,Q1,Tripura,Urban,Narrowband,0.03,value in Millions,
2023-24,Q1,Tripura,Rural,Broadband,0.94,value in Millions,
2023-24,Q1,Tripura,Urban,Broadband,1.02,value in Millions,
2023-24,Q1,Tripura,Rural,Total,0.97,value in Millions,
2023-24,Q1,Tripura,Urban,Total,1.05,value in Millions,
2023-24,Q1,Total,Rural,Narrowband,14.44,value in Millions,
2023-24,Q1,Total,Urban,Narrowband,19.92,value in Millions,
2023-24,Q1,Total,Rural,Broadband,351.26,value in Millions,
2023-24,Q1,Total,Urban,Broadband,510.21,value in Millions,
2023-24,Q1,Total,Rural,Total,365.71,value in Millions,
2023-24,Q1,Total,Urban,Total,530.12,value in Millions,
2023-24,Q1,Telangana,Rural,Narrowband,0.51,value in Millions,
2023-24,Q1,Telangana,Urban,Narrowband,0.6,value in Millions,
2023-24,Q1,Telangana,Rural,Broadband,11.93,value in Millions,
2023-24,Q1,Telangana,Urban,Broadband,20.65,value in Millions,
2023-24,Q1,Telangana,Rural,Total,12.44,value in Millions,
2023-24,Q1,Telangana,Urban,Total,21.25,value in Millions,
2023-24,Q1,Tamil Nadu,Rural,Narrowband,0.72,value in Millions,
2023-24,Q1,Tamil Nadu,Urban,Narrowband,1.23,value in Millions,
2023-24,Q1,Tamil Nadu,Rural,Broadband,15.45,value in Millions,
2023-24,Q1,Tamil Nadu,Urban,Broadband,40.61,value in Millions,
2023-24,Q1,Tamil Nadu,Rural,Total,16.17,value in Millions,
2023-24,Q1,Tamil Nadu,Urban,Total,41.84,value in Millions,
2023-24,Q1,Sikkim,Rural,Narrowband,0.01,value in Millions,
2023-24,Q1,Sikkim,Urban,Narrowband,0.0,value in Millions,
2023-24,Q1,Sikkim,Rural,Broadband,0.35,value in Millions,
2023-24,Q1,Sikkim,Urban,Broadband,0.35,value in Millions,
2023-24,Q1,Sikkim,Rural,Total,0.36,value in Millions,
2023-24,Q1,Sikkim,Urban,Total,0.35,value in Millions,
2023-24,Q1,Rajasthan,Rural,Narrowband,0.76,value in Millions,
2023-24,Q1,Rajasthan,Urban,Narrowband,0.73,value in Millions,
2023-24,Q1,Rajasthan,Rural,Broadband,22.23,value in Millions,
2023-24,Q1,Rajasthan,Urban,Broadband,24.35,value in Millions,
2023-24,Q1,Rajasthan,Rural,Total,22.98,value in Millions,
2023-24,Q1,Rajasthan,Urban,Total,25.07,value in Millions,
2023-24,Q1,Punjab,Rural,Narrowband,0.25,value in Millions,
2023-24,Q1,Punjab,Urban,Narrowband,0.45,value in Millions,
2023-24,Q1,Punjab,Rural,Broadband,8.81,value in Millions,
2023-24,Q1,Punjab,Urban,Broadband,16.57,value in Millions,
2023-24,Q1,Punjab,Rural,Total,9.06,value in Millions,
2023-24,Q1,Punjab,Urban,Total,17.02,value in Millions,
2023-24,Q1,Puducherry,Rural,Narrowband,0.03,value in Millions,
2023-24,Q1,Puducherry,Urban,Narrowband,0.07,value in Millions,
2023-24,Q1,Puducherry,Rural,Broadband,0.31,value in Millions,
2023-24,Q1,Puducherry,Urban,Broadband,0.72,value in Millions,
2023-24,Q1,Puducherry,Rural,Total,0.34,value in Millions,
2023-24,Q1,Puducherry,Urban,Total,0.78,value in Millions,
2023-24,Q1,Odisha,Rural,Narrowband,0.42,value in Millions,
2023-24,Q1,Odisha,Urban,Narrowband,0.15,value in Millions,
2023-24,Q1,Odisha,Rural,Broadband,14.64,value in Millions,
2023-24,Q1,Odisha,Urban,Broadband,7.64,value in Millions,
2023-24,Q1,Odisha,Rural,Total,15.07,value in Millions,
2023-24,Q1,Odisha,Urban,Total,7.79,value in Millions,
2023-24,Q1,Nagaland,Rural,Narrowband,0.01,value in Millions,
2023-24,Q1,Nagaland,Urban,Narrowband,0.01,value in Millions,
2023-24,Q1,Nagaland,Rural,Broadband,0.9,value in Millions,
2023-24,Q1,Nagaland,Urban,Broadband,0.63,value in Millions,
2023-24,Q1,Nagaland,Rural,Total,0.91,value in Millions,
2023-24,Q1,Nagaland,Urban,Total,0.64,value in Millions,
2023-24,Q1,Mizoram,Rural,Narrowband,0.01,value in Millions,
2023-24,Q1,Mizoram,Urban,Narrowband,0.01,value in Millions,
2023-24,Q1,Mizoram,Rural,Broadband,0.47,value in Millions,
2023-24,Q1,Mizoram,Urban,Broadband,0.65,value in Millions,
2023-24,Q1,Mizoram,Rural,Total,0.48,value in Millions,
2023-24,Q1,Mizoram,Urban,Total,0.66,value in Millions,
2023-24,Q1,Meghalaya,Rural,Narrowband,0.02,value in Millions,
2023-24,Q1,Meghalaya,Urban,Narrowband,0.01,value in Millions,
2023-24,Q1,Meghalaya,Rural,Broadband,1.2,value in Millions,
2023-24,Q1,Meghalaya,Urban,Broadband,0.7,value in Millions,
2023-24,Q1,Meghalaya,Rural,Total,1.23,value in Millions,
2023-24,Q1,Meghalaya,Urban,Total,0.71,value in Millions,
2023-24,Q1,Manipur,Rural,Narrowband,0.02,value in Millions,
2023-24,Q1,Manipur,Urban,Narrowband,0.02,value in Millions,
2023-24,Q1,Manipur,Rural,Broadband,0.85,value in Millions,
2023-24,Q1,Manipur,Urban,Broadband,1.19,value in Millions,
2023-24,Q1,Manipur,Rural,Total,0.87,value in Millions,
2023-24,Q1,Manipur,Urban,Total,1.21,value in Millions,
2023-24,Q1,Maharashtra,Rural,Narrowband,0.99,value in Millions,
2023-24,Q1,Maharashtra,Urban,Narrowband,1.96,value in Millions,
2023-24,Q1,Maharashtra,Rural,Broadband,31.27,value in Millions,
2023-24,Q1,Maharashtra,Urban,Broadband,70.69,value in Millions,
2023-24,Q1,Maharashtra,Rural,Total,32.26,value in Millions,
2023-24,Q1,Maharashtra,Urban,Total,72.65,value in Millions,
2023-24,Q1,Madhya Pradesh,Rural,Narrowband,0.68,value in Millions,
2023-24,Q1,Madhya Pradesh,Urban,Narrowband,0.53,value in Millions,
2023-24,Q1,Madhya Pradesh,Rural,Broadband,17.67,value in Millions,
2023-24,Q1,Madhya Pradesh,Urban,Broadband,26.89,value in Millions,
2023-24,Q1,Madhya Pradesh,Rural,Total,18.35,value in Millions,
2023-24,Q1,Madhya Pradesh,Urban,Total,27.42,value in Millions,
2023-24,Q1,Lakshadweep,Rural,Narrowband,0.03,value in Millions,
2023-24,Q1,Lakshadweep,Urban,Narrowband,0.0,value in Millions,
2023-24,Q1,Lakshadweep,Rural,Broadband,0.02,value in Millions,
2023-24,Q1,Lakshadweep,Urban,Broadband,0.0,value in Millions,
2023-24,Q1,Lakshadweep,Rural,Total,0.05,value in Millions,
2023-24,Q1,Lakshadweep,Urban,Total,0.0,value in Millions,
2023-24,Q1,Ladakh,Rural,Narrowband,0.0,value in Millions,
2023-24,Q1,Ladakh,Urban,Narrowband,0.01,value in Millions,
2023-24,Q1,Ladakh,Rural,Broadband,0.27,value in Millions,
2023-24,Q1,Ladakh,Urban,Broadband,0.1,value in Millions,
2023-24,Q1,Ladakh,Rural,Total,0.27,value in Millions,
2023-24,Q1,Ladakh,Urban,Total,0.11,value in Millions,
2023-24,Q1,Kerala,Rural,Narrowband,0.53,value in Millions,
2023-24,Q1,Kerala,Urban,Narrowband,0.5,value in Millions,
2023-24,Q1,Kerala,Rural,Broadband,14.74,value in Millions,
2023-24,Q1,Kerala,Urban,Broadband,16.61,value in Millions,
2023-24,Q1,Kerala,Rural,Total,15.28,value in Millions,
2023-24,Q1,Kerala,Urban,Total,17.11,value in Millions,
2023-24,Q1,Karnataka,Rural,Narrowband,1.37,value in Millions,
2023-24,Q1,Karnataka,Urban,Narrowband,2.58,value in Millions,
2023-24,Q1,Karnataka,Rural,Broadband,18.19,value in Millions,
2023-24,Q1,Karnataka,Urban,Broadband,32.02,value in Millions,
2023-24,Q1,Karnataka,Rural,Total,19.56,value in Millions,
2023-24,Q1,Karnataka,Urban,Total,34.6,value in Millions,
2023-24,Q1,Jharkhand,Rural,Narrowband,0.29,value in Millions,
2023-24,Q1,Jharkhand,Urban,Narrowband,0.21,value in Millions,
2023-24,Q1,Jharkhand,Rural,Broadband,9.82,value in Millions,
2023-24,Q1,Jharkhand,Urban,Broadband,8.01,value in Millions,
2023-24,Q1,Jharkhand,Rural,Total,10.11,value in Millions,
2023-24,Q1,Jharkhand,Urban,Total,8.22,value in Millions,
2023-24,Q1,Jammu and Kashmir,Rural,Narrowband,0.12,value in Millions,
2023-24,Q1,Jammu and Kashmir,Urban,Narrowband,0.07,value in Millions,
2023-24,Q1,Jammu and Kashmir,Rural,Broadband,4.09,value in Millions,
2023-24,Q1,Jammu and Kashmir,Urban,Broadband,5.1,value in Millions,
2023-24,Q1,Jammu and Kashmir,Rural,Total,4.21,value in Millions,
2023-24,Q1,Jammu and Kashmir,Urban,Total,5.17,value in Millions,
2023-24,Q1,Himachal Pradesh,Rural,Narrowband,0.07,value in Millions,
2023-24,Q1,Himachal Pradesh,Urban,Narrowband,0.07,value in Millions,
2023-24,Q1,Himachal Pradesh,Rural,Broadband,3.78,value in Millions,
2023-24,Q1,Himachal Pradesh,Urban,Broadband,2.39,value in Millions,
2023-24,Q1,Himachal Pradesh,Rural,Total,3.85,value in Millions,
2023-24,Q1,Himachal Pradesh,Urban,Total,2.46,value in Millions,
2023-24,Q1,Haryana,Rural,Narrowband,0.29,value in Millions,
2023-24,Q1,Haryana,Urban,Narrowband,1.79,value in Millions,
2023-24,Q1,Haryana,Rural,Broadband,8.32,value in Millions,
2023-24,Q1,Haryana,Urban,Broadband,17.65,value in Millions,
2023-24,Q1,Haryana,Rural,Total,8.62,value in Millions,
2023-24,Q1,Haryana,Urban,Total,19.44,value in Millions,
2023-24,Q1,Gujarat,Rural,Narrowband,0.41,value in Millions,
2023-24,Q1,Gujarat,Urban,Narrowband,0.67,value in Millions,
2023-24,Q1,Gujarat,Rural,Broadband,16.83,value in Millions,
2023-24,Q1,Gujarat,Urban,Broadband,34.83,value in Millions,
2023-24,Q1,Gujarat,Rural,Total,17.23,value in Millions,
2023-24,Q1,Gujarat,Urban,Total,35.49,value in Millions,
2023-24,Q1,Goa,Rural,Narrowband,0.05,value in Millions,
2023-24,Q1,Goa,Urban,Narrowband,0.05,value in Millions,
2023-24,Q1,Goa,Rural,Broadband,0.71,value in Millions,
2023-24,Q1,Goa,Urban,Broadband,1.43,value in Millions,
2023-24,Q1,Goa,Rural,Total,0.75,value in Millions,
2023-24,Q1,Goa,Urban,Total,1.48,value in Millions,
2023-24,Q1,Delhi,Rural,Narrowband,0.26,value in Millions,
2023-24,Q1,Delhi,Urban,Narrowband,1.73,value in Millions,
2023-24,Q1,Delhi,Rural,Broadband,0.52,value in Millions,
2023-24,Q1,Delhi,Urban,Broadband,25.33,value in Millions,
2023-24,Q1,Delhi,Rural,Total,0.78,value in Millions,
2023-24,Q1,Delhi,Urban,Total,27.06,value in Millions,
2023-24,Q1,Dadra and Nagar Haveli,Rural,Narrowband,0.01,value in Millions,
2023-24,Q1,Dadra and Nagar Haveli,Urban,Narrowband,0.02,value in Millions,
2023-24,Q1,Dadra and Nagar Haveli,Rural,Broadband,0.27,value in Millions,
2023-24,Q1,Dadra and Nagar Haveli,Urban,Broadband,0.46,value in Millions,
2023-24,Q1,Dadra and Nagar Haveli,Rural,Total,0.28,value in Millions,
2023-24,Q1,Dadra and Nagar Haveli,Urban,Total,0.48,value in Millions,
2023-24,Q1,Chhattisgarh,Rural,Narrowband,0.18,value in Millions,
2023-24,Q1,Chhattisgarh,Urban,Narrowband,0.14,value in Millions,
2023-24,Q1,Chhattisgarh,Rural,Broadband,7.5,value in Millions,
2023-24,Q1,Chhattisgarh,Urban,Broadband,8.02,value in Millions,
2023-24,Q1,Chhattisgarh,Rural,Total,7.67,value in Millions,
2023-24,Q1,Chhattisgarh,Urban,Total,8.15,value in Millions,
2023-24,Q1,Chandigarh,Rural,Narrowband,0.0,value in Millions,
2023-24,Q1,Chandigarh,Urban,Narrowband,0.03,value in Millions,
2023-24,Q1,Chandigarh,Rural,Broadband,0.04,value in Millions,
2023-24,Q1,Chandigarh,Urban,Broadband,1.25,value in Millions,
2023-24,Q1,Chandigarh,Rural,Total,0.05,value in Millions,
2023-24,Q1,Chandigarh,Urban,Total,1.27,value in Millions,
2023-24,Q1,Bihar,Rural,Narrowband,1.5,value in Millions,
2023-24,Q1,Bihar,Urban,Narrowband,0.4,value in Millions,
2023-24,Q1,Bihar,Rural,Broadband,31.79,value in Millions,
2023-24,Q1,Bihar,Urban,Broadband,15.57,value in Millions,
2023-24,Q1,Bihar,Rural,Total,33.29,value in Millions,
2023-24,Q1,Bihar,Urban,Total,15.97,value in Millions,
2023-24,Q1,Assam,Rural,Narrowband,0.28,value in Millions,
2023-24,Q1,Assam,Urban,Narrowband,0.12,value in Millions,
2023-24,Q1,Assam,Rural,Broadband,10.97,value in Millions,
2023-24,Q1,Assam,Urban,Broadband,6.56,value in Millions,
2023-24,Q1,Assam,Rural,Total,11.26,value in Millions,
2023-24,Q1,Assam,Urban,Total,6.68,value in Millions,
2023-24,Q1,Arunachal Pradesh,Rural,Narrowband,0.01,value in Millions,
2023-24,Q1,Arunachal Pradesh,Urban,Narrowband,0.01,value in Millions,
2023-24,Q1,Arunachal Pradesh,Rural,Broadband,0.45,value in Millions,
2023-24,Q1,Arunachal Pradesh,Urban,Broadband,0.31,value in Millions,
2023-24,Q1,Arunachal Pradesh,Rural,Total,0.46,value in Millions,
2023-24,Q1,Arunachal Pradesh,Urban,Total,0.32,value in Millions,
2023-24,Q1,Andhra Pradesh,Rural,Narrowband,0.7,value in Millions,
2023-24,Q1,Andhra Pradesh,Urban,Narrowband,0.68,value in Millions,
2023-24,Q1,Andhra Pradesh,Rural,Broadband,16.3,value in Millions,
2023-24,Q1,Andhra Pradesh,Urban,Broadband,15.78,value in Millions,
2023-24,Q1,Andhra Pradesh,Rural,Total,17.0,value in Millions,
2023-24,Q1,Andhra Pradesh,Urban,Total,16.45,value in Millions,
2023-24,Q1,Andaman and Nicobar Islands,Rural,Narrowband,0.0,value in Millions,
2023-24,Q1,Andaman and Nicobar Islands,Urban,Narrowband,0.0,value in Millions,
2023-24,Q1,Andaman and Nicobar Islands,Rural,Broadband,0.2,value in Millions,
2023-24,Q1,Andaman and Nicobar Islands,Urban,Broadband,0.21,value in Millions,
2023-24,Q1,Andaman and Nicobar Islands,Rural,Total,0.21,value in Millions,
2023-24,Q1,Andaman and Nicobar Islands,Urban,Total,0.21,value in Millions,
2022-23,Q4,West Bengal,Rural,Narrowband,1.04,value in Millions,
2022-23,Q4,West Bengal,Urban,Narrowband,0.79,value in Millions,
2022-23,Q4,West Bengal,Rural,Broadband,21.64,value in Millions,
2022-23,Q4,West Bengal,Urban,Broadband,35.68,value in Millions,
2022-23,Q4,West Bengal,Rural,Total,22.68,value in Millions,
2022-23,Q4,West Bengal,Urban,Total,36.47,value in Millions,
2022-23,Q4,Uttarakhand,Rural,Narrowband,0.08,value in Millions,
2022-23,Q4,Uttarakhand,Urban,Narrowband,0.1,value in Millions,
2022-23,Q4,Uttarakhand,Rural,Broadband,4.17,value in Millions,
2022-23,Q4,Uttarakhand,Urban,Broadband,4.72,value in Millions,
2022-23,Q4,Uttarakhand,Rural,Total,4.26,value in Millions,
2022-23,Q4,Uttarakhand,Urban,Total,4.83,value in Millions,
2022-23,Q4,Uttar Pradesh East and West,Rural,Narrowband,2.81,value in Millions,
2022-23,Q4,Uttar Pradesh East and West,Urban,Narrowband,1.27,value in Millions,
2022-23,Q4,Uttar Pradesh East and West,Rural,Broadband,51.36,value in Millions,
2022-23,Q4,Uttar Pradesh East and West,Urban,Broadband,54.27,value in Millions,
2022-23,Q4,Uttar Pradesh East and West,Rural,Total,54.16,value in Millions,
2022-23,Q4,Uttar Pradesh East and West,Urban,Total,55.54,value in Millions,
2022-23,Q4,Tripura,Rural,Narrowband,0.03,value in Millions,
2022-23,Q4,Tripura,Urban,Narrowband,0.03,value in Millions,
2022-23,Q4,Tripura,Rural,Broadband,0.95,value in Millions,
2022-23,Q4,Tripura,Urban,Broadband,1.02,value in Millions,
2022-23,Q4,Tripura,Rural,Total,0.98,value in Millions,
2022-23,Q4,Tripura,Urban,Total,1.05,value in Millions,
2022-23,Q4,Total,Rural,Narrowband,14.6,value in Millions,
2022-23,Q4,Total,Urban,Narrowband,20.09,value in Millions,
2022-23,Q4,Total,Rural,Broadband,343.4,value in Millions,
2022-23,Q4,Total,Urban,Broadband,503.17,value in Millions,
2022-23,Q4,Total,Rural,Total,357.99,value in Millions,
2022-23,Q4,Total,Urban,Total,523.26,value in Millions,
2022-23,Q4,Telangana,Rural,Narrowband,0.53,value in Millions,
2022-23,Q4,Telangana,Urban,Narrowband,0.61,value in Millions,
2022-23,Q4,Telangana,Rural,Broadband,11.62,value in Millions,
2022-23,Q4,Telangana,Urban,Broadband,20.33,value in Millions,
2022-23,Q4,Telangana,Rural,Total,12.15,value in Millions,
2022-23,Q4,Telangana,Urban,Total,20.95,value in Millions,
2022-23,Q4,Tamil Nadu,Rural,Narrowband,0.77,value in Millions,
2022-23,Q4,Tamil Nadu,Urban,Narrowband,1.34,value in Millions,
2022-23,Q4,Tamil Nadu,Rural,Broadband,15.27,value in Millions,
2022-23,Q4,Tamil Nadu,Urban,Broadband,40.18,value in Millions,
2022-23,Q4,Tamil Nadu,Rural,Total,16.04,value in Millions,
2022-23,Q4,Tamil Nadu,Urban,Total,41.52,value in Millions,
2022-23,Q4,Sikkim,Rural,Narrowband,0.01,value in Millions,
2022-23,Q4,Sikkim,Urban,Narrowband,0.0,value in Millions,
2022-23,Q4,Sikkim,Rural,Broadband,0.38,value in Millions,
2022-23,Q4,Sikkim,Urban,Broadband,0.39,value in Millions,
2022-23,Q4,Sikkim,Rural,Total,0.39,value in Millions,
2022-23,Q4,Sikkim,Urban,Total,0.39,value in Millions,
2022-23,Q4,Rajasthan,Rural,Narrowband,0.72,value in Millions,
2022-23,Q4,Rajasthan,Urban,Narrowband,0.72,value in Millions,
2022-23,Q4,Rajasthan,Rural,Broadband,21.47,value in Millions,
2022-23,Q4,Rajasthan,Urban,Broadband,23.98,value in Millions,
2022-23,Q4,Rajasthan,Rural,Total,22.19,value in Millions,
2022-23,Q4,Rajasthan,Urban,Total,24.7,value in Millions,
2022-23,Q4,Punjab,Rural,Narrowband,0.25,value in Millions,
2022-23,Q4,Punjab,Urban,Narrowband,0.44,value in Millions,
2022-23,Q4,Punjab,Rural,Broadband,8.8,value in Millions,
2022-23,Q4,Punjab,Urban,Broadband,16.98,value in Millions,
2022-23,Q4,Punjab,Rural,Total,9.04,value in Millions,
2022-23,Q4,Punjab,Urban,Total,17.42,value in Millions,
2022-23,Q4,Puducherry,Rural,Narrowband,0.01,value in Millions,
2022-23,Q4,Puducherry,Urban,Narrowband,0.01,value in Millions,
2022-23,Q4,Puducherry,Rural,Broadband,0.25,value in Millions,
2022-23,Q4,Puducherry,Urban,Broadband,0.44,value in Millions,
2022-23,Q4,Puducherry,Rural,Total,0.26,value in Millions,
2022-23,Q4,Puducherry,Urban,Total,0.45,value in Millions,
2022-23,Q4,Odisha,Rural,Narrowband,0.42,value in Millions,
2022-23,Q4,Odisha,Urban,Narrowband,0.15,value in Millions,
2022-23,Q4,Odisha,Rural,Broadband,14.37,value in Millions,
2022-23,Q4,Odisha,Urban,Broadband,7.65,value in Millions,
2022-23,Q4,Odisha,Rural,Total,14.79,value in Millions,
2022-23,Q4,Odisha,Urban,Total,7.79,value in Millions,
2022-23,Q4,Nagaland,Rural,Narrowband,0.02,value in Millions,
2022-23,Q4,Nagaland,Urban,Narrowband,0.01,value in Millions,
2022-23,Q4,Nagaland,Rural,Broadband,0.91,value in Millions,
2022-23,Q4,Nagaland,Urban,Broadband,0.64,value in Millions,
2022-23,Q4,Nagaland,Rural,Total,0.93,value in Millions,
2022-23,Q4,Nagaland,Urban,Total,0.65,value in Millions,
2022-23,Q4,Mizoram,Rural,Narrowband,0.01,value in Millions,
2022-23,Q4,Mizoram,Urban,Narrowband,0.01,value in Millions,
2022-23,Q4,Mizoram,Rural,Broadband,0.48,value in Millions,
2022-23,Q4,Mizoram,Urban,Broadband,0.66,value in Millions,
2022-23,Q4,Mizoram,Rural,Total,0.49,value in Millions,
2022-23,Q4,Mizoram,Urban,Total,0.67,value in Millions,
2022-23,Q4,Meghalaya,Rural,Narrowband,0.03,value in Millions,
2022-23,Q4,Meghalaya,Urban,Narrowband,0.01,value in Millions,
2022-23,Q4,Meghalaya,Rural,Broadband,1.19,value in Millions,
2022-23,Q4,Meghalaya,Urban,Broadband,0.69,value in Millions,
2022-23,Q4,Meghalaya,Rural,Total,1.22,value in Millions,
2022-23,Q4,Meghalaya,Urban,Total,0.71,value in Millions,
2022-23,Q4,Manipur,Rural,Narrowband,0.02,value in Millions,
2022-23,Q4,Manipur,Urban,Narrowband,0.02,value in Millions,
2022-23,Q4,Manipur,Rural,Broadband,0.88,value in Millions,
2022-23,Q4,Manipur,Urban,Broadband,1.25,value in Millions,
2022-23,Q4,Manipur,Rural,Total,0.91,value in Millions,
2022-23,Q4,Manipur,Urban,Total,1.27,value in Millions,
2022-23,Q4,Maharashtra,Rural,Narrowband,1.03,value in Millions,
2022-23,Q4,Maharashtra,Urban,Narrowband,2.01,value in Millions,
2022-23,Q4,Maharashtra,Rural,Broadband,30.62,value in Millions,
2022-23,Q4,Maharashtra,Urban,Broadband,69.46,value in Millions,
2022-23,Q4,Maharashtra,Rural,Total,31.64,value in Millions,
2022-23,Q4,Maharashtra,Urban,Total,71.47,value in Millions,
2022-23,Q4,Madhya Pradesh,Rural,Narrowband,0.69,value in Millions,
2022-23,Q4,Madhya Pradesh,Urban,Narrowband,0.52,value in Millions,
2022-23,Q4,Madhya Pradesh,Rural,Broadband,17.19,value in Millions,
2022-23,Q4,Madhya Pradesh,Urban,Broadband,26.16,value in Millions,
2022-23,Q4,Madhya Pradesh,Rural,Total,17.88,value in Millions,
2022-23,Q4,Madhya Pradesh,Urban,Total,26.67,value in Millions,
2022-23,Q4,Lakshadweep,Rural,Narrowband,0.03,value in Millions,
2022-23,Q4,Lakshadweep,Urban,Narrowband,0.0,value in Millions,
2022-23,Q4,Lakshadweep,Rural,Broadband,0.02,value in Millions,
2022-23,Q4,Lakshadweep,Urban,Broadband,0.0,value in Millions,
2022-23,Q4,Lakshadweep,Rural,Total,0.05,value in Millions,
2022-23,Q4,Lakshadweep,Urban,Total,0.0,value in Millions,
2022-23,Q4,Ladakh,Rural,Narrowband,0.0,value in Millions,
2022-23,Q4,Ladakh,Urban,Narrowband,0.0,value in Millions,
2022-23,Q4,Ladakh,Rural,Broadband,0.16,value in Millions,
2022-23,Q4,Ladakh,Urban,Broadband,0.02,value in Millions,
2022-23,Q4,Ladakh,Rural,Total,0.16,value in Millions,
2022-23,Q4,Ladakh,Urban,Total,0.03,value in Millions,
2022-23,Q4,Kerala,Rural,Narrowband,0.52,value in Millions,
2022-23,Q4,Kerala,Urban,Narrowband,0.48,value in Millions,
2022-23,Q4,Kerala,Rural,Broadband,14.51,value in Millions,
2022-23,Q4,Kerala,Urban,Broadband,16.34,value in Millions,
2022-23,Q4,Kerala,Rural,Total,15.03,value in Millions,
2022-23,Q4,Kerala,Urban,Total,16.82,value in Millions,
2022-23,Q4,Karnataka,Rural,Narrowband,1.38,value in Millions,
2022-23,Q4,Karnataka,Urban,Narrowband,2.46,value in Millions,
2022-23,Q4,Karnataka,Rural,Broadband,17.9,value in Millions,
2022-23,Q4,Karnataka,Urban,Broadband,31.3,value in Millions,
2022-23,Q4,Karnataka,Rural,Total,19.29,value in Millions,
2022-23,Q4,Karnataka,Urban,Total,33.76,value in Millions,
2022-23,Q4,Jharkhand,Rural,Narrowband,0.29,value in Millions,
2022-23,Q4,Jharkhand,Urban,Narrowband,0.2,value in Millions,
2022-23,Q4,Jharkhand,Rural,Broadband,9.54,value in Millions,
2022-23,Q4,Jharkhand,Urban,Broadband,7.88,value in Millions,
2022-23,Q4,Jharkhand,Rural,Total,9.84,value in Millions,
2022-23,Q4,Jharkhand,Urban,Total,8.08,value in Millions,
2022-23,Q4,Jammu and Kashmir,Rural,Narrowband,0.13,value in Millions,
2022-23,Q4,Jammu and Kashmir,Urban,Narrowband,0.08,value in Millions,
2022-23,Q4,Jammu and Kashmir,Rural,Broadband,4.08,value in Millions,
2022-23,Q4,Jammu and Kashmir,Urban,Broadband,5.01,value in Millions,
2022-23,Q4,Jammu and Kashmir,Rural,Total,4.21,value in Millions,
2022-23,Q4,Jammu and Kashmir,Urban,Total,5.09,value in Millions,
2022-23,Q4,Himachal Pradesh,Rural,Narrowband,0.08,value in Millions,
2022-23,Q4,Himachal Pradesh,Urban,Narrowband,0.07,value in Millions,
2022-23,Q4,Himachal Pradesh,Rural,Broadband,3.79,value in Millions,
2022-23,Q4,Himachal Pradesh,Urban,Broadband,2.35,value in Millions,
2022-23,Q4,Himachal Pradesh,Rural,Total,3.87,value in Millions,
2022-23,Q4,Himachal Pradesh,Urban,Total,2.42,value in Millions,
2022-23,Q4,Haryana,Rural,Narrowband,0.28,value in Millions,
2022-23,Q4,Haryana,Urban,Narrowband,0.51,value in Millions,
2022-23,Q4,Haryana,Rural,Broadband,8.24,value in Millions,
2022-23,Q4,Haryana,Urban,Broadband,13.24,value in Millions,
2022-23,Q4,Haryana,Rural,Total,8.53,value in Millions,
2022-23,Q4,Haryana,Urban,Total,13.75,value in Millions,
2022-23,Q4,Gujarat,Rural,Narrowband,0.4,value in Millions,
2022-23,Q4,Gujarat,Urban,Narrowband,0.68,value in Millions,
2022-23,Q4,Gujarat,Rural,Broadband,16.64,value in Millions,
2022-23,Q4,Gujarat,Urban,Broadband,34.82,value in Millions,
2022-23,Q4,Gujarat,Rural,Total,17.04,value in Millions,
2022-23,Q4,Gujarat,Urban,Total,35.5,value in Millions,
2022-23,Q4,Goa,Rural,Narrowband,0.04,value in Millions,
2022-23,Q4,Goa,Urban,Narrowband,0.05,value in Millions,
2022-23,Q4,Goa,Rural,Broadband,0.67,value in Millions,
2022-23,Q4,Goa,Urban,Broadband,1.41,value in Millions,
2022-23,Q4,Goa,Rural,Total,0.71,value in Millions,
2022-23,Q4,Goa,Urban,Total,1.46,value in Millions,
2022-23,Q4,Delhi,Rural,Narrowband,0.29,value in Millions,
2022-23,Q4,Delhi,Urban,Narrowband,6.14,value in Millions,
2022-23,Q4,Delhi,Rural,Broadband,0.49,value in Millions,
2022-23,Q4,Delhi,Urban,Broadband,38.98,value in Millions,
2022-23,Q4,Delhi,Rural,Total,0.77,value in Millions,
2022-23,Q4,Delhi,Urban,Total,45.12,value in Millions,
2022-23,Q4,Dadra and Nagar Haveli,Rural,Narrowband,0.0,value in Millions,
2022-23,Q4,Dadra and Nagar Haveli,Urban,Narrowband,0.01,value in Millions,
2022-23,Q4,Dadra and Nagar Haveli,Rural,Broadband,0.25,value in Millions,
2022-23,Q4,Dadra and Nagar Haveli,Urban,Broadband,0.37,value in Millions,
2022-23,Q4,Dadra and Nagar Haveli,Rural,Total,0.25,value in Millions,
2022-23,Q4,Dadra and Nagar Haveli,Urban,Total,0.38,value in Millions,
2022-23,Q4,Chhattisgarh,Rural,Narrowband,0.18,value in Millions,
2022-23,Q4,Chhattisgarh,Urban,Narrowband,0.15,value in Millions,
2022-23,Q4,Chhattisgarh,Rural,Broadband,7.31,value in Millions,
2022-23,Q4,Chhattisgarh,Urban,Broadband,8.12,value in Millions,
2022-23,Q4,Chhattisgarh,Rural,Total,7.48,value in Millions,
2022-23,Q4,Chhattisgarh,Urban,Total,8.27,value in Millions,
2022-23,Q4,Chandigarh,Rural,Narrowband,0.0,value in Millions,
2022-23,Q4,Chandigarh,Urban,Narrowband,0.01,value in Millions,
2022-23,Q4,Chandigarh,Rural,Broadband,0.04,value in Millions,
2022-23,Q4,Chandigarh,Urban,Broadband,0.84,value in Millions,
2022-23,Q4,Chandigarh,Rural,Total,0.04,value in Millions,
2022-23,Q4,Chandigarh,Urban,Total,0.85,value in Millions,
2022-23,Q4,Bihar,Rural,Narrowband,1.49,value in Millions,
2022-23,Q4,Bihar,Urban,Narrowband,0.37,value in Millions,
2022-23,Q4,Bihar,Rural,Broadband,30.78,value in Millions,
2022-23,Q4,Bihar,Urban,Broadband,15.23,value in Millions,
2022-23,Q4,Bihar,Rural,Total,32.27,value in Millions,
2022-23,Q4,Bihar,Urban,Total,15.6,value in Millions,
2022-23,Q4,Assam,Rural,Narrowband,0.32,value in Millions,
2022-23,Q4,Assam,Urban,Narrowband,0.13,value in Millions,
2022-23,Q4,Assam,Rural,Broadband,10.66,value in Millions,
2022-23,Q4,Assam,Urban,Broadband,6.48,value in Millions,
2022-23,Q4,Assam,Rural,Total,10.98,value in Millions,
2022-23,Q4,Assam,Urban,Total,6.61,value in Millions,
2022-23,Q4,Arunachal Pradesh,Rural,Narrowband,0.01,value in Millions,
2022-23,Q4,Arunachal Pradesh,Urban,Narrowband,0.01,value in Millions,
2022-23,Q4,Arunachal Pradesh,Rural,Broadband,0.44,value in Millions,
2022-23,Q4,Arunachal Pradesh,Urban,Broadband,0.31,value in Millions,
2022-23,Q4,Arunachal Pradesh,Rural,Total,0.46,value in Millions,
2022-23,Q4,Arunachal Pradesh,Urban,Total,0.32,value in Millions,
2022-23,Q4,Andhra Pradesh,Rural,Narrowband,0.69,value in Millions,
2022-23,Q4,Andhra Pradesh,Urban,Narrowband,0.68,value in Millions,
2022-23,Q4,Andhra Pradesh,Rural,Broadband,16.1,value in Millions,
2022-23,Q4,Andhra Pradesh,Urban,Broadband,15.72,value in Millions,
2022-23,Q4,Andhra Pradesh,Rural,Total,16.79,value in Millions,
2022-23,Q4,Andhra Pradesh,Urban,Total,16.39,value in Millions,
2022-23,Q4,Andaman and Nicobar Islands,Rural,Narrowband,0.0,value in Millions,
2022-23,Q4,Andaman and Nicobar Islands,Urban,Narrowband,0.0,value in Millions,
2022-23,Q4,Andaman and Nicobar Islands,Rural,Broadband,0.21,value in Millions,
2022-23,Q4,Andaman and Nicobar Islands,Urban,Broadband,0.24,value in Millions,
2022-23,Q4,Andaman and Nicobar Islands,Rural,Total,0.21,value in Millions,
2022-23,Q4,Andaman and Nicobar Islands,Urban,Total,0.25,value in Millions,
2022-23,Q3,West Bengal,Rural,Narrowband,1.08,value in Millions,
2022-23,Q3,West Bengal,Urban,Narrowband,0.81,value in Millions,
2022-23,Q3,West Bengal,Rural,Broadband,21.02,value in Millions,
2022-23,Q3,West Bengal,Urban,Broadband,35.23,value in Millions,
2022-23,Q3,West Bengal,Rural,Total,22.09,value in Millions,
2022-23,Q3,West Bengal,Urban,Total,36.04,value in Millions,
2022-23,Q3,Uttarakhand,Rural,Narrowband,0.08,value in Millions,
2022-23,Q3,Uttarakhand,Urban,Narrowband,0.11,value in Millions,
2022-23,Q3,Uttarakhand,Rural,Broadband,4.06,value in Millions,
2022-23,Q3,Uttarakhand,Urban,Broadband,4.64,value in Millions,
2022-23,Q3,Uttarakhand,Rural,Total,4.14,value in Millions,
2022-23,Q3,Uttarakhand,Urban,Total,4.74,value in Millions,
2022-23,Q3,Uttar Pradesh East and West,Rural,Narrowband,2.82,value in Millions,
2022-23,Q3,Uttar Pradesh East and West,Urban,Narrowband,1.3,value in Millions,
2022-23,Q3,Uttar Pradesh East and West,Rural,Broadband,49.93,value in Millions,
2022-23,Q3,Uttar Pradesh East and West,Urban,Broadband,53.63,value in Millions,
2022-23,Q3,Uttar Pradesh East and West,Rural,Total,52.75,value in Millions,
2022-23,Q3,Uttar Pradesh East and West,Urban,Total,54.93,value in Millions,
2022-23,Q3,Tripura,Rural,Narrowband,0.03,value in Millions,
2022-23,Q3,Tripura,Urban,Narrowband,0.03,value in Millions,
2022-23,Q3,Tripura,Rural,Broadband,0.92,value in Millions,
2022-23,Q3,Tripura,Urban,Broadband,0.98,value in Millions,
2022-23,Q3,Tripura,Rural,Total,0.96,value in Millions,
2022-23,Q3,Tripura,Urban,Total,1.01,value in Millions,
2022-23,Q3,Total,Rural,Narrowband,14.46,value in Millions,
2022-23,Q3,Total,Urban,Narrowband,19.23,value in Millions,
2022-23,Q3,Total,Rural,Broadband,335.06,value in Millions,
2022-23,Q3,Total,Urban,Broadband,497.14,value in Millions,
2022-23,Q3,Total,Rural,Total,349.53,value in Millions,
2022-23,Q3,Total,Urban,Total,516.37,value in Millions,
2022-23,Q3,Telangana,Rural,Narrowband,0.51,value in Millions,
2022-23,Q3,Telangana,Urban,Narrowband,0.52,value in Millions,
2022-23,Q3,Telangana,Rural,Broadband,11.16,value in Millions,
2022-23,Q3,Telangana,Urban,Broadband,19.92,value in Millions,
2022-23,Q3,Telangana,Rural,Total,11.67,value in Millions,
2022-23,Q3,Telangana,Urban,Total,20.44,value in Millions,
2022-23,Q3,Tamil Nadu,Rural,Narrowband,0.77,value in Millions,
2022-23,Q3,Tamil Nadu,Urban,Narrowband,1.33,value in Millions,
2022-23,Q3,Tamil Nadu,Rural,Broadband,15.13,value in Millions,
2022-23,Q3,Tamil Nadu,Urban,Broadband,40.01,value in Millions,
2022-23,Q3,Tamil Nadu,Rural,Total,15.9,value in Millions,
2022-23,Q3,Tamil Nadu,Urban,Total,41.35,value in Millions,
2022-23,Q3,Sikkim,Rural,Narrowband,0.02,value in Millions,
2022-23,Q3,Sikkim,Urban,Narrowband,0.0,value in Millions,
2022-23,Q3,Sikkim,Rural,Broadband,0.36,value in Millions,
2022-23,Q3,Sikkim,Urban,Broadband,0.37,value in Millions,
2022-23,Q3,Sikkim,Rural,Total,0.38,value in Millions,
2022-23,Q3,Sikkim,Urban,Total,0.37,value in Millions,
2022-23,Q3,Rajasthan,Rural,Narrowband,0.71,value in Millions,
2022-23,Q3,Rajasthan,Urban,Narrowband,0.7,value in Millions,
2022-23,Q3,Rajasthan,Rural,Broadband,20.91,value in Millions,
2022-23,Q3,Rajasthan,Urban,Broadband,23.55,value in Millions,
2022-23,Q3,Rajasthan,Rural,Total,21.62,value in Millions,
2022-23,Q3,Rajasthan,Urban,Total,24.25,value in Millions,
2022-23,Q3,Punjab,Rural,Narrowband,0.26,value in Millions,
2022-23,Q3,Punjab,Urban,Narrowband,0.45,value in Millions,
2022-23,Q3,Punjab,Rural,Broadband,8.59,value in Millions,
2022-23,Q3,Punjab,Urban,Broadband,16.82,value in Millions,
2022-23,Q3,Punjab,Rural,Total,8.84,value in Millions,
2022-23,Q3,Punjab,Urban,Total,17.27,value in Millions,
2022-23,Q3,Puducherry,Rural,Narrowband,0.01,value in Millions,
2022-23,Q3,Puducherry,Urban,Narrowband,0.01,value in Millions,
2022-23,Q3,Puducherry,Rural,Broadband,0.24,value in Millions,
2022-23,Q3,Puducherry,Urban,Broadband,0.42,value in Millions,
2022-23,Q3,Puducherry,Rural,Total,0.25,value in Millions,
2022-23,Q3,Puducherry,Urban,Total,0.42,value in Millions,
2022-23,Q3,Odisha,Rural,Narrowband,0.42,value in Millions,
2022-23,Q3,Odisha,Urban,Narrowband,0.15,value in Millions,
2022-23,Q3,Odisha,Rural,Broadband,14.0,value in Millions,
2022-23,Q3,Odisha,Urban,Broadband,7.51,value in Millions,
2022-23,Q3,Odisha,Rural,Total,14.42,value in Millions,
2022-23,Q3,Odisha,Urban,Total,7.66,value in Millions,
2022-23,Q3,Nagaland,Rural,Narrowband,0.02,value in Millions,
2022-23,Q3,Nagaland,Urban,Narrowband,0.02,value in Millions,
2022-23,Q3,Nagaland,Rural,Broadband,0.89,value in Millions,
2022-23,Q3,Nagaland,Urban,Broadband,0.62,value in Millions,
2022-23,Q3,Nagaland,Rural,Total,0.91,value in Millions,
2022-23,Q3,Nagaland,Urban,Total,0.63,value in Millions,
2022-23,Q3,Mizoram,Rural,Narrowband,0.01,value in Millions,
2022-23,Q3,Mizoram,Urban,Narrowband,0.01,value in Millions,
2022-23,Q3,Mizoram,Rural,Broadband,0.47,value in Millions,
2022-23,Q3,Mizoram,Urban,Broadband,0.64,value in Millions,
2022-23,Q3,Mizoram,Rural,Total,0.48,value in Millions,
2022-23,Q3,Mizoram,Urban,Total,0.65,value in Millions,
2022-23,Q3,Meghalaya,Rural,Narrowband,0.03,value in Millions,
2022-23,Q3,Meghalaya,Urban,Narrowband,0.01,value in Millions,
2022-23,Q3,Meghalaya,Rural,Broadband,1.16,value in Millions,
2022-23,Q3,Meghalaya,Urban,Broadband,0.67,value in Millions,
2022-23,Q3,Meghalaya,Rural,Total,1.19,value in Millions,
2022-23,Q3,Meghalaya,Urban,Total,0.69,value in Millions,
2022-23,Q3,Manipur,Rural,Narrowband,0.02,value in Millions,
2022-23,Q3,Manipur,Urban,Narrowband,0.02,value in Millions,
2022-23,Q3,Manipur,Rural,Broadband,0.86,value in Millions,
2022-23,Q3,Manipur,Urban,Broadband,1.22,value in Millions,
2022-23,Q3,Manipur,Rural,Total,0.88,value in Millions,
2022-23,Q3,Manipur,Urban,Total,1.24,value in Millions,
2022-23,Q3,Maharashtra,Rural,Narrowband,1.08,value in Millions,
2022-23,Q3,Maharashtra,Urban,Narrowband,1.96,value in Millions,
2022-23,Q3,Maharashtra,Rural,Broadband,30.4,value in Millions,
2022-23,Q3,Maharashtra,Urban,Broadband,68.72,value in Millions,
2022-23,Q3,Maharashtra,Rural,Total,31.48,value in Millions,
2022-23,Q3,Maharashtra,Urban,Total,70.67,value in Millions,
2022-23,Q3,Madhya Pradesh,Rural,Narrowband,0.68,value in Millions,
2022-23,Q3,Madhya Pradesh,Urban,Narrowband,0.51,value in Millions,
2022-23,Q3,Madhya Pradesh,Rural,Broadband,16.87,value in Millions,
2022-23,Q3,Madhya Pradesh,Urban,Broadband,26.04,value in Millions,
2022-23,Q3,Madhya Pradesh,Rural,Total,17.55,value in Millions,
2022-23,Q3,Madhya Pradesh,Urban,Total,26.55,value in Millions,
2022-23,Q3,Lakshadweep,Rural,Narrowband,0.03,value in Millions,
2022-23,Q3,Lakshadweep,Urban,Narrowband,0.0,value in Millions,
2022-23,Q3,Lakshadweep,Rural,Broadband,0.02,value in Millions,
2022-23,Q3,Lakshadweep,Urban,Broadband,0.0,value in Millions,
2022-23,Q3,Lakshadweep,Rural,Total,0.05,value in Millions,
2022-23,Q3,Lakshadweep,Urban,Total,0.0,value in Millions,
2022-23,Q3,Ladakh,Rural,Narrowband,0.0,value in Millions,
2022-23,Q3,Ladakh,Urban,Narrowband,0.0,value in Millions,
2022-23,Q3,Ladakh,Rural,Broadband,0.17,value in Millions,
2022-23,Q3,Ladakh,Urban,Broadband,0.03,value in Millions,
2022-23,Q3,Ladakh,Rural,Total,0.17,value in Millions,
2022-23,Q3,Ladakh,Urban,Total,0.03,value in Millions,
2022-23,Q3,Kerala,Rural,Narrowband,0.47,value in Millions,
2022-23,Q3,Kerala,Urban,Narrowband,0.44,value in Millions,
2022-23,Q3,Kerala,Rural,Broadband,14.49,value in Millions,
2022-23,Q3,Kerala,Urban,Broadband,16.28,value in Millions,
2022-23,Q3,Kerala,Rural,Total,14.96,value in Millions,
2022-23,Q3,Kerala,Urban,Total,16.73,value in Millions,
2022-23,Q3,Karnataka,Rural,Narrowband,1.22,value in Millions,
2022-23,Q3,Karnataka,Urban,Narrowband,2.22,value in Millions,
2022-23,Q3,Karnataka,Rural,Broadband,17.88,value in Millions,
2022-23,Q3,Karnataka,Urban,Broadband,30.81,value in Millions,
2022-23,Q3,Karnataka,Rural,Total,19.1,value in Millions,
2022-23,Q3,Karnataka,Urban,Total,33.03,value in Millions,
2022-23,Q3,Jharkhand,Rural,Narrowband,0.29,value in Millions,
2022-23,Q3,Jharkhand,Urban,Narrowband,0.18,value in Millions,
2022-23,Q3,Jharkhand,Rural,Broadband,9.21,value in Millions,
2022-23,Q3,Jharkhand,Urban,Broadband,7.69,value in Millions,
2022-23,Q3,Jharkhand,Rural,Total,9.49,value in Millions,
2022-23,Q3,Jharkhand,Urban,Total,7.88,value in Millions,
2022-23,Q3,Jammu and Kashmir,Rural,Narrowband,0.13,value in Millions,
2022-23,Q3,Jammu and Kashmir,Urban,Narrowband,0.08,value in Millions,
2022-23,Q3,Jammu and Kashmir,Rural,Broadband,3.95,value in Millions,
2022-23,Q3,Jammu and Kashmir,Urban,Broadband,4.97,value in Millions,
2022-23,Q3,Jammu and Kashmir,Rural,Total,4.09,value in Millions,
2022-23,Q3,Jammu and Kashmir,Urban,Total,5.05,value in Millions,
2022-23,Q3,Himachal Pradesh,Rural,Narrowband,0.08,value in Millions,
2022-23,Q3,Himachal Pradesh,Urban,Narrowband,0.07,value in Millions,
2022-23,Q3,Himachal Pradesh,Rural,Broadband,3.73,value in Millions,
2022-23,Q3,Himachal Pradesh,Urban,Broadband,2.31,value in Millions,
2022-23,Q3,Himachal Pradesh,Rural,Total,3.8,value in Millions,
2022-23,Q3,Himachal Pradesh,Urban,Total,2.37,value in Millions,
2022-23,Q3,Haryana,Rural,Narrowband,0.28,value in Millions,
2022-23,Q3,Haryana,Urban,Narrowband,0.45,value in Millions,
2022-23,Q3,Haryana,Rural,Broadband,7.98,value in Millions,
2022-23,Q3,Haryana,Urban,Broadband,13.14,value in Millions,
2022-23,Q3,Haryana,Rural,Total,8.26,value in Millions,
2022-23,Q3,Haryana,Urban,Total,13.59,value in Millions,
2022-23,Q3,Gujarat,Rural,Narrowband,0.41,value in Millions,
2022-23,Q3,Gujarat,Urban,Narrowband,0.58,value in Millions,
2022-23,Q3,Gujarat,Rural,Broadband,16.29,value in Millions,
2022-23,Q3,Gujarat,Urban,Broadband,34.61,value in Millions,
2022-23,Q3,Gujarat,Rural,Total,16.7,value in Millions,
2022-23,Q3,Gujarat,Urban,Total,35.19,value in Millions,
2022-23,Q3,Goa,Rural,Narrowband,0.05,value in Millions,
2022-23,Q3,Goa,Urban,Narrowband,0.05,value in Millions,
2022-23,Q3,Goa,Rural,Broadband,0.64,value in Millions,
2022-23,Q3,Goa,Urban,Broadband,1.35,value in Millions,
2022-23,Q3,Goa,Rural,Total,0.68,value in Millions,
2022-23,Q3,Goa,Urban,Total,1.4,value in Millions,
2022-23,Q3,Delhi,Rural,Narrowband,0.26,value in Millions,
2022-23,Q3,Delhi,Urban,Narrowband,5.9,value in Millions,
2022-23,Q3,Delhi,Rural,Broadband,0.45,value in Millions,
2022-23,Q3,Delhi,Urban,Broadband,38.09,value in Millions,
2022-23,Q3,Delhi,Rural,Total,0.72,value in Millions,
2022-23,Q3,Delhi,Urban,Total,43.99,value in Millions,
2022-23,Q3,Dadra and Nagar Haveli,Rural,Narrowband,0.0,value in Millions,
2022-23,Q3,Dadra and Nagar Haveli,Urban,Narrowband,0.01,value in Millions,
2022-23,Q3,Dadra and Nagar Haveli,Rural,Broadband,0.24,value in Millions,
2022-23,Q3,Dadra and Nagar Haveli,Urban,Broadband,0.35,value in Millions,
2022-23,Q3,Dadra and Nagar Haveli,Rural,Total,0.24,value in Millions,
2022-23,Q3,Dadra and Nagar Haveli,Urban,Total,0.36,value in Millions,
2022-23,Q3,Chhattisgarh,Rural,Narrowband,0.17,value in Millions,
2022-23,Q3,Chhattisgarh,Urban,Narrowband,0.15,value in Millions,
2022-23,Q3,Chhattisgarh,Rural,Broadband,7.15,value in Millions,
2022-23,Q3,Chhattisgarh,Urban,Broadband,8.13,value in Millions,
2022-23,Q3,Chhattisgarh,Rural,Total,7.32,value in Millions,
2022-23,Q3,Chhattisgarh,Urban,Total,8.28,value in Millions,
2022-23,Q3,Chandigarh,Rural,Narrowband,0.0,value in Millions,
2022-23,Q3,Chandigarh,Urban,Narrowband,0.02,value in Millions,
2022-23,Q3,Chandigarh,Rural,Broadband,0.04,value in Millions,
2022-23,Q3,Chandigarh,Urban,Broadband,0.79,value in Millions,
2022-23,Q3,Chandigarh,Rural,Total,0.04,value in Millions,
2022-23,Q3,Chandigarh,Urban,Total,0.81,value in Millions,
2022-23,Q3,Bihar,Rural,Narrowband,1.47,value in Millions,
2022-23,Q3,Bihar,Urban,Narrowband,0.36,value in Millions,
2022-23,Q3,Bihar,Rural,Broadband,29.42,value in Millions,
2022-23,Q3,Bihar,Urban,Broadband,14.88,value in Millions,
2022-23,Q3,Bihar,Rural,Total,30.89,value in Millions,
2022-23,Q3,Bihar,Urban,Total,15.24,value in Millions,
2022-23,Q3,Assam,Rural,Narrowband,0.32,value in Millions,
2022-23,Q3,Assam,Urban,Narrowband,0.14,value in Millions,
2022-23,Q3,Assam,Rural,Broadband,10.14,value in Millions,
2022-23,Q3,Assam,Urban,Broadband,6.32,value in Millions,
2022-23,Q3,Assam,Rural,Total,10.46,value in Millions,
2022-23,Q3,Assam,Urban,Total,6.45,value in Millions,
2022-23,Q3,Arunachal Pradesh,Rural,Narrowband,0.01,value in Millions,
2022-23,Q3,Arunachal Pradesh,Urban,Narrowband,0.01,value in Millions,
2022-23,Q3,Arunachal Pradesh,Rural,Broadband,0.44,value in Millions,
2022-23,Q3,Arunachal Pradesh,Urban,Broadband,0.32,value in Millions,
2022-23,Q3,Arunachal Pradesh,Rural,Total,0.46,value in Millions,
2022-23,Q3,Arunachal Pradesh,Urban,Total,0.33,value in Millions,
2022-23,Q3,Andhra Pradesh,Rural,Narrowband,0.73,value in Millions,
2022-23,Q3,Andhra Pradesh,Urban,Narrowband,0.65,value in Millions,
2022-23,Q3,Andhra Pradesh,Rural,Broadband,15.67,value in Millions,
2022-23,Q3,Andhra Pradesh,Urban,Broadband,15.84,value in Millions,
2022-23,Q3,Andhra Pradesh,Rural,Total,16.4,value in Millions,
2022-23,Q3,Andhra Pradesh,Urban,Total,16.49,value in Millions,
2022-23,Q3,Andaman and Nicobar Islands,Rural,Narrowband,0.0,value in Millions,
2022-23,Q3,Andaman and Nicobar Islands,Urban,Narrowband,0.0,value in Millions,
2022-23,Q3,Andaman and Nicobar Islands,Rural,Broadband,0.2,value in Millions,
2022-23,Q3,Andaman and Nicobar Islands,Urban,Broadband,0.24,value in Millions,
2022-23,Q3,Andaman and Nicobar Islands,Rural,Total,0.21,value in Millions,
2022-23,Q3,Andaman and Nicobar Islands,Urban,Total,0.24,value in Millions,
2022-23,Q2,West Bengal,Rural,Narrowband,1.2,value in Millions,
2022-23,Q2,West Bengal,Urban,Narrowband,0.91,value in Millions,
2022-23,Q2,West Bengal,Rural,Broadband,20.76,value in Millions,
2022-23,Q2,West Bengal,Urban,Broadband,34.91,value in Millions,
2022-23,Q2,West Bengal,Rural,Total,21.96,value in Millions,
2022-23,Q2,West Bengal,Urban,Total,35.82,value in Millions,
2022-23,Q2,Uttarakhand,Rural,Narrowband,0.1,value in Millions,
2022-23,Q2,Uttarakhand,Urban,Narrowband,0.12,value in Millions,
2022-23,Q2,Uttarakhand,Rural,Broadband,3.98,value in Millions,
2022-23,Q2,Uttarakhand,Urban,Broadband,4.55,value in Millions,
2022-23,Q2,Uttarakhand,Rural,Total,4.08,value in Millions,
2022-23,Q2,Uttarakhand,Urban,Total,4.67,value in Millions,
2022-23,Q2,Uttar Pradesh East and West,Rural,Narrowband,3.13,value in Millions,
2022-23,Q2,Uttar Pradesh East and West,Urban,Narrowband,1.44,value in Millions,
2022-23,Q2,Uttar Pradesh East and West,Rural,Broadband,48.96,value in Millions,
2022-23,Q2,Uttar Pradesh East and West,Urban,Broadband,53.27,value in Millions,
2022-23,Q2,Uttar Pradesh East and West,Rural,Total,52.09,value in Millions,
2022-23,Q2,Uttar Pradesh East and West,Urban,Total,54.72,value in Millions,
2022-23,Q2,Tripura,Rural,Narrowband,0.04,value in Millions,
2022-23,Q2,Tripura,Urban,Narrowband,0.03,value in Millions,
2022-23,Q2,Tripura,Rural,Broadband,0.89,value in Millions,
2022-23,Q2,Tripura,Urban,Broadband,0.97,value in Millions,
2022-23,Q2,Tripura,Rural,Total,0.93,value in Millions,
2022-23,Q2,Tripura,Urban,Total,1.0,value in Millions,
2022-23,Q2,Total,Rural,Narrowband,15.39,value in Millions,
2022-23,Q2,Total,Urban,Narrowband,19.62,value in Millions,
2022-23,Q2,Total,Rural,Broadband,328.43,value in Millions,
2022-23,Q2,Total,Urban,Broadband,487.51,value in Millions,
2022-23,Q2,Total,Rural,Total,343.82,value in Millions,
2022-23,Q2,Total,Urban,Total,507.13,value in Millions,
2022-23,Q2,Telangana,Rural,Narrowband,0.51,value in Millions,
2022-23,Q2,Telangana,Urban,Narrowband,0.54,value in Millions,
2022-23,Q2,Telangana,Rural,Broadband,10.97,value in Millions,
2022-23,Q2,Telangana,Urban,Broadband,19.41,value in Millions,
2022-23,Q2,Telangana,Rural,Total,11.49,value in Millions,
2022-23,Q2,Telangana,Urban,Total,19.95,value in Millions,
2022-23,Q2,Tamil Nadu,Rural,Narrowband,0.77,value in Millions,
2022-23,Q2,Tamil Nadu,Urban,Narrowband,1.34,value in Millions,
2022-23,Q2,Tamil Nadu,Rural,Broadband,14.79,value in Millions,
2022-23,Q2,Tamil Nadu,Urban,Broadband,39.05,value in Millions,
2022-23,Q2,Tamil Nadu,Rural,Total,15.55,value in Millions,
2022-23,Q2,Tamil Nadu,Urban,Total,40.39,value in Millions,
2022-23,Q2,Sikkim,Rural,Narrowband,0.02,value in Millions,
2022-23,Q2,Sikkim,Urban,Narrowband,0.0,value in Millions,
2022-23,Q2,Sikkim,Rural,Broadband,0.35,value in Millions,
2022-23,Q2,Sikkim,Urban,Broadband,0.36,value in Millions,
2022-23,Q2,Sikkim,Rural,Total,0.37,value in Millions,
2022-23,Q2,Sikkim,Urban,Total,0.36,value in Millions,
2022-23,Q2,Rajasthan,Rural,Narrowband,0.72,value in Millions,
2022-23,Q2,Rajasthan,Urban,Narrowband,0.7,value in Millions,
2022-23,Q2,Rajasthan,Rural,Broadband,20.62,value in Millions,
2022-23,Q2,Rajasthan,Urban,Broadband,22.99,value in Millions,
2022-23,Q2,Rajasthan,Rural,Total,21.34,value in Millions,
2022-23,Q2,Rajasthan,Urban,Total,23.69,value in Millions,
2022-23,Q2,Punjab,Rural,Narrowband,0.29,value in Millions,
2022-23,Q2,Punjab,Urban,Narrowband,0.49,value in Millions,
2022-23,Q2,Punjab,Rural,Broadband,8.34,value in Millions,
2022-23,Q2,Punjab,Urban,Broadband,16.38,value in Millions,
2022-23,Q2,Punjab,Rural,Total,8.63,value in Millions,
2022-23,Q2,Punjab,Urban,Total,16.87,value in Millions,
2022-23,Q2,Puducherry,Rural,Narrowband,0.01,value in Millions,
2022-23,Q2,Puducherry,Urban,Narrowband,0.01,value in Millions,
2022-23,Q2,Puducherry,Rural,Broadband,0.24,value in Millions,
2022-23,Q2,Puducherry,Urban,Broadband,0.42,value in Millions,
2022-23,Q2,Puducherry,Rural,Total,0.24,value in Millions,
2022-23,Q2,Puducherry,Urban,Total,0.42,value in Millions,
2022-23,Q2,Odisha,Rural,Narrowband,0.47,value in Millions,
2022-23,Q2,Odisha,Urban,Narrowband,0.16,value in Millions,
2022-23,Q2,Odisha,Rural,Broadband,13.7,value in Millions,
2022-23,Q2,Odisha,Urban,Broadband,7.3,value in Millions,
2022-23,Q2,Odisha,Rural,Total,14.17,value in Millions,
2022-23,Q2,Odisha,Urban,Total,7.46,value in Millions,
2022-23,Q2,Nagaland,Rural,Narrowband,0.02,value in Millions,
2022-23,Q2,Nagaland,Urban,Narrowband,0.02,value in Millions,
2022-23,Q2,Nagaland,Rural,Broadband,0.86,value in Millions,
2022-23,Q2,Nagaland,Urban,Broadband,0.62,value in Millions,
2022-23,Q2,Nagaland,Rural,Total,0.88,value in Millions,
2022-23,Q2,Nagaland,Urban,Total,0.64,value in Millions,
2022-23,Q2,Mizoram,Rural,Narrowband,0.01,value in Millions,
2022-23,Q2,Mizoram,Urban,Narrowband,0.01,value in Millions,
2022-23,Q2,Mizoram,Rural,Broadband,0.45,value in Millions,
2022-23,Q2,Mizoram,Urban,Broadband,0.64,value in Millions,
2022-23,Q2,Mizoram,Rural,Total,0.46,value in Millions,
2022-23,Q2,Mizoram,Urban,Total,0.65,value in Millions,
2022-23,Q2,Meghalaya,Rural,Narrowband,0.03,value in Millions,
2022-23,Q2,Meghalaya,Urban,Narrowband,0.02,value in Millions,
2022-23,Q2,Meghalaya,Rural,Broadband,1.13,value in Millions,
2022-23,Q2,Meghalaya,Urban,Broadband,0.68,value in Millions,
2022-23,Q2,Meghalaya,Rural,Total,1.16,value in Millions,
2022-23,Q2,Meghalaya,Urban,Total,0.7,value in Millions,
2022-23,Q2,Manipur,Rural,Narrowband,0.02,value in Millions,
2022-23,Q2,Manipur,Urban,Narrowband,0.02,value in Millions,
2022-23,Q2,Manipur,Rural,Broadband,0.83,value in Millions,
2022-23,Q2,Manipur,Urban,Broadband,1.22,value in Millions,
2022-23,Q2,Manipur,Rural,Total,0.85,value in Millions,
2022-23,Q2,Manipur,Urban,Total,1.24,value in Millions,
2022-23,Q2,Maharashtra,Rural,Narrowband,1.17,value in Millions,
2022-23,Q2,Maharashtra,Urban,Narrowband,2.18,value in Millions,
2022-23,Q2,Maharashtra,Rural,Broadband,29.81,value in Millions,
2022-23,Q2,Maharashtra,Urban,Broadband,67.39,value in Millions,
2022-23,Q2,Maharashtra,Rural,Total,30.98,value in Millions,
2022-23,Q2,Maharashtra,Urban,Total,69.57,value in Millions,
2022-23,Q2,Madhya Pradesh,Rural,Narrowband,0.72,value in Millions,
2022-23,Q2,Madhya Pradesh,Urban,Narrowband,0.53,value in Millions,
2022-23,Q2,Madhya Pradesh,Rural,Broadband,16.46,value in Millions,
2022-23,Q2,Madhya Pradesh,Urban,Broadband,25.59,value in Millions,
2022-23,Q2,Madhya Pradesh,Rural,Total,17.18,value in Millions,
2022-23,Q2,Madhya Pradesh,Urban,Total,26.12,value in Millions,
2022-23,Q2,Lakshadweep,Rural,Narrowband,0.03,value in Millions,
2022-23,Q2,Lakshadweep,Urban,Narrowband,0.0,value in Millions,
2022-23,Q2,Lakshadweep,Rural,Broadband,0.02,value in Millions,
2022-23,Q2,Lakshadweep,Urban,Broadband,0.0,value in Millions,
2022-23,Q2,Lakshadweep,Rural,Total,0.05,value in Millions,
2022-23,Q2,Lakshadweep,Urban,Total,0.0,value in Millions,
2022-23,Q2,Ladakh,Rural,Narrowband,0.0,value in Millions,
2022-23,Q2,Ladakh,Urban,Narrowband,0.0,value in Millions,
2022-23,Q2,Ladakh,Rural,Broadband,0.17,value in Millions,
2022-23,Q2,Ladakh,Urban,Broadband,0.03,value in Millions,
2022-23,Q2,Ladakh,Rural,Total,0.17,value in Millions,
2022-23,Q2,Ladakh,Urban,Total,0.04,value in Millions,
2022-23,Q2,Kerala,Rural,Narrowband,0.49,value in Millions,
2022-23,Q2,Kerala,Urban,Narrowband,0.45,value in Millions,
2022-23,Q2,Kerala,Rural,Broadband,14.14,value in Millions,
2022-23,Q2,Kerala,Urban,Broadband,16.11,value in Millions,
2022-23,Q2,Kerala,Rural,Total,14.63,value in Millions,
2022-23,Q2,Kerala,Urban,Total,16.56,value in Millions,
2022-23,Q2,Karnataka,Rural,Narrowband,1.07,value in Millions,
2022-23,Q2,Karnataka,Urban,Narrowband,1.97,value in Millions,
2022-23,Q2,Karnataka,Rural,Broadband,17.48,value in Millions,
2022-23,Q2,Karnataka,Urban,Broadband,30.09,value in Millions,
2022-23,Q2,Karnataka,Rural,Total,18.55,value in Millions,
2022-23,Q2,Karnataka,Urban,Total,32.06,value in Millions,
2022-23,Q2,Jharkhand,Rural,Narrowband,0.31,value in Millions,
2022-23,Q2,Jharkhand,Urban,Narrowband,0.19,value in Millions,
2022-23,Q2,Jharkhand,Rural,Broadband,9.05,value in Millions,
2022-23,Q2,Jharkhand,Urban,Broadband,7.61,value in Millions,
2022-23,Q2,Jharkhand,Rural,Total,9.37,value in Millions,
2022-23,Q2,Jharkhand,Urban,Total,7.8,value in Millions,
2022-23,Q2,Jammu and Kashmir,Rural,Narrowband,0.13,value in Millions,
2022-23,Q2,Jammu and Kashmir,Urban,Narrowband,0.08,value in Millions,
2022-23,Q2,Jammu and Kashmir,Rural,Broadband,3.88,value in Millions,
2022-23,Q2,Jammu and Kashmir,Urban,Broadband,4.9,value in Millions,
2022-23,Q2,Jammu and Kashmir,Rural,Total,4.02,value in Millions,
2022-23,Q2,Jammu and Kashmir,Urban,Total,4.98,value in Millions,
2022-23,Q2,Himachal Pradesh,Rural,Narrowband,0.09,value in Millions,
2022-23,Q2,Himachal Pradesh,Urban,Narrowband,0.08,value in Millions,
2022-23,Q2,Himachal Pradesh,Rural,Broadband,3.71,value in Millions,
2022-23,Q2,Himachal Pradesh,Urban,Broadband,2.28,value in Millions,
2022-23,Q2,Himachal Pradesh,Rural,Total,3.8,value in Millions,
2022-23,Q2,Himachal Pradesh,Urban,Total,2.35,value in Millions,
2022-23,Q2,Haryana,Rural,Narrowband,0.3,value in Millions,
2022-23,Q2,Haryana,Urban,Narrowband,0.42,value in Millions,
2022-23,Q2,Haryana,Rural,Broadband,7.78,value in Millions,
2022-23,Q2,Haryana,Urban,Broadband,12.87,value in Millions,
2022-23,Q2,Haryana,Rural,Total,8.08,value in Millions,
2022-23,Q2,Haryana,Urban,Total,13.29,value in Millions,
2022-23,Q2,Gujarat,Rural,Narrowband,0.45,value in Millions,
2022-23,Q2,Gujarat,Urban,Narrowband,0.61,value in Millions,
2022-23,Q2,Gujarat,Rural,Broadband,16.0,value in Millions,
2022-23,Q2,Gujarat,Urban,Broadband,34.2,value in Millions,
2022-23,Q2,Gujarat,Rural,Total,16.46,value in Millions,
2022-23,Q2,Gujarat,Urban,Total,34.8,value in Millions,
2022-23,Q2,Goa,Rural,Narrowband,0.05,value in Millions,
2022-23,Q2,Goa,Urban,Narrowband,0.05,value in Millions,
2022-23,Q2,Goa,Rural,Broadband,0.63,value in Millions,
2022-23,Q2,Goa,Urban,Broadband,1.28,value in Millions,
2022-23,Q2,Goa,Rural,Total,0.68,value in Millions,
2022-23,Q2,Goa,Urban,Total,1.33,value in Millions,
2022-23,Q2,Delhi,Rural,Narrowband,0.25,value in Millions,
2022-23,Q2,Delhi,Urban,Narrowband,5.8,value in Millions,
2022-23,Q2,Delhi,Rural,Broadband,0.46,value in Millions,
2022-23,Q2,Delhi,Urban,Broadband,36.34,value in Millions,
2022-23,Q2,Delhi,Rural,Total,0.71,value in Millions,
2022-23,Q2,Delhi,Urban,Total,42.14,value in Millions,
2022-23,Q2,Dadra and Nagar Haveli,Rural,Narrowband,0.0,value in Millions,
2022-23,Q2,Dadra and Nagar Haveli,Urban,Narrowband,0.01,value in Millions,
2022-23,Q2,Dadra and Nagar Haveli,Rural,Broadband,0.23,value in Millions,
2022-23,Q2,Dadra and Nagar Haveli,Urban,Broadband,0.35,value in Millions,
2022-23,Q2,Dadra and Nagar Haveli,Rural,Total,0.24,value in Millions,
2022-23,Q2,Dadra and Nagar Haveli,Urban,Total,0.36,value in Millions,
2022-23,Q2,Chhattisgarh,Rural,Narrowband,0.18,value in Millions,
2022-23,Q2,Chhattisgarh,Urban,Narrowband,0.16,value in Millions,
2022-23,Q2,Chhattisgarh,Rural,Broadband,7.0,value in Millions,
2022-23,Q2,Chhattisgarh,Urban,Broadband,8.0,value in Millions,
2022-23,Q2,Chhattisgarh,Rural,Total,7.18,value in Millions,
2022-23,Q2,Chhattisgarh,Urban,Total,8.16,value in Millions,
2022-23,Q2,Chandigarh,Rural,Narrowband,0.0,value in Millions,
2022-23,Q2,Chandigarh,Urban,Narrowband,0.01,value in Millions,
2022-23,Q2,Chandigarh,Rural,Broadband,0.04,value in Millions,
2022-23,Q2,Chandigarh,Urban,Broadband,0.79,value in Millions,
2022-23,Q2,Chandigarh,Rural,Total,0.04,value in Millions,
2022-23,Q2,Chandigarh,Urban,Total,0.81,value in Millions,
2022-23,Q2,Bihar,Rural,Narrowband,1.65,value in Millions,
2022-23,Q2,Bihar,Urban,Narrowband,0.4,value in Millions,
2022-23,Q2,Bihar,Rural,Broadband,28.84,value in Millions,
2022-23,Q2,Bihar,Urban,Broadband,14.62,value in Millions,
2022-23,Q2,Bihar,Rural,Total,30.49,value in Millions,
2022-23,Q2,Bihar,Urban,Total,15.02,value in Millions,
2022-23,Q2,Assam,Rural,Narrowband,0.37,value in Millions,
2022-23,Q2,Assam,Urban,Narrowband,0.16,value in Millions,
2022-23,Q2,Assam,Rural,Broadband,9.75,value in Millions,
2022-23,Q2,Assam,Urban,Broadband,6.23,value in Millions,
2022-23,Q2,Assam,Rural,Total,10.12,value in Millions,
2022-23,Q2,Assam,Urban,Total,6.39,value in Millions,
2022-23,Q2,Arunachal Pradesh,Rural,Narrowband,0.01,value in Millions,
2022-23,Q2,Arunachal Pradesh,Urban,Narrowband,0.01,value in Millions,
2022-23,Q2,Arunachal Pradesh,Rural,Broadband,0.44,value in Millions,
2022-23,Q2,Arunachal Pradesh,Urban,Broadband,0.32,value in Millions,
2022-23,Q2,Arunachal Pradesh,Rural,Total,0.46,value in Millions,
2022-23,Q2,Arunachal Pradesh,Urban,Total,0.33,value in Millions,
2022-23,Q2,Andhra Pradesh,Rural,Narrowband,0.79,value in Millions,
2022-23,Q2,Andhra Pradesh,Urban,Narrowband,0.69,value in Millions,
2022-23,Q2,Andhra Pradesh,Rural,Broadband,15.46,value in Millions,
2022-23,Q2,Andhra Pradesh,Urban,Broadband,15.51,value in Millions,
2022-23,Q2,Andhra Pradesh,Rural,Total,16.25,value in Millions,
2022-23,Q2,Andhra Pradesh,Urban,Total,16.2,value in Millions,
2022-23,Q2,Andaman and Nicobar Islands,Rural,Narrowband,0.0,value in Millions,
2022-23,Q2,Andaman and Nicobar Islands,Urban,Narrowband,0.0,value in Millions,
2022-23,Q2,Andaman and Nicobar Islands,Rural,Broadband,0.2,value in Millions,
2022-23,Q2,Andaman and Nicobar Islands,Urban,Broadband,0.23,value in Millions,
2022-23,Q2,Andaman and Nicobar Islands,Rural,Total,0.2,value in Millions,
2022-23,Q2,Andaman and Nicobar Islands,Urban,Total,0.24,value in Millions,
2022-23,Q1,West Bengal,Rural,Narrowband,1.34,value in Millions,
2022-23,Q1,West Bengal,Urban,Narrowband,0.98,value in Millions,
2022-23,Q1,West Bengal,Rural,Broadband,20.17,value in Millions,
2022-23,Q1,West Bengal,Urban,Broadband,34.29,value in Millions,
2022-23,Q1,West Bengal,Rural,Total,21.5,value in Millions,
2022-23,Q1,West Bengal,Urban,Total,35.27,value in Millions,
2022-23,Q1,Uttarakhand,Rural,Narrowband,0.13,value in Millions,
2022-23,Q1,Uttarakhand,Urban,Narrowband,0.14,value in Millions,
2022-23,Q1,Uttarakhand,Rural,Broadband,3.78,value in Millions,
2022-23,Q1,Uttarakhand,Urban,Broadband,4.3,value in Millions,
2022-23,Q1,Uttarakhand,Rural,Total,3.9,value in Millions,
2022-23,Q1,Uttarakhand,Urban,Total,4.44,value in Millions,
2022-23,Q1,Uttar Pradesh East and West,Rural,Narrowband,3.47,value in Millions,
2022-23,Q1,Uttar Pradesh East and West,Urban,Narrowband,1.52,value in Millions,
2022-23,Q1,Uttar Pradesh East and West,Rural,Broadband,47.57,value in Millions,
2022-23,Q1,Uttar Pradesh East and West,Urban,Broadband,51.82,value in Millions,
2022-23,Q1,Uttar Pradesh East and West,Rural,Total,51.04,value in Millions,
2022-23,Q1,Uttar Pradesh East and West,Urban,Total,53.34,value in Millions,
2022-23,Q1,Tripura,Rural,Narrowband,0.04,value in Millions,
2022-23,Q1,Tripura,Urban,Narrowband,0.03,value in Millions,
2022-23,Q1,Tripura,Rural,Broadband,0.87,value in Millions,
2022-23,Q1,Tripura,Urban,Broadband,0.92,value in Millions,
2022-23,Q1,Tripura,Rural,Total,0.91,value in Millions,
2022-23,Q1,Tripura,Urban,Total,0.96,value in Millions,
2022-23,Q1,Total,Rural,Narrowband,16.8,value in Millions,
2022-23,Q1,Total,Urban,Narrowband,19.12,value in Millions,
2022-23,Q1,Total,Rural,Broadband,322.5,value in Millions,
2022-23,Q1,Total,Urban,Broadband,478.44,value in Millions,
2022-23,Q1,Total,Rural,Total,339.3,value in Millions,
2022-23,Q1,Total,Urban,Total,497.56,value in Millions,
2022-23,Q1,Telangana,Rural,Narrowband,0.56,value in Millions,
2022-23,Q1,Telangana,Urban,Narrowband,0.58,value in Millions,
2022-23,Q1,Telangana,Rural,Broadband,10.93,value in Millions,
2022-23,Q1,Telangana,Urban,Broadband,18.74,value in Millions,
2022-23,Q1,Telangana,Rural,Total,11.49,value in Millions,
2022-23,Q1,Telangana,Urban,Total,19.32,value in Millions,
2022-23,Q1,Tamil Nadu,Rural,Narrowband,0.8,value in Millions,
2022-23,Q1,Tamil Nadu,Urban,Narrowband,1.37,value in Millions,
2022-23,Q1,Tamil Nadu,Rural,Broadband,14.63,value in Millions,
2022-23,Q1,Tamil Nadu,Urban,Broadband,39.02,value in Millions,
2022-23,Q1,Tamil Nadu,Rural,Total,15.43,value in Millions,
2022-23,Q1,Tamil Nadu,Urban,Total,40.39,value in Millions,
2022-23,Q1,Sikkim,Rural,Narrowband,0.02,value in Millions,
2022-23,Q1,Sikkim,Urban,Narrowband,0.0,value in Millions,
2022-23,Q1,Sikkim,Rural,Broadband,0.34,value in Millions,
2022-23,Q1,Sikkim,Urban,Broadband,0.35,value in Millions,
2022-23,Q1,Sikkim,Rural,Total,0.37,value in Millions,
2022-23,Q1,Sikkim,Urban,Total,0.36,value in Millions,
2022-23,Q1,Rajasthan,Rural,Narrowband,0.84,value in Millions,
2022-23,Q1,Rajasthan,Urban,Narrowband,0.73,value in Millions,
2022-23,Q1,Rajasthan,Rural,Broadband,20.55,value in Millions,
2022-23,Q1,Rajasthan,Urban,Broadband,22.38,value in Millions,
2022-23,Q1,Rajasthan,Rural,Total,21.39,value in Millions,
2022-23,Q1,Rajasthan,Urban,Total,23.11,value in Millions,
2022-23,Q1,Punjab,Rural,Narrowband,0.32,value in Millions,
2022-23,Q1,Punjab,Urban,Narrowband,0.52,value in Millions,
2022-23,Q1,Punjab,Rural,Broadband,8.23,value in Millions,
2022-23,Q1,Punjab,Urban,Broadband,16.15,value in Millions,
2022-23,Q1,Punjab,Rural,Total,8.55,value in Millions,
2022-23,Q1,Punjab,Urban,Total,16.66,value in Millions,
2022-23,Q1,Puducherry,Rural,Narrowband,0.01,value in Millions,
2022-23,Q1,Puducherry,Urban,Narrowband,0.01,value in Millions,
2022-23,Q1,Puducherry,Rural,Broadband,0.23,value in Millions,
2022-23,Q1,Puducherry,Urban,Broadband,0.41,value in Millions,
2022-23,Q1,Puducherry,Rural,Total,0.24,value in Millions,
2022-23,Q1,Puducherry,Urban,Total,0.41,value in Millions,
2022-23,Q1,Odisha,Rural,Narrowband,0.52,value in Millions,
2022-23,Q1,Odisha,Urban,Narrowband,0.18,value in Millions,
2022-23,Q1,Odisha,Rural,Broadband,13.5,value in Millions,
2022-23,Q1,Odisha,Urban,Broadband,7.04,value in Millions,
2022-23,Q1,Odisha,Rural,Total,14.02,value in Millions,
2022-23,Q1,Odisha,Urban,Total,7.22,value in Millions,
2022-23,Q1,Nagaland,Rural,Narrowband,0.02,value in Millions,
2022-23,Q1,Nagaland,Urban,Narrowband,0.02,value in Millions,
2022-23,Q1,Nagaland,Rural,Broadband,0.85,value in Millions,
2022-23,Q1,Nagaland,Urban,Broadband,0.61,value in Millions,
2022-23,Q1,Nagaland,Rural,Total,0.87,value in Millions,
2022-23,Q1,Nagaland,Urban,Total,0.62,value in Millions,
2022-23,Q1,Mizoram,Rural,Narrowband,0.01,value in Millions,
2022-23,Q1,Mizoram,Urban,Narrowband,0.01,value in Millions,
2022-23,Q1,Mizoram,Rural,Broadband,0.45,value in Millions,
2022-23,Q1,Mizoram,Urban,Broadband,0.62,value in Millions,
2022-23,Q1,Mizoram,Rural,Total,0.46,value in Millions,
2022-23,Q1,Mizoram,Urban,Total,0.63,value in Millions,
2022-23,Q1,Meghalaya,Rural,Narrowband,0.03,value in Millions,
2022-23,Q1,Meghalaya,Urban,Narrowband,0.02,value in Millions,
2022-23,Q1,Meghalaya,Rural,Broadband,1.09,value in Millions,
2022-23,Q1,Meghalaya,Urban,Broadband,0.67,value in Millions,
2022-23,Q1,Meghalaya,Rural,Total,1.12,value in Millions,
2022-23,Q1,Meghalaya,Urban,Total,0.68,value in Millions,
2022-23,Q1,Manipur,Rural,Narrowband,0.03,value in Millions,
2022-23,Q1,Manipur,Urban,Narrowband,0.02,value in Millions,
2022-23,Q1,Manipur,Rural,Broadband,0.83,value in Millions,
2022-23,Q1,Manipur,Urban,Broadband,1.16,value in Millions,
2022-23,Q1,Manipur,Rural,Total,0.85,value in Millions,
2022-23,Q1,Manipur,Urban,Total,1.18,value in Millions,
2022-23,Q1,Maharashtra,Rural,Narrowband,1.2,value in Millions,
2022-23,Q1,Maharashtra,Urban,Narrowband,2.31,value in Millions,
2022-23,Q1,Maharashtra,Rural,Broadband,29.57,value in Millions,
2022-23,Q1,Maharashtra,Urban,Broadband,66.59,value in Millions,
2022-23,Q1,Maharashtra,Rural,Total,30.77,value in Millions,
2022-23,Q1,Maharashtra,Urban,Total,68.91,value in Millions,
2022-23,Q1,Madhya Pradesh,Rural,Narrowband,0.88,value in Millions,
2022-23,Q1,Madhya Pradesh,Urban,Narrowband,0.61,value in Millions,
2022-23,Q1,Madhya Pradesh,Rural,Broadband,16.1,value in Millions,
2022-23,Q1,Madhya Pradesh,Urban,Broadband,24.84,value in Millions,
2022-23,Q1,Madhya Pradesh,Rural,Total,16.98,value in Millions,
2022-23,Q1,Madhya Pradesh,Urban,Total,25.45,value in Millions,
2022-23,Q1,Lakshadweep,Rural,Narrowband,0.05,value in Millions,
2022-23,Q1,Lakshadweep,Urban,Narrowband,0.0,value in Millions,
2022-23,Q1,Lakshadweep,Rural,Broadband,0.04,value in Millions,
2022-23,Q1,Lakshadweep,Urban,Broadband,0.0,value in Millions,
2022-23,Q1,Lakshadweep,Rural,Total,0.08,value in Millions,
2022-23,Q1,Lakshadweep,Urban,Total,0.0,value in Millions,
2022-23,Q1,Ladakh,Rural,Narrowband,0.0,value in Millions,
2022-23,Q1,Ladakh,Urban,Narrowband,0.0,value in Millions,
2022-23,Q1,Ladakh,Rural,Broadband,0.15,value in Millions,
2022-23,Q1,Ladakh,Urban,Broadband,0.03,value in Millions,
2022-23,Q1,Ladakh,Rural,Total,0.15,value in Millions,
2022-23,Q1,Ladakh,Urban,Total,0.03,value in Millions,
2022-23,Q1,Kerala,Rural,Narrowband,0.48,value in Millions,
2022-23,Q1,Kerala,Urban,Narrowband,0.47,value in Millions,
2022-23,Q1,Kerala,Rural,Broadband,13.73,value in Millions,
2022-23,Q1,Kerala,Urban,Broadband,15.89,value in Millions,
2022-23,Q1,Kerala,Rural,Total,14.21,value in Millions,
2022-23,Q1,Kerala,Urban,Total,16.37,value in Millions,
2022-23,Q1,Karnataka,Rural,Narrowband,1.05,value in Millions,
2022-23,Q1,Karnataka,Urban,Narrowband,1.23,value in Millions,
2022-23,Q1,Karnataka,Rural,Broadband,17.33,value in Millions,
2022-23,Q1,Karnataka,Urban,Broadband,29.53,value in Millions,
2022-23,Q1,Karnataka,Rural,Total,18.38,value in Millions,
2022-23,Q1,Karnataka,Urban,Total,30.77,value in Millions,
2022-23,Q1,Jharkhand,Rural,Narrowband,0.33,value in Millions,
2022-23,Q1,Jharkhand,Urban,Narrowband,0.2,value in Millions,
2022-23,Q1,Jharkhand,Rural,Broadband,8.76,value in Millions,
2022-23,Q1,Jharkhand,Urban,Broadband,7.39,value in Millions,
2022-23,Q1,Jharkhand,Rural,Total,9.1,value in Millions,
2022-23,Q1,Jharkhand,Urban,Total,7.6,value in Millions,
2022-23,Q1,Jammu and Kashmir,Rural,Narrowband,0.15,value in Millions,
2022-23,Q1,Jammu and Kashmir,Urban,Narrowband,0.09,value in Millions,
2022-23,Q1,Jammu and Kashmir,Rural,Broadband,3.74,value in Millions,
2022-23,Q1,Jammu and Kashmir,Urban,Broadband,4.73,value in Millions,
2022-23,Q1,Jammu and Kashmir,Rural,Total,3.89,value in Millions,
2022-23,Q1,Jammu and Kashmir,Urban,Total,4.83,value in Millions,
2022-23,Q1,Himachal Pradesh,Rural,Narrowband,0.09,value in Millions,
2022-23,Q1,Himachal Pradesh,Urban,Narrowband,0.08,value in Millions,
2022-23,Q1,Himachal Pradesh,Rural,Broadband,3.58,value in Millions,
2022-23,Q1,Himachal Pradesh,Urban,Broadband,2.22,value in Millions,
2022-23,Q1,Himachal Pradesh,Rural,Total,3.67,value in Millions,
2022-23,Q1,Himachal Pradesh,Urban,Total,2.29,value in Millions,
2022-23,Q1,Haryana,Rural,Narrowband,0.31,value in Millions,
2022-23,Q1,Haryana,Urban,Narrowband,0.42,value in Millions,
2022-23,Q1,Haryana,Rural,Broadband,7.8,value in Millions,
2022-23,Q1,Haryana,Urban,Broadband,13.04,value in Millions,
2022-23,Q1,Haryana,Rural,Total,8.11,value in Millions,
2022-23,Q1,Haryana,Urban,Total,13.45,value in Millions,
2022-23,Q1,Gujarat,Rural,Narrowband,0.45,value in Millions,
2022-23,Q1,Gujarat,Urban,Narrowband,0.6,value in Millions,
2022-23,Q1,Gujarat,Rural,Broadband,15.99,value in Millions,
2022-23,Q1,Gujarat,Urban,Broadband,33.82,value in Millions,
2022-23,Q1,Gujarat,Rural,Total,16.44,value in Millions,
2022-23,Q1,Gujarat,Urban,Total,34.42,value in Millions,
2022-23,Q1,Goa,Rural,Narrowband,0.04,value in Millions,
2022-23,Q1,Goa,Urban,Narrowband,0.04,value in Millions,
2022-23,Q1,Goa,Rural,Broadband,0.59,value in Millions,
2022-23,Q1,Goa,Urban,Broadband,1.2,value in Millions,
2022-23,Q1,Goa,Rural,Total,0.63,value in Millions,
2022-23,Q1,Goa,Urban,Total,1.24,value in Millions,
2022-23,Q1,Delhi,Rural,Narrowband,0.27,value in Millions,
2022-23,Q1,Delhi,Urban,Narrowband,5.34,value in Millions,
2022-23,Q1,Delhi,Rural,Broadband,0.47,value in Millions,
2022-23,Q1,Delhi,Urban,Broadband,35.69,value in Millions,
2022-23,Q1,Delhi,Rural,Total,0.74,value in Millions,
2022-23,Q1,Delhi,Urban,Total,41.04,value in Millions,
2022-23,Q1,Dadra and Nagar Haveli,Rural,Narrowband,0.0,value in Millions,
2022-23,Q1,Dadra and Nagar Haveli,Urban,Narrowband,0.01,value in Millions,
2022-23,Q1,Dadra and Nagar Haveli,Rural,Broadband,0.23,value in Millions,
2022-23,Q1,Dadra and Nagar Haveli,Urban,Broadband,0.35,value in Millions,
2022-23,Q1,Dadra and Nagar Haveli,Rural,Total,0.23,value in Millions,
2022-23,Q1,Dadra and Nagar Haveli,Urban,Total,0.36,value in Millions,
2022-23,Q1,Chhattisgarh,Rural,Narrowband,0.22,value in Millions,
2022-23,Q1,Chhattisgarh,Urban,Narrowband,0.17,value in Millions,
2022-23,Q1,Chhattisgarh,Rural,Broadband,6.98,value in Millions,
2022-23,Q1,Chhattisgarh,Urban,Broadband,7.9,value in Millions,
2022-23,Q1,Chhattisgarh,Rural,Total,7.2,value in Millions,
2022-23,Q1,Chhattisgarh,Urban,Total,8.07,value in Millions,
2022-23,Q1,Chandigarh,Rural,Narrowband,0.0,value in Millions,
2022-23,Q1,Chandigarh,Urban,Narrowband,0.01,value in Millions,
2022-23,Q1,Chandigarh,Rural,Broadband,0.03,value in Millions,
2022-23,Q1,Chandigarh,Urban,Broadband,0.75,value in Millions,
2022-23,Q1,Chandigarh,Rural,Total,0.03,value in Millions,
2022-23,Q1,Chandigarh,Urban,Total,0.76,value in Millions,
2022-23,Q1,Bihar,Rural,Narrowband,1.81,value in Millions,
2022-23,Q1,Bihar,Urban,Narrowband,0.44,value in Millions,
2022-23,Q1,Bihar,Rural,Broadband,28.02,value in Millions,
2022-23,Q1,Bihar,Urban,Broadband,14.07,value in Millions,
2022-23,Q1,Bihar,Rural,Total,29.82,value in Millions,
2022-23,Q1,Bihar,Urban,Total,14.51,value in Millions,
2022-23,Q1,Assam,Rural,Narrowband,0.43,value in Millions,
2022-23,Q1,Assam,Urban,Narrowband,0.18,value in Millions,
2022-23,Q1,Assam,Rural,Broadband,9.43,value in Millions,
2022-23,Q1,Assam,Urban,Broadband,6.14,value in Millions,
2022-23,Q1,Assam,Rural,Total,9.87,value in Millions,
2022-23,Q1,Assam,Urban,Total,6.32,value in Millions,
2022-23,Q1,Arunachal Pradesh,Rural,Narrowband,0.01,value in Millions,
2022-23,Q1,Arunachal Pradesh,Urban,Narrowband,0.01,value in Millions,
2022-23,Q1,Arunachal Pradesh,Rural,Broadband,0.43,value in Millions,
2022-23,Q1,Arunachal Pradesh,Urban,Broadband,0.32,value in Millions,
2022-23,Q1,Arunachal Pradesh,Rural,Total,0.45,value in Millions,
2022-23,Q1,Arunachal Pradesh,Urban,Total,0.33,value in Millions,
2022-23,Q1,Andhra Pradesh,Rural,Narrowband,0.87,value in Millions,
2022-23,Q1,Andhra Pradesh,Urban,Narrowband,0.75,value in Millions,
2022-23,Q1,Andhra Pradesh,Rural,Broadband,15.33,value in Millions,
2022-23,Q1,Andhra Pradesh,Urban,Broadband,15.23,value in Millions,
2022-23,Q1,Andhra Pradesh,Rural,Total,16.2,value in Millions,
2022-23,Q1,Andhra Pradesh,Urban,Total,15.98,value in Millions,
2022-23,Q1,Andaman and Nicobar Islands,Rural,Narrowband,0.0,value in Millions,
2022-23,Q1,Andaman and Nicobar Islands,Urban,Narrowband,0.0,value in Millions,
2022-23,Q1,Andaman and Nicobar Islands,Rural,Broadband,0.19,value in Millions,
2022-23,Q1,Andaman and Nicobar Islands,Urban,Broadband,0.23,value in Millions,
2022-23,Q1,Andaman and Nicobar Islands,Rural,Total,0.19,value in Millions,
2022-23,Q1,Andaman and Nicobar Islands,Urban,Total,0.23,value in Millions,
2021-22,Q4,West Bengal,Rural,Narrowband,1.42,value in Millions,
2021-22,Q4,West Bengal,Urban,Narrowband,1.03,value in Millions,
2021-22,Q4,West Bengal,Rural,Broadband,19.78,value in Millions,
2021-22,Q4,West Bengal,Urban,Broadband,34.05,value in Millions,
2021-22,Q4,West Bengal,Rural,Total,21.2,value in Millions,
2021-22,Q4,West Bengal,Urban,Total,35.07,value in Millions,
2021-22,Q4,Uttarakhand,Rural,Narrowband,0.13,value in Millions,
2021-22,Q4,Uttarakhand,Urban,Narrowband,0.15,value in Millions,
2021-22,Q4,Uttarakhand,Rural,Broadband,3.76,value in Millions,
2021-22,Q4,Uttarakhand,Urban,Broadband,4.34,value in Millions,
2021-22,Q4,Uttarakhand,Rural,Total,3.89,value in Millions,
2021-22,Q4,Uttarakhand,Urban,Total,4.49,value in Millions,
2021-22,Q4,Uttar Pradesh East and West,Rural,Narrowband,3.5,value in Millions,
2021-22,Q4,Uttar Pradesh East and West,Urban,Narrowband,1.6,value in Millions,
2021-22,Q4,Uttar Pradesh East and West,Rural,Broadband,45.39,value in Millions,
2021-22,Q4,Uttar Pradesh East and West,Urban,Broadband,50.8,value in Millions,
2021-22,Q4,Uttar Pradesh East and West,Rural,Total,48.89,value in Millions,
2021-22,Q4,Uttar Pradesh East and West,Urban,Total,52.41,value in Millions,
2021-22,Q4,Tripura,Rural,Narrowband,0.04,value in Millions,
2021-22,Q4,Tripura,Urban,Narrowband,0.04,value in Millions,
2021-22,Q4,Tripura,Rural,Broadband,0.86,value in Millions,
2021-22,Q4,Tripura,Urban,Broadband,0.93,value in Millions,
2021-22,Q4,Tripura,Rural,Total,0.9,value in Millions,
2021-22,Q4,Tripura,Urban,Total,0.96,value in Millions,
2021-22,Q4,Total,Rural,Narrowband,17.51,value in Millions,
2021-22,Q4,Total,Urban,Narrowband,19.09,value in Millions,
2021-22,Q4,Total,Rural,Broadband,314.3,value in Millions,
2021-22,Q4,Total,Urban,Broadband,473.99,value in Millions,
2021-22,Q4,Total,Rural,Total,331.81,value in Millions,
2021-22,Q4,Total,Urban,Total,493.08,value in Millions,
2021-22,Q4,Telangana,Rural,Narrowband,0.57,value in Millions,
2021-22,Q4,Telangana,Urban,Narrowband,0.6,value in Millions,
2021-22,Q4,Telangana,Rural,Broadband,10.77,value in Millions,
2021-22,Q4,Telangana,Urban,Broadband,18.39,value in Millions,
2021-22,Q4,Telangana,Rural,Total,11.33,value in Millions,
2021-22,Q4,Telangana,Urban,Total,18.98,value in Millions,
2021-22,Q4,Tamil Nadu,Rural,Narrowband,0.83,value in Millions,
2021-22,Q4,Tamil Nadu,Urban,Narrowband,1.39,value in Millions,
2021-22,Q4,Tamil Nadu,Rural,Broadband,14.41,value in Millions,
2021-22,Q4,Tamil Nadu,Urban,Broadband,38.64,value in Millions,
2021-22,Q4,Tamil Nadu,Rural,Total,15.24,value in Millions,
2021-22,Q4,Tamil Nadu,Urban,Total,40.03,value in Millions,
2021-22,Q4,Sikkim,Rural,Narrowband,0.02,value in Millions,
2021-22,Q4,Sikkim,Urban,Narrowband,0.0,value in Millions,
2021-22,Q4,Sikkim,Rural,Broadband,0.23,value in Millions,
2021-22,Q4,Sikkim,Urban,Broadband,0.29,value in Millions,
2021-22,Q4,Sikkim,Rural,Total,0.25,value in Millions,
2021-22,Q4,Sikkim,Urban,Total,0.29,value in Millions,
2021-22,Q4,Rajasthan,Rural,Narrowband,0.9,value in Millions,
2021-22,Q4,Rajasthan,Urban,Narrowband,0.76,value in Millions,
2021-22,Q4,Rajasthan,Rural,Broadband,20.27,value in Millions,
2021-22,Q4,Rajasthan,Urban,Broadband,22.42,value in Millions,
2021-22,Q4,Rajasthan,Rural,Total,21.17,value in Millions,
2021-22,Q4,Rajasthan,Urban,Total,23.18,value in Millions,
2021-22,Q4,Punjab,Rural,Narrowband,0.34,value in Millions,
2021-22,Q4,Punjab,Urban,Narrowband,0.52,value in Millions,
2021-22,Q4,Punjab,Rural,Broadband,8.4,value in Millions,
2021-22,Q4,Punjab,Urban,Broadband,16.4,value in Millions,
2021-22,Q4,Punjab,Rural,Total,8.74,value in Millions,
2021-22,Q4,Punjab,Urban,Total,16.92,value in Millions,
2021-22,Q4,Puducherry,Rural,Narrowband,0.01,value in Millions,
2021-22,Q4,Puducherry,Urban,Narrowband,0.01,value in Millions,
2021-22,Q4,Puducherry,Rural,Broadband,0.23,value in Millions,
2021-22,Q4,Puducherry,Urban,Broadband,0.39,value in Millions,
2021-22,Q4,Puducherry,Rural,Total,0.23,value in Millions,
2021-22,Q4,Puducherry,Urban,Total,0.4,value in Millions,
2021-22,Q4,Odisha,Rural,Narrowband,0.55,value in Millions,
2021-22,Q4,Odisha,Urban,Narrowband,0.19,value in Millions,
2021-22,Q4,Odisha,Rural,Broadband,13.14,value in Millions,
2021-22,Q4,Odisha,Urban,Broadband,7.01,value in Millions,
2021-22,Q4,Odisha,Rural,Total,13.69,value in Millions,
2021-22,Q4,Odisha,Urban,Total,7.2,value in Millions,
2021-22,Q4,Nagaland,Rural,Narrowband,0.02,value in Millions,
2021-22,Q4,Nagaland,Urban,Narrowband,0.02,value in Millions,
2021-22,Q4,Nagaland,Rural,Broadband,0.85,value in Millions,
2021-22,Q4,Nagaland,Urban,Broadband,0.6,value in Millions,
2021-22,Q4,Nagaland,Rural,Total,0.87,value in Millions,
2021-22,Q4,Nagaland,Urban,Total,0.61,value in Millions,
2021-22,Q4,Mizoram,Rural,Narrowband,0.01,value in Millions,
2021-22,Q4,Mizoram,Urban,Narrowband,0.01,value in Millions,
2021-22,Q4,Mizoram,Rural,Broadband,0.45,value in Millions,
2021-22,Q4,Mizoram,Urban,Broadband,0.64,value in Millions,
2021-22,Q4,Mizoram,Rural,Total,0.46,value in Millions,
2021-22,Q4,Mizoram,Urban,Total,0.65,value in Millions,
2021-22,Q4,Meghalaya,Rural,Narrowband,0.04,value in Millions,
2021-22,Q4,Meghalaya,Urban,Narrowband,0.02,value in Millions,
2021-22,Q4,Meghalaya,Rural,Broadband,1.06,value in Millions,
2021-22,Q4,Meghalaya,Urban,Broadband,0.64,value in Millions,
2021-22,Q4,Meghalaya,Rural,Total,1.09,value in Millions,
2021-22,Q4,Meghalaya,Urban,Total,0.66,value in Millions,
2021-22,Q4,Manipur,Rural,Narrowband,0.03,value in Millions,
2021-22,Q4,Manipur,Urban,Narrowband,0.02,value in Millions,
2021-22,Q4,Manipur,Rural,Broadband,0.83,value in Millions,
2021-22,Q4,Manipur,Urban,Broadband,1.12,value in Millions,
2021-22,Q4,Manipur,Rural,Total,0.86,value in Millions,
2021-22,Q4,Manipur,Urban,Total,1.14,value in Millions,
2021-22,Q4,Maharashtra,Rural,Narrowband,1.29,value in Millions,
2021-22,Q4,Maharashtra,Urban,Narrowband,2.46,value in Millions,
2021-22,Q4,Maharashtra,Rural,Broadband,29.04,value in Millions,
2021-22,Q4,Maharashtra,Urban,Broadband,66.32,value in Millions,
2021-22,Q4,Maharashtra,Rural,Total,30.33,value in Millions,
2021-22,Q4,Maharashtra,Urban,Total,68.77,value in Millions,
2021-22,Q4,Madhya Pradesh,Rural,Narrowband,0.95,value in Millions,
2021-22,Q4,Madhya Pradesh,Urban,Narrowband,0.63,value in Millions,
2021-22,Q4,Madhya Pradesh,Rural,Broadband,15.6,value in Millions,
2021-22,Q4,Madhya Pradesh,Urban,Broadband,24.53,value in Millions,
2021-22,Q4,Madhya Pradesh,Rural,Total,16.55,value in Millions,
2021-22,Q4,Madhya Pradesh,Urban,Total,25.16,value in Millions,
2021-22,Q4,Lakshadweep,Rural,Narrowband,0.03,value in Millions,
2021-22,Q4,Lakshadweep,Urban,Narrowband,0.0,value in Millions,
2021-22,Q4,Lakshadweep,Rural,Broadband,0.04,value in Millions,
2021-22,Q4,Lakshadweep,Urban,Broadband,0.0,value in Millions,
2021-22,Q4,Lakshadweep,Rural,Total,0.07,value in Millions,
2021-22,Q4,Lakshadweep,Urban,Total,0.0,value in Millions,
2021-22,Q4,Ladakh,Rural,Narrowband,0.0,value in Millions,
2021-22,Q4,Ladakh,Urban,Narrowband,0.0,value in Millions,
2021-22,Q4,Ladakh,Rural,Broadband,0.13,value in Millions,
2021-22,Q4,Ladakh,Urban,Broadband,0.03,value in Millions,
2021-22,Q4,Ladakh,Rural,Total,0.13,value in Millions,
2021-22,Q4,Ladakh,Urban,Total,0.03,value in Millions,
2021-22,Q4,Kerala,Rural,Narrowband,0.51,value in Millions,
2021-22,Q4,Kerala,Urban,Narrowband,0.49,value in Millions,
2021-22,Q4,Kerala,Rural,Broadband,13.73,value in Millions,
2021-22,Q4,Kerala,Urban,Broadband,15.62,value in Millions,
2021-22,Q4,Kerala,Rural,Total,14.24,value in Millions,
2021-22,Q4,Kerala,Urban,Total,16.1,value in Millions,
2021-22,Q4,Karnataka,Rural,Narrowband,1.06,value in Millions,
2021-22,Q4,Karnataka,Urban,Narrowband,1.21,value in Millions,
2021-22,Q4,Karnataka,Rural,Broadband,16.4,value in Millions,
2021-22,Q4,Karnataka,Urban,Broadband,29.43,value in Millions,
2021-22,Q4,Karnataka,Rural,Total,17.45,value in Millions,
2021-22,Q4,Karnataka,Urban,Total,30.64,value in Millions,
2021-22,Q4,Jharkhand,Rural,Narrowband,0.35,value in Millions,
2021-22,Q4,Jharkhand,Urban,Narrowband,0.21,value in Millions,
2021-22,Q4,Jharkhand,Rural,Broadband,8.36,value in Millions,
2021-22,Q4,Jharkhand,Urban,Broadband,7.13,value in Millions,
2021-22,Q4,Jharkhand,Rural,Total,8.72,value in Millions,
2021-22,Q4,Jharkhand,Urban,Total,7.34,value in Millions,
2021-22,Q4,Jammu and Kashmir,Rural,Narrowband,0.16,value in Millions,
2021-22,Q4,Jammu and Kashmir,Urban,Narrowband,0.1,value in Millions,
2021-22,Q4,Jammu and Kashmir,Rural,Broadband,3.61,value in Millions,
2021-22,Q4,Jammu and Kashmir,Urban,Broadband,4.6,value in Millions,
2021-22,Q4,Jammu and Kashmir,Rural,Total,3.77,value in Millions,
2021-22,Q4,Jammu and Kashmir,Urban,Total,4.7,value in Millions,
2021-22,Q4,Himachal Pradesh,Rural,Narrowband,0.1,value in Millions,
2021-22,Q4,Himachal Pradesh,Urban,Narrowband,0.08,value in Millions,
2021-22,Q4,Himachal Pradesh,Rural,Broadband,3.8,value in Millions,
2021-22,Q4,Himachal Pradesh,Urban,Broadband,2.3,value in Millions,
2021-22,Q4,Himachal Pradesh,Rural,Total,3.89,value in Millions,
2021-22,Q4,Himachal Pradesh,Urban,Total,2.38,value in Millions,
2021-22,Q4,Haryana,Rural,Narrowband,0.32,value in Millions,
2021-22,Q4,Haryana,Urban,Narrowband,0.42,value in Millions,
2021-22,Q4,Haryana,Rural,Broadband,7.79,value in Millions,
2021-22,Q4,Haryana,Urban,Broadband,12.9,value in Millions,
2021-22,Q4,Haryana,Rural,Total,8.11,value in Millions,
2021-22,Q4,Haryana,Urban,Total,13.32,value in Millions,
2021-22,Q4,Gujarat,Rural,Narrowband,0.5,value in Millions,
2021-22,Q4,Gujarat,Urban,Narrowband,0.64,value in Millions,
2021-22,Q4,Gujarat,Rural,Broadband,15.8,value in Millions,
2021-22,Q4,Gujarat,Urban,Broadband,33.99,value in Millions,
2021-22,Q4,Gujarat,Rural,Total,16.29,value in Millions,
2021-22,Q4,Gujarat,Urban,Total,34.63,value in Millions,
2021-22,Q4,Goa,Rural,Narrowband,0.04,value in Millions,
2021-22,Q4,Goa,Urban,Narrowband,0.04,value in Millions,
2021-22,Q4,Goa,Rural,Broadband,0.59,value in Millions,
2021-22,Q4,Goa,Urban,Broadband,1.24,value in Millions,
2021-22,Q4,Goa,Rural,Total,0.63,value in Millions,
2021-22,Q4,Goa,Urban,Total,1.28,value in Millions,
2021-22,Q4,Delhi,Rural,Narrowband,0.27,value in Millions,
2021-22,Q4,Delhi,Urban,Narrowband,4.82,value in Millions,
2021-22,Q4,Delhi,Rural,Broadband,0.47,value in Millions,
2021-22,Q4,Delhi,Urban,Broadband,35.03,value in Millions,
2021-22,Q4,Delhi,Rural,Total,0.74,value in Millions,
2021-22,Q4,Delhi,Urban,Total,39.85,value in Millions,
2021-22,Q4,Dadra and Nagar Haveli,Rural,Narrowband,0.0,value in Millions,
2021-22,Q4,Dadra and Nagar Haveli,Urban,Narrowband,0.01,value in Millions,
2021-22,Q4,Dadra and Nagar Haveli,Rural,Broadband,0.23,value in Millions,
2021-22,Q4,Dadra and Nagar Haveli,Urban,Broadband,0.35,value in Millions,
2021-22,Q4,Dadra and Nagar Haveli,Rural,Total,0.23,value in Millions,
2021-22,Q4,Dadra and Nagar Haveli,Urban,Total,0.35,value in Millions,
2021-22,Q4,Chhattisgarh,Rural,Narrowband,0.23,value in Millions,
2021-22,Q4,Chhattisgarh,Urban,Narrowband,0.18,value in Millions,
2021-22,Q4,Chhattisgarh,Rural,Broadband,6.86,value in Millions,
2021-22,Q4,Chhattisgarh,Urban,Broadband,7.84,value in Millions,
2021-22,Q4,Chhattisgarh,Rural,Total,7.09,value in Millions,
2021-22,Q4,Chhattisgarh,Urban,Total,8.02,value in Millions,
2021-22,Q4,Chandigarh,Rural,Narrowband,0.0,value in Millions,
2021-22,Q4,Chandigarh,Urban,Narrowband,0.01,value in Millions,
2021-22,Q4,Chandigarh,Rural,Broadband,0.03,value in Millions,
2021-22,Q4,Chandigarh,Urban,Broadband,0.78,value in Millions,
2021-22,Q4,Chandigarh,Rural,Total,0.04,value in Millions,
2021-22,Q4,Chandigarh,Urban,Total,0.8,value in Millions,
2021-22,Q4,Bihar,Rural,Narrowband,1.9,value in Millions,
2021-22,Q4,Bihar,Urban,Narrowband,0.46,value in Millions,
2021-22,Q4,Bihar,Rural,Broadband,26.73,value in Millions,
2021-22,Q4,Bihar,Urban,Broadband,13.55,value in Millions,
2021-22,Q4,Bihar,Rural,Total,28.62,value in Millions,
2021-22,Q4,Bihar,Urban,Total,14.02,value in Millions,
2021-22,Q4,Assam,Rural,Narrowband,0.49,value in Millions,
2021-22,Q4,Assam,Urban,Narrowband,0.2,value in Millions,
2021-22,Q4,Assam,Rural,Broadband,9.19,value in Millions,
2021-22,Q4,Assam,Urban,Broadband,6.11,value in Millions,
2021-22,Q4,Assam,Rural,Total,9.68,value in Millions,
2021-22,Q4,Assam,Urban,Total,6.31,value in Millions,
2021-22,Q4,Arunachal Pradesh,Rural,Narrowband,0.02,value in Millions,
2021-22,Q4,Arunachal Pradesh,Urban,Narrowband,0.01,value in Millions,
2021-22,Q4,Arunachal Pradesh,Rural,Broadband,0.44,value in Millions,
2021-22,Q4,Arunachal Pradesh,Urban,Broadband,0.32,value in Millions,
2021-22,Q4,Arunachal Pradesh,Rural,Total,0.46,value in Millions,
2021-22,Q4,Arunachal Pradesh,Urban,Total,0.33,value in Millions,
2021-22,Q4,Andhra Pradesh,Rural,Narrowband,0.88,value in Millions,
2021-22,Q4,Andhra Pradesh,Urban,Narrowband,0.78,value in Millions,
2021-22,Q4,Andhra Pradesh,Rural,Broadband,14.91,value in Millions,
2021-22,Q4,Andhra Pradesh,Urban,Broadband,15.15,value in Millions,
2021-22,Q4,Andhra Pradesh,Rural,Total,15.79,value in Millions,
2021-22,Q4,Andhra Pradesh,Urban,Total,15.93,value in Millions,
2021-22,Q4,Andaman and Nicobar Islands,Rural,Narrowband,0.0,value in Millions,
2021-22,Q4,Andaman and Nicobar Islands,Urban,Narrowband,0.0,value in Millions,
2021-22,Q4,Andaman and Nicobar Islands,Rural,Broadband,0.13,value in Millions,
2021-22,Q4,Andaman and Nicobar Islands,Urban,Broadband,0.1,value in Millions,
2021-22,Q4,Andaman and Nicobar Islands,Rural,Total,0.13,value in Millions,
2021-22,Q4,Andaman and Nicobar Islands,Urban,Total,0.1,value in Millions,
2021-22,Q3,West Bengal,Rural,Narrowband,1.49,value in Millions,
2021-22,Q3,West Bengal,Urban,Narrowband,0.42,value in Millions,
2021-22,Q3,West Bengal,Rural,Broadband,18.85,value in Millions,
2021-22,Q3,West Bengal,Urban,Broadband,18.62,value in Millions,
2021-22,Q3,West Bengal,Rural,Total,20.34,value in Millions,
2021-22,Q3,West Bengal,Urban,Total,19.04,value in Millions,
2021-22,Q3,Uttar Pradesh West,Rural,Narrowband,1.08,value in Millions,
2021-22,Q3,Uttar Pradesh West,Urban,Narrowband,0.87,value in Millions,
2021-22,Q3,Uttar Pradesh West,Rural,Broadband,16.31,value in Millions,
2021-22,Q3,Uttar Pradesh West,Urban,Broadband,24.73,value in Millions,
2021-22,Q3,Uttar Pradesh West,Rural,Total,17.39,value in Millions,
2021-22,Q3,Uttar Pradesh West,Urban,Total,25.59,value in Millions,
2021-22,Q3,Uttar Pradesh East,Rural,Narrowband,2.68,value in Millions,
2021-22,Q3,Uttar Pradesh East,Urban,Narrowband,1.83,value in Millions,
2021-22,Q3,Uttar Pradesh East,Rural,Broadband,32.42,value in Millions,
2021-22,Q3,Uttar Pradesh East,Urban,Broadband,31.0,value in Millions,
2021-22,Q3,Uttar Pradesh East,Rural,Total,35.1,value in Millions,
2021-22,Q3,Uttar Pradesh East,Urban,Total,32.83,value in Millions,
2021-22,Q3,Tamil Nadu,Rural,Narrowband,0.89,value in Millions,
2021-22,Q3,Tamil Nadu,Urban,Narrowband,1.49,value in Millions,
2021-22,Q3,Tamil Nadu,Rural,Broadband,14.85,value in Millions,
2021-22,Q3,Tamil Nadu,Urban,Broadband,39.81,value in Millions,
2021-22,Q3,Tamil Nadu,Rural,Total,15.74,value in Millions,
2021-22,Q3,Tamil Nadu,Urban,Total,41.3,value in Millions,
2021-22,Q3,Rajasthan,Rural,Narrowband,0.94,value in Millions,
2021-22,Q3,Rajasthan,Urban,Narrowband,0.72,value in Millions,
2021-22,Q3,Rajasthan,Rural,Broadband,20.32,value in Millions,
2021-22,Q3,Rajasthan,Urban,Broadband,22.05,value in Millions,
2021-22,Q3,Rajasthan,Rural,Total,21.26,value in Millions,
2021-22,Q3,Rajasthan,Urban,Total,22.78,value in Millions,
2021-22,Q3,Punjab,Rural,Narrowband,0.35,value in Millions,
2021-22,Q3,Punjab,Urban,Narrowband,0.47,value in Millions,
2021-22,Q3,Punjab,Rural,Broadband,8.78,value in Millions,
2021-22,Q3,Punjab,Urban,Broadband,17.99,value in Millions,
2021-22,Q3,Punjab,Rural,Total,9.13,value in Millions,
2021-22,Q3,Punjab,Urban,Total,18.46,value in Millions,
2021-22,Q3,Odisha,Rural,Narrowband,0.58,value in Millions,
2021-22,Q3,Odisha,Urban,Narrowband,0.2,value in Millions,
2021-22,Q3,Odisha,Rural,Broadband,13.32,value in Millions,
2021-22,Q3,Odisha,Urban,Broadband,7.19,value in Millions,
2021-22,Q3,Odisha,Rural,Total,13.9,value in Millions,
2021-22,Q3,Odisha,Urban,Total,7.4,value in Millions,
2021-22,Q3,North East,Rural,Narrowband,0.17,value in Millions,
2021-22,Q3,North East,Urban,Narrowband,0.12,value in Millions,
2021-22,Q3,North East,Rural,Broadband,4.51,value in Millions,
2021-22,Q3,North East,Urban,Broadband,4.17,value in Millions,
2021-22,Q3,North East,Rural,Total,4.68,value in Millions,
2021-22,Q3,North East,Urban,Total,4.29,value in Millions,
2021-22,Q3,Mumbai,Rural,Narrowband,0.01,value in Millions,
2021-22,Q3,Mumbai,Urban,Narrowband,1.58,value in Millions,
2021-22,Q3,Mumbai,Rural,Broadband,1.04,value in Millions,
2021-22,Q3,Mumbai,Urban,Broadband,27.11,value in Millions,
2021-22,Q3,Mumbai,Rural,Total,1.06,value in Millions,
2021-22,Q3,Mumbai,Urban,Total,28.7,value in Millions,
2021-22,Q3,Maharashtra,Rural,Narrowband,1.43,value in Millions,
2021-22,Q3,Maharashtra,Urban,Narrowband,1.16,value in Millions,
2021-22,Q3,Maharashtra,Rural,Broadband,28.46,value in Millions,
2021-22,Q3,Maharashtra,Urban,Broadband,40.39,value in Millions,
2021-22,Q3,Maharashtra,Rural,Total,29.9,value in Millions,
2021-22,Q3,Maharashtra,Urban,Total,41.56,value in Millions,
2021-22,Q3,Madhya Pradesh,Rural,Narrowband,1.27,value in Millions,
2021-22,Q3,Madhya Pradesh,Urban,Narrowband,0.89,value in Millions,
2021-22,Q3,Madhya Pradesh,Rural,Broadband,22.28,value in Millions,
2021-22,Q3,Madhya Pradesh,Urban,Broadband,32.06,value in Millions,
2021-22,Q3,Madhya Pradesh,Rural,Total,23.54,value in Millions,
2021-22,Q3,Madhya Pradesh,Urban,Total,32.96,value in Millions,
2021-22,Q3,Kolkata,Rural,Narrowband,0.05,value in Millions,
2021-22,Q3,Kolkata,Urban,Narrowband,0.67,value in Millions,
2021-22,Q3,Kolkata,Rural,Broadband,1.21,value in Millions,
2021-22,Q3,Kolkata,Urban,Broadband,16.11,value in Millions,
2021-22,Q3,Kolkata,Rural,Total,1.26,value in Millions,
2021-22,Q3,Kolkata,Urban,Total,16.77,value in Millions,
2021-22,Q3,Kerala,Rural,Narrowband,0.54,value in Millions,
2021-22,Q3,Kerala,Urban,Narrowband,0.51,value in Millions,
2021-22,Q3,Kerala,Rural,Broadband,13.92,value in Millions,
2021-22,Q3,Kerala,Urban,Broadband,16.15,value in Millions,
2021-22,Q3,Kerala,Rural,Total,14.46,value in Millions,
2021-22,Q3,Kerala,Urban,Total,16.66,value in Millions,
2021-22,Q3,Karnataka,Rural,Narrowband,1.04,value in Millions,
2021-22,Q3,Karnataka,Urban,Narrowband,1.14,value in Millions,
2021-22,Q3,Karnataka,Rural,Broadband,16.95,value in Millions,
2021-22,Q3,Karnataka,Urban,Broadband,30.6,value in Millions,
2021-22,Q3,Karnataka,Rural,Total,17.99,value in Millions,
2021-22,Q3,Karnataka,Urban,Total,31.74,value in Millions,
2021-22,Q3,Jammu and Kashmir,Rural,Narrowband,0.17,value in Millions,
2021-22,Q3,Jammu and Kashmir,Urban,Narrowband,0.11,value in Millions,
2021-22,Q3,Jammu and Kashmir,Rural,Broadband,3.61,value in Millions,
2021-22,Q3,Jammu and Kashmir,Urban,Broadband,4.52,value in Millions,
2021-22,Q3,Jammu and Kashmir,Rural,Total,3.79,value in Millions,
2021-22,Q3,Jammu and Kashmir,Urban,Total,4.63,value in Millions,
2021-22,Q3,Himachal Pradesh,Rural,Narrowband,0.11,value in Millions,
2021-22,Q3,Himachal Pradesh,Urban,Narrowband,0.09,value in Millions,
2021-22,Q3,Himachal Pradesh,Rural,Broadband,3.95,value in Millions,
2021-22,Q3,Himachal Pradesh,Urban,Broadband,2.28,value in Millions,
2021-22,Q3,Himachal Pradesh,Rural,Total,4.06,value in Millions,
2021-22,Q3,Himachal Pradesh,Urban,Total,2.37,value in Millions,
2021-22,Q3,Haryana,Rural,Narrowband,0.4,value in Millions,
2021-22,Q3,Haryana,Urban,Narrowband,0.85,value in Millions,
2021-22,Q3,Haryana,Rural,Broadband,7.7,value in Millions,
2021-22,Q3,Haryana,Urban,Broadband,12.2,value in Millions,
2021-22,Q3,Haryana,Rural,Total,8.1,value in Millions,
2021-22,Q3,Haryana,Urban,Total,13.04,value in Millions,
2021-22,Q3,Gujarat,Rural,Narrowband,0.52,value in Millions,
2021-22,Q3,Gujarat,Urban,Narrowband,0.68,value in Millions,
2021-22,Q3,Gujarat,Rural,Broadband,15.72,value in Millions,
2021-22,Q3,Gujarat,Urban,Broadband,33.97,value in Millions,
2021-22,Q3,Gujarat,Rural,Total,16.24,value in Millions,
2021-22,Q3,Gujarat,Urban,Total,34.64,value in Millions,
2021-22,Q3,Grand Total,Rural,Narrowband,18.27,value in Millions,
2021-22,Q3,Grand Total,Urban,Narrowband,18.94,value in Millions,
2021-22,Q3,Grand Total,Rural,Broadband,314.83,value in Millions,
2021-22,Q3,Grand Total,Urban,Broadband,477.26,value in Millions,
2021-22,Q3,Grand Total,Rural,Total,333.1,value in Millions,
2021-22,Q3,Grand Total,Urban,Total,496.2,value in Millions,
2021-22,Q3,Delhi,Rural,Narrowband,0.26,value in Millions,
2021-22,Q3,Delhi,Urban,Narrowband,2.8,value in Millions,
2021-22,Q3,Delhi,Rural,Broadband,0.53,value in Millions,
2021-22,Q3,Delhi,Urban,Broadband,35.4,value in Millions,
2021-22,Q3,Delhi,Rural,Total,0.79,value in Millions,
2021-22,Q3,Delhi,Urban,Total,38.2,value in Millions,
2021-22,Q3,Bihar,Rural,Narrowband,2.34,value in Millions,
2021-22,Q3,Bihar,Urban,Narrowband,0.71,value in Millions,
2021-22,Q3,Bihar,Rural,Broadband,34.35,value in Millions,
2021-22,Q3,Bihar,Urban,Broadband,20.84,value in Millions,
2021-22,Q3,Bihar,Rural,Total,36.69,value in Millions,
2021-22,Q3,Bihar,Urban,Total,21.56,value in Millions,
2021-22,Q3,Assam,Rural,Narrowband,0.51,value in Millions,
2021-22,Q3,Assam,Urban,Narrowband,0.21,value in Millions,
2021-22,Q3,Assam,Rural,Broadband,9.15,value in Millions,
2021-22,Q3,Assam,Urban,Broadband,6.21,value in Millions,
2021-22,Q3,Assam,Rural,Total,9.66,value in Millions,
2021-22,Q3,Assam,Urban,Total,6.42,value in Millions,
2021-22,Q3,Andhra Pradesh,Rural,Narrowband,1.45,value in Millions,
2021-22,Q3,Andhra Pradesh,Urban,Narrowband,1.42,value in Millions,
2021-22,Q3,Andhra Pradesh,Rural,Broadband,26.58,value in Millions,
2021-22,Q3,Andhra Pradesh,Urban,Broadband,33.85,value in Millions,
2021-22,Q3,Andhra Pradesh,Rural,Total,28.03,value in Millions,
2021-22,Q3,Andhra Pradesh,Urban,Total,35.27,value in Millions,
2021-22,Q2,West Bengal,Rural,Narrowband,1.66,value in Millions,
2021-22,Q2,West Bengal,Urban,Narrowband,0.48,value in Millions,
2021-22,Q2,West Bengal,Rural,Broadband,18.74,value in Millions,
2021-22,Q2,West Bengal,Urban,Broadband,18.51,value in Millions,
2021-22,Q2,West Bengal,Rural,Total,20.4,value in Millions,
2021-22,Q2,West Bengal,Urban,Total,18.99,value in Millions,
2021-22,Q2,Uttar Pradesh West,Rural,Narrowband,1.06,value in Millions,
2021-22,Q2,Uttar Pradesh West,Urban,Narrowband,0.88,value in Millions,
2021-22,Q2,Uttar Pradesh West,Rural,Broadband,16.15,value in Millions,
2021-22,Q2,Uttar Pradesh West,Urban,Broadband,24.39,value in Millions,
2021-22,Q2,Uttar Pradesh West,Rural,Total,17.21,value in Millions,
2021-22,Q2,Uttar Pradesh West,Urban,Total,25.27,value in Millions,
2021-22,Q2,Uttar Pradesh East,Rural,Narrowband,2.95,value in Millions,
2021-22,Q2,Uttar Pradesh East,Urban,Narrowband,1.06,value in Millions,
2021-22,Q2,Uttar Pradesh East,Rural,Broadband,32.51,value in Millions,
2021-22,Q2,Uttar Pradesh East,Urban,Broadband,27.4,value in Millions,
2021-22,Q2,Uttar Pradesh East,Rural,Total,35.45,value in Millions,
2021-22,Q2,Uttar Pradesh East,Urban,Total,28.45,value in Millions,
2021-22,Q2,Tamil Nadu,Rural,Narrowband,0.96,value in Millions,
2021-22,Q2,Tamil Nadu,Urban,Narrowband,1.6,value in Millions,
2021-22,Q2,Tamil Nadu,Rural,Broadband,15.05,value in Millions,
2021-22,Q2,Tamil Nadu,Urban,Broadband,40.08,value in Millions,
2021-22,Q2,Tamil Nadu,Rural,Total,16.01,value in Millions,
2021-22,Q2,Tamil Nadu,Urban,Total,41.68,value in Millions,
2021-22,Q2,Rajasthan,Rural,Narrowband,1.11,value in Millions,
2021-22,Q2,Rajasthan,Urban,Narrowband,0.79,value in Millions,
2021-22,Q2,Rajasthan,Rural,Broadband,21.12,value in Millions,
2021-22,Q2,Rajasthan,Urban,Broadband,22.39,value in Millions,
2021-22,Q2,Rajasthan,Rural,Total,22.23,value in Millions,
2021-22,Q2,Rajasthan,Urban,Total,23.18,value in Millions,
2021-22,Q2,Punjab,Rural,Narrowband,0.39,value in Millions,
2021-22,Q2,Punjab,Urban,Narrowband,0.51,value in Millions,
2021-22,Q2,Punjab,Rural,Broadband,8.88,value in Millions,
2021-22,Q2,Punjab,Urban,Broadband,18.07,value in Millions,
2021-22,Q2,Punjab,Rural,Total,9.27,value in Millions,
2021-22,Q2,Punjab,Urban,Total,18.58,value in Millions,
2021-22,Q2,Odisha,Rural,Narrowband,0.69,value in Millions,
2021-22,Q2,Odisha,Urban,Narrowband,0.21,value in Millions,
2021-22,Q2,Odisha,Rural,Broadband,13.67,value in Millions,
2021-22,Q2,Odisha,Urban,Broadband,7.29,value in Millions,
2021-22,Q2,Odisha,Rural,Total,14.36,value in Millions,
2021-22,Q2,Odisha,Urban,Total,7.5,value in Millions,
2021-22,Q2,North East,Rural,Narrowband,0.19,value in Millions,
2021-22,Q2,North East,Urban,Narrowband,0.13,value in Millions,
2021-22,Q2,North East,Rural,Broadband,4.65,value in Millions,
2021-22,Q2,North East,Urban,Broadband,4.33,value in Millions,
2021-22,Q2,North East,Rural,Total,4.84,value in Millions,
2021-22,Q2,North East,Urban,Total,4.46,value in Millions,
2021-22,Q2,Mumbai,Rural,Narrowband,0.01,value in Millions,
2021-22,Q2,Mumbai,Urban,Narrowband,1.68,value in Millions,
2021-22,Q2,Mumbai,Rural,Broadband,1.11,value in Millions,
2021-22,Q2,Mumbai,Urban,Broadband,27.74,value in Millions,
2021-22,Q2,Mumbai,Rural,Total,1.13,value in Millions,
2021-22,Q2,Mumbai,Urban,Total,29.42,value in Millions,
2021-22,Q2,Maharashtra,Rural,Narrowband,1.58,value in Millions,
2021-22,Q2,Maharashtra,Urban,Narrowband,1.19,value in Millions,
2021-22,Q2,Maharashtra,Rural,Broadband,28.56,value in Millions,
2021-22,Q2,Maharashtra,Urban,Broadband,40.28,value in Millions,
2021-22,Q2,Maharashtra,Rural,Total,30.14,value in Millions,
2021-22,Q2,Maharashtra,Urban,Total,41.47,value in Millions,
2021-22,Q2,Madhya Pradesh,Rural,Narrowband,1.44,value in Millions,
2021-22,Q2,Madhya Pradesh,Urban,Narrowband,1.05,value in Millions,
2021-22,Q2,Madhya Pradesh,Rural,Broadband,22.62,value in Millions,
2021-22,Q2,Madhya Pradesh,Urban,Broadband,32.35,value in Millions,
2021-22,Q2,Madhya Pradesh,Rural,Total,24.06,value in Millions,
2021-22,Q2,Madhya Pradesh,Urban,Total,33.4,value in Millions,
2021-22,Q2,Kolkata,Rural,Narrowband,0.05,value in Millions,
2021-22,Q2,Kolkata,Urban,Narrowband,0.75,value in Millions,
2021-22,Q2,Kolkata,Rural,Broadband,1.22,value in Millions,
2021-22,Q2,Kolkata,Urban,Broadband,15.97,value in Millions,
2021-22,Q2,Kolkata,Rural,Total,1.28,value in Millions,
2021-22,Q2,Kolkata,Urban,Total,16.73,value in Millions,
2021-22,Q2,Kerala,Rural,Narrowband,0.56,value in Millions,
2021-22,Q2,Kerala,Urban,Narrowband,0.54,value in Millions,
2021-22,Q2,Kerala,Rural,Broadband,12.87,value in Millions,
2021-22,Q2,Kerala,Urban,Broadband,16.21,value in Millions,
2021-22,Q2,Kerala,Rural,Total,13.42,value in Millions,
2021-22,Q2,Kerala,Urban,Total,16.75,value in Millions,
2021-22,Q2,Karnataka,Rural,Narrowband,1.15,value in Millions,
2021-22,Q2,Karnataka,Urban,Narrowband,1.14,value in Millions,
2021-22,Q2,Karnataka,Rural,Broadband,17.23,value in Millions,
2021-22,Q2,Karnataka,Urban,Broadband,30.6,value in Millions,
2021-22,Q2,Karnataka,Rural,Total,18.38,value in Millions,
2021-22,Q2,Karnataka,Urban,Total,31.74,value in Millions,
2021-22,Q2,Jammu and Kashmir,Rural,Narrowband,0.21,value in Millions,
2021-22,Q2,Jammu and Kashmir,Urban,Narrowband,0.12,value in Millions,
2021-22,Q2,Jammu and Kashmir,Rural,Broadband,3.56,value in Millions,
2021-22,Q2,Jammu and Kashmir,Urban,Broadband,4.49,value in Millions,
2021-22,Q2,Jammu and Kashmir,Rural,Total,3.78,value in Millions,
2021-22,Q2,Jammu and Kashmir,Urban,Total,4.61,value in Millions,
2021-22,Q2,Himachal Pradesh,Rural,Narrowband,0.14,value in Millions,
2021-22,Q2,Himachal Pradesh,Urban,Narrowband,0.1,value in Millions,
2021-22,Q2,Himachal Pradesh,Rural,Broadband,4.14,value in Millions,
2021-22,Q2,Himachal Pradesh,Urban,Broadband,2.21,value in Millions,
2021-22,Q2,Himachal Pradesh,Rural,Total,4.28,value in Millions,
2021-22,Q2,Himachal Pradesh,Urban,Total,2.3,value in Millions,
2021-22,Q2,Haryana,Rural,Narrowband,0.4,value in Millions,
2021-22,Q2,Haryana,Urban,Narrowband,0.37,value in Millions,
2021-22,Q2,Haryana,Rural,Broadband,7.79,value in Millions,
2021-22,Q2,Haryana,Urban,Broadband,10.27,value in Millions,
2021-22,Q2,Haryana,Rural,Total,8.19,value in Millions,
2021-22,Q2,Haryana,Urban,Total,10.64,value in Millions,
2021-22,Q2,Gujarat,Rural,Narrowband,0.57,value in Millions,
2021-22,Q2,Gujarat,Urban,Narrowband,0.75,value in Millions,
2021-22,Q2,Gujarat,Rural,Broadband,15.91,value in Millions,
2021-22,Q2,Gujarat,Urban,Broadband,34.08,value in Millions,
2021-22,Q2,Gujarat,Rural,Total,16.49,value in Millions,
2021-22,Q2,Gujarat,Urban,Total,34.83,value in Millions,
2021-22,Q2,Grand Total,Rural,Narrowband,20.18,value in Millions,
2021-22,Q2,Grand Total,Urban,Narrowband,19.23,value in Millions,
2021-22,Q2,Grand Total,Rural,Broadband,316.42,value in Millions,
2021-22,Q2,Grand Total,Urban,Broadband,478.46,value in Millions,
2021-22,Q2,Grand Total,Rural,Total,336.6,value in Millions,
2021-22,Q2,Grand Total,Urban,Total,497.69,value in Millions,
2021-22,Q2,Delhi,Rural,Narrowband,0.25,value in Millions,
2021-22,Q2,Delhi,Urban,Narrowband,3.5,value in Millions,
2021-22,Q2,Delhi,Rural,Broadband,0.54,value in Millions,
2021-22,Q2,Delhi,Urban,Broadband,40.8,value in Millions,
2021-22,Q2,Delhi,Rural,Total,0.79,value in Millions,
2021-22,Q2,Delhi,Urban,Total,44.3,value in Millions,
2021-22,Q2,Bihar,Rural,Narrowband,2.63,value in Millions,
2021-22,Q2,Bihar,Urban,Narrowband,0.8,value in Millions,
2021-22,Q2,Bihar,Rural,Broadband,33.93,value in Millions,
2021-22,Q2,Bihar,Urban,Broadband,20.56,value in Millions,
2021-22,Q2,Bihar,Rural,Total,36.56,value in Millions,
2021-22,Q2,Bihar,Urban,Total,21.37,value in Millions,
2021-22,Q2,Assam,Rural,Narrowband,0.56,value in Millions,
2021-22,Q2,Assam,Urban,Narrowband,0.24,value in Millions,
2021-22,Q2,Assam,Rural,Broadband,9.17,value in Millions,
2021-22,Q2,Assam,Urban,Broadband,6.14,value in Millions,
2021-22,Q2,Assam,Rural,Total,9.74,value in Millions,
2021-22,Q2,Assam,Urban,Total,6.37,value in Millions,
2021-22,Q2,Andhra Pradesh,Rural,Narrowband,1.6,value in Millions,
2021-22,Q2,Andhra Pradesh,Urban,Narrowband,1.32,value in Millions,
2021-22,Q2,Andhra Pradesh,Rural,Broadband,26.98,value in Millions,
2021-22,Q2,Andhra Pradesh,Urban,Broadband,34.31,value in Millions,
2021-22,Q2,Andhra Pradesh,Rural,Total,28.58,value in Millions,
2021-22,Q2,Andhra Pradesh,Urban,Total,35.63,value in Millions,
2021-22,Q1,West Bengal,Rural,Narrowband,1.87,value in Millions,
2021-22,Q1,West Bengal,Urban,Narrowband,0.51,value in Millions,
2021-22,Q1,West Bengal,Rural,Broadband,18.29,value in Millions,
2021-22,Q1,West Bengal,Urban,Broadband,18.03,value in Millions,
2021-22,Q1,West Bengal,Rural,Total,20.17,value in Millions,
2021-22,Q1,West Bengal,Urban,Total,18.55,value in Millions,
2021-22,Q1,Uttar Pradesh West,Rural,Narrowband,1.16,value in Millions,
2021-22,Q1,Uttar Pradesh West,Urban,Narrowband,0.94,value in Millions,
2021-22,Q1,Uttar Pradesh West,Rural,Broadband,16.17,value in Millions,
2021-22,Q1,Uttar Pradesh West,Urban,Broadband,23.99,value in Millions,
2021-22,Q1,Uttar Pradesh West,Rural,Total,17.33,value in Millions,
2021-22,Q1,Uttar Pradesh West,Urban,Total,24.93,value in Millions,
2021-22,Q1,Uttar Pradesh East,Rural,Narrowband,3.06,value in Millions,
2021-22,Q1,Uttar Pradesh East,Urban,Narrowband,1.05,value in Millions,
2021-22,Q1,Uttar Pradesh East,Rural,Broadband,32.5,value in Millions,
2021-22,Q1,Uttar Pradesh East,Urban,Broadband,26.88,value in Millions,
2021-22,Q1,Uttar Pradesh East,Rural,Total,35.56,value in Millions,
2021-22,Q1,Uttar Pradesh East,Urban,Total,27.94,value in Millions,
2021-22,Q1,Tamil Nadu,Rural,Narrowband,1.02,value in Millions,
2021-22,Q1,Tamil Nadu,Urban,Narrowband,1.65,value in Millions,
2021-22,Q1,Tamil Nadu,Rural,Broadband,14.81,value in Millions,
2021-22,Q1,Tamil Nadu,Urban,Broadband,38.92,value in Millions,
2021-22,Q1,Tamil Nadu,Rural,Total,15.83,value in Millions,
2021-22,Q1,Tamil Nadu,Urban,Total,40.57,value in Millions,
2021-22,Q1,Rajasthan,Rural,Narrowband,1.3,value in Millions,
2021-22,Q1,Rajasthan,Urban,Narrowband,0.84,value in Millions,
2021-22,Q1,Rajasthan,Rural,Broadband,21.0,value in Millions,
2021-22,Q1,Rajasthan,Urban,Broadband,22.17,value in Millions,
2021-22,Q1,Rajasthan,Rural,Total,22.3,value in Millions,
2021-22,Q1,Rajasthan,Urban,Total,23.01,value in Millions,
2021-22,Q1,Punjab,Rural,Narrowband,0.41,value in Millions,
2021-22,Q1,Punjab,Urban,Narrowband,0.52,value in Millions,
2021-22,Q1,Punjab,Rural,Broadband,9.01,value in Millions,
2021-22,Q1,Punjab,Urban,Broadband,18.74,value in Millions,
2021-22,Q1,Punjab,Rural,Total,9.41,value in Millions,
2021-22,Q1,Punjab,Urban,Total,19.26,value in Millions,
2021-22,Q1,Odisha,Rural,Narrowband,0.76,value in Millions,
2021-22,Q1,Odisha,Urban,Narrowband,0.21,value in Millions,
2021-22,Q1,Odisha,Rural,Broadband,13.81,value in Millions,
2021-22,Q1,Odisha,Urban,Broadband,7.32,value in Millions,
2021-22,Q1,Odisha,Rural,Total,14.58,value in Millions,
2021-22,Q1,Odisha,Urban,Total,7.53,value in Millions,
2021-22,Q1,North East,Rural,Narrowband,0.22,value in Millions,
2021-22,Q1,North East,Urban,Narrowband,0.13,value in Millions,
2021-22,Q1,North East,Rural,Broadband,4.64,value in Millions,
2021-22,Q1,North East,Urban,Broadband,4.17,value in Millions,
2021-22,Q1,North East,Rural,Total,4.86,value in Millions,
2021-22,Q1,North East,Urban,Total,4.3,value in Millions,
2021-22,Q1,Mumbai,Rural,Narrowband,0.01,value in Millions,
2021-22,Q1,Mumbai,Urban,Narrowband,1.67,value in Millions,
2021-22,Q1,Mumbai,Rural,Broadband,1.28,value in Millions,
2021-22,Q1,Mumbai,Urban,Broadband,29.43,value in Millions,
2021-22,Q1,Mumbai,Rural,Total,1.3,value in Millions,
2021-22,Q1,Mumbai,Urban,Total,31.1,value in Millions,
2021-22,Q1,Maharashtra,Rural,Narrowband,1.7,value in Millions,
2021-22,Q1,Maharashtra,Urban,Narrowband,1.26,value in Millions,
2021-22,Q1,Maharashtra,Rural,Broadband,28.28,value in Millions,
2021-22,Q1,Maharashtra,Urban,Broadband,39.96,value in Millions,
2021-22,Q1,Maharashtra,Rural,Total,29.98,value in Millions,
2021-22,Q1,Maharashtra,Urban,Total,41.23,value in Millions,
2021-22,Q1,Madhya Pradesh,Rural,Narrowband,1.61,value in Millions,
2021-22,Q1,Madhya Pradesh,Urban,Narrowband,1.1,value in Millions,
2021-22,Q1,Madhya Pradesh,Rural,Broadband,22.0,value in Millions,
2021-22,Q1,Madhya Pradesh,Urban,Broadband,31.4,value in Millions,
2021-22,Q1,Madhya Pradesh,Rural,Total,23.6,value in Millions,
2021-22,Q1,Madhya Pradesh,Urban,Total,32.5,value in Millions,
2021-22,Q1,Kolkata,Rural,Narrowband,0.06,value in Millions,
2021-22,Q1,Kolkata,Urban,Narrowband,0.8,value in Millions,
2021-22,Q1,Kolkata,Rural,Broadband,1.35,value in Millions,
2021-22,Q1,Kolkata,Urban,Broadband,16.78,value in Millions,
2021-22,Q1,Kolkata,Rural,Total,1.41,value in Millions,
2021-22,Q1,Kolkata,Urban,Total,17.58,value in Millions,
2021-22,Q1,Kerala,Rural,Narrowband,0.56,value in Millions,
2021-22,Q1,Kerala,Urban,Narrowband,0.57,value in Millions,
2021-22,Q1,Kerala,Rural,Broadband,12.69,value in Millions,
2021-22,Q1,Kerala,Urban,Broadband,16.58,value in Millions,
2021-22,Q1,Kerala,Rural,Total,13.25,value in Millions,
2021-22,Q1,Kerala,Urban,Total,17.16,value in Millions,
2021-22,Q1,Karnataka,Rural,Narrowband,1.18,value in Millions,
2021-22,Q1,Karnataka,Urban,Narrowband,1.12,value in Millions,
2021-22,Q1,Karnataka,Rural,Broadband,17.19,value in Millions,
2021-22,Q1,Karnataka,Urban,Broadband,30.15,value in Millions,
2021-22,Q1,Karnataka,Rural,Total,18.37,value in Millions,
2021-22,Q1,Karnataka,Urban,Total,31.27,value in Millions,
2021-22,Q1,Jammu and Kashmir,Rural,Narrowband,0.25,value in Millions,
2021-22,Q1,Jammu and Kashmir,Urban,Narrowband,0.13,value in Millions,
2021-22,Q1,Jammu and Kashmir,Rural,Broadband,3.53,value in Millions,
2021-22,Q1,Jammu and Kashmir,Urban,Broadband,4.52,value in Millions,
2021-22,Q1,Jammu and Kashmir,Rural,Total,3.78,value in Millions,
2021-22,Q1,Jammu and Kashmir,Urban,Total,4.65,value in Millions,
2021-22,Q1,Himachal Pradesh,Rural,Narrowband,0.15,value in Millions,
2021-22,Q1,Himachal Pradesh,Urban,Narrowband,0.11,value in Millions,
2021-22,Q1,Himachal Pradesh,Rural,Broadband,4.28,value in Millions,
2021-22,Q1,Himachal Pradesh,Urban,Broadband,2.3,value in Millions,
2021-22,Q1,Himachal Pradesh,Rural,Total,4.43,value in Millions,
2021-22,Q1,Himachal Pradesh,Urban,Total,2.4,value in Millions,
2021-22,Q1,Haryana,Rural,Narrowband,0.36,value in Millions,
2021-22,Q1,Haryana,Urban,Narrowband,0.34,value in Millions,
2021-22,Q1,Haryana,Rural,Broadband,7.77,value in Millions,
2021-22,Q1,Haryana,Urban,Broadband,10.37,value in Millions,
2021-22,Q1,Haryana,Rural,Total,8.13,value in Millions,
2021-22,Q1,Haryana,Urban,Total,10.71,value in Millions,
2021-22,Q1,Gujarat,Rural,Narrowband,0.63,value in Millions,
2021-22,Q1,Gujarat,Urban,Narrowband,0.81,value in Millions,
2021-22,Q1,Gujarat,Rural,Broadband,15.81,value in Millions,
2021-22,Q1,Gujarat,Urban,Broadband,34.34,value in Millions,
2021-22,Q1,Gujarat,Rural,Total,16.44,value in Millions,
2021-22,Q1,Gujarat,Urban,Total,35.14,value in Millions,
2021-22,Q1,Grand Total,Rural,Narrowband,21.77,value in Millions,
2021-22,Q1,Grand Total,Urban,Narrowband,19.16,value in Millions,
2021-22,Q1,Grand Total,Rural,Broadband,315.1,value in Millions,
2021-22,Q1,Grand Total,Urban,Broadband,477.68,value in Millions,
2021-22,Q1,Grand Total,Rural,Total,336.87,value in Millions,
2021-22,Q1,Grand Total,Urban,Total,496.84,value in Millions,
2021-22,Q1,Delhi,Rural,Narrowband,0.23,value in Millions,
2021-22,Q1,Delhi,Urban,Narrowband,2.97,value in Millions,
2021-22,Q1,Delhi,Rural,Broadband,0.59,value in Millions,
2021-22,Q1,Delhi,Urban,Broadband,41.49,value in Millions,
2021-22,Q1,Delhi,Rural,Total,0.82,value in Millions,
2021-22,Q1,Delhi,Urban,Total,44.46,value in Millions,
2021-22,Q1,Bihar,Rural,Narrowband,2.93,value in Millions,
2021-22,Q1,Bihar,Urban,Narrowband,0.85,value in Millions,
2021-22,Q1,Bihar,Rural,Broadband,33.32,value in Millions,
2021-22,Q1,Bihar,Urban,Broadband,19.71,value in Millions,
2021-22,Q1,Bihar,Rural,Total,36.25,value in Millions,
2021-22,Q1,Bihar,Urban,Total,20.56,value in Millions,
2021-22,Q1,Assam,Rural,Narrowband,0.61,value in Millions,
2021-22,Q1,Assam,Urban,Narrowband,0.26,value in Millions,
2021-22,Q1,Assam,Rural,Broadband,9.58,value in Millions,
2021-22,Q1,Assam,Urban,Broadband,6.24,value in Millions,
2021-22,Q1,Assam,Rural,Total,10.19,value in Millions,
2021-22,Q1,Assam,Urban,Total,6.5,value in Millions,
2021-22,Q1,Andhra Pradesh,Rural,Narrowband,1.69,value in Millions,
2021-22,Q1,Andhra Pradesh,Urban,Narrowband,1.32,value in Millions,
2021-22,Q1,Andhra Pradesh,Rural,Broadband,27.2,value in Millions,
2021-22,Q1,Andhra Pradesh,Urban,Broadband,34.18,value in Millions,
2021-22,Q1,Andhra Pradesh,Rural,Total,28.89,value in Millions,
2021-22,Q1,Andhra Pradesh,Urban,Total,35.49,value in Millions,
2020-21,Q4,West Bengal,Rural,Narrowband,1.78,value in Millions,
2020-21,Q4,West Bengal,Urban,Narrowband,0.84,value in Millions,
2020-21,Q4,West Bengal,Rural,Broadband,17.0,value in Millions,
2020-21,Q4,West Bengal,Urban,Broadband,17.78,value in Millions,
2020-21,Q4,West Bengal,Rural,Total,18.78,value in Millions,
2020-21,Q4,West Bengal,Urban,Total,18.62,value in Millions,
2020-21,Q4,Uttar Pradesh West,Rural,Narrowband,1.19,value in Millions,
2020-21,Q4,Uttar Pradesh West,Urban,Narrowband,1.11,value in Millions,
2020-21,Q4,Uttar Pradesh West,Rural,Broadband,15.3,value in Millions,
2020-21,Q4,Uttar Pradesh West,Urban,Broadband,24.14,value in Millions,
2020-21,Q4,Uttar Pradesh West,Rural,Total,16.49,value in Millions,
2020-21,Q4,Uttar Pradesh West,Urban,Total,25.25,value in Millions,
2020-21,Q4,Uttar Pradesh East,Rural,Narrowband,3.24,value in Millions,
2020-21,Q4,Uttar Pradesh East,Urban,Narrowband,1.33,value in Millions,
2020-21,Q4,Uttar Pradesh East,Rural,Broadband,30.33,value in Millions,
2020-21,Q4,Uttar Pradesh East,Urban,Broadband,26.53,value in Millions,
2020-21,Q4,Uttar Pradesh East,Rural,Total,33.57,value in Millions,
2020-21,Q4,Uttar Pradesh East,Urban,Total,27.87,value in Millions,
2020-21,Q4,Tamil Nadu,Rural,Narrowband,1.59,value in Millions,
2020-21,Q4,Tamil Nadu,Urban,Narrowband,1.69,value in Millions,
2020-21,Q4,Tamil Nadu,Rural,Broadband,13.68,value in Millions,
2020-21,Q4,Tamil Nadu,Urban,Broadband,39.78,value in Millions,
2020-21,Q4,Tamil Nadu,Rural,Total,15.26,value in Millions,
2020-21,Q4,Tamil Nadu,Urban,Total,41.46,value in Millions,
2020-21,Q4,Rajasthan,Rural,Narrowband,1.4,value in Millions,
2020-21,Q4,Rajasthan,Urban,Narrowband,1.15,value in Millions,
2020-21,Q4,Rajasthan,Rural,Broadband,20.08,value in Millions,
2020-21,Q4,Rajasthan,Urban,Broadband,22.78,value in Millions,
2020-21,Q4,Rajasthan,Rural,Total,21.47,value in Millions,
2020-21,Q4,Rajasthan,Urban,Total,23.93,value in Millions,
2020-21,Q4,Punjab,Rural,Narrowband,0.46,value in Millions,
2020-21,Q4,Punjab,Urban,Narrowband,0.69,value in Millions,
2020-21,Q4,Punjab,Rural,Broadband,8.7,value in Millions,
2020-21,Q4,Punjab,Urban,Broadband,18.64,value in Millions,
2020-21,Q4,Punjab,Rural,Total,9.16,value in Millions,
2020-21,Q4,Punjab,Urban,Total,19.34,value in Millions,
2020-21,Q4,Odisha,Rural,Narrowband,0.85,value in Millions,
2020-21,Q4,Odisha,Urban,Narrowband,0.28,value in Millions,
2020-21,Q4,Odisha,Rural,Broadband,13.08,value in Millions,
2020-21,Q4,Odisha,Urban,Broadband,7.39,value in Millions,
2020-21,Q4,Odisha,Rural,Total,13.94,value in Millions,
2020-21,Q4,Odisha,Urban,Total,7.66,value in Millions,
2020-21,Q4,North East,Rural,Narrowband,0.24,value in Millions,
2020-21,Q4,North East,Urban,Narrowband,0.19,value in Millions,
2020-21,Q4,North East,Rural,Broadband,4.41,value in Millions,
2020-21,Q4,North East,Urban,Broadband,4.23,value in Millions,
2020-21,Q4,North East,Rural,Total,4.65,value in Millions,
2020-21,Q4,North East,Urban,Total,4.41,value in Millions,
2020-21,Q4,Mumbai,Rural,Narrowband,0.07,value in Millions,
2020-21,Q4,Mumbai,Urban,Narrowband,1.88,value in Millions,
2020-21,Q4,Mumbai,Rural,Broadband,1.82,value in Millions,
2020-21,Q4,Mumbai,Urban,Broadband,28.53,value in Millions,
2020-21,Q4,Mumbai,Rural,Total,1.89,value in Millions,
2020-21,Q4,Mumbai,Urban,Total,30.41,value in Millions,
2020-21,Q4,Maharashtra,Rural,Narrowband,1.7,value in Millions,
2020-21,Q4,Maharashtra,Urban,Narrowband,1.86,value in Millions,
2020-21,Q4,Maharashtra,Rural,Broadband,27.19,value in Millions,
2020-21,Q4,Maharashtra,Urban,Broadband,40.38,value in Millions,
2020-21,Q4,Maharashtra,Rural,Total,28.88,value in Millions,
2020-21,Q4,Maharashtra,Urban,Total,42.24,value in Millions,
2020-21,Q4,Madhya Pradesh,Rural,Narrowband,1.73,value in Millions,
2020-21,Q4,Madhya Pradesh,Urban,Narrowband,1.57,value in Millions,
2020-21,Q4,Madhya Pradesh,Rural,Broadband,20.9,value in Millions,
2020-21,Q4,Madhya Pradesh,Urban,Broadband,31.22,value in Millions,
2020-21,Q4,Madhya Pradesh,Rural,Total,22.63,value in Millions,
2020-21,Q4,Madhya Pradesh,Urban,Total,32.79,value in Millions,
2020-21,Q4,Kolkata,Rural,Narrowband,0.1,value in Millions,
2020-21,Q4,Kolkata,Urban,Narrowband,1.17,value in Millions,
2020-21,Q4,Kolkata,Rural,Broadband,1.34,value in Millions,
2020-21,Q4,Kolkata,Urban,Broadband,16.51,value in Millions,
2020-21,Q4,Kolkata,Rural,Total,1.44,value in Millions,
2020-21,Q4,Kolkata,Urban,Total,17.68,value in Millions,
2020-21,Q4,Kerala,Rural,Narrowband,0.66,value in Millions,
2020-21,Q4,Kerala,Urban,Narrowband,0.87,value in Millions,
2020-21,Q4,Kerala,Rural,Broadband,11.81,value in Millions,
2020-21,Q4,Kerala,Urban,Broadband,17.08,value in Millions,
2020-21,Q4,Kerala,Rural,Total,12.46,value in Millions,
2020-21,Q4,Kerala,Urban,Total,17.95,value in Millions,
2020-21,Q4,Karnataka,Rural,Narrowband,1.3,value in Millions,
2020-21,Q4,Karnataka,Urban,Narrowband,1.4,value in Millions,
2020-21,Q4,Karnataka,Rural,Broadband,16.64,value in Millions,
2020-21,Q4,Karnataka,Urban,Broadband,30.75,value in Millions,
2020-21,Q4,Karnataka,Rural,Total,17.94,value in Millions,
2020-21,Q4,Karnataka,Urban,Total,32.15,value in Millions,
2020-21,Q4,Jammu and Kashmir,Rural,Narrowband,0.28,value in Millions,
2020-21,Q4,Jammu and Kashmir,Urban,Narrowband,0.17,value in Millions,
2020-21,Q4,Jammu and Kashmir,Rural,Broadband,3.35,value in Millions,
2020-21,Q4,Jammu and Kashmir,Urban,Broadband,4.55,value in Millions,
2020-21,Q4,Jammu and Kashmir,Rural,Total,3.64,value in Millions,
2020-21,Q4,Jammu and Kashmir,Urban,Total,4.72,value in Millions,
2020-21,Q4,Himachal Pradesh,Rural,Narrowband,0.16,value in Millions,
2020-21,Q4,Himachal Pradesh,Urban,Narrowband,0.14,value in Millions,
2020-21,Q4,Himachal Pradesh,Rural,Broadband,4.09,value in Millions,
2020-21,Q4,Himachal Pradesh,Urban,Broadband,2.33,value in Millions,
2020-21,Q4,Himachal Pradesh,Rural,Total,4.25,value in Millions,
2020-21,Q4,Himachal Pradesh,Urban,Total,2.47,value in Millions,
2020-21,Q4,Haryana,Rural,Narrowband,0.38,value in Millions,
2020-21,Q4,Haryana,Urban,Narrowband,0.45,value in Millions,
2020-21,Q4,Haryana,Rural,Broadband,7.31,value in Millions,
2020-21,Q4,Haryana,Urban,Broadband,10.41,value in Millions,
2020-21,Q4,Haryana,Rural,Total,7.69,value in Millions,
2020-21,Q4,Haryana,Urban,Total,10.86,value in Millions,
2020-21,Q4,Gujarat,Rural,Narrowband,0.75,value in Millions,
2020-21,Q4,Gujarat,Urban,Narrowband,0.95,value in Millions,
2020-21,Q4,Gujarat,Rural,Broadband,14.72,value in Millions,
2020-21,Q4,Gujarat,Urban,Broadband,34.13,value in Millions,
2020-21,Q4,Gujarat,Rural,Total,15.47,value in Millions,
2020-21,Q4,Gujarat,Urban,Total,35.08,value in Millions,
2020-21,Q4,Grand Total,Rural,Narrowband,23.29,value in Millions,
2020-21,Q4,Grand Total,Urban,Narrowband,23.92,value in Millions,
2020-21,Q4,Grand Total,Rural,Broadband,299.48,value in Millions,
2020-21,Q4,Grand Total,Urban,Broadband,478.61,value in Millions,
2020-21,Q4,Grand Total,Rural,Total,322.77,value in Millions,
2020-21,Q4,Grand Total,Urban,Total,502.53,value in Millions,
2020-21,Q4,Delhi,Rural,Narrowband,0.11,value in Millions,
2020-21,Q4,Delhi,Urban,Narrowband,3.11,value in Millions,
2020-21,Q4,Delhi,Rural,Broadband,0.65,value in Millions,
2020-21,Q4,Delhi,Urban,Broadband,41.09,value in Millions,
2020-21,Q4,Delhi,Rural,Total,0.76,value in Millions,
2020-21,Q4,Delhi,Urban,Total,44.2,value in Millions,
2020-21,Q4,Bihar,Rural,Narrowband,2.97,value in Millions,
2020-21,Q4,Bihar,Urban,Narrowband,1.11,value in Millions,
2020-21,Q4,Bihar,Rural,Broadband,31.65,value in Millions,
2020-21,Q4,Bihar,Urban,Broadband,19.68,value in Millions,
2020-21,Q4,Bihar,Rural,Total,34.62,value in Millions,
2020-21,Q4,Bihar,Urban,Total,20.79,value in Millions,
2020-21,Q4,Assam,Rural,Narrowband,0.61,value in Millions,
2020-21,Q4,Assam,Urban,Narrowband,0.3,value in Millions,
2020-21,Q4,Assam,Rural,Broadband,9.08,value in Millions,
2020-21,Q4,Assam,Urban,Broadband,6.22,value in Millions,
2020-21,Q4,Assam,Rural,Total,9.69,value in Millions,
2020-21,Q4,Assam,Urban,Total,6.52,value in Millions,
2020-21,Q4,Andhra Pradesh,Rural,Narrowband,1.71,value in Millions,
2020-21,Q4,Andhra Pradesh,Urban,Narrowband,1.65,value in Millions,
2020-21,Q4,Andhra Pradesh,Rural,Broadband,26.37,value in Millions,
2020-21,Q4,Andhra Pradesh,Urban,Broadband,34.49,value in Millions,
2020-21,Q4,Andhra Pradesh,Rural,Total,28.08,value in Millions,
2020-21,Q4,Andhra Pradesh,Urban,Total,36.14,value in Millions,
2020-21,Q3,West Bengal,Rural,Narrowband,1.76,value in Millions,
2020-21,Q3,West Bengal,Urban,Narrowband,0.84,value in Millions,
2020-21,Q3,West Bengal,Rural,Broadband,15.93,value in Millions,
2020-21,Q3,West Bengal,Urban,Broadband,16.76,value in Millions,
2020-21,Q3,West Bengal,Rural,Total,17.69,value in Millions,
2020-21,Q3,West Bengal,Urban,Total,17.61,value in Millions,
2020-21,Q3,Uttar Pradesh West,Rural,Narrowband,1.2,value in Millions,
2020-21,Q3,Uttar Pradesh West,Urban,Narrowband,1.17,value in Millions,
2020-21,Q3,Uttar Pradesh West,Rural,Broadband,14.14,value in Millions,
2020-21,Q3,Uttar Pradesh West,Urban,Broadband,23.6,value in Millions,
2020-21,Q3,Uttar Pradesh West,Rural,Total,15.33,value in Millions,
2020-21,Q3,Uttar Pradesh West,Urban,Total,24.76,value in Millions,
2020-21,Q3,Uttar Pradesh East,Rural,Narrowband,3.32,value in Millions,
2020-21,Q3,Uttar Pradesh East,Urban,Narrowband,1.42,value in Millions,
2020-21,Q3,Uttar Pradesh East,Rural,Broadband,28.0,value in Millions,
2020-21,Q3,Uttar Pradesh East,Urban,Broadband,25.84,value in Millions,
2020-21,Q3,Uttar Pradesh East,Rural,Total,31.33,value in Millions,
2020-21,Q3,Uttar Pradesh East,Urban,Total,27.27,value in Millions,
2020-21,Q3,Tamil Nadu,Rural,Narrowband,1.6,value in Millions,
2020-21,Q3,Tamil Nadu,Urban,Narrowband,1.79,value in Millions,
2020-21,Q3,Tamil Nadu,Rural,Broadband,13.0,value in Millions,
2020-21,Q3,Tamil Nadu,Urban,Broadband,38.06,value in Millions,
2020-21,Q3,Tamil Nadu,Rural,Total,14.61,value in Millions,
2020-21,Q3,Tamil Nadu,Urban,Total,39.85,value in Millions,
2020-21,Q3,Rajasthan,Rural,Narrowband,1.42,value in Millions,
2020-21,Q3,Rajasthan,Urban,Narrowband,1.22,value in Millions,
2020-21,Q3,Rajasthan,Rural,Broadband,19.27,value in Millions,
2020-21,Q3,Rajasthan,Urban,Broadband,21.93,value in Millions,
2020-21,Q3,Rajasthan,Rural,Total,20.7,value in Millions,
2020-21,Q3,Rajasthan,Urban,Total,23.15,value in Millions,
2020-21,Q3,Punjab,Rural,Narrowband,0.46,value in Millions,
2020-21,Q3,Punjab,Urban,Narrowband,0.71,value in Millions,
2020-21,Q3,Punjab,Rural,Broadband,8.34,value in Millions,
2020-21,Q3,Punjab,Urban,Broadband,18.09,value in Millions,
2020-21,Q3,Punjab,Rural,Total,8.8,value in Millions,
2020-21,Q3,Punjab,Urban,Total,18.8,value in Millions,
2020-21,Q3,Odisha,Rural,Narrowband,0.84,value in Millions,
2020-21,Q3,Odisha,Urban,Narrowband,0.28,value in Millions,
2020-21,Q3,Odisha,Rural,Broadband,12.43,value in Millions,
2020-21,Q3,Odisha,Urban,Broadband,7.1,value in Millions,
2020-21,Q3,Odisha,Rural,Total,13.27,value in Millions,
2020-21,Q3,Odisha,Urban,Total,7.38,value in Millions,
2020-21,Q3,North East,Rural,Narrowband,0.24,value in Millions,
2020-21,Q3,North East,Urban,Narrowband,0.19,value in Millions,
2020-21,Q3,North East,Rural,Broadband,4.25,value in Millions,
2020-21,Q3,North East,Urban,Broadband,4.05,value in Millions,
2020-21,Q3,North East,Rural,Total,4.49,value in Millions,
2020-21,Q3,North East,Urban,Total,4.24,value in Millions,
2020-21,Q3,Mumbai,Rural,Narrowband,0.08,value in Millions,
2020-21,Q3,Mumbai,Urban,Narrowband,1.98,value in Millions,
2020-21,Q3,Mumbai,Rural,Broadband,1.82,value in Millions,
2020-21,Q3,Mumbai,Urban,Broadband,27.55,value in Millions,
2020-21,Q3,Mumbai,Rural,Total,1.9,value in Millions,
2020-21,Q3,Mumbai,Urban,Total,29.54,value in Millions,
2020-21,Q3,Maharashtra,Rural,Narrowband,1.77,value in Millions,
2020-21,Q3,Maharashtra,Urban,Narrowband,1.93,value in Millions,
2020-21,Q3,Maharashtra,Rural,Broadband,26.11,value in Millions,
2020-21,Q3,Maharashtra,Urban,Broadband,39.21,value in Millions,
2020-21,Q3,Maharashtra,Rural,Total,27.88,value in Millions,
2020-21,Q3,Maharashtra,Urban,Total,41.14,value in Millions,
2020-21,Q3,Madhya Pradesh,Rural,Narrowband,1.76,value in Millions,
2020-21,Q3,Madhya Pradesh,Urban,Narrowband,1.58,value in Millions,
2020-21,Q3,Madhya Pradesh,Rural,Broadband,19.71,value in Millions,
2020-21,Q3,Madhya Pradesh,Urban,Broadband,29.87,value in Millions,
2020-21,Q3,Madhya Pradesh,Rural,Total,21.46,value in Millions,
2020-21,Q3,Madhya Pradesh,Urban,Total,31.45,value in Millions,
2020-21,Q3,Kolkata,Rural,Narrowband,0.12,value in Millions,
2020-21,Q3,Kolkata,Urban,Narrowband,1.19,value in Millions,
2020-21,Q3,Kolkata,Rural,Broadband,1.32,value in Millions,
2020-21,Q3,Kolkata,Urban,Broadband,15.96,value in Millions,
2020-21,Q3,Kolkata,Rural,Total,1.44,value in Millions,
2020-21,Q3,Kolkata,Urban,Total,17.15,value in Millions,
2020-21,Q3,Kerala,Rural,Narrowband,0.65,value in Millions,
2020-21,Q3,Kerala,Urban,Narrowband,0.87,value in Millions,
2020-21,Q3,Kerala,Rural,Broadband,11.4,value in Millions,
2020-21,Q3,Kerala,Urban,Broadband,16.72,value in Millions,
2020-21,Q3,Kerala,Rural,Total,12.05,value in Millions,
2020-21,Q3,Kerala,Urban,Total,17.59,value in Millions,
2020-21,Q3,Karnataka,Rural,Narrowband,1.35,value in Millions,
2020-21,Q3,Karnataka,Urban,Narrowband,1.43,value in Millions,
2020-21,Q3,Karnataka,Rural,Broadband,16.26,value in Millions,
2020-21,Q3,Karnataka,Urban,Broadband,29.87,value in Millions,
2020-21,Q3,Karnataka,Rural,Total,17.61,value in Millions,
2020-21,Q3,Karnataka,Urban,Total,31.3,value in Millions,
2020-21,Q3,Jammu and Kashmir,Rural,Narrowband,0.32,value in Millions,
2020-21,Q3,Jammu and Kashmir,Urban,Narrowband,0.2,value in Millions,
2020-21,Q3,Jammu and Kashmir,Rural,Broadband,3.18,value in Millions,
2020-21,Q3,Jammu and Kashmir,Urban,Broadband,4.35,value in Millions,
2020-21,Q3,Jammu and Kashmir,Rural,Total,3.5,value in Millions,
2020-21,Q3,Jammu and Kashmir,Urban,Total,4.54,value in Millions,
2020-21,Q3,Himachal Pradesh,Rural,Narrowband,0.17,value in Millions,
2020-21,Q3,Himachal Pradesh,Urban,Narrowband,0.14,value in Millions,
2020-21,Q3,Himachal Pradesh,Rural,Broadband,4.01,value in Millions,
2020-21,Q3,Himachal Pradesh,Urban,Broadband,2.24,value in Millions,
2020-21,Q3,Himachal Pradesh,Rural,Total,4.18,value in Millions,
2020-21,Q3,Himachal Pradesh,Urban,Total,2.39,value in Millions,
2020-21,Q3,Haryana,Rural,Narrowband,0.37,value in Millions,
2020-21,Q3,Haryana,Urban,Narrowband,0.46,value in Millions,
2020-21,Q3,Haryana,Rural,Broadband,6.63,value in Millions,
2020-21,Q3,Haryana,Urban,Broadband,10.31,value in Millions,
2020-21,Q3,Haryana,Rural,Total,7.0,value in Millions,
2020-21,Q3,Haryana,Urban,Total,10.77,value in Millions,
2020-21,Q3,Gujarat,Rural,Narrowband,0.77,value in Millions,
2020-21,Q3,Gujarat,Urban,Narrowband,0.98,value in Millions,
2020-21,Q3,Gujarat,Rural,Broadband,13.99,value in Millions,
2020-21,Q3,Gujarat,Urban,Broadband,33.07,value in Millions,
2020-21,Q3,Gujarat,Rural,Total,14.76,value in Millions,
2020-21,Q3,Gujarat,Urban,Total,34.05,value in Millions,
2020-21,Q3,Grand Total,Rural,Narrowband,23.53,value in Millions,
2020-21,Q3,Grand Total,Urban,Narrowband,24.24,value in Millions,
2020-21,Q3,Grand Total,Rural,Broadband,284.64,value in Millions,
2020-21,Q3,Grand Total,Urban,Broadband,462.77,value in Millions,
2020-21,Q3,Grand Total,Rural,Total,308.17,value in Millions,
2020-21,Q3,Grand Total,Urban,Total,487.01,value in Millions,
2020-21,Q3,Delhi,Rural,Narrowband,0.11,value in Millions,
2020-21,Q3,Delhi,Urban,Narrowband,2.86,value in Millions,
2020-21,Q3,Delhi,Rural,Broadband,0.6,value in Millions,
2020-21,Q3,Delhi,Urban,Broadband,39.64,value in Millions,
2020-21,Q3,Delhi,Rural,Total,0.71,value in Millions,
2020-21,Q3,Delhi,Urban,Total,42.5,value in Millions,
2020-21,Q3,Bihar,Rural,Narrowband,2.91,value in Millions,
2020-21,Q3,Bihar,Urban,Narrowband,1.09,value in Millions,
2020-21,Q3,Bihar,Rural,Broadband,30.1,value in Millions,
2020-21,Q3,Bihar,Urban,Broadband,18.91,value in Millions,
2020-21,Q3,Bihar,Rural,Total,33.01,value in Millions,
2020-21,Q3,Bihar,Urban,Total,20.0,value in Millions,
2020-21,Q3,Assam,Rural,Narrowband,0.57,value in Millions,
2020-21,Q3,Assam,Urban,Narrowband,0.3,value in Millions,
2020-21,Q3,Assam,Rural,Broadband,8.54,value in Millions,
2020-21,Q3,Assam,Urban,Broadband,6.01,value in Millions,
2020-21,Q3,Assam,Rural,Total,9.12,value in Millions,
2020-21,Q3,Assam,Urban,Total,6.31,value in Millions,
2020-21,Q3,Andhra Pradesh,Rural,Narrowband,1.74,value in Millions,
2020-21,Q3,Andhra Pradesh,Urban,Narrowband,1.6,value in Millions,
2020-21,Q3,Andhra Pradesh,Rural,Broadband,25.61,value in Millions,
2020-21,Q3,Andhra Pradesh,Urban,Broadband,33.64,value in Millions,
2020-21,Q3,Andhra Pradesh,Rural,Total,27.35,value in Millions,
2020-21,Q3,Andhra Pradesh,Urban,Total,35.24,value in Millions,
2020-21,Q2,West Bengal,Rural,Narrowband,1.92,value in Millions,
2020-21,Q2,West Bengal,Urban,Narrowband,0.951,value in Millions,
2020-21,Q2,West Bengal,Rural,Broadband,15.595,value in Millions,
2020-21,Q2,West Bengal,Urban,Broadband,16.374,value in Millions,
2020-21,Q2,West Bengal,Rural,Total,17.515,value in Millions,
2020-21,Q2,West Bengal,Urban,Total,17.326,value in Millions,
2020-21,Q2,Uttar Pradesh West,Rural,Narrowband,1.268,value in Millions,
2020-21,Q2,Uttar Pradesh West,Urban,Narrowband,1.249,value in Millions,
2020-21,Q2,Uttar Pradesh West,Rural,Broadband,13.627,value in Millions,
2020-21,Q2,Uttar Pradesh West,Urban,Broadband,22.893,value in Millions,
2020-21,Q2,Uttar Pradesh West,Rural,Total,14.895,value in Millions,
2020-21,Q2,Uttar Pradesh West,Urban,Total,24.142,value in Millions,
2020-21,Q2,Uttar Pradesh East,Rural,Narrowband,3.475,value in Millions,
2020-21,Q2,Uttar Pradesh East,Urban,Narrowband,1.516,value in Millions,
2020-21,Q2,Uttar Pradesh East,Rural,Broadband,27.048,value in Millions,
2020-21,Q2,Uttar Pradesh East,Urban,Broadband,24.841,value in Millions,
2020-21,Q2,Uttar Pradesh East,Rural,Total,30.523,value in Millions,
2020-21,Q2,Uttar Pradesh East,Urban,Total,26.357,value in Millions,
2020-21,Q2,Tamil Nadu,Rural,Narrowband,1.937,value in Millions,
2020-21,Q2,Tamil Nadu,Urban,Narrowband,1.651,value in Millions,
2020-21,Q2,Tamil Nadu,Rural,Broadband,12.694,value in Millions,
2020-21,Q2,Tamil Nadu,Urban,Broadband,36.784,value in Millions,
2020-21,Q2,Tamil Nadu,Rural,Total,14.631,value in Millions,
2020-21,Q2,Tamil Nadu,Urban,Total,38.434,value in Millions,
2020-21,Q2,Rajasthan,Rural,Narrowband,1.65,value in Millions,
2020-21,Q2,Rajasthan,Urban,Narrowband,1.36,value in Millions,
2020-21,Q2,Rajasthan,Rural,Broadband,18.842,value in Millions,
2020-21,Q2,Rajasthan,Urban,Broadband,21.503,value in Millions,
2020-21,Q2,Rajasthan,Rural,Total,20.492,value in Millions,
2020-21,Q2,Rajasthan,Urban,Total,22.863,value in Millions,
2020-21,Q2,Punjab,Rural,Narrowband,0.517,value in Millions,
2020-21,Q2,Punjab,Urban,Narrowband,0.794,value in Millions,
2020-21,Q2,Punjab,Rural,Broadband,8.139,value in Millions,
2020-21,Q2,Punjab,Urban,Broadband,18.513,value in Millions,
2020-21,Q2,Punjab,Rural,Total,8.655,value in Millions,
2020-21,Q2,Punjab,Urban,Total,19.308,value in Millions,
2020-21,Q2,Odisha,Rural,Narrowband,1.001,value in Millions,
2020-21,Q2,Odisha,Urban,Narrowband,0.333,value in Millions,
2020-21,Q2,Odisha,Rural,Broadband,12.093,value in Millions,
2020-21,Q2,Odisha,Urban,Broadband,6.914,value in Millions,
2020-21,Q2,Odisha,Rural,Total,13.095,value in Millions,
2020-21,Q2,Odisha,Urban,Total,7.247,value in Millions,
2020-21,Q2,North East,Rural,Narrowband,0.272,value in Millions,
2020-21,Q2,North East,Urban,Narrowband,0.204,value in Millions,
2020-21,Q2,North East,Rural,Broadband,4.038,value in Millions,
2020-21,Q2,North East,Urban,Broadband,3.955,value in Millions,
2020-21,Q2,North East,Rural,Total,4.31,value in Millions,
2020-21,Q2,North East,Urban,Total,4.16,value in Millions,
2020-21,Q2,Madhya Pradesh,Rural,Narrowband,1.838,value in Millions,
2020-21,Q2,Madhya Pradesh,Urban,Narrowband,1.637,value in Millions,
2020-21,Q2,Madhya Pradesh,Rural,Broadband,19.005,value in Millions,
2020-21,Q2,Madhya Pradesh,Urban,Broadband,28.84,value in Millions,
2020-21,Q2,Madhya Pradesh,Rural,Total,20.843,value in Millions,
2020-21,Q2,Madhya Pradesh,Urban,Total,30.476,value in Millions,
2020-21,Q2,Kolkata,Rural,Narrowband,0.086,value in Millions,
2020-21,Q2,Kolkata,Urban,Narrowband,1.163,value in Millions,
2020-21,Q2,Kolkata,Rural,Broadband,1.356,value in Millions,
2020-21,Q2,Kolkata,Urban,Broadband,15.613,value in Millions,
2020-21,Q2,Kolkata,Rural,Total,1.443,value in Millions,
2020-21,Q2,Kolkata,Urban,Total,16.776,value in Millions,
2020-21,Q2,Kerala,Rural,Narrowband,0.68,value in Millions,
2020-21,Q2,Kerala,Urban,Narrowband,0.903,value in Millions,
2020-21,Q2,Kerala,Rural,Broadband,10.822,value in Millions,
2020-21,Q2,Kerala,Urban,Broadband,16.06,value in Millions,
2020-21,Q2,Kerala,Rural,Total,11.502,value in Millions,
2020-21,Q2,Kerala,Urban,Total,16.963,value in Millions,
2020-21,Q2,Karnataka,Rural,Narrowband,1.432,value in Millions,
2020-21,Q2,Karnataka,Urban,Narrowband,1.493,value in Millions,
2020-21,Q2,Karnataka,Rural,Broadband,15.74,value in Millions,
2020-21,Q2,Karnataka,Urban,Broadband,29.438,value in Millions,
2020-21,Q2,Karnataka,Rural,Total,17.172,value in Millions,
2020-21,Q2,Karnataka,Urban,Total,30.931,value in Millions,
2020-21,Q2,Jammu and Kashmir,Rural,Narrowband,0.298,value in Millions,
2020-21,Q2,Jammu and Kashmir,Urban,Narrowband,0.158,value in Millions,
2020-21,Q2,Jammu and Kashmir,Rural,Broadband,3.154,value in Millions,
2020-21,Q2,Jammu and Kashmir,Urban,Broadband,4.197,value in Millions,
2020-21,Q2,Jammu and Kashmir,Rural,Total,3.452,value in Millions,
2020-21,Q2,Jammu and Kashmir,Urban,Total,4.355,value in Millions,
2020-21,Q2,Himachal Pradesh,Rural,Narrowband,0.168,value in Millions,
2020-21,Q2,Himachal Pradesh,Urban,Narrowband,0.141,value in Millions,
2020-21,Q2,Himachal Pradesh,Rural,Broadband,3.922,value in Millions,
2020-21,Q2,Himachal Pradesh,Urban,Broadband,2.171,value in Millions,
2020-21,Q2,Himachal Pradesh,Rural,Total,4.09,value in Millions,
2020-21,Q2,Himachal Pradesh,Urban,Total,2.312,value in Millions,
2020-21,Q2,Haryana,Rural,Narrowband,0.415,value in Millions,
2020-21,Q2,Haryana,Urban,Narrowband,0.498,value in Millions,
2020-21,Q2,Haryana,Rural,Broadband,6.663,value in Millions,
2020-21,Q2,Haryana,Urban,Broadband,10.287,value in Millions,
2020-21,Q2,Haryana,Rural,Total,7.078,value in Millions,
2020-21,Q2,Haryana,Urban,Total,10.785,value in Millions,
2020-21,Q2,Gujarat,Rural,Narrowband,0.825,value in Millions,
2020-21,Q2,Gujarat,Urban,Narrowband,1.057,value in Millions,
2020-21,Q2,Gujarat,Rural,Broadband,13.848,value in Millions,
2020-21,Q2,Gujarat,Urban,Broadband,31.684,value in Millions,
2020-21,Q2,Gujarat,Rural,Total,14.673,value in Millions,
2020-21,Q2,Gujarat,Urban,Total,32.741,value in Millions,
2020-21,Q2,Grand Total,Rural,Narrowband,25.43,value in Millions,
2020-21,Q2,Grand Total,Urban,Narrowband,24.708,value in Millions,
2020-21,Q2,Grand Total,Rural,Broadband,276.919,value in Millions,
2020-21,Q2,Grand Total,Urban,Broadband,449.398,value in Millions,
2020-21,Q2,Grand Total,Rural,Total,302.349,value in Millions,
2020-21,Q2,Grand Total,Urban,Total,474.106,value in Millions,
2020-21,Q2,Delhi,Rural,Narrowband,0.106,value in Millions,
2020-21,Q2,Delhi,Urban,Narrowband,2.58,value in Millions,
2020-21,Q2,Delhi,Rural,Broadband,0.655,value in Millions,
2020-21,Q2,Delhi,Urban,Broadband,38.502,value in Millions,
2020-21,Q2,Delhi,Rural,Total,0.761,value in Millions,
2020-21,Q2,Delhi,Urban,Total,41.082,value in Millions,
2020-21,Q2,Bihar,Rural,Narrowband,3.127,value in Millions,
2020-21,Q2,Bihar,Urban,Narrowband,1.128,value in Millions,
2020-21,Q2,Bihar,Rural,Broadband,29.698,value in Millions,
2020-21,Q2,Bihar,Urban,Broadband,17.73,value in Millions,
2020-21,Q2,Bihar,Rural,Total,32.825,value in Millions,
2020-21,Q2,Bihar,Urban,Total,18.858,value in Millions,
2020-21,Q2,Assam,Rural,Narrowband,0.616,value in Millions,
2020-21,Q2,Assam,Urban,Narrowband,0.324,value in Millions,
2020-21,Q2,Assam,Rural,Broadband,8.283,value in Millions,
2020-21,Q2,Assam,Urban,Broadband,5.866,value in Millions,
2020-21,Q2,Assam,Rural,Total,8.899,value in Millions,
2020-21,Q2,Assam,Urban,Total,6.19,value in Millions,
2020-21,Q2,Andhra Pradesh,Rural,Narrowband,1.789,value in Millions,
2020-21,Q2,Andhra Pradesh,Urban,Narrowband,1.68,value in Millions,
2020-21,Q2,Andhra Pradesh,Rural,Broadband,24.896,value in Millions,
2020-21,Q2,Andhra Pradesh,Urban,Broadband,32.752,value in Millions,
2020-21,Q2,Andhra Pradesh,Rural,Total,26.685,value in Millions,
2020-21,Q2,Andhra Pradesh,Urban,Total,34.431,value in Millions,
2020-21,Q1,West Bengal,Rural,Narrowband,1.856,value in Millions,
2020-21,Q1,West Bengal,Urban,Narrowband,0.868,value in Millions,
2020-21,Q1,West Bengal,Rural,Broadband,15.087,value in Millions,
2020-21,Q1,West Bengal,Urban,Broadband,15.78,value in Millions,
2020-21,Q1,West Bengal,Rural,Total,16.942,value in Millions,
2020-21,Q1,West Bengal,Urban,Total,16.648,value in Millions,
2020-21,Q1,Uttar Pradesh West,Rural,Narrowband,1.301,value in Millions,
2020-21,Q1,Uttar Pradesh West,Urban,Narrowband,1.263,value in Millions,
2020-21,Q1,Uttar Pradesh West,Rural,Broadband,13.136,value in Millions,
2020-21,Q1,Uttar Pradesh West,Urban,Broadband,22.131,value in Millions,
2020-21,Q1,Uttar Pradesh West,Rural,Total,14.436,value in Millions,
2020-21,Q1,Uttar Pradesh West,Urban,Total,23.394,value in Millions,
2020-21,Q1,Uttar Pradesh East,Rural,Narrowband,3.374,value in Millions,
2020-21,Q1,Uttar Pradesh East,Urban,Narrowband,1.337,value in Millions,
2020-21,Q1,Uttar Pradesh East,Rural,Broadband,26.405,value in Millions,
2020-21,Q1,Uttar Pradesh East,Urban,Broadband,24.107,value in Millions,
2020-21,Q1,Uttar Pradesh East,Rural,Total,29.779,value in Millions,
2020-21,Q1,Uttar Pradesh East,Urban,Total,25.445,value in Millions,
2020-21,Q1,Tamil Nadu,Rural,Narrowband,1.414,value in Millions,
2020-21,Q1,Tamil Nadu,Urban,Narrowband,2.286,value in Millions,
2020-21,Q1,Tamil Nadu,Rural,Broadband,12.383,value in Millions,
2020-21,Q1,Tamil Nadu,Urban,Broadband,34.959,value in Millions,
2020-21,Q1,Tamil Nadu,Rural,Total,13.797,value in Millions,
2020-21,Q1,Tamil Nadu,Urban,Total,37.245,value in Millions,
2020-21,Q1,Rajasthan,Rural,Narrowband,1.601,value in Millions,
2020-21,Q1,Rajasthan,Urban,Narrowband,1.287,value in Millions,
2020-21,Q1,Rajasthan,Rural,Broadband,18.66,value in Millions,
2020-21,Q1,Rajasthan,Urban,Broadband,20.735,value in Millions,
2020-21,Q1,Rajasthan,Rural,Total,20.261,value in Millions,
2020-21,Q1,Rajasthan,Urban,Total,22.023,value in Millions,
2020-21,Q1,Punjab,Rural,Narrowband,0.569,value in Millions,
2020-21,Q1,Punjab,Urban,Narrowband,0.864,value in Millions,
2020-21,Q1,Punjab,Rural,Broadband,7.992,value in Millions,
2020-21,Q1,Punjab,Urban,Broadband,17.033,value in Millions,
2020-21,Q1,Punjab,Rural,Total,8.561,value in Millions,
2020-21,Q1,Punjab,Urban,Total,17.897,value in Millions,
2020-21,Q1,Odisha,Rural,Narrowband,1.121,value in Millions,
2020-21,Q1,Odisha,Urban,Narrowband,0.356,value in Millions,
2020-21,Q1,Odisha,Rural,Broadband,11.633,value in Millions,
2020-21,Q1,Odisha,Urban,Broadband,6.591,value in Millions,
2020-21,Q1,Odisha,Rural,Total,12.754,value in Millions,
2020-21,Q1,Odisha,Urban,Total,6.947,value in Millions,
2020-21,Q1,North East,Rural,Narrowband,0.279,value in Millions,
2020-21,Q1,North East,Urban,Narrowband,0.209,value in Millions,
2020-21,Q1,North East,Rural,Broadband,3.831,value in Millions,
2020-21,Q1,North East,Urban,Broadband,3.722,value in Millions,
2020-21,Q1,North East,Rural,Total,4.11,value in Millions,
2020-21,Q1,North East,Urban,Total,3.931,value in Millions,
2020-21,Q1,Mumbai,Rural,Narrowband,0.064,value in Millions,
2020-21,Q1,Mumbai,Urban,Narrowband,1.81,value in Millions,
2020-21,Q1,Mumbai,Rural,Broadband,1.66,value in Millions,
2020-21,Q1,Mumbai,Urban,Broadband,25.936,value in Millions,
2020-21,Q1,Mumbai,Rural,Total,1.724,value in Millions,
2020-21,Q1,Mumbai,Urban,Total,27.746,value in Millions,
2020-21,Q1,Maharashtra,Rural,Narrowband,2.048,value in Millions,
2020-21,Q1,Maharashtra,Urban,Narrowband,2.17,value in Millions,
2020-21,Q1,Maharashtra,Rural,Broadband,23.807,value in Millions,
2020-21,Q1,Maharashtra,Urban,Broadband,36.076,value in Millions,
2020-21,Q1,Maharashtra,Rural,Total,25.855,value in Millions,
2020-21,Q1,Maharashtra,Urban,Total,38.247,value in Millions,
2020-21,Q1,Madhya Pradesh,Rural,Narrowband,1.963,value in Millions,
2020-21,Q1,Madhya Pradesh,Urban,Narrowband,1.736,value in Millions,
2020-21,Q1,Madhya Pradesh,Rural,Broadband,18.397,value in Millions,
2020-21,Q1,Madhya Pradesh,Urban,Broadband,27.892,value in Millions,
2020-21,Q1,Madhya Pradesh,Rural,Total,20.36,value in Millions,
2020-21,Q1,Madhya Pradesh,Urban,Total,29.628,value in Millions,
2020-21,Q1,Kolkata,Rural,Narrowband,0.059,value in Millions,
2020-21,Q1,Kolkata,Urban,Narrowband,1.15,value in Millions,
2020-21,Q1,Kolkata,Rural,Broadband,1.416,value in Millions,
2020-21,Q1,Kolkata,Urban,Broadband,14.902,value in Millions,
2020-21,Q1,Kolkata,Rural,Total,1.474,value in Millions,
2020-21,Q1,Kolkata,Urban,Total,16.052,value in Millions,
2020-21,Q1,Kerala,Rural,Narrowband,0.711,value in Millions,
2020-21,Q1,Kerala,Urban,Narrowband,0.947,value in Millions,
2020-21,Q1,Kerala,Rural,Broadband,10.477,value in Millions,
2020-21,Q1,Kerala,Urban,Broadband,15.316,value in Millions,
2020-21,Q1,Kerala,Rural,Total,11.188,value in Millions,
2020-21,Q1,Kerala,Urban,Total,16.263,value in Millions,
2020-21,Q1,Karnataka,Rural,Narrowband,1.521,value in Millions,
2020-21,Q1,Karnataka,Urban,Narrowband,1.611,value in Millions,
2020-21,Q1,Karnataka,Rural,Broadband,15.121,value in Millions,
2020-21,Q1,Karnataka,Urban,Broadband,27.86,value in Millions,
2020-21,Q1,Karnataka,Rural,Total,16.642,value in Millions,
2020-21,Q1,Karnataka,Urban,Total,29.471,value in Millions,
2020-21,Q1,Jammu and Kashmir,Rural,Narrowband,0.318,value in Millions,
2020-21,Q1,Jammu and Kashmir,Urban,Narrowband,0.161,value in Millions,
2020-21,Q1,Jammu and Kashmir,Rural,Broadband,3.04,value in Millions,
2020-21,Q1,Jammu and Kashmir,Urban,Broadband,4.009,value in Millions,
2020-21,Q1,Jammu and Kashmir,Rural,Total,3.358,value in Millions,
2020-21,Q1,Jammu and Kashmir,Urban,Total,4.17,value in Millions,
2020-21,Q1,Himachal Pradesh,Rural,Narrowband,0.174,value in Millions,
2020-21,Q1,Himachal Pradesh,Urban,Narrowband,0.14,value in Millions,
2020-21,Q1,Himachal Pradesh,Rural,Broadband,3.729,value in Millions,
2020-21,Q1,Himachal Pradesh,Urban,Broadband,2.041,value in Millions,
2020-21,Q1,Himachal Pradesh,Rural,Total,3.903,value in Millions,
2020-21,Q1,Himachal Pradesh,Urban,Total,2.18,value in Millions,
2020-21,Q1,Haryana,Rural,Narrowband,0.409,value in Millions,
2020-21,Q1,Haryana,Urban,Narrowband,0.495,value in Millions,
2020-21,Q1,Haryana,Rural,Broadband,6.504,value in Millions,
2020-21,Q1,Haryana,Urban,Broadband,9.924,value in Millions,
2020-21,Q1,Haryana,Rural,Total,6.914,value in Millions,
2020-21,Q1,Haryana,Urban,Total,10.419,value in Millions,
2020-21,Q1,Gujarat,Rural,Narrowband,0.869,value in Millions,
2020-21,Q1,Gujarat,Urban,Narrowband,1.099,value in Millions,
2020-21,Q1,Gujarat,Rural,Broadband,13.088,value in Millions,
2020-21,Q1,Gujarat,Urban,Broadband,30.434,value in Millions,
2020-21,Q1,Gujarat,Rural,Total,13.957,value in Millions,
2020-21,Q1,Gujarat,Urban,Total,31.533,value in Millions,
2020-21,Q1,Grand Total,Rural,Narrowband,25.296,value in Millions,
2020-21,Q1,Grand Total,Urban,Narrowband,25.544,value in Millions,
2020-21,Q1,Grand Total,Rural,Broadband,267.795,value in Millions,
2020-21,Q1,Grand Total,Urban,Broadband,430.435,value in Millions,
2020-21,Q1,Grand Total,Rural,Total,293.092,value in Millions,
2020-21,Q1,Grand Total,Urban,Total,455.979,value in Millions,
2020-21,Q1,Delhi,Rural,Narrowband,0.164,value in Millions,
2020-21,Q1,Delhi,Urban,Narrowband,2.655,value in Millions,
2020-21,Q1,Delhi,Rural,Broadband,0.619,value in Millions,
2020-21,Q1,Delhi,Urban,Broadband,37.175,value in Millions,
2020-21,Q1,Delhi,Rural,Total,0.783,value in Millions,
2020-21,Q1,Delhi,Urban,Total,39.83,value in Millions,
2020-21,Q1,Bihar,Rural,Narrowband,3.045,value in Millions,
2020-21,Q1,Bihar,Urban,Narrowband,1.149,value in Millions,
2020-21,Q1,Bihar,Rural,Broadband,28.634,value in Millions,
2020-21,Q1,Bihar,Urban,Broadband,16.761,value in Millions,
2020-21,Q1,Bihar,Rural,Total,31.679,value in Millions,
2020-21,Q1,Bihar,Urban,Total,17.91,value in Millions,
2020-21,Q1,Assam,Rural,Narrowband,0.607,value in Millions,
2020-21,Q1,Assam,Urban,Narrowband,0.329,value in Millions,
2020-21,Q1,Assam,Rural,Broadband,7.96,value in Millions,
2020-21,Q1,Assam,Urban,Broadband,5.567,value in Millions,
2020-21,Q1,Assam,Rural,Total,8.567,value in Millions,
2020-21,Q1,Assam,Urban,Total,5.896,value in Millions,
2020-21,Q1,Andhra Pradesh,Rural,Narrowband,1.83,value in Millions,
2020-21,Q1,Andhra Pradesh,Urban,Narrowband,1.62,value in Millions,
2020-21,Q1,Andhra Pradesh,Rural,Broadband,24.217,value in Millions,
2020-21,Q1,Andhra Pradesh,Urban,Broadband,31.484,value in Millions,
2020-21,Q1,Andhra Pradesh,Rural,Total,26.047,value in Millions,
2020-21,Q1,Andhra Pradesh,Urban,Total,33.103,value in Millions,
2019-20,Q4,West Bengal,Rural,Narrowband,2.01,value in Millions,
2019-20,Q4,West Bengal,Urban,Narrowband,0.93,value in Millions,
2019-20,Q4,West Bengal,Rural,Broadband,14.63,value in Millions,
2019-20,Q4,West Bengal,Urban,Broadband,15.42,value in Millions,
2019-20,Q4,West Bengal,Rural,Total,16.65,value in Millions,
2019-20,Q4,West Bengal,Urban,Total,16.35,value in Millions,
2019-20,Q4,Uttar Pradesh West,Rural,Narrowband,1.3,value in Millions,
2019-20,Q4,Uttar Pradesh West,Urban,Narrowband,1.59,value in Millions,
2019-20,Q4,Uttar Pradesh West,Rural,Broadband,12.04,value in Millions,
2019-20,Q4,Uttar Pradesh West,Urban,Broadband,22.87,value in Millions,
2019-20,Q4,Uttar Pradesh West,Rural,Total,13.34,value in Millions,
2019-20,Q4,Uttar Pradesh West,Urban,Total,24.46,value in Millions,
2019-20,Q4,Uttar Pradesh East,Rural,Narrowband,3.61,value in Millions,
2019-20,Q4,Uttar Pradesh East,Urban,Narrowband,1.51,value in Millions,
2019-20,Q4,Uttar Pradesh East,Rural,Broadband,25.3,value in Millions,
2019-20,Q4,Uttar Pradesh East,Urban,Broadband,24.17,value in Millions,
2019-20,Q4,Uttar Pradesh East,Rural,Total,28.91,value in Millions,
2019-20,Q4,Uttar Pradesh East,Urban,Total,25.68,value in Millions,
2019-20,Q4,Total,Rural,Narrowband,27.36,value in Millions,
2019-20,Q4,Total,Urban,Narrowband,28.4,value in Millions,
2019-20,Q4,Total,Rural,Broadband,258.61,value in Millions,
2019-20,Q4,Total,Urban,Broadband,428.83,value in Millions,
2019-20,Q4,Total,Rural,Total,285.97,value in Millions,
2019-20,Q4,Total,Urban,Total,457.23,value in Millions,
2019-20,Q4,Tamil Nadu,Rural,Narrowband,1.55,value in Millions,
2019-20,Q4,Tamil Nadu,Urban,Narrowband,2.58,value in Millions,
2019-20,Q4,Tamil Nadu,Rural,Broadband,12.27,value in Millions,
2019-20,Q4,Tamil Nadu,Urban,Broadband,35.24,value in Millions,
2019-20,Q4,Tamil Nadu,Rural,Total,13.82,value in Millions,
2019-20,Q4,Tamil Nadu,Urban,Total,37.82,value in Millions,
2019-20,Q4,Rajasthan,Rural,Narrowband,1.67,value in Millions,
2019-20,Q4,Rajasthan,Urban,Narrowband,1.33,value in Millions,
2019-20,Q4,Rajasthan,Rural,Broadband,18.35,value in Millions,
2019-20,Q4,Rajasthan,Urban,Broadband,21.15,value in Millions,
2019-20,Q4,Rajasthan,Rural,Total,20.02,value in Millions,
2019-20,Q4,Rajasthan,Urban,Total,22.48,value in Millions,
2019-20,Q4,Punjab,Rural,Narrowband,0.61,value in Millions,
2019-20,Q4,Punjab,Urban,Narrowband,0.93,value in Millions,
2019-20,Q4,Punjab,Rural,Broadband,7.83,value in Millions,
2019-20,Q4,Punjab,Urban,Broadband,16.77,value in Millions,
2019-20,Q4,Punjab,Rural,Total,8.43,value in Millions,
2019-20,Q4,Punjab,Urban,Total,17.7,value in Millions,
2019-20,Q4,Odisha,Rural,Narrowband,1.18,value in Millions,
2019-20,Q4,Odisha,Urban,Narrowband,0.39,value in Millions,
2019-20,Q4,Odisha,Rural,Broadband,11.18,value in Millions,
2019-20,Q4,Odisha,Urban,Broadband,6.52,value in Millions,
2019-20,Q4,Odisha,Rural,Total,12.36,value in Millions,
2019-20,Q4,Odisha,Urban,Total,6.91,value in Millions,
2019-20,Q4,North East,Rural,Narrowband,0.3,value in Millions,
2019-20,Q4,North East,Urban,Narrowband,0.23,value in Millions,
2019-20,Q4,North East,Rural,Broadband,3.67,value in Millions,
2019-20,Q4,North East,Urban,Broadband,3.77,value in Millions,
2019-20,Q4,North East,Rural,Total,3.97,value in Millions,
2019-20,Q4,North East,Urban,Total,4.0,value in Millions,
2019-20,Q4,Mumbai,Rural,Narrowband,0.06,value in Millions,
2019-20,Q4,Mumbai,Urban,Narrowband,2.22,value in Millions,
2019-20,Q4,Mumbai,Rural,Broadband,1.47,value in Millions,
2019-20,Q4,Mumbai,Urban,Broadband,26.55,value in Millions,
2019-20,Q4,Mumbai,Rural,Total,1.53,value in Millions,
2019-20,Q4,Mumbai,Urban,Total,28.77,value in Millions,
2019-20,Q4,Maharashtra,Rural,Narrowband,2.27,value in Millions,
2019-20,Q4,Maharashtra,Urban,Narrowband,2.43,value in Millions,
2019-20,Q4,Maharashtra,Rural,Broadband,22.9,value in Millions,
2019-20,Q4,Maharashtra,Urban,Broadband,35.41,value in Millions,
2019-20,Q4,Maharashtra,Rural,Total,25.16,value in Millions,
2019-20,Q4,Maharashtra,Urban,Total,37.85,value in Millions,
2019-20,Q4,Madhya Pradesh,Rural,Narrowband,2.15,value in Millions,
2019-20,Q4,Madhya Pradesh,Urban,Narrowband,1.86,value in Millions,
2019-20,Q4,Madhya Pradesh,Rural,Broadband,17.59,value in Millions,
2019-20,Q4,Madhya Pradesh,Urban,Broadband,27.11,value in Millions,
2019-20,Q4,Madhya Pradesh,Rural,Total,19.75,value in Millions,
2019-20,Q4,Madhya Pradesh,Urban,Total,28.97,value in Millions,
2019-20,Q4,Kolkata,Rural,Narrowband,0.06,value in Millions,
2019-20,Q4,Kolkata,Urban,Narrowband,1.22,value in Millions,
2019-20,Q4,Kolkata,Rural,Broadband,1.35,value in Millions,
2019-20,Q4,Kolkata,Urban,Broadband,14.77,value in Millions,
2019-20,Q4,Kolkata,Rural,Total,1.42,value in Millions,
2019-20,Q4,Kolkata,Urban,Total,15.99,value in Millions,
2019-20,Q4,Kerala,Rural,Narrowband,0.72,value in Millions,
2019-20,Q4,Kerala,Urban,Narrowband,0.98,value in Millions,
2019-20,Q4,Kerala,Rural,Broadband,10.03,value in Millions,
2019-20,Q4,Kerala,Urban,Broadband,14.81,value in Millions,
2019-20,Q4,Kerala,Rural,Total,10.75,value in Millions,
2019-20,Q4,Kerala,Urban,Total,15.79,value in Millions,
2019-20,Q4,Karnataka,Rural,Narrowband,1.77,value in Millions,
2019-20,Q4,Karnataka,Urban,Narrowband,1.73,value in Millions,
2019-20,Q4,Karnataka,Rural,Broadband,15.24,value in Millions,
2019-20,Q4,Karnataka,Urban,Broadband,27.09,value in Millions,
2019-20,Q4,Karnataka,Rural,Total,17.01,value in Millions,
2019-20,Q4,Karnataka,Urban,Total,28.82,value in Millions,
2019-20,Q4,Jammu and Kashmir,Rural,Narrowband,0.36,value in Millions,
2019-20,Q4,Jammu and Kashmir,Urban,Narrowband,0.19,value in Millions,
2019-20,Q4,Jammu and Kashmir,Rural,Broadband,3.09,value in Millions,
2019-20,Q4,Jammu and Kashmir,Urban,Broadband,4.04,value in Millions,
2019-20,Q4,Jammu and Kashmir,Rural,Total,3.45,value in Millions,
2019-20,Q4,Jammu and Kashmir,Urban,Total,4.23,value in Millions,
2019-20,Q4,Himachal Pradesh,Rural,Narrowband,0.19,value in Millions,
2019-20,Q4,Himachal Pradesh,Urban,Narrowband,0.15,value in Millions,
2019-20,Q4,Himachal Pradesh,Rural,Broadband,3.6,value in Millions,
2019-20,Q4,Himachal Pradesh,Urban,Broadband,2.05,value in Millions,
2019-20,Q4,Himachal Pradesh,Rural,Total,3.79,value in Millions,
2019-20,Q4,Himachal Pradesh,Urban,Total,2.21,value in Millions,
2019-20,Q4,Haryana,Rural,Narrowband,0.45,value in Millions,
2019-20,Q4,Haryana,Urban,Narrowband,0.53,value in Millions,
2019-20,Q4,Haryana,Rural,Broadband,6.36,value in Millions,
2019-20,Q4,Haryana,Urban,Broadband,9.84,value in Millions,
2019-20,Q4,Haryana,Rural,Total,6.81,value in Millions,
2019-20,Q4,Haryana,Urban,Total,10.37,value in Millions,
2019-20,Q4,Gujarat,Rural,Narrowband,0.98,value in Millions,
2019-20,Q4,Gujarat,Urban,Narrowband,1.25,value in Millions,
2019-20,Q4,Gujarat,Rural,Broadband,12.69,value in Millions,
2019-20,Q4,Gujarat,Urban,Broadband,30.39,value in Millions,
2019-20,Q4,Gujarat,Rural,Total,13.67,value in Millions,
2019-20,Q4,Gujarat,Urban,Total,31.64,value in Millions,
2019-20,Q4,Delhi,Rural,Narrowband,0.19,value in Millions,
2019-20,Q4,Delhi,Urban,Narrowband,2.9,value in Millions,
2019-20,Q4,Delhi,Rural,Broadband,0.57,value in Millions,
2019-20,Q4,Delhi,Urban,Broadband,37.34,value in Millions,
2019-20,Q4,Delhi,Rural,Total,0.75,value in Millions,
2019-20,Q4,Delhi,Urban,Total,40.24,value in Millions,
2019-20,Q4,Bihar,Rural,Narrowband,3.24,value in Millions,
2019-20,Q4,Bihar,Urban,Narrowband,1.21,value in Millions,
2019-20,Q4,Bihar,Rural,Broadband,27.29,value in Millions,
2019-20,Q4,Bihar,Urban,Broadband,16.65,value in Millions,
2019-20,Q4,Bihar,Rural,Total,30.53,value in Millions,
2019-20,Q4,Bihar,Urban,Total,17.86,value in Millions,
2019-20,Q4,Assam,Rural,Narrowband,0.64,value in Millions,
2019-20,Q4,Assam,Urban,Narrowband,0.37,value in Millions,
2019-20,Q4,Assam,Rural,Broadband,7.68,value in Millions,
2019-20,Q4,Assam,Urban,Broadband,5.57,value in Millions,
2019-20,Q4,Assam,Rural,Total,8.31,value in Millions,
2019-20,Q4,Assam,Urban,Total,5.93,value in Millions,
2019-20,Q4,Andhra Pradesh,Rural,Narrowband,2.05,value in Millions,
2019-20,Q4,Andhra Pradesh,Urban,Narrowband,1.85,value in Millions,
2019-20,Q4,Andhra Pradesh,Rural,Broadband,23.46,value in Millions,
2019-20,Q4,Andhra Pradesh,Urban,Broadband,31.29,value in Millions,
2019-20,Q4,Andhra Pradesh,Rural,Total,25.51,value in Millions,
2019-20,Q4,Andhra Pradesh,Urban,Total,33.14,value in Millions,
2019-20,Q2,West Bengal,Rural,Narrowband,2.46,value in Millions,
2019-20,Q2,West Bengal,Urban,Narrowband,1.18,value in Millions,
2019-20,Q2,West Bengal,Rural,Broadband,12.23,value in Millions,
2019-20,Q2,West Bengal,Urban,Broadband,14.44,value in Millions,
2019-20,Q2,West Bengal,Rural,Total,14.7,value in Millions,
2019-20,Q2,West Bengal,Urban,Total,15.62,value in Millions,
2019-20,Q2,Uttar Pradesh West,Rural,Narrowband,1.96,value in Millions,
2019-20,Q2,Uttar Pradesh West,Urban,Narrowband,1.64,value in Millions,
2019-20,Q2,Uttar Pradesh West,Rural,Broadband,11.27,value in Millions,
2019-20,Q2,Uttar Pradesh West,Urban,Broadband,19.75,value in Millions,
2019-20,Q2,Uttar Pradesh West,Rural,Total,13.23,value in Millions,
2019-20,Q2,Uttar Pradesh West,Urban,Total,21.39,value in Millions,
2019-20,Q2,Uttar Pradesh East,Rural,Narrowband,3.77,value in Millions,
2019-20,Q2,Uttar Pradesh East,Urban,Narrowband,2.19,value in Millions,
2019-20,Q2,Uttar Pradesh East,Rural,Broadband,20.14,value in Millions,
2019-20,Q2,Uttar Pradesh East,Urban,Broadband,23.4,value in Millions,
2019-20,Q2,Uttar Pradesh East,Rural,Total,23.91,value in Millions,
2019-20,Q2,Uttar Pradesh East,Urban,Total,25.6,value in Millions,
2019-20,Q2,Total,Rural,Narrowband,30.63,value in Millions,
2019-20,Q2,Total,Urban,Narrowband,31.57,value in Millions,
2019-20,Q2,Total,Rural,Broadband,217.01,value in Millions,
2019-20,Q2,Total,Urban,Broadband,408.42,value in Millions,
2019-20,Q2,Total,Rural,Total,247.63,value in Millions,
2019-20,Q2,Total,Urban,Total,439.99,value in Millions,
2019-20,Q2,Tamil Nadu,Rural,Narrowband,1.54,value in Millions,
2019-20,Q2,Tamil Nadu,Urban,Narrowband,2.54,value in Millions,
2019-20,Q2,Tamil Nadu,Rural,Broadband,11.94,value in Millions,
2019-20,Q2,Tamil Nadu,Urban,Broadband,32.44,value in Millions,
2019-20,Q2,Tamil Nadu,Rural,Total,13.49,value in Millions,
2019-20,Q2,Tamil Nadu,Urban,Total,34.97,value in Millions,
2019-20,Q2,Rajasthan,Rural,Narrowband,2.07,value in Millions,
2019-20,Q2,Rajasthan,Urban,Narrowband,1.56,value in Millions,
2019-20,Q2,Rajasthan,Rural,Broadband,15.16,value in Millions,
2019-20,Q2,Rajasthan,Urban,Broadband,20.42,value in Millions,
2019-20,Q2,Rajasthan,Rural,Total,17.23,value in Millions,
2019-20,Q2,Rajasthan,Urban,Total,21.98,value in Millions,
2019-20,Q2,Punjab,Rural,Narrowband,0.7,value in Millions,
2019-20,Q2,Punjab,Urban,Narrowband,0.97,value in Millions,
2019-20,Q2,Punjab,Rural,Broadband,6.68,value in Millions,
2019-20,Q2,Punjab,Urban,Broadband,16.34,value in Millions,
2019-20,Q2,Punjab,Rural,Total,7.38,value in Millions,
2019-20,Q2,Punjab,Urban,Total,17.31,value in Millions,
2019-20,Q2,Odisha,Rural,Narrowband,1.42,value in Millions,
2019-20,Q2,Odisha,Urban,Narrowband,0.47,value in Millions,
2019-20,Q2,Odisha,Rural,Broadband,9.09,value in Millions,
2019-20,Q2,Odisha,Urban,Broadband,6.63,value in Millions,
2019-20,Q2,Odisha,Rural,Total,10.51,value in Millions,
2019-20,Q2,Odisha,Urban,Total,7.1,value in Millions,
2019-20,Q2,North East,Rural,Narrowband,0.3,value in Millions,
2019-20,Q2,North East,Urban,Narrowband,0.34,value in Millions,
2019-20,Q2,North East,Rural,Broadband,2.66,value in Millions,
2019-20,Q2,North East,Urban,Broadband,4.06,value in Millions,
2019-20,Q2,North East,Rural,Total,2.96,value in Millions,
2019-20,Q2,North East,Urban,Total,4.4,value in Millions,
2019-20,Q2,Mumbai,Rural,Narrowband,0.1,value in Millions,
2019-20,Q2,Mumbai,Urban,Narrowband,2.39,value in Millions,
2019-20,Q2,Mumbai,Rural,Broadband,1.27,value in Millions,
2019-20,Q2,Mumbai,Urban,Broadband,25.21,value in Millions,
2019-20,Q2,Mumbai,Rural,Total,1.37,value in Millions,
2019-20,Q2,Mumbai,Urban,Total,27.6,value in Millions,
2019-20,Q2,Maharashtra,Rural,Narrowband,2.51,value in Millions,
2019-20,Q2,Maharashtra,Urban,Narrowband,2.62,value in Millions,
2019-20,Q2,Maharashtra,Rural,Broadband,19.65,value in Millions,
2019-20,Q2,Maharashtra,Urban,Broadband,32.82,value in Millions,
2019-20,Q2,Maharashtra,Rural,Total,22.16,value in Millions,
2019-20,Q2,Maharashtra,Urban,Total,35.44,value in Millions,
2019-20,Q2,Madhya Pradesh,Rural,Narrowband,2.48,value in Millions,
2019-20,Q2,Madhya Pradesh,Urban,Narrowband,2.15,value in Millions,
2019-20,Q2,Madhya Pradesh,Rural,Broadband,14.58,value in Millions,
2019-20,Q2,Madhya Pradesh,Urban,Broadband,25.23,value in Millions,
2019-20,Q2,Madhya Pradesh,Rural,Total,17.06,value in Millions,
2019-20,Q2,Madhya Pradesh,Urban,Total,27.38,value in Millions,
2019-20,Q2,Kolkata,Rural,Narrowband,0.18,value in Millions,
2019-20,Q2,Kolkata,Urban,Narrowband,1.38,value in Millions,
2019-20,Q2,Kolkata,Rural,Broadband,1.34,value in Millions,
2019-20,Q2,Kolkata,Urban,Broadband,13.94,value in Millions,
2019-20,Q2,Kolkata,Rural,Total,1.52,value in Millions,
2019-20,Q2,Kolkata,Urban,Total,15.32,value in Millions,
2019-20,Q2,Kerala,Rural,Narrowband,0.79,value in Millions,
2019-20,Q2,Kerala,Urban,Narrowband,1.0,value in Millions,
2019-20,Q2,Kerala,Rural,Broadband,9.48,value in Millions,
2019-20,Q2,Kerala,Urban,Broadband,14.7,value in Millions,
2019-20,Q2,Kerala,Rural,Total,10.27,value in Millions,
2019-20,Q2,Kerala,Urban,Total,15.7,value in Millions,
2019-20,Q2,Karnataka,Rural,Narrowband,1.45,value in Millions,
2019-20,Q2,Karnataka,Urban,Narrowband,1.86,value in Millions,
2019-20,Q2,Karnataka,Rural,Broadband,12.87,value in Millions,
2019-20,Q2,Karnataka,Urban,Broadband,27.5,value in Millions,
2019-20,Q2,Karnataka,Rural,Total,14.32,value in Millions,
2019-20,Q2,Karnataka,Urban,Total,29.36,value in Millions,
2019-20,Q2,Jammu and Kashmir,Rural,Narrowband,0.01,value in Millions,
2019-20,Q2,Jammu and Kashmir,Urban,Narrowband,0.03,value in Millions,
2019-20,Q2,Jammu and Kashmir,Rural,Broadband,1.69,value in Millions,
2019-20,Q2,Jammu and Kashmir,Urban,Broadband,3.14,value in Millions,
2019-20,Q2,Jammu and Kashmir,Rural,Total,1.7,value in Millions,
2019-20,Q2,Jammu and Kashmir,Urban,Total,3.17,value in Millions,
2019-20,Q2,Himachal Pradesh,Rural,Narrowband,0.26,value in Millions,
2019-20,Q2,Himachal Pradesh,Urban,Narrowband,0.19,value in Millions,
2019-20,Q2,Himachal Pradesh,Rural,Broadband,3.16,value in Millions,
2019-20,Q2,Himachal Pradesh,Urban,Broadband,2.0,value in Millions,
2019-20,Q2,Himachal Pradesh,Rural,Total,3.41,value in Millions,
2019-20,Q2,Himachal Pradesh,Urban,Total,2.19,value in Millions,
2019-20,Q2,Haryana,Rural,Narrowband,0.55,value in Millions,
2019-20,Q2,Haryana,Urban,Narrowband,0.61,value in Millions,
2019-20,Q2,Haryana,Rural,Broadband,5.61,value in Millions,
2019-20,Q2,Haryana,Urban,Broadband,9.26,value in Millions,
2019-20,Q2,Haryana,Rural,Total,6.16,value in Millions,
2019-20,Q2,Haryana,Urban,Total,9.87,value in Millions,
2019-20,Q2,Gujarat,Rural,Narrowband,1.18,value in Millions,
2019-20,Q2,Gujarat,Urban,Narrowband,1.43,value in Millions,
2019-20,Q2,Gujarat,Rural,Broadband,10.86,value in Millions,
2019-20,Q2,Gujarat,Urban,Broadband,29.13,value in Millions,
2019-20,Q2,Gujarat,Rural,Total,12.05,value in Millions,
2019-20,Q2,Gujarat,Urban,Total,30.56,value in Millions,
2019-20,Q2,Delhi,Rural,Narrowband,0.2,value in Millions,
2019-20,Q2,Delhi,Urban,Narrowband,2.61,value in Millions,
2019-20,Q2,Delhi,Rural,Broadband,0.54,value in Millions,
2019-20,Q2,Delhi,Urban,Broadband,35.18,value in Millions,
2019-20,Q2,Delhi,Rural,Total,0.74,value in Millions,
2019-20,Q2,Delhi,Urban,Total,37.79,value in Millions,
2019-20,Q2,Bihar,Rural,Narrowband,3.69,value in Millions,
2019-20,Q2,Bihar,Urban,Narrowband,1.56,value in Millions,
2019-20,Q2,Bihar,Rural,Broadband,21.68,value in Millions,
2019-20,Q2,Bihar,Urban,Broadband,16.96,value in Millions,
2019-20,Q2,Bihar,Rural,Total,25.37,value in Millions,
2019-20,Q2,Bihar,Urban,Total,18.52,value in Millions,
2019-20,Q2,Assam,Rural,Narrowband,0.67,value in Millions,
2019-20,Q2,Assam,Urban,Narrowband,0.61,value in Millions,
2019-20,Q2,Assam,Rural,Broadband,5.9,value in Millions,
2019-20,Q2,Assam,Urban,Broadband,5.85,value in Millions,
2019-20,Q2,Assam,Rural,Total,6.57,value in Millions,
2019-20,Q2,Assam,Urban,Total,6.46,value in Millions,
2019-20,Q2,Andhra Pradesh,Rural,Narrowband,2.33,value in Millions,
2019-20,Q2,Andhra Pradesh,Urban,Narrowband,2.25,value in Millions,
2019-20,Q2,Andhra Pradesh,Rural,Broadband,19.21,value in Millions,
2019-20,Q2,Andhra Pradesh,Urban,Broadband,30.01,value in Millions,
2019-20,Q2,Andhra Pradesh,Rural,Total,21.54,value in Millions,
2019-20,Q2,Andhra Pradesh,Urban,Total,32.26,value in Millions,
2019-20,Q1,West Bengal,Rural,Narrowband,2.4,value in Millions,
2019-20,Q1,West Bengal,Urban,Narrowband,1.19,value in Millions,
2019-20,Q1,West Bengal,Rural,Broadband,11.83,value in Millions,
2019-20,Q1,West Bengal,Urban,Broadband,13.02,value in Millions,
2019-20,Q1,West Bengal,Rural,Total,14.23,value in Millions,
2019-20,Q1,West Bengal,Urban,Total,14.21,value in Millions,
2019-20,Q1,Uttar Pradesh West,Rural,Narrowband,2.35,value in Millions,
2019-20,Q1,Uttar Pradesh West,Urban,Narrowband,1.89,value in Millions,
2019-20,Q1,Uttar Pradesh West,Rural,Broadband,10.2,value in Millions,
2019-20,Q1,Uttar Pradesh West,Urban,Broadband,19.37,value in Millions,
2019-20,Q1,Uttar Pradesh West,Rural,Total,12.55,value in Millions,
2019-20,Q1,Uttar Pradesh West,Urban,Total,21.26,value in Millions,
2019-20,Q1,Uttar Pradesh East,Rural,Narrowband,4.88,value in Millions,
2019-20,Q1,Uttar Pradesh East,Urban,Narrowband,2.44,value in Millions,
2019-20,Q1,Uttar Pradesh East,Rural,Broadband,19.63,value in Millions,
2019-20,Q1,Uttar Pradesh East,Urban,Broadband,20.98,value in Millions,
2019-20,Q1,Uttar Pradesh East,Rural,Total,24.51,value in Millions,
2019-20,Q1,Uttar Pradesh East,Urban,Total,23.41,value in Millions,
2019-20,Q1,Total,Rural,Narrowband,35.42,value in Millions,
2019-20,Q1,Total,Urban,Narrowband,35.31,value in Millions,
2019-20,Q1,Total,Rural,Broadband,202.85,value in Millions,
2019-20,Q1,Total,Urban,Broadband,391.74,value in Millions,
2019-20,Q1,Total,Rural,Total,238.26,value in Millions,
2019-20,Q1,Total,Urban,Total,427.05,value in Millions,
2019-20,Q1,Tamil Nadu,Rural,Narrowband,1.66,value in Millions,
2019-20,Q1,Tamil Nadu,Urban,Narrowband,2.72,value in Millions,
2019-20,Q1,Tamil Nadu,Rural,Broadband,10.33,value in Millions,
2019-20,Q1,Tamil Nadu,Urban,Broadband,32.24,value in Millions,
2019-20,Q1,Tamil Nadu,Rural,Total,11.99,value in Millions,
2019-20,Q1,Tamil Nadu,Urban,Total,34.97,value in Millions,
2019-20,Q1,Rajasthan,Rural,Narrowband,2.43,value in Millions,
2019-20,Q1,Rajasthan,Urban,Narrowband,1.78,value in Millions,
2019-20,Q1,Rajasthan,Rural,Broadband,14.08,value in Millions,
2019-20,Q1,Rajasthan,Urban,Broadband,19.86,value in Millions,
2019-20,Q1,Rajasthan,Rural,Total,16.51,value in Millions,
2019-20,Q1,Rajasthan,Urban,Total,21.64,value in Millions,
2019-20,Q1,Punjab,Rural,Narrowband,0.82,value in Millions,
2019-20,Q1,Punjab,Urban,Narrowband,1.08,value in Millions,
2019-20,Q1,Punjab,Rural,Broadband,6.42,value in Millions,
2019-20,Q1,Punjab,Urban,Broadband,15.71,value in Millions,
2019-20,Q1,Punjab,Rural,Total,7.25,value in Millions,
2019-20,Q1,Punjab,Urban,Total,16.79,value in Millions,
2019-20,Q1,Odisha,Rural,Narrowband,1.55,value in Millions,
2019-20,Q1,Odisha,Urban,Narrowband,0.52,value in Millions,
2019-20,Q1,Odisha,Rural,Broadband,8.77,value in Millions,
2019-20,Q1,Odisha,Urban,Broadband,5.98,value in Millions,
2019-20,Q1,Odisha,Rural,Total,10.32,value in Millions,
2019-20,Q1,Odisha,Urban,Total,6.49,value in Millions,
2019-20,Q1,North East,Rural,Narrowband,0.33,value in Millions,
2019-20,Q1,North East,Urban,Narrowband,0.39,value in Millions,
2019-20,Q1,North East,Rural,Broadband,2.54,value in Millions,
2019-20,Q1,North East,Urban,Broadband,3.81,value in Millions,
2019-20,Q1,North East,Rural,Total,2.87,value in Millions,
2019-20,Q1,North East,Urban,Total,4.2,value in Millions,
2019-20,Q1,Mumbai,Rural,Narrowband,0.11,value in Millions,
2019-20,Q1,Mumbai,Urban,Narrowband,2.51,value in Millions,
2019-20,Q1,Mumbai,Rural,Broadband,1.18,value in Millions,
2019-20,Q1,Mumbai,Urban,Broadband,23.98,value in Millions,
2019-20,Q1,Mumbai,Rural,Total,1.28,value in Millions,
2019-20,Q1,Mumbai,Urban,Total,26.5,value in Millions,
2019-20,Q1,Maharashtra,Rural,Narrowband,2.74,value in Millions,
2019-20,Q1,Maharashtra,Urban,Narrowband,3.11,value in Millions,
2019-20,Q1,Maharashtra,Rural,Broadband,18.09,value in Millions,
2019-20,Q1,Maharashtra,Urban,Broadband,31.25,value in Millions,
2019-20,Q1,Maharashtra,Rural,Total,20.82,value in Millions,
2019-20,Q1,Maharashtra,Urban,Total,34.36,value in Millions,
2019-20,Q1,Madhya Pradesh,Rural,Narrowband,3.15,value in Millions,
2019-20,Q1,Madhya Pradesh,Urban,Narrowband,2.44,value in Millions,
2019-20,Q1,Madhya Pradesh,Rural,Broadband,13.33,value in Millions,
2019-20,Q1,Madhya Pradesh,Urban,Broadband,24.34,value in Millions,
2019-20,Q1,Madhya Pradesh,Rural,Total,16.48,value in Millions,
2019-20,Q1,Madhya Pradesh,Urban,Total,26.78,value in Millions,
2019-20,Q1,Kolkata,Rural,Narrowband,0.16,value in Millions,
2019-20,Q1,Kolkata,Urban,Narrowband,1.48,value in Millions,
2019-20,Q1,Kolkata,Rural,Broadband,1.39,value in Millions,
2019-20,Q1,Kolkata,Urban,Broadband,13.25,value in Millions,
2019-20,Q1,Kolkata,Rural,Total,1.55,value in Millions,
2019-20,Q1,Kolkata,Urban,Total,14.73,value in Millions,
2019-20,Q1,Kerala,Rural,Narrowband,1.0,value in Millions,
2019-20,Q1,Kerala,Urban,Narrowband,1.15,value in Millions,
2019-20,Q1,Kerala,Rural,Broadband,9.4,value in Millions,
2019-20,Q1,Kerala,Urban,Broadband,13.79,value in Millions,
2019-20,Q1,Kerala,Rural,Total,10.4,value in Millions,
2019-20,Q1,Kerala,Urban,Total,14.95,value in Millions,
2019-20,Q1,Karnataka,Rural,Narrowband,1.67,value in Millions,
2019-20,Q1,Karnataka,Urban,Narrowband,1.99,value in Millions,
2019-20,Q1,Karnataka,Rural,Broadband,10.73,value in Millions,
2019-20,Q1,Karnataka,Urban,Broadband,27.86,value in Millions,
2019-20,Q1,Karnataka,Rural,Total,12.4,value in Millions,
2019-20,Q1,Karnataka,Urban,Total,29.85,value in Millions,
2019-20,Q1,Jammu and Kashmir,Rural,Narrowband,0.4,value in Millions,
2019-20,Q1,Jammu and Kashmir,Urban,Narrowband,0.27,value in Millions,
2019-20,Q1,Jammu and Kashmir,Rural,Broadband,2.24,value in Millions,
2019-20,Q1,Jammu and Kashmir,Urban,Broadband,4.03,value in Millions,
2019-20,Q1,Jammu and Kashmir,Rural,Total,2.65,value in Millions,
2019-20,Q1,Jammu and Kashmir,Urban,Total,4.3,value in Millions,
2019-20,Q1,Himachal Pradesh,Rural,Narrowband,0.29,value in Millions,
2019-20,Q1,Himachal Pradesh,Urban,Narrowband,0.21,value in Millions,
2019-20,Q1,Himachal Pradesh,Rural,Broadband,3.02,value in Millions,
2019-20,Q1,Himachal Pradesh,Urban,Broadband,1.83,value in Millions,
2019-20,Q1,Himachal Pradesh,Rural,Total,3.31,value in Millions,
2019-20,Q1,Himachal Pradesh,Urban,Total,2.04,value in Millions,
2019-20,Q1,Haryana,Rural,Narrowband,0.63,value in Millions,
2019-20,Q1,Haryana,Urban,Narrowband,0.71,value in Millions,
2019-20,Q1,Haryana,Rural,Broadband,5.14,value in Millions,
2019-20,Q1,Haryana,Urban,Broadband,8.88,value in Millions,
2019-20,Q1,Haryana,Rural,Total,5.78,value in Millions,
2019-20,Q1,Haryana,Urban,Total,9.58,value in Millions,
2019-20,Q1,Gujarat,Rural,Narrowband,1.4,value in Millions,
2019-20,Q1,Gujarat,Urban,Narrowband,1.68,value in Millions,
2019-20,Q1,Gujarat,Rural,Broadband,10.24,value in Millions,
2019-20,Q1,Gujarat,Urban,Broadband,28.09,value in Millions,
2019-20,Q1,Gujarat,Rural,Total,11.64,value in Millions,
2019-20,Q1,Gujarat,Urban,Total,29.77,value in Millions,
2019-20,Q1,Delhi,Rural,Narrowband,0.21,value in Millions,
2019-20,Q1,Delhi,Urban,Narrowband,2.63,value in Millions,
2019-20,Q1,Delhi,Rural,Broadband,0.5,value in Millions,
2019-20,Q1,Delhi,Urban,Broadband,33.75,value in Millions,
2019-20,Q1,Delhi,Rural,Total,0.71,value in Millions,
2019-20,Q1,Delhi,Urban,Total,36.38,value in Millions,
2019-20,Q1,Bihar,Rural,Narrowband,3.96,value in Millions,
2019-20,Q1,Bihar,Urban,Narrowband,2.02,value in Millions,
2019-20,Q1,Bihar,Rural,Broadband,20.05,value in Millions,
2019-20,Q1,Bihar,Urban,Broadband,15.61,value in Millions,
2019-20,Q1,Bihar,Rural,Total,24.01,value in Millions,
2019-20,Q1,Bihar,Urban,Total,17.63,value in Millions,
2019-20,Q1,Assam,Rural,Narrowband,0.67,value in Millions,
2019-20,Q1,Assam,Urban,Narrowband,0.7,value in Millions,
2019-20,Q1,Assam,Rural,Broadband,5.38,value in Millions,
2019-20,Q1,Assam,Urban,Broadband,5.57,value in Millions,
2019-20,Q1,Assam,Rural,Total,6.05,value in Millions,
2019-20,Q1,Assam,Urban,Total,6.26,value in Millions,
2019-20,Q1,Andhra Pradesh,Rural,Narrowband,2.6,value in Millions,
2019-20,Q1,Andhra Pradesh,Urban,Narrowband,2.4,value in Millions,
2019-20,Q1,Andhra Pradesh,Rural,Broadband,18.36,value in Millions,
2019-20,Q1,Andhra Pradesh,Urban,Broadband,28.55,value in Millions,
2019-20,Q1,Andhra Pradesh,Rural,Total,20.95,value in Millions,
2019-20,Q1,Andhra Pradesh,Urban,Total,30.95,value in Millions,
2018-19,Q4,West Bengal,Rural,Narrowband,2.54,value in Millions,
2018-19,Q4,West Bengal,Urban,Narrowband,1.27,value in Millions,
2018-19,Q4,West Bengal,Rural,Broadband,10.95,value in Millions,
2018-19,Q4,West Bengal,Urban,Broadband,12.07,value in Millions,
2018-19,Q4,West Bengal,Rural,Total,13.49,value in Millions,
2018-19,Q4,West Bengal,Urban,Total,13.33,value in Millions,
2018-19,Q4,Uttar Pradesh West,Rural,Narrowband,2.4,value in Millions,
2018-19,Q4,Uttar Pradesh West,Urban,Narrowband,1.94,value in Millions,
2018-19,Q4,Uttar Pradesh West,Rural,Broadband,9.51,value in Millions,
2018-19,Q4,Uttar Pradesh West,Urban,Broadband,18.21,value in Millions,
2018-19,Q4,Uttar Pradesh West,Rural,Total,11.9,value in Millions,
2018-19,Q4,Uttar Pradesh West,Urban,Total,20.15,value in Millions,
2018-19,Q4,Uttar Pradesh East,Rural,Narrowband,4.91,value in Millions,
2018-19,Q4,Uttar Pradesh East,Urban,Narrowband,2.41,value in Millions,
2018-19,Q4,Uttar Pradesh East,Rural,Broadband,17.9,value in Millions,
2018-19,Q4,Uttar Pradesh East,Urban,Broadband,19.75,value in Millions,
2018-19,Q4,Uttar Pradesh East,Rural,Total,22.81,value in Millions,
2018-19,Q4,Uttar Pradesh East,Urban,Total,22.16,value in Millions,
2018-19,Q4,Total,Rural,Narrowband,36.98,value in Millions,
2018-19,Q4,Total,Urban,Narrowband,36.44,value in Millions,
2018-19,Q4,Total,Rural,Broadband,190.03,value in Millions,
2018-19,Q4,Total,Urban,Broadband,373.28,value in Millions,
2018-19,Q4,Total,Rural,Total,227.01,value in Millions,
2018-19,Q4,Total,Urban,Total,409.72,value in Millions,
2018-19,Q4,Tamil Nadu,Rural,Narrowband,1.62,value in Millions,
2018-19,Q4,Tamil Nadu,Urban,Narrowband,2.91,value in Millions,
2018-19,Q4,Tamil Nadu,Rural,Broadband,9.75,value in Millions,
2018-19,Q4,Tamil Nadu,Urban,Broadband,31.2,value in Millions,
2018-19,Q4,Tamil Nadu,Rural,Total,11.37,value in Millions,
2018-19,Q4,Tamil Nadu,Urban,Total,34.11,value in Millions,
2018-19,Q4,Rajasthan,Rural,Narrowband,2.39,value in Millions,
2018-19,Q4,Rajasthan,Urban,Narrowband,1.8,value in Millions,
2018-19,Q4,Rajasthan,Rural,Broadband,13.18,value in Millions,
2018-19,Q4,Rajasthan,Urban,Broadband,18.61,value in Millions,
2018-19,Q4,Rajasthan,Rural,Total,15.57,value in Millions,
2018-19,Q4,Rajasthan,Urban,Total,20.4,value in Millions,
2018-19,Q4,Punjab,Rural,Narrowband,0.82,value in Millions,
2018-19,Q4,Punjab,Urban,Narrowband,1.1,value in Millions,
2018-19,Q4,Punjab,Rural,Broadband,6.31,value in Millions,
2018-19,Q4,Punjab,Urban,Broadband,15.35,value in Millions,
2018-19,Q4,Punjab,Rural,Total,7.13,value in Millions,
2018-19,Q4,Punjab,Urban,Total,16.45,value in Millions,
2018-19,Q4,Odisha,Rural,Narrowband,1.64,value in Millions,
2018-19,Q4,Odisha,Urban,Narrowband,0.57,value in Millions,
2018-19,Q4,Odisha,Rural,Broadband,8.0,value in Millions,
2018-19,Q4,Odisha,Urban,Broadband,5.6,value in Millions,
2018-19,Q4,Odisha,Rural,Total,9.64,value in Millions,
2018-19,Q4,Odisha,Urban,Total,6.17,value in Millions,
2018-19,Q4,North East,Rural,Narrowband,0.36,value in Millions,
2018-19,Q4,North East,Urban,Narrowband,0.41,value in Millions,
2018-19,Q4,North East,Rural,Broadband,2.42,value in Millions,
2018-19,Q4,North East,Urban,Broadband,3.51,value in Millions,
2018-19,Q4,North East,Rural,Total,2.78,value in Millions,
2018-19,Q4,North East,Urban,Total,3.92,value in Millions,
2018-19,Q4,Mumbai,Rural,Narrowband,0.11,value in Millions,
2018-19,Q4,Mumbai,Urban,Narrowband,2.61,value in Millions,
2018-19,Q4,Mumbai,Rural,Broadband,1.11,value in Millions,
2018-19,Q4,Mumbai,Urban,Broadband,23.02,value in Millions,
2018-19,Q4,Mumbai,Rural,Total,1.21,value in Millions,
2018-19,Q4,Mumbai,Urban,Total,25.63,value in Millions,
2018-19,Q4,Maharashtra,Rural,Narrowband,3.18,value in Millions,
2018-19,Q4,Maharashtra,Urban,Narrowband,3.07,value in Millions,
2018-19,Q4,Maharashtra,Rural,Broadband,17.03,value in Millions,
2018-19,Q4,Maharashtra,Urban,Broadband,30.19,value in Millions,
2018-19,Q4,Maharashtra,Rural,Total,20.21,value in Millions,
2018-19,Q4,Maharashtra,Urban,Total,33.26,value in Millions,
2018-19,Q4,Madhya Pradesh,Rural,Narrowband,3.42,value in Millions,
2018-19,Q4,Madhya Pradesh,Urban,Narrowband,2.6,value in Millions,
2018-19,Q4,Madhya Pradesh,Rural,Broadband,12.27,value in Millions,
2018-19,Q4,Madhya Pradesh,Urban,Broadband,23.11,value in Millions,
2018-19,Q4,Madhya Pradesh,Rural,Total,15.69,value in Millions,
2018-19,Q4,Madhya Pradesh,Urban,Total,25.71,value in Millions,
2018-19,Q4,Kolkata,Rural,Narrowband,0.16,value in Millions,
2018-19,Q4,Kolkata,Urban,Narrowband,1.5,value in Millions,
2018-19,Q4,Kolkata,Rural,Broadband,1.37,value in Millions,
2018-19,Q4,Kolkata,Urban,Broadband,12.63,value in Millions,
2018-19,Q4,Kolkata,Rural,Total,1.53,value in Millions,
2018-19,Q4,Kolkata,Urban,Total,14.13,value in Millions,
2018-19,Q4,Kerala,Rural,Narrowband,1.06,value in Millions,
2018-19,Q4,Kerala,Urban,Narrowband,1.23,value in Millions,
2018-19,Q4,Kerala,Rural,Broadband,8.98,value in Millions,
2018-19,Q4,Kerala,Urban,Broadband,13.44,value in Millions,
2018-19,Q4,Kerala,Rural,Total,10.04,value in Millions,
2018-19,Q4,Kerala,Urban,Total,14.67,value in Millions,
2018-19,Q4,Karnataka,Rural,Narrowband,1.82,value in Millions,
2018-19,Q4,Karnataka,Urban,Narrowband,2.09,value in Millions,
2018-19,Q4,Karnataka,Rural,Broadband,10.11,value in Millions,
2018-19,Q4,Karnataka,Urban,Broadband,26.38,value in Millions,
2018-19,Q4,Karnataka,Rural,Total,11.93,value in Millions,
2018-19,Q4,Karnataka,Urban,Total,28.47,value in Millions,
2018-19,Q4,Jammu and Kashmir,Rural,Narrowband,0.4,value in Millions,
2018-19,Q4,Jammu and Kashmir,Urban,Narrowband,0.29,value in Millions,
2018-19,Q4,Jammu and Kashmir,Rural,Broadband,2.17,value in Millions,
2018-19,Q4,Jammu and Kashmir,Urban,Broadband,3.74,value in Millions,
2018-19,Q4,Jammu and Kashmir,Rural,Total,2.57,value in Millions,
2018-19,Q4,Jammu and Kashmir,Urban,Total,4.03,value in Millions,
2018-19,Q4,Himachal Pradesh,Rural,Narrowband,0.3,value in Millions,
2018-19,Q4,Himachal Pradesh,Urban,Narrowband,0.23,value in Millions,
2018-19,Q4,Himachal Pradesh,Rural,Broadband,2.9,value in Millions,
2018-19,Q4,Himachal Pradesh,Urban,Broadband,1.73,value in Millions,
2018-19,Q4,Himachal Pradesh,Rural,Total,3.21,value in Millions,
2018-19,Q4,Himachal Pradesh,Urban,Total,1.96,value in Millions,
2018-19,Q4,Haryana,Rural,Narrowband,0.67,value in Millions,
2018-19,Q4,Haryana,Urban,Narrowband,0.77,value in Millions,
2018-19,Q4,Haryana,Rural,Broadband,4.88,value in Millions,
2018-19,Q4,Haryana,Urban,Broadband,8.58,value in Millions,
2018-19,Q4,Haryana,Rural,Total,5.54,value in Millions,
2018-19,Q4,Haryana,Urban,Total,9.35,value in Millions,
2018-19,Q4,Gujarat,Rural,Narrowband,1.54,value in Millions,
2018-19,Q4,Gujarat,Urban,Narrowband,1.8,value in Millions,
2018-19,Q4,Gujarat,Rural,Broadband,9.89,value in Millions,
2018-19,Q4,Gujarat,Urban,Broadband,26.95,value in Millions,
2018-19,Q4,Gujarat,Rural,Total,11.44,value in Millions,
2018-19,Q4,Gujarat,Urban,Total,28.75,value in Millions,
2018-19,Q4,Delhi,Rural,Narrowband,0.21,value in Millions,
2018-19,Q4,Delhi,Urban,Narrowband,2.56,value in Millions,
2018-19,Q4,Delhi,Rural,Broadband,0.49,value in Millions,
2018-19,Q4,Delhi,Urban,Broadband,32.6,value in Millions,
2018-19,Q4,Delhi,Rural,Total,0.7,value in Millions,
2018-19,Q4,Delhi,Urban,Total,35.16,value in Millions,
2018-19,Q4,Bihar,Rural,Narrowband,4.06,value in Millions,
2018-19,Q4,Bihar,Urban,Narrowband,2.15,value in Millions,
2018-19,Q4,Bihar,Rural,Broadband,18.56,value in Millions,
2018-19,Q4,Bihar,Urban,Broadband,14.57,value in Millions,
2018-19,Q4,Bihar,Rural,Total,22.62,value in Millions,
2018-19,Q4,Bihar,Urban,Total,16.72,value in Millions,
2018-19,Q4,Assam,Rural,Narrowband,0.75,value in Millions,
2018-19,Q4,Assam,Urban,Narrowband,0.74,value in Millions,
2018-19,Q4,Assam,Rural,Broadband,4.94,value in Millions,
2018-19,Q4,Assam,Urban,Broadband,5.11,value in Millions,
2018-19,Q4,Assam,Rural,Total,5.68,value in Millions,
2018-19,Q4,Assam,Urban,Total,5.85,value in Millions,
2018-19,Q4,Andhra Pradesh,Rural,Narrowband,2.63,value in Millions,
2018-19,Q4,Andhra Pradesh,Urban,Narrowband,2.4,value in Millions,
2018-19,Q4,Andhra Pradesh,Rural,Broadband,17.32,value in Millions,
2018-19,Q4,Andhra Pradesh,Urban,Broadband,26.94,value in Millions,
2018-19,Q4,Andhra Pradesh,Rural,Total,19.94,value in Millions,
2018-19,Q4,Andhra Pradesh,Urban,Total,29.34,value in Millions,
2018-19,Q3,West Bengal,Rural,Narrowband,2.38,value in Millions,
2018-19,Q3,West Bengal,Urban,Narrowband,1.55,value in Millions,
2018-19,Q3,West Bengal,Rural,Broadband,9.94,value in Millions,
2018-19,Q3,West Bengal,Urban,Broadband,10.94,value in Millions,
2018-19,Q3,West Bengal,Rural,Total,12.33,value in Millions,
2018-19,Q3,West Bengal,Urban,Total,12.5,value in Millions,
2018-19,Q3,Uttar Pradesh West,Rural,Narrowband,2.62,value in Millions,
2018-19,Q3,Uttar Pradesh West,Urban,Narrowband,1.9,value in Millions,
2018-19,Q3,Uttar Pradesh West,Rural,Broadband,8.32,value in Millions,
2018-19,Q3,Uttar Pradesh West,Urban,Broadband,17.04,value in Millions,
2018-19,Q3,Uttar Pradesh West,Rural,Total,10.94,value in Millions,
2018-19,Q3,Uttar Pradesh West,Urban,Total,18.94,value in Millions,
2018-19,Q3,Uttar Pradesh East,Rural,Narrowband,4.6,value in Millions,
2018-19,Q3,Uttar Pradesh East,Urban,Narrowband,2.41,value in Millions,
2018-19,Q3,Uttar Pradesh East,Rural,Broadband,15.6,value in Millions,
2018-19,Q3,Uttar Pradesh East,Urban,Broadband,18.24,value in Millions,
2018-19,Q3,Uttar Pradesh East,Rural,Total,20.19,value in Millions,
2018-19,Q3,Uttar Pradesh East,Urban,Total,20.66,value in Millions,
2018-19,Q3,Total,Rural,Narrowband,40.0,value in Millions,
2018-19,Q3,Total,Urban,Narrowband,38.85,value in Millions,
2018-19,Q3,Total,Rural,Broadband,173.3,value in Millions,
2018-19,Q3,Total,Urban,Broadband,352.06,value in Millions,
2018-19,Q3,Total,Rural,Total,213.3,value in Millions,
2018-19,Q3,Total,Urban,Total,390.91,value in Millions,
2018-19,Q3,Tamil Nadu,Rural,Narrowband,1.77,value in Millions,
2018-19,Q3,Tamil Nadu,Urban,Narrowband,3.12,value in Millions,
2018-19,Q3,Tamil Nadu,Rural,Broadband,9.64,value in Millions,
2018-19,Q3,Tamil Nadu,Urban,Broadband,29.49,value in Millions,
2018-19,Q3,Tamil Nadu,Rural,Total,11.41,value in Millions,
2018-19,Q3,Tamil Nadu,Urban,Total,32.62,value in Millions,
2018-19,Q3,Rajasthan,Rural,Narrowband,2.4,value in Millions,
2018-19,Q3,Rajasthan,Urban,Narrowband,1.78,value in Millions,
2018-19,Q3,Rajasthan,Rural,Broadband,12.35,value in Millions,
2018-19,Q3,Rajasthan,Urban,Broadband,17.48,value in Millions,
2018-19,Q3,Rajasthan,Rural,Total,14.75,value in Millions,
2018-19,Q3,Rajasthan,Urban,Total,19.25,value in Millions,
2018-19,Q3,Punjab,Rural,Narrowband,0.91,value in Millions,
2018-19,Q3,Punjab,Urban,Narrowband,1.1,value in Millions,
2018-19,Q3,Punjab,Rural,Broadband,6.02,value in Millions,
2018-19,Q3,Punjab,Urban,Broadband,14.41,value in Millions,
2018-19,Q3,Punjab,Rural,Total,6.94,value in Millions,
2018-19,Q3,Punjab,Urban,Total,15.5,value in Millions,
2018-19,Q3,Odisha,Rural,Narrowband,1.64,value in Millions,
2018-19,Q3,Odisha,Urban,Narrowband,0.68,value in Millions,
2018-19,Q3,Odisha,Rural,Broadband,6.99,value in Millions,
2018-19,Q3,Odisha,Urban,Broadband,5.16,value in Millions,
2018-19,Q3,Odisha,Rural,Total,8.64,value in Millions,
2018-19,Q3,Odisha,Urban,Total,5.84,value in Millions,
2018-19,Q3,North East,Rural,Narrowband,0.41,value in Millions,
2018-19,Q3,North East,Urban,Narrowband,0.42,value in Millions,
2018-19,Q3,North East,Rural,Broadband,2.3,value in Millions,
2018-19,Q3,North East,Urban,Broadband,3.24,value in Millions,
2018-19,Q3,North East,Rural,Total,2.71,value in Millions,
2018-19,Q3,North East,Urban,Total,3.65,value in Millions,
2018-19,Q3,Mumbai,Rural,Narrowband,0.12,value in Millions,
2018-19,Q3,Mumbai,Urban,Narrowband,2.63,value in Millions,
2018-19,Q3,Mumbai,Rural,Broadband,1.04,value in Millions,
2018-19,Q3,Mumbai,Urban,Broadband,21.94,value in Millions,
2018-19,Q3,Mumbai,Rural,Total,1.16,value in Millions,
2018-19,Q3,Mumbai,Urban,Total,24.57,value in Millions,
2018-19,Q3,Maharashtra,Rural,Narrowband,3.33,value in Millions,
2018-19,Q3,Maharashtra,Urban,Narrowband,2.93,value in Millions,
2018-19,Q3,Maharashtra,Rural,Broadband,15.5,value in Millions,
2018-19,Q3,Maharashtra,Urban,Broadband,28.74,value in Millions,
2018-19,Q3,Maharashtra,Rural,Total,18.83,value in Millions,
2018-19,Q3,Maharashtra,Urban,Total,31.67,value in Millions,
2018-19,Q3,Madhya Pradesh,Rural,Narrowband,3.39,value in Millions,
2018-19,Q3,Madhya Pradesh,Urban,Narrowband,2.52,value in Millions,
2018-19,Q3,Madhya Pradesh,Rural,Broadband,10.3,value in Millions,
2018-19,Q3,Madhya Pradesh,Urban,Broadband,22.36,value in Millions,
2018-19,Q3,Madhya Pradesh,Rural,Total,13.69,value in Millions,
2018-19,Q3,Madhya Pradesh,Urban,Total,24.88,value in Millions,
2018-19,Q3,Kolkata,Rural,Narrowband,0.15,value in Millions,
2018-19,Q3,Kolkata,Urban,Narrowband,1.6,value in Millions,
2018-19,Q3,Kolkata,Rural,Broadband,1.17,value in Millions,
2018-19,Q3,Kolkata,Urban,Broadband,12.15,value in Millions,
2018-19,Q3,Kolkata,Rural,Total,1.32,value in Millions,
2018-19,Q3,Kolkata,Urban,Total,13.75,value in Millions,
2018-19,Q3,Kerala,Rural,Narrowband,1.15,value in Millions,
2018-19,Q3,Kerala,Urban,Narrowband,1.27,value in Millions,
2018-19,Q3,Kerala,Rural,Broadband,8.62,value in Millions,
2018-19,Q3,Kerala,Urban,Broadband,12.77,value in Millions,
2018-19,Q3,Kerala,Rural,Total,9.77,value in Millions,
2018-19,Q3,Kerala,Urban,Total,14.03,value in Millions,
2018-19,Q3,Karnataka,Rural,Narrowband,1.94,value in Millions,
2018-19,Q3,Karnataka,Urban,Narrowband,2.0,value in Millions,
2018-19,Q3,Karnataka,Rural,Broadband,9.51,value in Millions,
2018-19,Q3,Karnataka,Urban,Broadband,24.99,value in Millions,
2018-19,Q3,Karnataka,Rural,Total,11.45,value in Millions,
2018-19,Q3,Karnataka,Urban,Total,26.99,value in Millions,
2018-19,Q3,Jammu and Kashmir,Rural,Narrowband,0.44,value in Millions,
2018-19,Q3,Jammu and Kashmir,Urban,Narrowband,0.31,value in Millions,
2018-19,Q3,Jammu and Kashmir,Rural,Broadband,2.29,value in Millions,
2018-19,Q3,Jammu and Kashmir,Urban,Broadband,3.44,value in Millions,
2018-19,Q3,Jammu and Kashmir,Rural,Total,2.74,value in Millions,
2018-19,Q3,Jammu and Kashmir,Urban,Total,3.75,value in Millions,
2018-19,Q3,Himachal Pradesh,Rural,Narrowband,0.32,value in Millions,
2018-19,Q3,Himachal Pradesh,Urban,Narrowband,0.18,value in Millions,
2018-19,Q3,Himachal Pradesh,Rural,Broadband,2.79,value in Millions,
2018-19,Q3,Himachal Pradesh,Urban,Broadband,1.66,value in Millions,
2018-19,Q3,Himachal Pradesh,Rural,Total,3.11,value in Millions,
2018-19,Q3,Himachal Pradesh,Urban,Total,1.84,value in Millions,
2018-19,Q3,Haryana,Rural,Narrowband,0.83,value in Millions,
2018-19,Q3,Haryana,Urban,Narrowband,0.61,value in Millions,
2018-19,Q3,Haryana,Rural,Broadband,4.28,value in Millions,
2018-19,Q3,Haryana,Urban,Broadband,8.24,value in Millions,
2018-19,Q3,Haryana,Rural,Total,5.11,value in Millions,
2018-19,Q3,Haryana,Urban,Total,8.85,value in Millions,
2018-19,Q3,Gujarat,Rural,Narrowband,1.55,value in Millions,
2018-19,Q3,Gujarat,Urban,Narrowband,1.91,value in Millions,
2018-19,Q3,Gujarat,Rural,Broadband,9.14,value in Millions,
2018-19,Q3,Gujarat,Urban,Broadband,25.26,value in Millions,
2018-19,Q3,Gujarat,Rural,Total,10.68,value in Millions,
2018-19,Q3,Gujarat,Urban,Total,27.17,value in Millions,
2018-19,Q3,Delhi,Rural,Narrowband,0.22,value in Millions,
2018-19,Q3,Delhi,Urban,Narrowband,2.73,value in Millions,
2018-19,Q3,Delhi,Rural,Broadband,0.51,value in Millions,
2018-19,Q3,Delhi,Urban,Broadband,31.15,value in Millions,
2018-19,Q3,Delhi,Rural,Total,0.73,value in Millions,
2018-19,Q3,Delhi,Urban,Total,33.88,value in Millions,
2018-19,Q3,Bihar,Rural,Narrowband,4.26,value in Millions,
2018-19,Q3,Bihar,Urban,Narrowband,1.89,value in Millions,
2018-19,Q3,Bihar,Rural,Broadband,16.24,value in Millions,
2018-19,Q3,Bihar,Urban,Broadband,13.5,value in Millions,
2018-19,Q3,Bihar,Rural,Total,20.5,value in Millions,
2018-19,Q3,Bihar,Urban,Total,15.38,value in Millions,
2018-19,Q3,Assam,Rural,Narrowband,0.93,value in Millions,
2018-19,Q3,Assam,Urban,Narrowband,0.67,value in Millions,
2018-19,Q3,Assam,Rural,Broadband,4.65,value in Millions,
2018-19,Q3,Assam,Urban,Broadband,4.51,value in Millions,
2018-19,Q3,Assam,Rural,Total,5.59,value in Millions,
2018-19,Q3,Assam,Urban,Total,5.18,value in Millions,
2018-19,Q3,Andhra Pradesh,Rural,Narrowband,4.64,value in Millions,
2018-19,Q3,Andhra Pradesh,Urban,Narrowband,4.64,value in Millions,
2018-19,Q3,Andhra Pradesh,Rural,Broadband,16.09,value in Millions,
2018-19,Q3,Andhra Pradesh,Urban,Broadband,25.37,value in Millions,
2018-19,Q3,Andhra Pradesh,Rural,Total,20.72,value in Millions,
2018-19,Q3,Andhra Pradesh,Urban,Total,30.01,value in Millions,
2018-19,Q2,West Bengal,Rural,Narrowband,2.95,value in Millions,
2018-19,Q2,West Bengal,Urban,Narrowband,1.46,value in Millions,
2018-19,Q2,West Bengal,Rural,Broadband,8.21,value in Millions,
2018-19,Q2,West Bengal,Urban,Broadband,10.0,value in Millions,
2018-19,Q2,West Bengal,Rural,Total,11.16,value in Millions,
2018-19,Q2,West Bengal,Urban,Total,11.46,value in Millions,
2018-19,Q2,Uttar Pradesh West,Rural,Narrowband,2.74,value in Millions,
2018-19,Q2,Uttar Pradesh West,Urban,Narrowband,1.98,value in Millions,
2018-19,Q2,Uttar Pradesh West,Rural,Broadband,6.87,value in Millions,
2018-19,Q2,Uttar Pradesh West,Urban,Broadband,16.19,value in Millions,
2018-19,Q2,Uttar Pradesh West,Rural,Total,9.61,value in Millions,
2018-19,Q2,Uttar Pradesh West,Urban,Total,18.17,value in Millions,
2018-19,Q2,Uttar Pradesh East,Rural,Narrowband,5.02,value in Millions,
2018-19,Q2,Uttar Pradesh East,Urban,Narrowband,2.22,value in Millions,
2018-19,Q2,Uttar Pradesh East,Rural,Broadband,13.45,value in Millions,
2018-19,Q2,Uttar Pradesh East,Urban,Broadband,17.49,value in Millions,
2018-19,Q2,Uttar Pradesh East,Rural,Total,18.47,value in Millions,
2018-19,Q2,Uttar Pradesh East,Urban,Total,19.71,value in Millions,
2018-19,Q2,Total,Rural,Narrowband,41.15,value in Millions,
2018-19,Q2,Total,Urban,Narrowband,37.16,value in Millions,
2018-19,Q2,Total,Rural,Broadband,152.92,value in Millions,
2018-19,Q2,Total,Urban,Broadband,328.78,value in Millions,
2018-19,Q2,Total,Rural,Total,194.07,value in Millions,
2018-19,Q2,Total,Urban,Total,365.94,value in Millions,
2018-19,Q2,Tamil Nadu,Rural,Narrowband,2.03,value in Millions,
2018-19,Q2,Tamil Nadu,Urban,Narrowband,2.79,value in Millions,
2018-19,Q2,Tamil Nadu,Rural,Broadband,9.54,value in Millions,
2018-19,Q2,Tamil Nadu,Urban,Broadband,26.36,value in Millions,
2018-19,Q2,Tamil Nadu,Rural,Total,11.57,value in Millions,
2018-19,Q2,Tamil Nadu,Urban,Total,29.14,value in Millions,
2018-19,Q2,Rajasthan,Rural,Narrowband,2.9,value in Millions,
2018-19,Q2,Rajasthan,Urban,Narrowband,1.82,value in Millions,
2018-19,Q2,Rajasthan,Rural,Broadband,11.05,value in Millions,
2018-19,Q2,Rajasthan,Urban,Broadband,16.29,value in Millions,
2018-19,Q2,Rajasthan,Rural,Total,13.95,value in Millions,
2018-19,Q2,Rajasthan,Urban,Total,18.12,value in Millions,
2018-19,Q2,Punjab,Rural,Narrowband,1.04,value in Millions,
2018-19,Q2,Punjab,Urban,Narrowband,1.22,value in Millions,
2018-19,Q2,Punjab,Rural,Broadband,5.46,value in Millions,
2018-19,Q2,Punjab,Urban,Broadband,13.45,value in Millions,
2018-19,Q2,Punjab,Rural,Total,6.5,value in Millions,
2018-19,Q2,Punjab,Urban,Total,14.67,value in Millions,
2018-19,Q2,Odisha,Rural,Narrowband,1.68,value in Millions,
2018-19,Q2,Odisha,Urban,Narrowband,0.7,value in Millions,
2018-19,Q2,Odisha,Rural,Broadband,5.98,value in Millions,
2018-19,Q2,Odisha,Urban,Broadband,4.88,value in Millions,
2018-19,Q2,Odisha,Rural,Total,7.66,value in Millions,
2018-19,Q2,Odisha,Urban,Total,5.59,value in Millions,
2018-19,Q2,North East,Rural,Narrowband,0.52,value in Millions,
2018-19,Q2,North East,Urban,Narrowband,0.47,value in Millions,
2018-19,Q2,North East,Rural,Broadband,2.23,value in Millions,
2018-19,Q2,North East,Urban,Broadband,2.86,value in Millions,
2018-19,Q2,North East,Rural,Total,2.75,value in Millions,
2018-19,Q2,North East,Urban,Total,3.34,value in Millions,
2018-19,Q2,Mumbai,Rural,Narrowband,0.12,value in Millions,
2018-19,Q2,Mumbai,Urban,Narrowband,2.71,value in Millions,
2018-19,Q2,Mumbai,Rural,Broadband,0.96,value in Millions,
2018-19,Q2,Mumbai,Urban,Broadband,20.54,value in Millions,
2018-19,Q2,Mumbai,Rural,Total,1.08,value in Millions,
2018-19,Q2,Mumbai,Urban,Total,23.25,value in Millions,
2018-19,Q2,Maharashtra,Rural,Narrowband,3.17,value in Millions,
2018-19,Q2,Maharashtra,Urban,Narrowband,2.73,value in Millions,
2018-19,Q2,Maharashtra,Rural,Broadband,13.63,value in Millions,
2018-19,Q2,Maharashtra,Urban,Broadband,26.58,value in Millions,
2018-19,Q2,Maharashtra,Rural,Total,16.8,value in Millions,
2018-19,Q2,Maharashtra,Urban,Total,29.31,value in Millions,
2018-19,Q2,Madhya Pradesh,Rural,Narrowband,3.26,value in Millions,
2018-19,Q2,Madhya Pradesh,Urban,Narrowband,2.72,value in Millions,
2018-19,Q2,Madhya Pradesh,Rural,Broadband,8.27,value in Millions,
2018-19,Q2,Madhya Pradesh,Urban,Broadband,21.17,value in Millions,
2018-19,Q2,Madhya Pradesh,Rural,Total,11.53,value in Millions,
2018-19,Q2,Madhya Pradesh,Urban,Total,23.88,value in Millions,
2018-19,Q2,Kolkata,Rural,Narrowband,0.17,value in Millions,
2018-19,Q2,Kolkata,Urban,Narrowband,1.72,value in Millions,
2018-19,Q2,Kolkata,Rural,Broadband,1.0,value in Millions,
2018-19,Q2,Kolkata,Urban,Broadband,11.3,value in Millions,
2018-19,Q2,Kolkata,Rural,Total,1.17,value in Millions,
2018-19,Q2,Kolkata,Urban,Total,13.02,value in Millions,
2018-19,Q2,Kerala,Rural,Narrowband,1.15,value in Millions,
2018-19,Q2,Kerala,Urban,Narrowband,1.29,value in Millions,
2018-19,Q2,Kerala,Rural,Broadband,7.84,value in Millions,
2018-19,Q2,Kerala,Urban,Broadband,12.3,value in Millions,
2018-19,Q2,Kerala,Rural,Total,8.99,value in Millions,
2018-19,Q2,Kerala,Urban,Total,13.59,value in Millions,
2018-19,Q2,Karnataka,Rural,Narrowband,1.94,value in Millions,
2018-19,Q2,Karnataka,Urban,Narrowband,2.03,value in Millions,
2018-19,Q2,Karnataka,Rural,Broadband,8.69,value in Millions,
2018-19,Q2,Karnataka,Urban,Broadband,23.04,value in Millions,
2018-19,Q2,Karnataka,Rural,Total,10.63,value in Millions,
2018-19,Q2,Karnataka,Urban,Total,25.08,value in Millions,
2018-19,Q2,Jammu and Kashmir,Rural,Narrowband,0.44,value in Millions,
2018-19,Q2,Jammu and Kashmir,Urban,Narrowband,0.3,value in Millions,
2018-19,Q2,Jammu and Kashmir,Rural,Broadband,1.95,value in Millions,
2018-19,Q2,Jammu and Kashmir,Urban,Broadband,3.32,value in Millions,
2018-19,Q2,Jammu and Kashmir,Rural,Total,2.39,value in Millions,
2018-19,Q2,Jammu and Kashmir,Urban,Total,3.63,value in Millions,
2018-19,Q2,Himachal Pradesh,Rural,Narrowband,0.32,value in Millions,
2018-19,Q2,Himachal Pradesh,Urban,Narrowband,0.2,value in Millions,
2018-19,Q2,Himachal Pradesh,Rural,Broadband,2.46,value in Millions,
2018-19,Q2,Himachal Pradesh,Urban,Broadband,1.66,value in Millions,
2018-19,Q2,Himachal Pradesh,Rural,Total,2.78,value in Millions,
2018-19,Q2,Himachal Pradesh,Urban,Total,1.86,value in Millions,
2018-19,Q2,Haryana,Rural,Narrowband,1.06,value in Millions,
2018-19,Q2,Haryana,Urban,Narrowband,0.69,value in Millions,
2018-19,Q2,Haryana,Rural,Broadband,3.82,value in Millions,
2018-19,Q2,Haryana,Urban,Broadband,8.0,value in Millions,
2018-19,Q2,Haryana,Rural,Total,4.88,value in Millions,
2018-19,Q2,Haryana,Urban,Total,8.7,value in Millions,
2018-19,Q2,Gujarat,Rural,Narrowband,1.79,value in Millions,
2018-19,Q2,Gujarat,Urban,Narrowband,1.96,value in Millions,
2018-19,Q2,Gujarat,Rural,Broadband,8.67,value in Millions,
2018-19,Q2,Gujarat,Urban,Broadband,23.49,value in Millions,
2018-19,Q2,Gujarat,Rural,Total,10.46,value in Millions,
2018-19,Q2,Gujarat,Urban,Total,25.45,value in Millions,
2018-19,Q2,Delhi,Rural,Narrowband,0.22,value in Millions,
2018-19,Q2,Delhi,Urban,Narrowband,2.74,value in Millions,
2018-19,Q2,Delhi,Rural,Broadband,0.54,value in Millions,
2018-19,Q2,Delhi,Urban,Broadband,29.43,value in Millions,
2018-19,Q2,Delhi,Rural,Total,0.76,value in Millions,
2018-19,Q2,Delhi,Urban,Total,32.17,value in Millions,
2018-19,Q2,Bihar,Rural,Narrowband,4.71,value in Millions,
2018-19,Q2,Bihar,Urban,Narrowband,1.95,value in Millions,
2018-19,Q2,Bihar,Rural,Broadband,13.5,value in Millions,
2018-19,Q2,Bihar,Urban,Broadband,12.56,value in Millions,
2018-19,Q2,Bihar,Rural,Total,18.21,value in Millions,
2018-19,Q2,Bihar,Urban,Total,14.52,value in Millions,
2018-19,Q2,Assam,Rural,Narrowband,1.17,value in Millions,
2018-19,Q2,Assam,Urban,Narrowband,0.7,value in Millions,
2018-19,Q2,Assam,Rural,Broadband,4.06,value in Millions,
2018-19,Q2,Assam,Urban,Broadband,4.32,value in Millions,
2018-19,Q2,Assam,Rural,Total,5.23,value in Millions,
2018-19,Q2,Assam,Urban,Total,5.02,value in Millions,
2018-19,Q2,Andhra Pradesh,Rural,Narrowband,2.75,value in Millions,
2018-19,Q2,Andhra Pradesh,Urban,Narrowband,2.75,value in Millions,
2018-19,Q2,Andhra Pradesh,Rural,Broadband,14.75,value in Millions,
2018-19,Q2,Andhra Pradesh,Urban,Broadband,23.53,value in Millions,
2018-19,Q2,Andhra Pradesh,Rural,Total,17.5,value in Millions,
2018-19,Q2,Andhra Pradesh,Urban,Total,26.28,value in Millions,
2018-19,Q1,West Bengal,Rural,Narrowband,2.05,value in Millions,
2018-19,Q1,West Bengal,Urban,Narrowband,0.98,value in Millions,
2018-19,Q1,West Bengal,Rural,Broadband,8.44,value in Millions,
2018-19,Q1,West Bengal,Urban,Broadband,9.3,value in Millions,
2018-19,Q1,West Bengal,Rural,Total,10.49,value in Millions,
2018-19,Q1,West Bengal,Urban,Total,10.28,value in Millions,
2018-19,Q1,Uttar Pradesh West,Rural,Narrowband,1.59,value in Millions,
2018-19,Q1,Uttar Pradesh West,Urban,Narrowband,1.3,value in Millions,
2018-19,Q1,Uttar Pradesh West,Rural,Broadband,6.52,value in Millions,
2018-19,Q1,Uttar Pradesh West,Urban,Broadband,15.45,value in Millions,
2018-19,Q1,Uttar Pradesh West,Rural,Total,8.11,value in Millions,
2018-19,Q1,Uttar Pradesh West,Urban,Total,16.74,value in Millions,
2018-19,Q1,Uttar Pradesh East,Rural,Narrowband,4.36,value in Millions,
2018-19,Q1,Uttar Pradesh East,Urban,Narrowband,1.9,value in Millions,
2018-19,Q1,Uttar Pradesh East,Rural,Broadband,12.89,value in Millions,
2018-19,Q1,Uttar Pradesh East,Urban,Broadband,16.6,value in Millions,
2018-19,Q1,Uttar Pradesh East,Rural,Total,17.24,value in Millions,
2018-19,Q1,Uttar Pradesh East,Urban,Total,18.5,value in Millions,
2018-19,Q1,Total,Rural,Narrowband,33.14,value in Millions,
2018-19,Q1,Total,Urban,Narrowband,32.0,value in Millions,
2018-19,Q1,Total,Rural,Broadband,140.28,value in Millions,
2018-19,Q1,Total,Urban,Broadband,306.85,value in Millions,
2018-19,Q1,Total,Rural,Total,173.42,value in Millions,
2018-19,Q1,Total,Urban,Total,338.84,value in Millions,
2018-19,Q1,Tamil Nadu,Rural,Narrowband,1.27,value in Millions,
2018-19,Q1,Tamil Nadu,Urban,Narrowband,2.49,value in Millions,
2018-19,Q1,Tamil Nadu,Rural,Broadband,8.64,value in Millions,
2018-19,Q1,Tamil Nadu,Urban,Broadband,25.35,value in Millions,
2018-19,Q1,Tamil Nadu,Rural,Total,9.91,value in Millions,
2018-19,Q1,Tamil Nadu,Urban,Total,27.84,value in Millions,
2018-19,Q1,Rajasthan,Rural,Narrowband,2.42,value in Millions,
2018-19,Q1,Rajasthan,Urban,Narrowband,1.65,value in Millions,
2018-19,Q1,Rajasthan,Rural,Broadband,9.38,value in Millions,
2018-19,Q1,Rajasthan,Urban,Broadband,14.05,value in Millions,
2018-19,Q1,Rajasthan,Rural,Total,11.8,value in Millions,
2018-19,Q1,Rajasthan,Urban,Total,15.71,value in Millions,
2018-19,Q1,Punjab,Rural,Narrowband,0.95,value in Millions,
2018-19,Q1,Punjab,Urban,Narrowband,1.13,value in Millions,
2018-19,Q1,Punjab,Rural,Broadband,5.16,value in Millions,
2018-19,Q1,Punjab,Urban,Broadband,12.41,value in Millions,
2018-19,Q1,Punjab,Rural,Total,6.11,value in Millions,
2018-19,Q1,Punjab,Urban,Total,13.54,value in Millions,
2018-19,Q1,Odisha,Rural,Narrowband,1.78,value in Millions,
2018-19,Q1,Odisha,Urban,Narrowband,0.78,value in Millions,
2018-19,Q1,Odisha,Rural,Broadband,5.23,value in Millions,
2018-19,Q1,Odisha,Urban,Broadband,4.66,value in Millions,
2018-19,Q1,Odisha,Rural,Total,7.01,value in Millions,
2018-19,Q1,Odisha,Urban,Total,5.44,value in Millions,
2018-19,Q1,North East,Rural,Narrowband,0.39,value in Millions,
2018-19,Q1,North East,Urban,Narrowband,0.59,value in Millions,
2018-19,Q1,North East,Rural,Broadband,1.81,value in Millions,
2018-19,Q1,North East,Urban,Broadband,2.99,value in Millions,
2018-19,Q1,North East,Rural,Total,2.19,value in Millions,
2018-19,Q1,North East,Urban,Total,3.58,value in Millions,
2018-19,Q1,Mumbai,Rural,Narrowband,0.07,value in Millions,
2018-19,Q1,Mumbai,Urban,Narrowband,2.51,value in Millions,
2018-19,Q1,Mumbai,Rural,Broadband,0.83,value in Millions,
2018-19,Q1,Mumbai,Urban,Broadband,20.08,value in Millions,
2018-19,Q1,Mumbai,Rural,Total,0.9,value in Millions,
2018-19,Q1,Mumbai,Urban,Total,22.6,value in Millions,
2018-19,Q1,Maharashtra,Rural,Narrowband,2.14,value in Millions,
2018-19,Q1,Maharashtra,Urban,Narrowband,2.03,value in Millions,
2018-19,Q1,Maharashtra,Rural,Broadband,13.11,value in Millions,
2018-19,Q1,Maharashtra,Urban,Broadband,24.53,value in Millions,
2018-19,Q1,Maharashtra,Rural,Total,15.25,value in Millions,
2018-19,Q1,Maharashtra,Urban,Total,26.56,value in Millions,
2018-19,Q1,Madhya Pradesh,Rural,Narrowband,2.57,value in Millions,
2018-19,Q1,Madhya Pradesh,Urban,Narrowband,2.35,value in Millions,
2018-19,Q1,Madhya Pradesh,Rural,Broadband,6.29,value in Millions,
2018-19,Q1,Madhya Pradesh,Urban,Broadband,17.82,value in Millions,
2018-19,Q1,Madhya Pradesh,Rural,Total,8.86,value in Millions,
2018-19,Q1,Madhya Pradesh,Urban,Total,20.16,value in Millions,
2018-19,Q1,Kolkata,Rural,Narrowband,0.06,value in Millions,
2018-19,Q1,Kolkata,Urban,Narrowband,1.4,value in Millions,
2018-19,Q1,Kolkata,Rural,Broadband,0.87,value in Millions,
2018-19,Q1,Kolkata,Urban,Broadband,10.87,value in Millions,
2018-19,Q1,Kolkata,Rural,Total,0.92,value in Millions,
2018-19,Q1,Kolkata,Urban,Total,12.27,value in Millions,
2018-19,Q1,Kerala,Rural,Narrowband,0.86,value in Millions,
2018-19,Q1,Kerala,Urban,Narrowband,1.06,value in Millions,
2018-19,Q1,Kerala,Rural,Broadband,7.53,value in Millions,
2018-19,Q1,Kerala,Urban,Broadband,11.53,value in Millions,
2018-19,Q1,Kerala,Rural,Total,8.4,value in Millions,
2018-19,Q1,Kerala,Urban,Total,12.59,value in Millions,
2018-19,Q1,Karnataka,Rural,Narrowband,1.78,value in Millions,
2018-19,Q1,Karnataka,Urban,Narrowband,1.85,value in Millions,
2018-19,Q1,Karnataka,Rural,Broadband,8.06,value in Millions,
2018-19,Q1,Karnataka,Urban,Broadband,21.65,value in Millions,
2018-19,Q1,Karnataka,Rural,Total,9.84,value in Millions,
2018-19,Q1,Karnataka,Urban,Total,23.5,value in Millions,
2018-19,Q1,Jammu and Kashmir,Rural,Narrowband,0.5,value in Millions,
2018-19,Q1,Jammu and Kashmir,Urban,Narrowband,0.33,value in Millions,
2018-19,Q1,Jammu and Kashmir,Rural,Broadband,1.79,value in Millions,
2018-19,Q1,Jammu and Kashmir,Urban,Broadband,3.07,value in Millions,
2018-19,Q1,Jammu and Kashmir,Rural,Total,2.29,value in Millions,
2018-19,Q1,Jammu and Kashmir,Urban,Total,3.4,value in Millions,
2018-19,Q1,Himachal Pradesh,Rural,Narrowband,0.34,value in Millions,
2018-19,Q1,Himachal Pradesh,Urban,Narrowband,0.22,value in Millions,
2018-19,Q1,Himachal Pradesh,Rural,Broadband,2.21,value in Millions,
2018-19,Q1,Himachal Pradesh,Urban,Broadband,1.55,value in Millions,
2018-19,Q1,Himachal Pradesh,Rural,Total,2.54,value in Millions,
2018-19,Q1,Himachal Pradesh,Urban,Total,1.78,value in Millions,
2018-19,Q1,Haryana,Rural,Narrowband,0.54,value in Millions,
2018-19,Q1,Haryana,Urban,Narrowband,0.47,value in Millions,
2018-19,Q1,Haryana,Rural,Broadband,3.85,value in Millions,
2018-19,Q1,Haryana,Urban,Broadband,7.66,value in Millions,
2018-19,Q1,Haryana,Rural,Total,4.38,value in Millions,
2018-19,Q1,Haryana,Urban,Total,8.13,value in Millions,
2018-19,Q1,Gujarat,Rural,Narrowband,1.17,value in Millions,
2018-19,Q1,Gujarat,Urban,Narrowband,1.67,value in Millions,
2018-19,Q1,Gujarat,Rural,Broadband,8.17,value in Millions,
2018-19,Q1,Gujarat,Urban,Broadband,22.32,value in Millions,
2018-19,Q1,Gujarat,Rural,Total,9.33,value in Millions,
2018-19,Q1,Gujarat,Urban,Total,23.99,value in Millions,
2018-19,Q1,Delhi,Rural,Narrowband,0.12,value in Millions,
2018-19,Q1,Delhi,Urban,Narrowband,2.13,value in Millions,
2018-19,Q1,Delhi,Rural,Broadband,0.56,value in Millions,
2018-19,Q1,Delhi,Urban,Broadband,28.67,value in Millions,
2018-19,Q1,Delhi,Rural,Total,0.68,value in Millions,
2018-19,Q1,Delhi,Urban,Total,30.8,value in Millions,
2018-19,Q1,Bihar,Rural,Narrowband,4.86,value in Millions,
2018-19,Q1,Bihar,Urban,Narrowband,1.74,value in Millions,
2018-19,Q1,Bihar,Rural,Broadband,11.71,value in Millions,
2018-19,Q1,Bihar,Urban,Broadband,11.01,value in Millions,
2018-19,Q1,Bihar,Rural,Total,16.56,value in Millions,
2018-19,Q1,Bihar,Urban,Total,12.75,value in Millions,
2018-19,Q1,Assam,Rural,Narrowband,0.97,value in Millions,
2018-19,Q1,Assam,Urban,Narrowband,0.76,value in Millions,
2018-19,Q1,Assam,Rural,Broadband,3.63,value in Millions,
2018-19,Q1,Assam,Urban,Broadband,4.19,value in Millions,
2018-19,Q1,Assam,Rural,Total,4.6,value in Millions,
2018-19,Q1,Assam,Urban,Total,4.95,value in Millions,
2018-19,Q1,Andhra Pradesh,Rural,Narrowband,2.37,value in Millions,
2018-19,Q1,Andhra Pradesh,Urban,Narrowband,2.65,value in Millions,
2018-19,Q1,Andhra Pradesh,Rural,Broadband,13.62,value in Millions,
2018-19,Q1,Andhra Pradesh,Urban,Broadband,21.09,value in Millions,
2018-19,Q1,Andhra Pradesh,Rural,Total,15.99,value in Millions,
2018-19,Q1,Andhra Pradesh,Urban,Total,23.74,value in Millions,
2017-18,Q4,West Bengal,Rural,Narrowband,2.49,value in Millions,
2017-18,Q4,West Bengal,Urban,Narrowband,1.1,value in Millions,
2017-18,Q4,West Bengal,Rural,Broadband,6.65,value in Millions,
2017-18,Q4,West Bengal,Urban,Broadband,9.07,value in Millions,
2017-18,Q4,West Bengal,Rural,Total,9.14,value in Millions,
2017-18,Q4,West Bengal,Urban,Total,10.17,value in Millions,
2017-18,Q4,Uttar Pradesh West,Rural,Narrowband,2.32,value in Millions,
2017-18,Q4,Uttar Pradesh West,Urban,Narrowband,1.89,value in Millions,
2017-18,Q4,Uttar Pradesh West,Rural,Broadband,4.71,value in Millions,
2017-18,Q4,Uttar Pradesh West,Urban,Broadband,14.86,value in Millions,
2017-18,Q4,Uttar Pradesh West,Rural,Total,7.03,value in Millions,
2017-18,Q4,Uttar Pradesh West,Urban,Total,16.75,value in Millions,
2017-18,Q4,Uttar Pradesh East,Rural,Narrowband,5.43,value in Millions,
2017-18,Q4,Uttar Pradesh East,Urban,Narrowband,3.11,value in Millions,
2017-18,Q4,Uttar Pradesh East,Rural,Broadband,9.03,value in Millions,
2017-18,Q4,Uttar Pradesh East,Urban,Broadband,17.18,value in Millions,
2017-18,Q4,Uttar Pradesh East,Rural,Total,14.46,value in Millions,
2017-18,Q4,Uttar Pradesh East,Urban,Total,20.29,value in Millions,
2017-18,Q4,Total,Rural,Narrowband,39.3,value in Millions,
2017-18,Q4,Total,Urban,Narrowband,42.05,value in Millions,
2017-18,Q4,Total,Rural,Broadband,106.52,value in Millions,
2017-18,Q4,Total,Urban,Broadband,306.08,value in Millions,
2017-18,Q4,Total,Rural,Total,145.83,value in Millions,
2017-18,Q4,Total,Urban,Total,348.13,value in Millions,
2017-18,Q4,Tamil Nadu,Rural,Narrowband,1.94,value in Millions,
2017-18,Q4,Tamil Nadu,Urban,Narrowband,4.21,value in Millions,
2017-18,Q4,Tamil Nadu,Rural,Broadband,7.37,value in Millions,
2017-18,Q4,Tamil Nadu,Urban,Broadband,26.04,value in Millions,
2017-18,Q4,Tamil Nadu,Rural,Total,9.31,value in Millions,
2017-18,Q4,Tamil Nadu,Urban,Total,30.25,value in Millions,
2017-18,Q4,Rajasthan,Rural,Narrowband,2.86,value in Millions,
2017-18,Q4,Rajasthan,Urban,Narrowband,2.53,value in Millions,
2017-18,Q4,Rajasthan,Rural,Broadband,6.61,value in Millions,
2017-18,Q4,Rajasthan,Urban,Broadband,14.46,value in Millions,
2017-18,Q4,Rajasthan,Rural,Total,9.47,value in Millions,
2017-18,Q4,Rajasthan,Urban,Total,16.99,value in Millions,
2017-18,Q4,Punjab,Rural,Narrowband,1.04,value in Millions,
2017-18,Q4,Punjab,Urban,Narrowband,1.2,value in Millions,
2017-18,Q4,Punjab,Rural,Broadband,3.54,value in Millions,
2017-18,Q4,Punjab,Urban,Broadband,12.85,value in Millions,
2017-18,Q4,Punjab,Rural,Total,4.58,value in Millions,
2017-18,Q4,Punjab,Urban,Total,14.05,value in Millions,
2017-18,Q4,Odisha,Rural,Narrowband,1.93,value in Millions,
2017-18,Q4,Odisha,Urban,Narrowband,1.13,value in Millions,
2017-18,Q4,Odisha,Rural,Broadband,3.73,value in Millions,
2017-18,Q4,Odisha,Urban,Broadband,5.38,value in Millions,
2017-18,Q4,Odisha,Rural,Total,5.67,value in Millions,
2017-18,Q4,Odisha,Urban,Total,6.51,value in Millions,
2017-18,Q4,North East,Rural,Narrowband,0.85,value in Millions,
2017-18,Q4,North East,Urban,Narrowband,0.53,value in Millions,
2017-18,Q4,North East,Rural,Broadband,1.53,value in Millions,
2017-18,Q4,North East,Urban,Broadband,3.03,value in Millions,
2017-18,Q4,North East,Rural,Total,2.38,value in Millions,
2017-18,Q4,North East,Urban,Total,3.56,value in Millions,
2017-18,Q4,Mumbai,Rural,Narrowband,0.12,value in Millions,
2017-18,Q4,Mumbai,Urban,Narrowband,2.66,value in Millions,
2017-18,Q4,Mumbai,Rural,Broadband,0.63,value in Millions,
2017-18,Q4,Mumbai,Urban,Broadband,19.07,value in Millions,
2017-18,Q4,Mumbai,Rural,Total,0.75,value in Millions,
2017-18,Q4,Mumbai,Urban,Total,21.72,value in Millions,
2017-18,Q4,Maharashtra,Rural,Narrowband,2.16,value in Millions,
2017-18,Q4,Maharashtra,Urban,Narrowband,2.6,value in Millions,
2017-18,Q4,Maharashtra,Rural,Broadband,10.63,value in Millions,
2017-18,Q4,Maharashtra,Urban,Broadband,24.12,value in Millions,
2017-18,Q4,Maharashtra,Rural,Total,12.79,value in Millions,
2017-18,Q4,Maharashtra,Urban,Total,26.72,value in Millions,
2017-18,Q4,Madhya Pradesh,Rural,Narrowband,2.37,value in Millions,
2017-18,Q4,Madhya Pradesh,Urban,Narrowband,2.49,value in Millions,
2017-18,Q4,Madhya Pradesh,Rural,Broadband,4.57,value in Millions,
2017-18,Q4,Madhya Pradesh,Urban,Broadband,16.46,value in Millions,
2017-18,Q4,Madhya Pradesh,Rural,Total,6.94,value in Millions,
2017-18,Q4,Madhya Pradesh,Urban,Total,18.95,value in Millions,
2017-18,Q4,Kolkata,Rural,Narrowband,0.13,value in Millions,
2017-18,Q4,Kolkata,Urban,Narrowband,1.81,value in Millions,
2017-18,Q4,Kolkata,Rural,Broadband,0.88,value in Millions,
2017-18,Q4,Kolkata,Urban,Broadband,10.54,value in Millions,
2017-18,Q4,Kolkata,Rural,Total,1.0,value in Millions,
2017-18,Q4,Kolkata,Urban,Total,12.35,value in Millions,
2017-18,Q4,Kerala,Rural,Narrowband,0.9,value in Millions,
2017-18,Q4,Kerala,Urban,Narrowband,1.16,value in Millions,
2017-18,Q4,Kerala,Rural,Broadband,6.6,value in Millions,
2017-18,Q4,Kerala,Urban,Broadband,11.15,value in Millions,
2017-18,Q4,Kerala,Rural,Total,7.49,value in Millions,
2017-18,Q4,Kerala,Urban,Total,12.31,value in Millions,
2017-18,Q4,Karnataka,Rural,Narrowband,1.79,value in Millions,
2017-18,Q4,Karnataka,Urban,Narrowband,2.46,value in Millions,
2017-18,Q4,Karnataka,Rural,Broadband,4.9,value in Millions,
2017-18,Q4,Karnataka,Urban,Broadband,22.99,value in Millions,
2017-18,Q4,Karnataka,Rural,Total,6.69,value in Millions,
2017-18,Q4,Karnataka,Urban,Total,25.45,value in Millions,
2017-18,Q4,Jammu and Kashmir,Rural,Narrowband,0.78,value in Millions,
2017-18,Q4,Jammu and Kashmir,Urban,Narrowband,0.48,value in Millions,
2017-18,Q4,Jammu and Kashmir,Rural,Broadband,1.13,value in Millions,
2017-18,Q4,Jammu and Kashmir,Urban,Broadband,3.41,value in Millions,
2017-18,Q4,Jammu and Kashmir,Rural,Total,1.91,value in Millions,
2017-18,Q4,Jammu and Kashmir,Urban,Total,3.89,value in Millions,
2017-18,Q4,Himachal Pradesh,Rural,Narrowband,0.42,value in Millions,
2017-18,Q4,Himachal Pradesh,Urban,Narrowband,0.26,value in Millions,
2017-18,Q4,Himachal Pradesh,Rural,Broadband,1.62,value in Millions,
2017-18,Q4,Himachal Pradesh,Urban,Broadband,4.64,value in Millions,
2017-18,Q4,Himachal Pradesh,Rural,Total,2.04,value in Millions,
2017-18,Q4,Himachal Pradesh,Urban,Total,4.9,value in Millions,
2017-18,Q4,Haryana,Rural,Narrowband,0.55,value in Millions,
2017-18,Q4,Haryana,Urban,Narrowband,0.5,value in Millions,
2017-18,Q4,Haryana,Rural,Broadband,3.25,value in Millions,
2017-18,Q4,Haryana,Urban,Broadband,4.73,value in Millions,
2017-18,Q4,Haryana,Rural,Total,3.8,value in Millions,
2017-18,Q4,Haryana,Urban,Total,5.22,value in Millions,
2017-18,Q4,Gujarat,Rural,Narrowband,1.35,value in Millions,
2017-18,Q4,Gujarat,Urban,Narrowband,2.03,value in Millions,
2017-18,Q4,Gujarat,Rural,Broadband,6.92,value in Millions,
2017-18,Q4,Gujarat,Urban,Broadband,21.12,value in Millions,
2017-18,Q4,Gujarat,Rural,Total,8.27,value in Millions,
2017-18,Q4,Gujarat,Urban,Total,23.15,value in Millions,
2017-18,Q4,Delhi,Rural,Narrowband,0.24,value in Millions,
2017-18,Q4,Delhi,Urban,Narrowband,3.54,value in Millions,
2017-18,Q4,Delhi,Rural,Broadband,0.48,value in Millions,
2017-18,Q4,Delhi,Urban,Broadband,26.89,value in Millions,
2017-18,Q4,Delhi,Rural,Total,0.72,value in Millions,
2017-18,Q4,Delhi,Urban,Total,30.43,value in Millions,
2017-18,Q4,Bihar,Rural,Narrowband,5.14,value in Millions,
2017-18,Q4,Bihar,Urban,Narrowband,2.74,value in Millions,
2017-18,Q4,Bihar,Rural,Broadband,8.36,value in Millions,
2017-18,Q4,Bihar,Urban,Broadband,12.16,value in Millions,
2017-18,Q4,Bihar,Rural,Total,13.51,value in Millions,
2017-18,Q4,Bihar,Urban,Total,14.9,value in Millions,
2017-18,Q4,Assam,Rural,Narrowband,1.92,value in Millions,
2017-18,Q4,Assam,Urban,Narrowband,0.63,value in Millions,
2017-18,Q4,Assam,Rural,Broadband,3.12,value in Millions,
2017-18,Q4,Assam,Urban,Broadband,4.14,value in Millions,
2017-18,Q4,Assam,Rural,Total,5.04,value in Millions,
2017-18,Q4,Assam,Urban,Total,4.77,value in Millions,
2017-18,Q4,Andhra Pradesh,Rural,Narrowband,2.55,value in Millions,
2017-18,Q4,Andhra Pradesh,Urban,Narrowband,3.0,value in Millions,
2017-18,Q4,Andhra Pradesh,Rural,Broadband,10.28,value in Millions,
2017-18,Q4,Andhra Pradesh,Urban,Broadband,21.79,value in Millions,
2017-18,Q4,Andhra Pradesh,Rural,Total,12.83,value in Millions,
2017-18,Q4,Andhra Pradesh,Urban,Total,24.79,value in Millions,
2017-18,Q3,West Bengal,Rural,Narrowband,2.85,value in Millions,
2017-18,Q3,West Bengal,Urban,Narrowband,1.3,value in Millions,
2017-18,Q3,West Bengal,Rural,Broadband,5.74,value in Millions,
2017-18,Q3,West Bengal,Urban,Broadband,7.49,value in Millions,
2017-18,Q3,West Bengal,Rural,Total,8.59,value in Millions,
2017-18,Q3,West Bengal,Urban,Total,8.79,value in Millions,
2017-18,Q3,Uttar Pradesh West,Rural,Narrowband,2.43,value in Millions,
2017-18,Q3,Uttar Pradesh West,Urban,Narrowband,2.06,value in Millions,
2017-18,Q3,Uttar Pradesh West,Rural,Broadband,4.09,value in Millions,
2017-18,Q3,Uttar Pradesh West,Urban,Broadband,12.96,value in Millions,
2017-18,Q3,Uttar Pradesh West,Rural,Total,6.52,value in Millions,
2017-18,Q3,Uttar Pradesh West,Urban,Total,15.02,value in Millions,
2017-18,Q3,Uttar Pradesh East,Rural,Narrowband,5.15,value in Millions,
2017-18,Q3,Uttar Pradesh East,Urban,Narrowband,3.13,value in Millions,
2017-18,Q3,Uttar Pradesh East,Rural,Broadband,7.79,value in Millions,
2017-18,Q3,Uttar Pradesh East,Urban,Broadband,14.52,value in Millions,
2017-18,Q3,Uttar Pradesh East,Rural,Total,12.94,value in Millions,
2017-18,Q3,Uttar Pradesh East,Urban,Total,17.66,value in Millions,
2017-18,Q3,Total,Rural,Narrowband,38.99,value in Millions,
2017-18,Q3,Total,Urban,Narrowband,44.1,value in Millions,
2017-18,Q3,Total,Rural,Broadband,93.04,value in Millions,
2017-18,Q3,Total,Urban,Broadband,269.82,value in Millions,
2017-18,Q3,Total,Rural,Total,132.03,value in Millions,
2017-18,Q3,Total,Urban,Total,313.92,value in Millions,
2017-18,Q3,Tamil Nadu,Rural,Narrowband,1.86,value in Millions,
2017-18,Q3,Tamil Nadu,Urban,Narrowband,4.29,value in Millions,
2017-18,Q3,Tamil Nadu,Rural,Broadband,6.4,value in Millions,
2017-18,Q3,Tamil Nadu,Urban,Broadband,21.91,value in Millions,
2017-18,Q3,Tamil Nadu,Rural,Total,8.25,value in Millions,
2017-18,Q3,Tamil Nadu,Urban,Total,26.2,value in Millions,
2017-18,Q3,Rajasthan,Rural,Narrowband,2.75,value in Millions,
2017-18,Q3,Rajasthan,Urban,Narrowband,2.49,value in Millions,
2017-18,Q3,Rajasthan,Rural,Broadband,5.48,value in Millions,
2017-18,Q3,Rajasthan,Urban,Broadband,12.77,value in Millions,
2017-18,Q3,Rajasthan,Rural,Total,8.23,value in Millions,
2017-18,Q3,Rajasthan,Urban,Total,15.26,value in Millions,
2017-18,Q3,Punjab,Rural,Narrowband,1.19,value in Millions,
2017-18,Q3,Punjab,Urban,Narrowband,1.4,value in Millions,
2017-18,Q3,Punjab,Rural,Broadband,3.11,value in Millions,
2017-18,Q3,Punjab,Urban,Broadband,11.58,value in Millions,
2017-18,Q3,Punjab,Rural,Total,4.31,value in Millions,
2017-18,Q3,Punjab,Urban,Total,12.97,value in Millions,
2017-18,Q3,Odisha,Rural,Narrowband,1.56,value in Millions,
2017-18,Q3,Odisha,Urban,Narrowband,1.2,value in Millions,
2017-18,Q3,Odisha,Rural,Broadband,3.1,value in Millions,
2017-18,Q3,Odisha,Urban,Broadband,4.58,value in Millions,
2017-18,Q3,Odisha,Rural,Total,4.66,value in Millions,
2017-18,Q3,Odisha,Urban,Total,5.78,value in Millions,
2017-18,Q3,North East,Rural,Narrowband,0.84,value in Millions,
2017-18,Q3,North East,Urban,Narrowband,0.53,value in Millions,
2017-18,Q3,North East,Rural,Broadband,1.36,value in Millions,
2017-18,Q3,North East,Urban,Broadband,2.46,value in Millions,
2017-18,Q3,North East,Rural,Total,2.2,value in Millions,
2017-18,Q3,North East,Urban,Total,2.99,value in Millions,
2017-18,Q3,Mumbai,Rural,Narrowband,0.13,value in Millions,
2017-18,Q3,Mumbai,Urban,Narrowband,2.9,value in Millions,
2017-18,Q3,Mumbai,Rural,Broadband,0.53,value in Millions,
2017-18,Q3,Mumbai,Urban,Broadband,17.67,value in Millions,
2017-18,Q3,Mumbai,Rural,Total,0.65,value in Millions,
2017-18,Q3,Mumbai,Urban,Total,20.57,value in Millions,
2017-18,Q3,Maharashtra,Rural,Narrowband,2.42,value in Millions,
2017-18,Q3,Maharashtra,Urban,Narrowband,2.95,value in Millions,
2017-18,Q3,Maharashtra,Rural,Broadband,9.55,value in Millions,
2017-18,Q3,Maharashtra,Urban,Broadband,22.19,value in Millions,
2017-18,Q3,Maharashtra,Rural,Total,11.98,value in Millions,
2017-18,Q3,Maharashtra,Urban,Total,25.14,value in Millions,
2017-18,Q3,Madhya Pradesh,Rural,Narrowband,2.21,value in Millions,
2017-18,Q3,Madhya Pradesh,Urban,Narrowband,2.32,value in Millions,
2017-18,Q3,Madhya Pradesh,Rural,Broadband,4.03,value in Millions,
2017-18,Q3,Madhya Pradesh,Urban,Broadband,14.62,value in Millions,
2017-18,Q3,Madhya Pradesh,Rural,Total,6.24,value in Millions,
2017-18,Q3,Madhya Pradesh,Urban,Total,16.94,value in Millions,
2017-18,Q3,Kolkata,Rural,Narrowband,0.12,value in Millions,
2017-18,Q3,Kolkata,Urban,Narrowband,1.89,value in Millions,
2017-18,Q3,Kolkata,Rural,Broadband,0.78,value in Millions,
2017-18,Q3,Kolkata,Urban,Broadband,9.43,value in Millions,
2017-18,Q3,Kolkata,Rural,Total,0.9,value in Millions,
2017-18,Q3,Kolkata,Urban,Total,11.32,value in Millions,
2017-18,Q3,Kerala,Rural,Narrowband,0.95,value in Millions,
2017-18,Q3,Kerala,Urban,Narrowband,1.36,value in Millions,
2017-18,Q3,Kerala,Rural,Broadband,6.17,value in Millions,
2017-18,Q3,Kerala,Urban,Broadband,10.45,value in Millions,
2017-18,Q3,Kerala,Rural,Total,7.11,value in Millions,
2017-18,Q3,Kerala,Urban,Total,11.82,value in Millions,
2017-18,Q3,Karnataka,Rural,Narrowband,1.83,value in Millions,
2017-18,Q3,Karnataka,Urban,Narrowband,2.7,value in Millions,
2017-18,Q3,Karnataka,Rural,Broadband,4.59,value in Millions,
2017-18,Q3,Karnataka,Urban,Broadband,20.84,value in Millions,
2017-18,Q3,Karnataka,Rural,Total,6.42,value in Millions,
2017-18,Q3,Karnataka,Urban,Total,23.54,value in Millions,
2017-18,Q3,Jammu and Kashmir,Rural,Narrowband,0.76,value in Millions,
2017-18,Q3,Jammu and Kashmir,Urban,Narrowband,0.46,value in Millions,
2017-18,Q3,Jammu and Kashmir,Rural,Broadband,1.0,value in Millions,
2017-18,Q3,Jammu and Kashmir,Urban,Broadband,2.81,value in Millions,
2017-18,Q3,Jammu and Kashmir,Rural,Total,1.75,value in Millions,
2017-18,Q3,Jammu and Kashmir,Urban,Total,3.27,value in Millions,
2017-18,Q3,Himachal Pradesh,Rural,Narrowband,0.48,value in Millions,
2017-18,Q3,Himachal Pradesh,Urban,Narrowband,0.32,value in Millions,
2017-18,Q3,Himachal Pradesh,Rural,Broadband,1.53,value in Millions,
2017-18,Q3,Himachal Pradesh,Urban,Broadband,1.57,value in Millions,
2017-18,Q3,Himachal Pradesh,Rural,Total,2.01,value in Millions,
2017-18,Q3,Himachal Pradesh,Urban,Total,1.88,value in Millions,
2017-18,Q3,Haryana,Rural,Narrowband,0.78,value in Millions,
2017-18,Q3,Haryana,Urban,Narrowband,0.56,value in Millions,
2017-18,Q3,Haryana,Rural,Broadband,2.81,value in Millions,
2017-18,Q3,Haryana,Urban,Broadband,6.51,value in Millions,
2017-18,Q3,Haryana,Rural,Total,3.59,value in Millions,
2017-18,Q3,Haryana,Urban,Total,7.06,value in Millions,
2017-18,Q3,Gujarat,Rural,Narrowband,1.48,value in Millions,
2017-18,Q3,Gujarat,Urban,Narrowband,2.28,value in Millions,
2017-18,Q3,Gujarat,Rural,Broadband,6.25,value in Millions,
2017-18,Q3,Gujarat,Urban,Broadband,18.78,value in Millions,
2017-18,Q3,Gujarat,Rural,Total,7.73,value in Millions,
2017-18,Q3,Gujarat,Urban,Total,21.07,value in Millions,
2017-18,Q3,Delhi,Rural,Narrowband,0.24,value in Millions,
2017-18,Q3,Delhi,Urban,Narrowband,3.5,value in Millions,
2017-18,Q3,Delhi,Rural,Broadband,0.45,value in Millions,
2017-18,Q3,Delhi,Urban,Broadband,24.02,value in Millions,
2017-18,Q3,Delhi,Rural,Total,0.69,value in Millions,
2017-18,Q3,Delhi,Urban,Total,27.52,value in Millions,
2017-18,Q3,Bihar,Rural,Narrowband,4.29,value in Millions,
2017-18,Q3,Bihar,Urban,Narrowband,2.57,value in Millions,
2017-18,Q3,Bihar,Rural,Broadband,6.75,value in Millions,
2017-18,Q3,Bihar,Urban,Broadband,10.01,value in Millions,
2017-18,Q3,Bihar,Rural,Total,11.05,value in Millions,
2017-18,Q3,Bihar,Urban,Total,12.58,value in Millions,
2017-18,Q3,Assam,Rural,Narrowband,2.02,value in Millions,
2017-18,Q3,Assam,Urban,Narrowband,0.64,value in Millions,
2017-18,Q3,Assam,Rural,Broadband,2.51,value in Millions,
2017-18,Q3,Assam,Urban,Broadband,3.29,value in Millions,
2017-18,Q3,Assam,Rural,Total,4.53,value in Millions,
2017-18,Q3,Assam,Urban,Total,3.94,value in Millions,
2017-18,Q3,Andhra Pradesh,Rural,Narrowband,2.66,value in Millions,
2017-18,Q3,Andhra Pradesh,Urban,Narrowband,3.24,value in Millions,
2017-18,Q3,Andhra Pradesh,Rural,Broadband,9.02,value in Millions,
2017-18,Q3,Andhra Pradesh,Urban,Broadband,19.38,value in Millions,
2017-18,Q3,Andhra Pradesh,Rural,Total,11.67,value in Millions,
2017-18,Q3,Andhra Pradesh,Urban,Total,22.62,value in Millions,
2017-18,Q2,West Bengal,Rural,Narrowband,3.73,value in Millions,
2017-18,Q2,West Bengal,Urban,Narrowband,1.27,value in Millions,
2017-18,Q2,West Bengal,Rural,Broadband,5.14,value in Millions,
2017-18,Q2,West Bengal,Urban,Broadband,6.69,value in Millions,
2017-18,Q2,West Bengal,Rural,Total,8.87,value in Millions,
2017-18,Q2,West Bengal,Urban,Total,7.96,value in Millions,
2017-18,Q2,Uttar Pradesh West,Rural,Narrowband,3.25,value in Millions,
2017-18,Q2,Uttar Pradesh West,Urban,Narrowband,2.86,value in Millions,
2017-18,Q2,Uttar Pradesh West,Rural,Broadband,3.34,value in Millions,
2017-18,Q2,Uttar Pradesh West,Urban,Broadband,12.03,value in Millions,
2017-18,Q2,Uttar Pradesh West,Rural,Total,6.59,value in Millions,
2017-18,Q2,Uttar Pradesh West,Urban,Total,14.89,value in Millions,
2017-18,Q2,Uttar Pradesh East,Rural,Narrowband,6.02,value in Millions,
2017-18,Q2,Uttar Pradesh East,Urban,Narrowband,3.91,value in Millions,
2017-18,Q2,Uttar Pradesh East,Rural,Broadband,6.69,value in Millions,
2017-18,Q2,Uttar Pradesh East,Urban,Broadband,11.84,value in Millions,
2017-18,Q2,Uttar Pradesh East,Rural,Total,12.71,value in Millions,
2017-18,Q2,Uttar Pradesh East,Urban,Total,15.75,value in Millions,
2017-18,Q2,Total,Rural,Narrowband,47.19,value in Millions,
2017-18,Q2,Total,Urban,Narrowband,57.16,value in Millions,
2017-18,Q2,Total,Rural,Broadband,82.22,value in Millions,
2017-18,Q2,Total,Urban,Broadband,242.67,value in Millions,
2017-18,Q2,Total,Rural,Total,129.41,value in Millions,
2017-18,Q2,Total,Urban,Total,299.83,value in Millions,
2017-18,Q2,Tamil Nadu,Rural,Narrowband,2.58,value in Millions,
2017-18,Q2,Tamil Nadu,Urban,Narrowband,5.68,value in Millions,
2017-18,Q2,Tamil Nadu,Rural,Broadband,5.99,value in Millions,
2017-18,Q2,Tamil Nadu,Urban,Broadband,20.22,value in Millions,
2017-18,Q2,Tamil Nadu,Rural,Total,8.57,value in Millions,
2017-18,Q2,Tamil Nadu,Urban,Total,25.9,value in Millions,
2017-18,Q2,Rajasthan,Rural,Narrowband,2.9,value in Millions,
2017-18,Q2,Rajasthan,Urban,Narrowband,3.26,value in Millions,
2017-18,Q2,Rajasthan,Rural,Broadband,4.9,value in Millions,
2017-18,Q2,Rajasthan,Urban,Broadband,10.61,value in Millions,
2017-18,Q2,Rajasthan,Rural,Total,7.81,value in Millions,
2017-18,Q2,Rajasthan,Urban,Total,13.87,value in Millions,
2017-18,Q2,Punjab,Rural,Narrowband,1.47,value in Millions,
2017-18,Q2,Punjab,Urban,Narrowband,2.07,value in Millions,
2017-18,Q2,Punjab,Rural,Broadband,2.69,value in Millions,
2017-18,Q2,Punjab,Urban,Broadband,10.3,value in Millions,
2017-18,Q2,Punjab,Rural,Total,4.16,value in Millions,
2017-18,Q2,Punjab,Urban,Total,12.37,value in Millions,
2017-18,Q2,Odisha,Rural,Narrowband,1.85,value in Millions,
2017-18,Q2,Odisha,Urban,Narrowband,1.39,value in Millions,
2017-18,Q2,Odisha,Rural,Broadband,2.66,value in Millions,
2017-18,Q2,Odisha,Urban,Broadband,3.95,value in Millions,
2017-18,Q2,Odisha,Rural,Total,4.51,value in Millions,
2017-18,Q2,Odisha,Urban,Total,5.34,value in Millions,
2017-18,Q2,North East,Rural,Narrowband,1.01,value in Millions,
2017-18,Q2,North East,Urban,Narrowband,0.62,value in Millions,
2017-18,Q2,North East,Rural,Broadband,1.29,value in Millions,
2017-18,Q2,North East,Urban,Broadband,3.31,value in Millions,
2017-18,Q2,North East,Rural,Total,2.29,value in Millions,
2017-18,Q2,North East,Urban,Total,3.93,value in Millions,
2017-18,Q2,Mumbai,Rural,Narrowband,0.13,value in Millions,
2017-18,Q2,Mumbai,Urban,Narrowband,3.58,value in Millions,
2017-18,Q2,Mumbai,Rural,Broadband,0.46,value in Millions,
2017-18,Q2,Mumbai,Urban,Broadband,15.31,value in Millions,
2017-18,Q2,Mumbai,Rural,Total,0.6,value in Millions,
2017-18,Q2,Mumbai,Urban,Total,18.89,value in Millions,
2017-18,Q2,Maharashtra,Rural,Narrowband,2.97,value in Millions,
2017-18,Q2,Maharashtra,Urban,Narrowband,4.13,value in Millions,
2017-18,Q2,Maharashtra,Rural,Broadband,8.34,value in Millions,
2017-18,Q2,Maharashtra,Urban,Broadband,19.56,value in Millions,
2017-18,Q2,Maharashtra,Rural,Total,11.31,value in Millions,
2017-18,Q2,Maharashtra,Urban,Total,23.69,value in Millions,
2017-18,Q2,Madhya Pradesh,Rural,Narrowband,2.3,value in Millions,
2017-18,Q2,Madhya Pradesh,Urban,Narrowband,3.08,value in Millions,
2017-18,Q2,Madhya Pradesh,Rural,Broadband,3.48,value in Millions,
2017-18,Q2,Madhya Pradesh,Urban,Broadband,12.98,value in Millions,
2017-18,Q2,Madhya Pradesh,Rural,Total,5.78,value in Millions,
2017-18,Q2,Madhya Pradesh,Urban,Total,16.06,value in Millions,
2017-18,Q2,Kolkata,Rural,Narrowband,0.6,value in Millions,
2017-18,Q2,Kolkata,Urban,Narrowband,2.48,value in Millions,
2017-18,Q2,Kolkata,Rural,Broadband,0.71,value in Millions,
2017-18,Q2,Kolkata,Urban,Broadband,8.44,value in Millions,
2017-18,Q2,Kolkata,Rural,Total,1.31,value in Millions,
2017-18,Q2,Kolkata,Urban,Total,10.93,value in Millions,
2017-18,Q2,Kerala,Rural,Narrowband,1.26,value in Millions,
2017-18,Q2,Kerala,Urban,Narrowband,1.85,value in Millions,
2017-18,Q2,Kerala,Rural,Broadband,5.72,value in Millions,
2017-18,Q2,Kerala,Urban,Broadband,9.84,value in Millions,
2017-18,Q2,Kerala,Rural,Total,6.98,value in Millions,
2017-18,Q2,Kerala,Urban,Total,11.69,value in Millions,
2017-18,Q2,Karnataka,Rural,Narrowband,2.01,value in Millions,
2017-18,Q2,Karnataka,Urban,Narrowband,3.51,value in Millions,
2017-18,Q2,Karnataka,Rural,Broadband,4.33,value in Millions,
2017-18,Q2,Karnataka,Urban,Broadband,19.25,value in Millions,
2017-18,Q2,Karnataka,Rural,Total,6.35,value in Millions,
2017-18,Q2,Karnataka,Urban,Total,22.76,value in Millions,
2017-18,Q2,Jammu and Kashmir,Rural,Narrowband,0.85,value in Millions,
2017-18,Q2,Jammu and Kashmir,Urban,Narrowband,0.6,value in Millions,
2017-18,Q2,Jammu and Kashmir,Rural,Broadband,0.92,value in Millions,
2017-18,Q2,Jammu and Kashmir,Urban,Broadband,2.41,value in Millions,
2017-18,Q2,Jammu and Kashmir,Rural,Total,1.77,value in Millions,
2017-18,Q2,Jammu and Kashmir,Urban,Total,3.01,value in Millions,
2017-18,Q2,Himachal Pradesh,Rural,Narrowband,0.58,value in Millions,
2017-18,Q2,Himachal Pradesh,Urban,Narrowband,0.44,value in Millions,
2017-18,Q2,Himachal Pradesh,Rural,Broadband,1.42,value in Millions,
2017-18,Q2,Himachal Pradesh,Urban,Broadband,1.69,value in Millions,
2017-18,Q2,Himachal Pradesh,Rural,Total,2.0,value in Millions,
2017-18,Q2,Himachal Pradesh,Urban,Total,2.13,value in Millions,
2017-18,Q2,Haryana,Rural,Narrowband,0.77,value in Millions,
2017-18,Q2,Haryana,Urban,Narrowband,1.08,value in Millions,
2017-18,Q2,Haryana,Rural,Broadband,2.32,value in Millions,
2017-18,Q2,Haryana,Urban,Broadband,5.76,value in Millions,
2017-18,Q2,Haryana,Rural,Total,3.08,value in Millions,
2017-18,Q2,Haryana,Urban,Total,6.84,value in Millions,
2017-18,Q2,Gujarat,Rural,Narrowband,1.91,value in Millions,
2017-18,Q2,Gujarat,Urban,Narrowband,2.72,value in Millions,
2017-18,Q2,Gujarat,Rural,Broadband,5.52,value in Millions,
2017-18,Q2,Gujarat,Urban,Broadband,16.52,value in Millions,
2017-18,Q2,Gujarat,Rural,Total,7.42,value in Millions,
2017-18,Q2,Gujarat,Urban,Total,19.24,value in Millions,
2017-18,Q2,Delhi,Rural,Narrowband,0.26,value in Millions,
2017-18,Q2,Delhi,Urban,Narrowband,4.42,value in Millions,
2017-18,Q2,Delhi,Rural,Broadband,0.47,value in Millions,
2017-18,Q2,Delhi,Urban,Broadband,22.98,value in Millions,
2017-18,Q2,Delhi,Rural,Total,0.73,value in Millions,
2017-18,Q2,Delhi,Urban,Total,27.4,value in Millions,
2017-18,Q2,Bihar,Rural,Narrowband,5.33,value in Millions,
2017-18,Q2,Bihar,Urban,Narrowband,3.1,value in Millions,
2017-18,Q2,Bihar,Rural,Broadband,5.56,value in Millions,
2017-18,Q2,Bihar,Urban,Broadband,8.76,value in Millions,
2017-18,Q2,Bihar,Rural,Total,10.89,value in Millions,
2017-18,Q2,Bihar,Urban,Total,11.86,value in Millions,
2017-18,Q2,Assam,Rural,Narrowband,2.29,value in Millions,
2017-18,Q2,Assam,Urban,Narrowband,0.73,value in Millions,
2017-18,Q2,Assam,Rural,Broadband,2.29,value in Millions,
2017-18,Q2,Assam,Urban,Broadband,3.12,value in Millions,
2017-18,Q2,Assam,Rural,Total,4.58,value in Millions,
2017-18,Q2,Assam,Urban,Total,3.85,value in Millions,
2017-18,Q2,Andhra Pradesh,Rural,Narrowband,3.1,value in Millions,
2017-18,Q2,Andhra Pradesh,Urban,Narrowband,4.37,value in Millions,
2017-18,Q2,Andhra Pradesh,Rural,Broadband,7.99,value in Millions,
2017-18,Q2,Andhra Pradesh,Urban,Broadband,17.11,value in Millions,
2017-18,Q2,Andhra Pradesh,Rural,Total,11.1,value in Millions,
2017-18,Q2,Andhra Pradesh,Urban,Total,21.47,value in Millions,
2017-18,Q1,West Bengal,Rural,Narrowband,3.85,value in Millions,
2017-18,Q1,West Bengal,Urban,Narrowband,1.28,value in Millions,
2017-18,Q1,West Bengal,Rural,Broadband,4.88,value in Millions,
2017-18,Q1,West Bengal,Urban,Broadband,6.26,value in Millions,
2017-18,Q1,West Bengal,Rural,Total,8.74,value in Millions,
2017-18,Q1,West Bengal,Urban,Total,7.54,value in Millions,
2017-18,Q1,Uttar Pradesh West,Rural,Narrowband,4.25,value in Millions,
2017-18,Q1,Uttar Pradesh West,Urban,Narrowband,3.96,value in Millions,
2017-18,Q1,Uttar Pradesh West,Rural,Broadband,2.92,value in Millions,
2017-18,Q1,Uttar Pradesh West,Urban,Broadband,11.15,value in Millions,
2017-18,Q1,Uttar Pradesh West,Rural,Total,7.17,value in Millions,
2017-18,Q1,Uttar Pradesh West,Urban,Total,15.1,value in Millions,
2017-18,Q1,Uttar Pradesh East,Rural,Narrowband,7.49,value in Millions,
2017-18,Q1,Uttar Pradesh East,Urban,Narrowband,5.15,value in Millions,
2017-18,Q1,Uttar Pradesh East,Rural,Broadband,6.38,value in Millions,
2017-18,Q1,Uttar Pradesh East,Urban,Broadband,10.52,value in Millions,
2017-18,Q1,Uttar Pradesh East,Rural,Total,13.88,value in Millions,
2017-18,Q1,Uttar Pradesh East,Urban,Total,15.66,value in Millions,
2017-18,Q1,Tamil Nadu,Rural,Narrowband,3.22,value in Millions,
2017-18,Q1,Tamil Nadu,Urban,Narrowband,6.14,value in Millions,
2017-18,Q1,Tamil Nadu,Rural,Broadband,5.8,value in Millions,
2017-18,Q1,Tamil Nadu,Urban,Broadband,18.73,value in Millions,
2017-18,Q1,Tamil Nadu,Rural,Total,9.02,value in Millions,
2017-18,Q1,Tamil Nadu,Urban,Total,24.86,value in Millions,
2017-18,Q1,Rajasthan,Rural,Narrowband,4.25,value in Millions,
2017-18,Q1,Rajasthan,Urban,Narrowband,3.95,value in Millions,
2017-18,Q1,Rajasthan,Rural,Broadband,4.74,value in Millions,
2017-18,Q1,Rajasthan,Urban,Broadband,9.46,value in Millions,
2017-18,Q1,Rajasthan,Rural,Total,8.99,value in Millions,
2017-18,Q1,Rajasthan,Urban,Total,13.41,value in Millions,
2017-18,Q1,Punjab,Rural,Narrowband,1.94,value in Millions,
2017-18,Q1,Punjab,Urban,Narrowband,2.44,value in Millions,
2017-18,Q1,Punjab,Rural,Broadband,2.75,value in Millions,
2017-18,Q1,Punjab,Urban,Broadband,9.37,value in Millions,
2017-18,Q1,Punjab,Rural,Total,4.69,value in Millions,
2017-18,Q1,Punjab,Urban,Total,11.82,value in Millions,
2017-18,Q1,Odisha,Rural,Narrowband,2.68,value in Millions,
2017-18,Q1,Odisha,Urban,Narrowband,1.64,value in Millions,
2017-18,Q1,Odisha,Rural,Broadband,2.21,value in Millions,
2017-18,Q1,Odisha,Urban,Broadband,3.8,value in Millions,
2017-18,Q1,Odisha,Rural,Total,4.89,value in Millions,
2017-18,Q1,Odisha,Urban,Total,5.44,value in Millions,
2017-18,Q1,North East,Rural,Narrowband,1.14,value in Millions,
2017-18,Q1,North East,Urban,Narrowband,0.7,value in Millions,
2017-18,Q1,North East,Rural,Broadband,1.25,value in Millions,
2017-18,Q1,North East,Urban,Broadband,3.21,value in Millions,
2017-18,Q1,North East,Rural,Total,2.39,value in Millions,
2017-18,Q1,North East,Urban,Total,3.91,value in Millions,
2017-18,Q1,Mumbai,Rural,Narrowband,0.13,value in Millions,
2017-18,Q1,Mumbai,Urban,Narrowband,4.2,value in Millions,
2017-18,Q1,Mumbai,Rural,Broadband,0.38,value in Millions,
2017-18,Q1,Mumbai,Urban,Broadband,14.26,value in Millions,
2017-18,Q1,Mumbai,Rural,Total,0.51,value in Millions,
2017-18,Q1,Mumbai,Urban,Total,18.46,value in Millions,
2017-18,Q1,Maharashtra,Rural,Narrowband,4.08,value in Millions,
2017-18,Q1,Maharashtra,Urban,Narrowband,5.61,value in Millions,
2017-18,Q1,Maharashtra,Rural,Broadband,7.55,value in Millions,
2017-18,Q1,Maharashtra,Urban,Broadband,18.22,value in Millions,
2017-18,Q1,Maharashtra,Rural,Total,11.63,value in Millions,
2017-18,Q1,Maharashtra,Urban,Total,23.84,value in Millions,
2017-18,Q1,Madhya Pradesh,Rural,Narrowband,4.07,value in Millions,
2017-18,Q1,Madhya Pradesh,Urban,Narrowband,3.92,value in Millions,
2017-18,Q1,Madhya Pradesh,Rural,Broadband,3.08,value in Millions,
2017-18,Q1,Madhya Pradesh,Urban,Broadband,12.74,value in Millions,
2017-18,Q1,Madhya Pradesh,Rural,Total,7.15,value in Millions,
2017-18,Q1,Madhya Pradesh,Urban,Total,16.66,value in Millions,
2017-18,Q1,Kolkata,Rural,Narrowband,0.16,value in Millions,
2017-18,Q1,Kolkata,Urban,Narrowband,2.99,value in Millions,
2017-18,Q1,Kolkata,Rural,Broadband,0.63,value in Millions,
2017-18,Q1,Kolkata,Urban,Broadband,8.06,value in Millions,
2017-18,Q1,Kolkata,Rural,Total,0.79,value in Millions,
2017-18,Q1,Kolkata,Urban,Total,11.05,value in Millions,
2017-18,Q1,Kerala,Rural,Narrowband,1.58,value in Millions,
2017-18,Q1,Kerala,Urban,Narrowband,1.99,value in Millions,
2017-18,Q1,Kerala,Rural,Broadband,5.25,value in Millions,
2017-18,Q1,Kerala,Urban,Broadband,8.48,value in Millions,
2017-18,Q1,Kerala,Rural,Total,6.83,value in Millions,
2017-18,Q1,Kerala,Urban,Total,10.48,value in Millions,
2017-18,Q1,Karnataka,Rural,Narrowband,2.59,value in Millions,
2017-18,Q1,Karnataka,Urban,Narrowband,3.92,value in Millions,
2017-18,Q1,Karnataka,Rural,Broadband,4.02,value in Millions,
2017-18,Q1,Karnataka,Urban,Broadband,17.42,value in Millions,
2017-18,Q1,Karnataka,Rural,Total,6.62,value in Millions,
2017-18,Q1,Karnataka,Urban,Total,21.34,value in Millions,
2017-18,Q1,Jammu and Kashmir,Rural,Narrowband,0.93,value in Millions,
2017-18,Q1,Jammu and Kashmir,Urban,Narrowband,0.65,value in Millions,
2017-18,Q1,Jammu and Kashmir,Rural,Broadband,0.88,value in Millions,
2017-18,Q1,Jammu and Kashmir,Urban,Broadband,2.04,value in Millions,
2017-18,Q1,Jammu and Kashmir,Rural,Total,1.81,value in Millions,
2017-18,Q1,Jammu and Kashmir,Urban,Total,2.69,value in Millions,
2017-18,Q1,Himachal Pradesh,Rural,Narrowband,0.64,value in Millions,
2017-18,Q1,Himachal Pradesh,Urban,Narrowband,0.55,value in Millions,
2017-18,Q1,Himachal Pradesh,Rural,Broadband,1.36,value in Millions,
2017-18,Q1,Himachal Pradesh,Urban,Broadband,1.18,value in Millions,
2017-18,Q1,Himachal Pradesh,Rural,Total,2.01,value in Millions,
2017-18,Q1,Himachal Pradesh,Urban,Total,1.74,value in Millions,
2017-18,Q1,Haryana,Rural,Narrowband,1.36,value in Millions,
2017-18,Q1,Haryana,Urban,Narrowband,1.15,value in Millions,
2017-18,Q1,Haryana,Rural,Broadband,2.59,value in Millions,
2017-18,Q1,Haryana,Urban,Broadband,4.86,value in Millions,
2017-18,Q1,Haryana,Rural,Total,3.95,value in Millions,
2017-18,Q1,Haryana,Urban,Total,6.01,value in Millions,
2017-18,Q1,Gujarat,Rural,Narrowband,2.89,value in Millions,
2017-18,Q1,Gujarat,Urban,Narrowband,4.22,value in Millions,
2017-18,Q1,Gujarat,Rural,Broadband,4.97,value in Millions,
2017-18,Q1,Gujarat,Urban,Broadband,14.94,value in Millions,
2017-18,Q1,Gujarat,Rural,Total,7.86,value in Millions,
2017-18,Q1,Gujarat,Urban,Total,19.15,value in Millions,
2017-18,Q1,Delhi,Rural,Narrowband,0.26,value in Millions,
2017-18,Q1,Delhi,Urban,Narrowband,5.06,value in Millions,
2017-18,Q1,Delhi,Rural,Broadband,0.4,value in Millions,
2017-18,Q1,Delhi,Urban,Broadband,22.11,value in Millions,
2017-18,Q1,Delhi,Rural,Total,0.66,value in Millions,
2017-18,Q1,Delhi,Urban,Total,27.17,value in Millions,
2017-18,Q1,Bihar,Rural,Narrowband,6.64,value in Millions,
2017-18,Q1,Bihar,Urban,Narrowband,3.75,value in Millions,
2017-18,Q1,Bihar,Rural,Broadband,4.87,value in Millions,
2017-18,Q1,Bihar,Urban,Broadband,8.53,value in Millions,
2017-18,Q1,Bihar,Rural,Total,11.51,value in Millions,
2017-18,Q1,Bihar,Urban,Total,12.28,value in Millions,
2017-18,Q1,Assam,Rural,Narrowband,2.31,value in Millions,
2017-18,Q1,Assam,Urban,Narrowband,0.77,value in Millions,
2017-18,Q1,Assam,Rural,Broadband,2.06,value in Millions,
2017-18,Q1,Assam,Urban,Broadband,3.14,value in Millions,
2017-18,Q1,Assam,Rural,Total,4.38,value in Millions,
2017-18,Q1,Assam,Urban,Total,3.91,value in Millions,
2017-18,Q1,Andhra Pradesh,Rural,Narrowband,4.23,value in Millions,
2017-18,Q1,Andhra Pradesh,Urban,Narrowband,5.62,value in Millions,
2017-18,Q1,Andhra Pradesh,Rural,Broadband,7.68,value in Millions,
2017-18,Q1,Andhra Pradesh,Urban,Broadband,15.68,value in Millions,
2017-18,Q1,Andhra Pradesh,Rural,Total,11.92,value in Millions,
2017-18,Q1,Andhra Pradesh,Urban,Total,21.3,value in Millions,
2016-17,Q4,West Bengal,Rural,Narrowband,4.17,value in Millions,
2016-17,Q4,West Bengal,Urban,Narrowband,1.51,value in Millions,
2016-17,Q4,West Bengal,Rural,Broadband,4.63,value in Millions,
2016-17,Q4,West Bengal,Urban,Broadband,6.28,value in Millions,
2016-17,Q4,West Bengal,Rural,Total,8.8,value in Millions,
2016-17,Q4,West Bengal,Urban,Total,7.78,value in Millions,
2016-17,Q4,Uttar Pradesh West,Rural,Narrowband,4.4,value in Millions,
2016-17,Q4,Uttar Pradesh West,Urban,Narrowband,4.12,value in Millions,
2016-17,Q4,Uttar Pradesh West,Rural,Broadband,2.7,value in Millions,
2016-17,Q4,Uttar Pradesh West,Urban,Broadband,8.71,value in Millions,
2016-17,Q4,Uttar Pradesh West,Rural,Total,7.1,value in Millions,
2016-17,Q4,Uttar Pradesh West,Urban,Total,12.83,value in Millions,
2016-17,Q4,Uttar Pradesh East,Rural,Narrowband,7.87,value in Millions,
2016-17,Q4,Uttar Pradesh East,Urban,Narrowband,5.63,value in Millions,
2016-17,Q4,Uttar Pradesh East,Rural,Broadband,5.54,value in Millions,
2016-17,Q4,Uttar Pradesh East,Urban,Broadband,9.55,value in Millions,
2016-17,Q4,Uttar Pradesh East,Rural,Total,13.41,value in Millions,
2016-17,Q4,Uttar Pradesh East,Urban,Total,15.18,value in Millions,
2016-17,Q4,Tamil Nadu,Rural,Narrowband,2.66,value in Millions,
2016-17,Q4,Tamil Nadu,Urban,Narrowband,6.89,value in Millions,
2016-17,Q4,Tamil Nadu,Rural,Broadband,5.42,value in Millions,
2016-17,Q4,Tamil Nadu,Urban,Broadband,17.35,value in Millions,
2016-17,Q4,Tamil Nadu,Rural,Total,8.08,value in Millions,
2016-17,Q4,Tamil Nadu,Urban,Total,24.24,value in Millions,
2016-17,Q4,Rajasthan,Rural,Narrowband,4.46,value in Millions,
2016-17,Q4,Rajasthan,Urban,Narrowband,4.36,value in Millions,
2016-17,Q4,Rajasthan,Rural,Broadband,4.25,value in Millions,
2016-17,Q4,Rajasthan,Urban,Broadband,8.48,value in Millions,
2016-17,Q4,Rajasthan,Rural,Total,8.71,value in Millions,
2016-17,Q4,Rajasthan,Urban,Total,12.84,value in Millions,
2016-17,Q4,Punjab,Rural,Narrowband,2.04,value in Millions,
2016-17,Q4,Punjab,Urban,Narrowband,2.85,value in Millions,
2016-17,Q4,Punjab,Rural,Broadband,2.64,value in Millions,
2016-17,Q4,Punjab,Urban,Broadband,9.12,value in Millions,
2016-17,Q4,Punjab,Rural,Total,4.67,value in Millions,
2016-17,Q4,Punjab,Urban,Total,11.97,value in Millions,
2016-17,Q4,Odisha,Rural,Narrowband,2.86,value in Millions,
2016-17,Q4,Odisha,Urban,Narrowband,1.64,value in Millions,
2016-17,Q4,Odisha,Rural,Broadband,2.07,value in Millions,
2016-17,Q4,Odisha,Urban,Broadband,3.94,value in Millions,
2016-17,Q4,Odisha,Rural,Total,4.93,value in Millions,
2016-17,Q4,Odisha,Urban,Total,5.58,value in Millions,
2016-17,Q4,North East,Rural,Narrowband,1.09,value in Millions,
2016-17,Q4,North East,Urban,Narrowband,0.74,value in Millions,
2016-17,Q4,North East,Rural,Broadband,1.13,value in Millions,
2016-17,Q4,North East,Urban,Broadband,1.79,value in Millions,
2016-17,Q4,North East,Rural,Total,2.22,value in Millions,
2016-17,Q4,North East,Urban,Total,2.53,value in Millions,
2016-17,Q4,Mumbai,Rural,Narrowband,0.15,value in Millions,
2016-17,Q4,Mumbai,Urban,Narrowband,4.54,value in Millions,
2016-17,Q4,Mumbai,Rural,Broadband,0.36,value in Millions,
2016-17,Q4,Mumbai,Urban,Broadband,14.52,value in Millions,
2016-17,Q4,Mumbai,Rural,Total,0.5,value in Millions,
2016-17,Q4,Mumbai,Urban,Total,19.06,value in Millions,
2016-17,Q4,Maharashtra,Rural,Narrowband,5.07,value in Millions,
2016-17,Q4,Maharashtra,Urban,Narrowband,7.52,value in Millions,
2016-17,Q4,Maharashtra,Rural,Broadband,6.68,value in Millions,
2016-17,Q4,Maharashtra,Urban,Broadband,16.68,value in Millions,
2016-17,Q4,Maharashtra,Rural,Total,11.75,value in Millions,
2016-17,Q4,Maharashtra,Urban,Total,24.2,value in Millions,
2016-17,Q4,Madhya Pradesh,Rural,Narrowband,4.7,value in Millions,
2016-17,Q4,Madhya Pradesh,Urban,Narrowband,5.03,value in Millions,
2016-17,Q4,Madhya Pradesh,Rural,Broadband,2.99,value in Millions,
2016-17,Q4,Madhya Pradesh,Urban,Broadband,12.04,value in Millions,
2016-17,Q4,Madhya Pradesh,Rural,Total,7.7,value in Millions,
2016-17,Q4,Madhya Pradesh,Urban,Total,17.07,value in Millions,
2016-17,Q4,Kolkata,Rural,Narrowband,0.16,value in Millions,
2016-17,Q4,Kolkata,Urban,Narrowband,3.24,value in Millions,
2016-17,Q4,Kolkata,Rural,Broadband,0.6,value in Millions,
2016-17,Q4,Kolkata,Urban,Broadband,7.66,value in Millions,
2016-17,Q4,Kolkata,Rural,Total,0.76,value in Millions,
2016-17,Q4,Kolkata,Urban,Total,10.9,value in Millions,
2016-17,Q4,Kerala,Rural,Narrowband,1.73,value in Millions,
2016-17,Q4,Kerala,Urban,Narrowband,2.22,value in Millions,
2016-17,Q4,Kerala,Rural,Broadband,4.99,value in Millions,
2016-17,Q4,Kerala,Urban,Broadband,7.61,value in Millions,
2016-17,Q4,Kerala,Rural,Total,6.72,value in Millions,
2016-17,Q4,Kerala,Urban,Total,9.83,value in Millions,
2016-17,Q4,Karnataka,Rural,Narrowband,2.74,value in Millions,
2016-17,Q4,Karnataka,Urban,Narrowband,4.54,value in Millions,
2016-17,Q4,Karnataka,Rural,Broadband,3.63,value in Millions,
2016-17,Q4,Karnataka,Urban,Broadband,15.95,value in Millions,
2016-17,Q4,Karnataka,Rural,Total,6.37,value in Millions,
2016-17,Q4,Karnataka,Urban,Total,20.5,value in Millions,
2016-17,Q4,Jammu and Kashmir,Rural,Narrowband,0.96,value in Millions,
2016-17,Q4,Jammu and Kashmir,Urban,Narrowband,0.77,value in Millions,
2016-17,Q4,Jammu and Kashmir,Rural,Broadband,0.91,value in Millions,
2016-17,Q4,Jammu and Kashmir,Urban,Broadband,1.87,value in Millions,
2016-17,Q4,Jammu and Kashmir,Rural,Total,1.87,value in Millions,
2016-17,Q4,Jammu and Kashmir,Urban,Total,2.64,value in Millions,
2016-17,Q4,Himachal Pradesh,Rural,Narrowband,0.82,value in Millions,
2016-17,Q4,Himachal Pradesh,Urban,Narrowband,0.58,value in Millions,
2016-17,Q4,Himachal Pradesh,Rural,Broadband,1.28,value in Millions,
2016-17,Q4,Himachal Pradesh,Urban,Broadband,1.08,value in Millions,
2016-17,Q4,Himachal Pradesh,Rural,Total,2.1,value in Millions,
2016-17,Q4,Himachal Pradesh,Urban,Total,1.66,value in Millions,
2016-17,Q4,Haryana,Rural,Narrowband,1.28,value in Millions,
2016-17,Q4,Haryana,Urban,Narrowband,1.49,value in Millions,
2016-17,Q4,Haryana,Rural,Broadband,2.37,value in Millions,
2016-17,Q4,Haryana,Urban,Broadband,4.5,value in Millions,
2016-17,Q4,Haryana,Rural,Total,3.65,value in Millions,
2016-17,Q4,Haryana,Urban,Total,5.99,value in Millions,
2016-17,Q4,Gujarat,Rural,Narrowband,3.45,value in Millions,
2016-17,Q4,Gujarat,Urban,Narrowband,5.38,value in Millions,
2016-17,Q4,Gujarat,Rural,Broadband,4.8,value in Millions,
2016-17,Q4,Gujarat,Urban,Broadband,13.66,value in Millions,
2016-17,Q4,Gujarat,Rural,Total,8.26,value in Millions,
2016-17,Q4,Gujarat,Urban,Total,19.04,value in Millions,
2016-17,Q4,Delhi,Rural,Narrowband,0.29,value in Millions,
2016-17,Q4,Delhi,Urban,Narrowband,5.7,value in Millions,
2016-17,Q4,Delhi,Rural,Broadband,0.4,value in Millions,
2016-17,Q4,Delhi,Urban,Broadband,20.4,value in Millions,
2016-17,Q4,Delhi,Rural,Total,0.69,value in Millions,
2016-17,Q4,Delhi,Urban,Total,26.1,value in Millions,
2016-17,Q4,Bihar,Rural,Narrowband,7.53,value in Millions,
2016-17,Q4,Bihar,Urban,Narrowband,4.53,value in Millions,
2016-17,Q4,Bihar,Rural,Broadband,4.37,value in Millions,
2016-17,Q4,Bihar,Urban,Broadband,7.66,value in Millions,
2016-17,Q4,Bihar,Rural,Total,11.91,value in Millions,
2016-17,Q4,Bihar,Urban,Total,12.19,value in Millions,
2016-17,Q4,Assam,Rural,Narrowband,2.38,value in Millions,
2016-17,Q4,Assam,Urban,Narrowband,0.85,value in Millions,
2016-17,Q4,Assam,Rural,Broadband,1.87,value in Millions,
2016-17,Q4,Assam,Urban,Broadband,2.97,value in Millions,
2016-17,Q4,Assam,Rural,Total,4.25,value in Millions,
2016-17,Q4,Assam,Urban,Total,3.82,value in Millions,
2016-17,Q4,Andhra Pradesh,Rural,Narrowband,4.65,value in Millions,
2016-17,Q4,Andhra Pradesh,Urban,Narrowband,6.08,value in Millions,
2016-17,Q4,Andhra Pradesh,Rural,Broadband,7.44,value in Millions,
2016-17,Q4,Andhra Pradesh,Urban,Broadband,13.63,value in Millions,
2016-17,Q4,Andhra Pradesh,Rural,Total,12.1,value in Millions,
2016-17,Q4,Andhra Pradesh,Urban,Total,19.71,value in Millions,
2016-17,Q3,West Bengal,Rural,Narrowband,4.02,value in Millions,
2016-17,Q3,West Bengal,Urban,Narrowband,1.76,value in Millions,
2016-17,Q3,West Bengal,Rural,Broadband,3.57,value in Millions,
2016-17,Q3,West Bengal,Urban,Broadband,6.47,value in Millions,
2016-17,Q3,West Bengal,Rural,Total,7.59,value in Millions,
2016-17,Q3,West Bengal,Urban,Total,8.22,value in Millions,
2016-17,Q3,Uttar Pradesh West,Rural,Narrowband,4.74,value in Millions,
2016-17,Q3,Uttar Pradesh West,Urban,Narrowband,4.67,value in Millions,
2016-17,Q3,Uttar Pradesh West,Rural,Broadband,1.88,value in Millions,
2016-17,Q3,Uttar Pradesh West,Urban,Broadband,6.95,value in Millions,
2016-17,Q3,Uttar Pradesh West,Rural,Total,6.62,value in Millions,
2016-17,Q3,Uttar Pradesh West,Urban,Total,11.62,value in Millions,
2016-17,Q3,Uttar Pradesh East,Rural,Narrowband,8.26,value in Millions,
2016-17,Q3,Uttar Pradesh East,Urban,Narrowband,5.9,value in Millions,
2016-17,Q3,Uttar Pradesh East,Rural,Broadband,3.32,value in Millions,
2016-17,Q3,Uttar Pradesh East,Urban,Broadband,8.25,value in Millions,
2016-17,Q3,Uttar Pradesh East,Rural,Total,11.59,value in Millions,
2016-17,Q3,Uttar Pradesh East,Urban,Total,14.15,value in Millions,
2016-17,Q3,Tamil Nadu,Rural,Narrowband,3.26,value in Millions,
2016-17,Q3,Tamil Nadu,Urban,Narrowband,7.68,value in Millions,
2016-17,Q3,Tamil Nadu,Rural,Broadband,4.02,value in Millions,
2016-17,Q3,Tamil Nadu,Urban,Broadband,15.76,value in Millions,
2016-17,Q3,Tamil Nadu,Rural,Total,7.28,value in Millions,
2016-17,Q3,Tamil Nadu,Urban,Total,23.44,value in Millions,
2016-17,Q3,Rajasthan,Rural,Narrowband,4.77,value in Millions,
2016-17,Q3,Rajasthan,Urban,Narrowband,4.86,value in Millions,
2016-17,Q3,Rajasthan,Rural,Broadband,2.3,value in Millions,
2016-17,Q3,Rajasthan,Urban,Broadband,7.61,value in Millions,
2016-17,Q3,Rajasthan,Rural,Total,7.07,value in Millions,
2016-17,Q3,Rajasthan,Urban,Total,12.47,value in Millions,
2016-17,Q3,Punjab,Rural,Narrowband,2.47,value in Millions,
2016-17,Q3,Punjab,Urban,Narrowband,3.37,value in Millions,
2016-17,Q3,Punjab,Rural,Broadband,1.67,value in Millions,
2016-17,Q3,Punjab,Urban,Broadband,7.85,value in Millions,
2016-17,Q3,Punjab,Rural,Total,4.14,value in Millions,
2016-17,Q3,Punjab,Urban,Total,11.22,value in Millions,
2016-17,Q3,Odisha,Rural,Narrowband,2.67,value in Millions,
2016-17,Q3,Odisha,Urban,Narrowband,1.73,value in Millions,
2016-17,Q3,Odisha,Rural,Broadband,0.78,value in Millions,
2016-17,Q3,Odisha,Urban,Broadband,4.37,value in Millions,
2016-17,Q3,Odisha,Rural,Total,3.45,value in Millions,
2016-17,Q3,Odisha,Urban,Total,6.1,value in Millions,
2016-17,Q3,North East,Rural,Narrowband,1.2,value in Millions,
2016-17,Q3,North East,Urban,Narrowband,0.76,value in Millions,
2016-17,Q3,North East,Rural,Broadband,0.84,value in Millions,
2016-17,Q3,North East,Urban,Broadband,1.67,value in Millions,
2016-17,Q3,North East,Rural,Total,2.04,value in Millions,
2016-17,Q3,North East,Urban,Total,2.43,value in Millions,
2016-17,Q3,Mumbai,Rural,Narrowband,0.16,value in Millions,
2016-17,Q3,Mumbai,Urban,Narrowband,5.13,value in Millions,
2016-17,Q3,Mumbai,Rural,Broadband,0.17,value in Millions,
2016-17,Q3,Mumbai,Urban,Broadband,13.04,value in Millions,
2016-17,Q3,Mumbai,Rural,Total,0.33,value in Millions,
2016-17,Q3,Mumbai,Urban,Total,18.17,value in Millions,
2016-17,Q3,Maharashtra,Rural,Narrowband,5.48,value in Millions,
2016-17,Q3,Maharashtra,Urban,Narrowband,7.07,value in Millions,
2016-17,Q3,Maharashtra,Rural,Broadband,4.77,value in Millions,
2016-17,Q3,Maharashtra,Urban,Broadband,15.29,value in Millions,
2016-17,Q3,Maharashtra,Rural,Total,10.25,value in Millions,
2016-17,Q3,Maharashtra,Urban,Total,22.35,value in Millions,
2016-17,Q3,Madhya Pradesh,Rural,Narrowband,4.98,value in Millions,
2016-17,Q3,Madhya Pradesh,Urban,Narrowband,5.14,value in Millions,
2016-17,Q3,Madhya Pradesh,Rural,Broadband,2.06,value in Millions,
2016-17,Q3,Madhya Pradesh,Urban,Broadband,11.31,value in Millions,
2016-17,Q3,Madhya Pradesh,Rural,Total,7.03,value in Millions,
2016-17,Q3,Madhya Pradesh,Urban,Total,16.46,value in Millions,
2016-17,Q3,Kolkata,Rural,Narrowband,0.16,value in Millions,
2016-17,Q3,Kolkata,Urban,Narrowband,3.46,value in Millions,
2016-17,Q3,Kolkata,Rural,Broadband,0.33,value in Millions,
2016-17,Q3,Kolkata,Urban,Broadband,7.08,value in Millions,
2016-17,Q3,Kolkata,Rural,Total,0.48,value in Millions,
2016-17,Q3,Kolkata,Urban,Total,10.53,value in Millions,
2016-17,Q3,Kerala,Rural,Narrowband,2.08,value in Millions,
2016-17,Q3,Kerala,Urban,Narrowband,2.61,value in Millions,
2016-17,Q3,Kerala,Rural,Broadband,3.78,value in Millions,
2016-17,Q3,Kerala,Urban,Broadband,7.68,value in Millions,
2016-17,Q3,Kerala,Rural,Total,5.86,value in Millions,
2016-17,Q3,Kerala,Urban,Total,10.29,value in Millions,
2016-17,Q3,Karnataka,Rural,Narrowband,3.05,value in Millions,
2016-17,Q3,Karnataka,Urban,Narrowband,5.1,value in Millions,
2016-17,Q3,Karnataka,Rural,Broadband,2.27,value in Millions,
2016-17,Q3,Karnataka,Urban,Broadband,15.06,value in Millions,
2016-17,Q3,Karnataka,Rural,Total,5.32,value in Millions,
2016-17,Q3,Karnataka,Urban,Total,20.16,value in Millions,
2016-17,Q3,Jammu and Kashmir,Rural,Narrowband,0.59,value in Millions,
2016-17,Q3,Jammu and Kashmir,Urban,Narrowband,0.59,value in Millions,
2016-17,Q3,Jammu and Kashmir,Rural,Broadband,0.44,value in Millions,
2016-17,Q3,Jammu and Kashmir,Urban,Broadband,1.39,value in Millions,
2016-17,Q3,Jammu and Kashmir,Rural,Total,1.03,value in Millions,
2016-17,Q3,Jammu and Kashmir,Urban,Total,1.99,value in Millions,
2016-17,Q3,Himachal Pradesh,Rural,Narrowband,0.91,value in Millions,
2016-17,Q3,Himachal Pradesh,Urban,Narrowband,0.63,value in Millions,
2016-17,Q3,Himachal Pradesh,Rural,Broadband,0.75,value in Millions,
2016-17,Q3,Himachal Pradesh,Urban,Broadband,1.13,value in Millions,
2016-17,Q3,Himachal Pradesh,Rural,Total,1.67,value in Millions,
2016-17,Q3,Himachal Pradesh,Urban,Total,1.76,value in Millions,
2016-17,Q3,Haryana,Rural,Narrowband,1.42,value in Millions,
2016-17,Q3,Haryana,Urban,Narrowband,1.61,value in Millions,
2016-17,Q3,Haryana,Rural,Broadband,1.78,value in Millions,
2016-17,Q3,Haryana,Urban,Broadband,3.77,value in Millions,
2016-17,Q3,Haryana,Rural,Total,3.2,value in Millions,
2016-17,Q3,Haryana,Urban,Total,5.39,value in Millions,
2016-17,Q3,Gujarat,Rural,Narrowband,3.57,value in Millions,
2016-17,Q3,Gujarat,Urban,Narrowband,5.25,value in Millions,
2016-17,Q3,Gujarat,Rural,Broadband,3.05,value in Millions,
2016-17,Q3,Gujarat,Urban,Broadband,12.53,value in Millions,
2016-17,Q3,Gujarat,Rural,Total,6.62,value in Millions,
2016-17,Q3,Gujarat,Urban,Total,17.78,value in Millions,
2016-17,Q3,Delhi,Rural,Narrowband,0.32,value in Millions,
2016-17,Q3,Delhi,Urban,Narrowband,6.45,value in Millions,
2016-17,Q3,Delhi,Rural,Broadband,0.38,value in Millions,
2016-17,Q3,Delhi,Urban,Broadband,17.9,value in Millions,
2016-17,Q3,Delhi,Rural,Total,0.7,value in Millions,
2016-17,Q3,Delhi,Urban,Total,24.35,value in Millions,
2016-17,Q3,Bihar,Rural,Narrowband,6.99,value in Millions,
2016-17,Q3,Bihar,Urban,Narrowband,5.77,value in Millions,
2016-17,Q3,Bihar,Rural,Broadband,2.63,value in Millions,
2016-17,Q3,Bihar,Urban,Broadband,7.4,value in Millions,
2016-17,Q3,Bihar,Rural,Total,9.61,value in Millions,
2016-17,Q3,Bihar,Urban,Total,13.17,value in Millions,
2016-17,Q3,Assam,Rural,Narrowband,2.34,value in Millions,
2016-17,Q3,Assam,Urban,Narrowband,0.85,value in Millions,
2016-17,Q3,Assam,Rural,Broadband,1.19,value in Millions,
2016-17,Q3,Assam,Urban,Broadband,3.07,value in Millions,
2016-17,Q3,Assam,Rural,Total,3.53,value in Millions,
2016-17,Q3,Assam,Urban,Total,3.92,value in Millions,
2016-17,Q3,Andhra Pradesh,Rural,Narrowband,4.99,value in Millions,
2016-17,Q3,Andhra Pradesh,Urban,Narrowband,6.64,value in Millions,
2016-17,Q3,Andhra Pradesh,Rural,Broadband,4.67,value in Millions,
2016-17,Q3,Andhra Pradesh,Urban,Broadband,13.85,value in Millions,
2016-17,Q3,Andhra Pradesh,Rural,Total,9.66,value in Millions,
2016-17,Q3,Andhra Pradesh,Urban,Total,20.49,value in Millions,
2016-17,Q2,West Bengal,Rural,Narrowband,5.43,value in Millions,
2016-17,Q2,West Bengal,Urban,Narrowband,2.01,value in Millions,
2016-17,Q2,West Bengal,Rural,Broadband,3.39,value in Millions,
2016-17,Q2,West Bengal,Urban,Broadband,5.11,value in Millions,
2016-17,Q2,West Bengal,Rural,Total,8.83,value in Millions,
2016-17,Q2,West Bengal,Urban,Total,7.12,value in Millions,
2016-17,Q2,Uttar Pradesh West,Rural,Narrowband,5.1,value in Millions,
2016-17,Q2,Uttar Pradesh West,Urban,Narrowband,5.43,value in Millions,
2016-17,Q2,Uttar Pradesh West,Rural,Broadband,1.64,value in Millions,
2016-17,Q2,Uttar Pradesh West,Urban,Broadband,4.78,value in Millions,
2016-17,Q2,Uttar Pradesh West,Rural,Total,6.75,value in Millions,
2016-17,Q2,Uttar Pradesh West,Urban,Total,10.21,value in Millions,
2016-17,Q2,Uttar Pradesh East,Rural,Narrowband,9.2,value in Millions,
2016-17,Q2,Uttar Pradesh East,Urban,Narrowband,6.76,value in Millions,
2016-17,Q2,Uttar Pradesh East,Rural,Broadband,3.12,value in Millions,
2016-17,Q2,Uttar Pradesh East,Urban,Broadband,5.41,value in Millions,
2016-17,Q2,Uttar Pradesh East,Rural,Total,12.32,value in Millions,
2016-17,Q2,Uttar Pradesh East,Urban,Total,12.18,value in Millions,
2016-17,Q2,Tamil Nadu,Rural,Narrowband,3.31,value in Millions,
2016-17,Q2,Tamil Nadu,Urban,Narrowband,8.59,value in Millions,
2016-17,Q2,Tamil Nadu,Rural,Broadband,3.67,value in Millions,
2016-17,Q2,Tamil Nadu,Urban,Broadband,13.61,value in Millions,
2016-17,Q2,Tamil Nadu,Rural,Total,6.97,value in Millions,
2016-17,Q2,Tamil Nadu,Urban,Total,22.21,value in Millions,
2016-17,Q2,Rajasthan,Rural,Narrowband,5.24,value in Millions,
2016-17,Q2,Rajasthan,Urban,Narrowband,5.64,value in Millions,
2016-17,Q2,Rajasthan,Rural,Broadband,2.28,value in Millions,
2016-17,Q2,Rajasthan,Urban,Broadband,5.19,value in Millions,
2016-17,Q2,Rajasthan,Rural,Total,7.52,value in Millions,
2016-17,Q2,Rajasthan,Urban,Total,10.83,value in Millions,
2016-17,Q2,Punjab,Rural,Narrowband,2.9,value in Millions,
2016-17,Q2,Punjab,Urban,Narrowband,4.16,value in Millions,
2016-17,Q2,Punjab,Rural,Broadband,1.75,value in Millions,
2016-17,Q2,Punjab,Urban,Broadband,5.91,value in Millions,
2016-17,Q2,Punjab,Rural,Total,4.64,value in Millions,
2016-17,Q2,Punjab,Urban,Total,10.08,value in Millions,
2016-17,Q2,Odisha,Rural,Narrowband,3.01,value in Millions,
2016-17,Q2,Odisha,Urban,Narrowband,1.9,value in Millions,
2016-17,Q2,Odisha,Rural,Broadband,0.87,value in Millions,
2016-17,Q2,Odisha,Urban,Broadband,3.27,value in Millions,
2016-17,Q2,Odisha,Rural,Total,3.88,value in Millions,
2016-17,Q2,Odisha,Urban,Total,5.17,value in Millions,
2016-17,Q2,North East,Rural,Narrowband,1.37,value in Millions,
2016-17,Q2,North East,Urban,Narrowband,0.89,value in Millions,
2016-17,Q2,North East,Rural,Broadband,0.82,value in Millions,
2016-17,Q2,North East,Urban,Broadband,1.26,value in Millions,
2016-17,Q2,North East,Rural,Total,2.18,value in Millions,
2016-17,Q2,North East,Urban,Total,2.15,value in Millions,
2016-17,Q2,Mumbai,Rural,Narrowband,0.17,value in Millions,
2016-17,Q2,Mumbai,Urban,Narrowband,6.1,value in Millions,
2016-17,Q2,Mumbai,Rural,Broadband,0.15,value in Millions,
2016-17,Q2,Mumbai,Urban,Broadband,10.15,value in Millions,
2016-17,Q2,Mumbai,Rural,Total,0.32,value in Millions,
2016-17,Q2,Mumbai,Urban,Total,16.25,value in Millions,
2016-17,Q2,Maharashtra,Rural,Narrowband,6.01,value in Millions,
2016-17,Q2,Maharashtra,Urban,Narrowband,7.92,value in Millions,
2016-17,Q2,Maharashtra,Rural,Broadband,4.28,value in Millions,
2016-17,Q2,Maharashtra,Urban,Broadband,12.41,value in Millions,
2016-17,Q2,Maharashtra,Rural,Total,10.3,value in Millions,
2016-17,Q2,Maharashtra,Urban,Total,20.33,value in Millions,
2016-17,Q2,Madhya Pradesh,Rural,Narrowband,5.09,value in Millions,
2016-17,Q2,Madhya Pradesh,Urban,Narrowband,5.92,value in Millions,
2016-17,Q2,Madhya Pradesh,Rural,Broadband,1.75,value in Millions,
2016-17,Q2,Madhya Pradesh,Urban,Broadband,9.49,value in Millions,
2016-17,Q2,Madhya Pradesh,Rural,Total,6.84,value in Millions,
2016-17,Q2,Madhya Pradesh,Urban,Total,15.4,value in Millions,
2016-17,Q2,Kolkata,Rural,Narrowband,0.18,value in Millions,
2016-17,Q2,Kolkata,Urban,Narrowband,3.99,value in Millions,
2016-17,Q2,Kolkata,Rural,Broadband,0.31,value in Millions,
2016-17,Q2,Kolkata,Urban,Broadband,5.64,value in Millions,
2016-17,Q2,Kolkata,Rural,Total,0.49,value in Millions,
2016-17,Q2,Kolkata,Urban,Total,9.63,value in Millions,
2016-17,Q2,Kerala,Rural,Narrowband,2.45,value in Millions,
2016-17,Q2,Kerala,Urban,Narrowband,2.9,value in Millions,
2016-17,Q2,Kerala,Rural,Broadband,4.09,value in Millions,
2016-17,Q2,Kerala,Urban,Broadband,6.82,value in Millions,
2016-17,Q2,Kerala,Rural,Total,6.54,value in Millions,
2016-17,Q2,Kerala,Urban,Total,9.73,value in Millions,
2016-17,Q2,Karnataka,Rural,Narrowband,3.46,value in Millions,
2016-17,Q2,Karnataka,Urban,Narrowband,5.67,value in Millions,
2016-17,Q2,Karnataka,Rural,Broadband,2.22,value in Millions,
2016-17,Q2,Karnataka,Urban,Broadband,12.62,value in Millions,
2016-17,Q2,Karnataka,Rural,Total,5.68,value in Millions,
2016-17,Q2,Karnataka,Urban,Total,18.29,value in Millions,
2016-17,Q2,Jammu and Kashmir,Rural,Narrowband,0.47,value in Millions,
2016-17,Q2,Jammu and Kashmir,Urban,Narrowband,0.53,value in Millions,
2016-17,Q2,Jammu and Kashmir,Rural,Broadband,0.21,value in Millions,
2016-17,Q2,Jammu and Kashmir,Urban,Broadband,0.57,value in Millions,
2016-17,Q2,Jammu and Kashmir,Rural,Total,0.68,value in Millions,
2016-17,Q2,Jammu and Kashmir,Urban,Total,1.1,value in Millions,
2016-17,Q2,Himachal Pradesh,Rural,Narrowband,1.05,value in Millions,
2016-17,Q2,Himachal Pradesh,Urban,Narrowband,0.75,value in Millions,
2016-17,Q2,Himachal Pradesh,Rural,Broadband,0.82,value in Millions,
2016-17,Q2,Himachal Pradesh,Urban,Broadband,0.67,value in Millions,
2016-17,Q2,Himachal Pradesh,Rural,Total,1.86,value in Millions,
2016-17,Q2,Himachal Pradesh,Urban,Total,1.42,value in Millions,
2016-17,Q2,Haryana,Rural,Narrowband,1.71,value in Millions,
2016-17,Q2,Haryana,Urban,Narrowband,1.88,value in Millions,
2016-17,Q2,Haryana,Rural,Broadband,1.69,value in Millions,
2016-17,Q2,Haryana,Urban,Broadband,3.02,value in Millions,
2016-17,Q2,Haryana,Rural,Total,3.4,value in Millions,
2016-17,Q2,Haryana,Urban,Total,4.9,value in Millions,
2016-17,Q2,Gujarat,Rural,Narrowband,4.06,value in Millions,
2016-17,Q2,Gujarat,Urban,Narrowband,6.34,value in Millions,
2016-17,Q2,Gujarat,Rural,Broadband,2.88,value in Millions,
2016-17,Q2,Gujarat,Urban,Broadband,9.89,value in Millions,
2016-17,Q2,Gujarat,Rural,Total,6.94,value in Millions,
2016-17,Q2,Gujarat,Urban,Total,16.23,value in Millions,
2016-17,Q2,Delhi,Rural,Narrowband,0.33,value in Millions,
2016-17,Q2,Delhi,Urban,Narrowband,7.43,value in Millions,
2016-17,Q2,Delhi,Rural,Broadband,0.34,value in Millions,
2016-17,Q2,Delhi,Urban,Broadband,14.16,value in Millions,
2016-17,Q2,Delhi,Rural,Total,0.67,value in Millions,
2016-17,Q2,Delhi,Urban,Total,21.59,value in Millions,
2016-17,Q2,Bihar,Rural,Narrowband,7.21,value in Millions,
2016-17,Q2,Bihar,Urban,Narrowband,6.4,value in Millions,
2016-17,Q2,Bihar,Rural,Broadband,2.26,value in Millions,
2016-17,Q2,Bihar,Urban,Broadband,5.27,value in Millions,
2016-17,Q2,Bihar,Rural,Total,9.46,value in Millions,
2016-17,Q2,Bihar,Urban,Total,11.67,value in Millions,
2016-17,Q2,Assam,Rural,Narrowband,2.6,value in Millions,
2016-17,Q2,Assam,Urban,Narrowband,1.0,value in Millions,
2016-17,Q2,Assam,Rural,Broadband,1.22,value in Millions,
2016-17,Q2,Assam,Urban,Broadband,2.43,value in Millions,
2016-17,Q2,Assam,Rural,Total,3.82,value in Millions,
2016-17,Q2,Assam,Urban,Total,3.43,value in Millions,
2016-17,Q2,Andhra Pradesh,Rural,Narrowband,5.25,value in Millions,
2016-17,Q2,Andhra Pradesh,Urban,Narrowband,7.36,value in Millions,
2016-17,Q2,Andhra Pradesh,Rural,Broadband,4.43,value in Millions,
2016-17,Q2,Andhra Pradesh,Urban,Broadband,10.42,value in Millions,
2016-17,Q2,Andhra Pradesh,Rural,Total,9.68,value in Millions,
2016-17,Q2,Andhra Pradesh,Urban,Total,17.78,value in Millions,
2016-17,Q1,West Bengal,Rural,Narrowband,5.3,value in Millions,
2016-17,Q1,West Bengal,Urban,Narrowband,2.41,value in Millions,
2016-17,Q1,West Bengal,Rural,Broadband,2.26,value in Millions,
2016-17,Q1,West Bengal,Urban,Broadband,3.89,value in Millions,
2016-17,Q1,West Bengal,Rural,Total,7.56,value in Millions,
2016-17,Q1,West Bengal,Urban,Total,6.29,value in Millions,
2016-17,Q1,Uttar Pradesh West,Rural,Narrowband,4.94,value in Millions,
2016-17,Q1,Uttar Pradesh West,Urban,Narrowband,6.25,value in Millions,
2016-17,Q1,Uttar Pradesh West,Rural,Broadband,1.46,value in Millions,
2016-17,Q1,Uttar Pradesh West,Urban,Broadband,4.32,value in Millions,
2016-17,Q1,Uttar Pradesh West,Rural,Total,6.4,value in Millions,
2016-17,Q1,Uttar Pradesh West,Urban,Total,10.57,value in Millions,
2016-17,Q1,Uttar Pradesh East,Rural,Narrowband,9.59,value in Millions,
2016-17,Q1,Uttar Pradesh East,Urban,Narrowband,7.6,value in Millions,
2016-17,Q1,Uttar Pradesh East,Rural,Broadband,2.13,value in Millions,
2016-17,Q1,Uttar Pradesh East,Urban,Broadband,4.68,value in Millions,
2016-17,Q1,Uttar Pradesh East,Rural,Total,11.72,value in Millions,
2016-17,Q1,Uttar Pradesh East,Urban,Total,12.27,value in Millions,
2016-17,Q1,Total,Rural,Narrowband,78.25,value in Millions,
2016-17,Q1,Total,Urban,Narrowband,110.17,value in Millions,
2016-17,Q1,Total,Rural,Broadband,35.46,value in Millions,
2016-17,Q1,Total,Urban,Broadband,126.6,value in Millions,
2016-17,Q1,Total,Rural,Total,113.71,value in Millions,
2016-17,Q1,Total,Urban,Total,236.77,value in Millions,
2016-17,Q1,Tamil Nadu,Rural,Narrowband,3.37,value in Millions,
2016-17,Q1,Tamil Nadu,Urban,Narrowband,9.24,value in Millions,
2016-17,Q1,Tamil Nadu,Rural,Broadband,3.21,value in Millions,
2016-17,Q1,Tamil Nadu,Urban,Broadband,12.14,value in Millions,
2016-17,Q1,Tamil Nadu,Rural,Total,6.58,value in Millions,
2016-17,Q1,Tamil Nadu,Urban,Total,21.38,value in Millions,
2016-17,Q1,Rajasthan,Rural,Narrowband,5.25,value in Millions,
2016-17,Q1,Rajasthan,Urban,Narrowband,6.54,value in Millions,
2016-17,Q1,Rajasthan,Rural,Broadband,1.75,value in Millions,
2016-17,Q1,Rajasthan,Urban,Broadband,4.23,value in Millions,
2016-17,Q1,Rajasthan,Rural,Total,7.01,value in Millions,
2016-17,Q1,Rajasthan,Urban,Total,10.77,value in Millions,
2016-17,Q1,Punjab,Rural,Narrowband,3.36,value in Millions,
2016-17,Q1,Punjab,Urban,Narrowband,4.41,value in Millions,
2016-17,Q1,Punjab,Rural,Broadband,1.3,value in Millions,
2016-17,Q1,Punjab,Urban,Broadband,4.58,value in Millions,
2016-17,Q1,Punjab,Rural,Total,4.66,value in Millions,
2016-17,Q1,Punjab,Urban,Total,8.98,value in Millions,
2016-17,Q1,Odisha,Rural,Narrowband,3.06,value in Millions,
2016-17,Q1,Odisha,Urban,Narrowband,2.17,value in Millions,
2016-17,Q1,Odisha,Rural,Broadband,0.79,value in Millions,
2016-17,Q1,Odisha,Urban,Broadband,2.39,value in Millions,
2016-17,Q1,Odisha,Rural,Total,3.85,value in Millions,
2016-17,Q1,Odisha,Urban,Total,4.57,value in Millions,
2016-17,Q1,North East,Rural,Narrowband,1.39,value in Millions,
2016-17,Q1,North East,Urban,Narrowband,1.0,value in Millions,
2016-17,Q1,North East,Rural,Broadband,0.64,value in Millions,
2016-17,Q1,North East,Urban,Broadband,1.09,value in Millions,
2016-17,Q1,North East,Rural,Total,2.03,value in Millions,
2016-17,Q1,North East,Urban,Total,2.09,value in Millions,
2016-17,Q1,Mumbai,Rural,Narrowband,0.16,value in Millions,
2016-17,Q1,Mumbai,Urban,Narrowband,6.32,value in Millions,
2016-17,Q1,Mumbai,Rural,Broadband,0.1,value in Millions,
2016-17,Q1,Mumbai,Urban,Broadband,9.22,value in Millions,
2016-17,Q1,Mumbai,Rural,Total,0.26,value in Millions,
2016-17,Q1,Mumbai,Urban,Total,15.54,value in Millions,
2016-17,Q1,Maharashtra,Rural,Narrowband,6.44,value in Millions,
2016-17,Q1,Maharashtra,Urban,Narrowband,8.8,value in Millions,
2016-17,Q1,Maharashtra,Rural,Broadband,3.55,value in Millions,
2016-17,Q1,Maharashtra,Urban,Broadband,11.57,value in Millions,
2016-17,Q1,Maharashtra,Rural,Total,9.99,value in Millions,
2016-17,Q1,Maharashtra,Urban,Total,20.37,value in Millions,
2016-17,Q1,Madhya Pradesh,Rural,Narrowband,5.3,value in Millions,
2016-17,Q1,Madhya Pradesh,Urban,Narrowband,6.2,value in Millions,
2016-17,Q1,Madhya Pradesh,Rural,Broadband,1.48,value in Millions,
2016-17,Q1,Madhya Pradesh,Urban,Broadband,8.0,value in Millions,
2016-17,Q1,Madhya Pradesh,Rural,Total,6.79,value in Millions,
2016-17,Q1,Madhya Pradesh,Urban,Total,14.19,value in Millions,
2016-17,Q1,Kolkata,Rural,Narrowband,0.23,value in Millions,
2016-17,Q1,Kolkata,Urban,Narrowband,4.21,value in Millions,
2016-17,Q1,Kolkata,Rural,Broadband,0.3,value in Millions,
2016-17,Q1,Kolkata,Urban,Broadband,4.57,value in Millions,
2016-17,Q1,Kolkata,Rural,Total,0.53,value in Millions,
2016-17,Q1,Kolkata,Urban,Total,8.79,value in Millions,
2016-17,Q1,Kerala,Rural,Narrowband,2.56,value in Millions,
2016-17,Q1,Kerala,Urban,Narrowband,3.46,value in Millions,
2016-17,Q1,Kerala,Rural,Broadband,3.04,value in Millions,
2016-17,Q1,Kerala,Urban,Broadband,5.77,value in Millions,
2016-17,Q1,Kerala,Rural,Total,5.6,value in Millions,
2016-17,Q1,Kerala,Urban,Total,9.23,value in Millions,
2016-17,Q1,Karnataka,Rural,Narrowband,3.44,value in Millions,
2016-17,Q1,Karnataka,Urban,Narrowband,6.2,value in Millions,
2016-17,Q1,Karnataka,Rural,Broadband,1.99,value in Millions,
2016-17,Q1,Karnataka,Urban,Broadband,10.93,value in Millions,
2016-17,Q1,Karnataka,Rural,Total,5.44,value in Millions,
2016-17,Q1,Karnataka,Urban,Total,17.12,value in Millions,
2016-17,Q1,Jammu and Kashmir,Rural,Narrowband,1.25,value in Millions,
2016-17,Q1,Jammu and Kashmir,Urban,Narrowband,1.01,value in Millions,
2016-17,Q1,Jammu and Kashmir,Rural,Broadband,0.57,value in Millions,
2016-17,Q1,Jammu and Kashmir,Urban,Broadband,0.71,value in Millions,
2016-17,Q1,Jammu and Kashmir,Rural,Total,1.83,value in Millions,
2016-17,Q1,Jammu and Kashmir,Urban,Total,1.72,value in Millions,
2016-17,Q1,Himachal Pradesh,Rural,Narrowband,1.11,value in Millions,
2016-17,Q1,Himachal Pradesh,Urban,Narrowband,0.74,value in Millions,
2016-17,Q1,Himachal Pradesh,Rural,Broadband,0.69,value in Millions,
2016-17,Q1,Himachal Pradesh,Urban,Broadband,0.55,value in Millions,
2016-17,Q1,Himachal Pradesh,Rural,Total,1.8,value in Millions,
2016-17,Q1,Himachal Pradesh,Urban,Total,1.29,value in Millions,
2016-17,Q1,Haryana,Rural,Narrowband,1.74,value in Millions,
2016-17,Q1,Haryana,Urban,Narrowband,2.15,value in Millions,
2016-17,Q1,Haryana,Rural,Broadband,0.99,value in Millions,
2016-17,Q1,Haryana,Urban,Broadband,2.61,value in Millions,
2016-17,Q1,Haryana,Rural,Total,2.73,value in Millions,
2016-17,Q1,Haryana,Urban,Total,4.77,value in Millions,
2016-17,Q1,Gujarat,Rural,Narrowband,3.97,value in Millions,
2016-17,Q1,Gujarat,Urban,Narrowband,7.19,value in Millions,
2016-17,Q1,Gujarat,Rural,Broadband,2.18,value in Millions,
2016-17,Q1,Gujarat,Urban,Broadband,8.38,value in Millions,
2016-17,Q1,Gujarat,Rural,Total,6.15,value in Millions,
2016-17,Q1,Gujarat,Urban,Total,15.57,value in Millions,
2016-17,Q1,Delhi,Rural,Narrowband,0.47,value in Millions,
2016-17,Q1,Delhi,Urban,Narrowband,7.94,value in Millions,
2016-17,Q1,Delhi,Rural,Broadband,0.47,value in Millions,
2016-17,Q1,Delhi,Urban,Broadband,12.55,value in Millions,
2016-17,Q1,Delhi,Rural,Total,0.93,value in Millions,
2016-17,Q1,Delhi,Urban,Total,20.49,value in Millions,
2016-17,Q1,Bihar,Rural,Narrowband,7.01,value in Millions,
2016-17,Q1,Bihar,Urban,Narrowband,7.19,value in Millions,
2016-17,Q1,Bihar,Rural,Broadband,1.94,value in Millions,
2016-17,Q1,Bihar,Urban,Broadband,3.9,value in Millions,
2016-17,Q1,Bihar,Rural,Total,8.96,value in Millions,
2016-17,Q1,Bihar,Urban,Total,11.1,value in Millions,
2016-17,Q1,Assam,Rural,Narrowband,2.43,value in Millions,
2016-17,Q1,Assam,Urban,Narrowband,1.29,value in Millions,
2016-17,Q1,Assam,Rural,Broadband,0.88,value in Millions,
2016-17,Q1,Assam,Urban,Broadband,2.12,value in Millions,
2016-17,Q1,Assam,Rural,Total,3.31,value in Millions,
2016-17,Q1,Assam,Urban,Total,3.41,value in Millions,
2016-17,Q1,Andhra Pradesh,Rural,Narrowband,5.87,value in Millions,
2016-17,Q1,Andhra Pradesh,Urban,Narrowband,7.87,value in Millions,
2016-17,Q1,Andhra Pradesh,Rural,Broadband,3.73,value in Millions,
2016-17,Q1,Andhra Pradesh,Urban,Broadband,8.39,value in Millions,
2016-17,Q1,Andhra Pradesh,Rural,Total,9.6,value in Millions,
2016-17,Q1,Andhra Pradesh,Urban,Total,16.26,value in Millions,
2015-16,Q4,West Bengal,Rural,Narrowband,5.43,value in Millions,
2015-16,Q4,West Bengal,Urban,Narrowband,2.24,value in Millions,
2015-16,Q4,West Bengal,Rural,Broadband,2.21,value in Millions,
2015-16,Q4,West Bengal,Urban,Broadband,3.51,value in Millions,
2015-16,Q4,West Bengal,Rural,Total,7.64,value in Millions,
2015-16,Q4,West Bengal,Urban,Total,5.75,value in Millions,
2015-16,Q4,Uttar Pradesh West,Rural,Narrowband,5.15,value in Millions,
2015-16,Q4,Uttar Pradesh West,Urban,Narrowband,6.04,value in Millions,
2015-16,Q4,Uttar Pradesh West,Rural,Broadband,1.32,value in Millions,
2015-16,Q4,Uttar Pradesh West,Urban,Broadband,4.0,value in Millions,
2015-16,Q4,Uttar Pradesh West,Rural,Total,6.48,value in Millions,
2015-16,Q4,Uttar Pradesh West,Urban,Total,10.04,value in Millions,
2015-16,Q4,Uttar Pradesh East,Rural,Narrowband,9.4,value in Millions,
2015-16,Q4,Uttar Pradesh East,Urban,Narrowband,7.26,value in Millions,
2015-16,Q4,Uttar Pradesh East,Rural,Broadband,1.81,value in Millions,
2015-16,Q4,Uttar Pradesh East,Urban,Broadband,4.01,value in Millions,
2015-16,Q4,Uttar Pradesh East,Rural,Total,11.21,value in Millions,
2015-16,Q4,Uttar Pradesh East,Urban,Total,11.27,value in Millions,
2015-16,Q4,Total,Rural,Narrowband,78.65,value in Millions,
2015-16,Q4,Total,Urban,Narrowband,114.25,value in Millions,
2015-16,Q4,Total,Rural,Broadband,33.29,value in Millions,
2015-16,Q4,Total,Urban,Broadband,116.47,value in Millions,
2015-16,Q4,Total,Rural,Total,111.94,value in Millions,
2015-16,Q4,Total,Urban,Total,230.71,value in Millions,
2015-16,Q4,Tamil Nadu,Rural,Narrowband,3.53,value in Millions,
2015-16,Q4,Tamil Nadu,Urban,Narrowband,9.59,value in Millions,
2015-16,Q4,Tamil Nadu,Rural,Broadband,3.32,value in Millions,
2015-16,Q4,Tamil Nadu,Urban,Broadband,11.56,value in Millions,
2015-16,Q4,Tamil Nadu,Rural,Total,6.86,value in Millions,
2015-16,Q4,Tamil Nadu,Urban,Total,21.16,value in Millions,
2015-16,Q4,Rajasthan,Rural,Narrowband,5.16,value in Millions,
2015-16,Q4,Rajasthan,Urban,Narrowband,6.38,value in Millions,
2015-16,Q4,Rajasthan,Rural,Broadband,1.85,value in Millions,
2015-16,Q4,Rajasthan,Urban,Broadband,3.87,value in Millions,
2015-16,Q4,Rajasthan,Rural,Total,7.01,value in Millions,
2015-16,Q4,Rajasthan,Urban,Total,10.25,value in Millions,
2015-16,Q4,Punjab,Rural,Narrowband,3.59,value in Millions,
2015-16,Q4,Punjab,Urban,Narrowband,4.68,value in Millions,
2015-16,Q4,Punjab,Rural,Broadband,1.12,value in Millions,
2015-16,Q4,Punjab,Urban,Broadband,4.07,value in Millions,
2015-16,Q4,Punjab,Rural,Total,4.71,value in Millions,
2015-16,Q4,Punjab,Urban,Total,8.75,value in Millions,
2015-16,Q4,Odisha,Rural,Narrowband,2.72,value in Millions,
2015-16,Q4,Odisha,Urban,Narrowband,2.68,value in Millions,
2015-16,Q4,Odisha,Rural,Broadband,0.65,value in Millions,
2015-16,Q4,Odisha,Urban,Broadband,2.25,value in Millions,
2015-16,Q4,Odisha,Rural,Total,3.37,value in Millions,
2015-16,Q4,Odisha,Urban,Total,4.93,value in Millions,
2015-16,Q4,North East,Rural,Narrowband,1.35,value in Millions,
2015-16,Q4,North East,Urban,Narrowband,1.11,value in Millions,
2015-16,Q4,North East,Rural,Broadband,0.62,value in Millions,
2015-16,Q4,North East,Urban,Broadband,0.99,value in Millions,
2015-16,Q4,North East,Rural,Total,1.97,value in Millions,
2015-16,Q4,North East,Urban,Total,2.1,value in Millions,
2015-16,Q4,Mumbai,Rural,Narrowband,0.16,value in Millions,
2015-16,Q4,Mumbai,Urban,Narrowband,6.6,value in Millions,
2015-16,Q4,Mumbai,Rural,Broadband,0.12,value in Millions,
2015-16,Q4,Mumbai,Urban,Broadband,8.77,value in Millions,
2015-16,Q4,Mumbai,Rural,Total,0.28,value in Millions,
2015-16,Q4,Mumbai,Urban,Total,15.37,value in Millions,
2015-16,Q4,Maharashtra,Rural,Narrowband,6.59,value in Millions,
2015-16,Q4,Maharashtra,Urban,Narrowband,9.08,value in Millions,
2015-16,Q4,Maharashtra,Rural,Broadband,3.18,value in Millions,
2015-16,Q4,Maharashtra,Urban,Broadband,10.64,value in Millions,
2015-16,Q4,Maharashtra,Rural,Total,9.76,value in Millions,
2015-16,Q4,Maharashtra,Urban,Total,19.72,value in Millions,
2015-16,Q4,Madhya Pradesh,Rural,Narrowband,5.18,value in Millions,
2015-16,Q4,Madhya Pradesh,Urban,Narrowband,7.39,value in Millions,
2015-16,Q4,Madhya Pradesh,Rural,Broadband,1.07,value in Millions,
2015-16,Q4,Madhya Pradesh,Urban,Broadband,6.78,value in Millions,
2015-16,Q4,Madhya Pradesh,Rural,Total,6.24,value in Millions,
2015-16,Q4,Madhya Pradesh,Urban,Total,14.17,value in Millions,
2015-16,Q4,Kolkata,Rural,Narrowband,0.25,value in Millions,
2015-16,Q4,Kolkata,Urban,Narrowband,4.62,value in Millions,
2015-16,Q4,Kolkata,Rural,Broadband,0.3,value in Millions,
2015-16,Q4,Kolkata,Urban,Broadband,4.1,value in Millions,
2015-16,Q4,Kolkata,Rural,Total,0.55,value in Millions,
2015-16,Q4,Kolkata,Urban,Total,8.72,value in Millions,
2015-16,Q4,Kerala,Rural,Narrowband,2.7,value in Millions,
2015-16,Q4,Kerala,Urban,Narrowband,3.76,value in Millions,
2015-16,Q4,Kerala,Rural,Broadband,2.87,value in Millions,
2015-16,Q4,Kerala,Urban,Broadband,5.27,value in Millions,
2015-16,Q4,Kerala,Rural,Total,5.57,value in Millions,
2015-16,Q4,Kerala,Urban,Total,9.02,value in Millions,
2015-16,Q4,Karnataka,Rural,Narrowband,3.62,value in Millions,
2015-16,Q4,Karnataka,Urban,Narrowband,6.83,value in Millions,
2015-16,Q4,Karnataka,Rural,Broadband,1.92,value in Millions,
2015-16,Q4,Karnataka,Urban,Broadband,10.26,value in Millions,
2015-16,Q4,Karnataka,Rural,Total,5.54,value in Millions,
2015-16,Q4,Karnataka,Urban,Total,17.09,value in Millions,
2015-16,Q4,Jammu and Kashmir,Rural,Narrowband,1.16,value in Millions,
2015-16,Q4,Jammu and Kashmir,Urban,Narrowband,1.1,value in Millions,
2015-16,Q4,Jammu and Kashmir,Rural,Broadband,0.67,value in Millions,
2015-16,Q4,Jammu and Kashmir,Urban,Broadband,0.68,value in Millions,
2015-16,Q4,Jammu and Kashmir,Rural,Total,1.83,value in Millions,
2015-16,Q4,Jammu and Kashmir,Urban,Total,1.79,value in Millions,
2015-16,Q4,Himachal Pradesh,Rural,Narrowband,1.02,value in Millions,
2015-16,Q4,Himachal Pradesh,Urban,Narrowband,0.82,value in Millions,
2015-16,Q4,Himachal Pradesh,Rural,Broadband,0.74,value in Millions,
2015-16,Q4,Himachal Pradesh,Urban,Broadband,0.46,value in Millions,
2015-16,Q4,Himachal Pradesh,Rural,Total,1.76,value in Millions,
2015-16,Q4,Himachal Pradesh,Urban,Total,1.28,value in Millions,
2015-16,Q4,Haryana,Rural,Narrowband,2.08,value in Millions,
2015-16,Q4,Haryana,Urban,Narrowband,2.27,value in Millions,
2015-16,Q4,Haryana,Rural,Broadband,0.89,value in Millions,
2015-16,Q4,Haryana,Urban,Broadband,2.32,value in Millions,
2015-16,Q4,Haryana,Rural,Total,2.97,value in Millions,
2015-16,Q4,Haryana,Urban,Total,4.59,value in Millions,
2015-16,Q4,Gujarat,Rural,Narrowband,4.11,value in Millions,
2015-16,Q4,Gujarat,Urban,Narrowband,7.23,value in Millions,
2015-16,Q4,Gujarat,Rural,Broadband,1.95,value in Millions,
2015-16,Q4,Gujarat,Urban,Broadband,7.81,value in Millions,
2015-16,Q4,Gujarat,Rural,Total,6.06,value in Millions,
2015-16,Q4,Gujarat,Urban,Total,15.04,value in Millions,
2015-16,Q4,Delhi,Rural,Narrowband,0.49,value in Millions,
2015-16,Q4,Delhi,Urban,Narrowband,8.13,value in Millions,
2015-16,Q4,Delhi,Rural,Broadband,0.45,value in Millions,
2015-16,Q4,Delhi,Urban,Broadband,11.53,value in Millions,
2015-16,Q4,Delhi,Rural,Total,0.93,value in Millions,
2015-16,Q4,Delhi,Urban,Total,19.66,value in Millions,
2015-16,Q4,Bihar,Rural,Narrowband,6.92,value in Millions,
2015-16,Q4,Bihar,Urban,Narrowband,6.89,value in Millions,
2015-16,Q4,Bihar,Rural,Broadband,1.95,value in Millions,
2015-16,Q4,Bihar,Urban,Broadband,3.87,value in Millions,
2015-16,Q4,Bihar,Rural,Total,8.86,value in Millions,
2015-16,Q4,Bihar,Urban,Total,10.76,value in Millions,
2015-16,Q4,Assam,Rural,Narrowband,2.37,value in Millions,
2015-16,Q4,Assam,Urban,Narrowband,1.56,value in Millions,
2015-16,Q4,Assam,Rural,Broadband,0.84,value in Millions,
2015-16,Q4,Assam,Urban,Broadband,1.98,value in Millions,
2015-16,Q4,Assam,Rural,Total,3.21,value in Millions,
2015-16,Q4,Assam,Urban,Total,3.54,value in Millions,
2015-16,Q4,Andhra Pradesh,Rural,Narrowband,5.7,value in Millions,
2015-16,Q4,Andhra Pradesh,Urban,Narrowband,7.99,value in Millions,
2015-16,Q4,Andhra Pradesh,Rural,Broadband,3.43,value in Millions,
2015-16,Q4,Andhra Pradesh,Urban,Broadband,7.74,value in Millions,
2015-16,Q4,Andhra Pradesh,Rural,Total,9.13,value in Millions,
2015-16,Q4,Andhra Pradesh,Urban,Total,15.73,value in Millions,
2015-16,Q3,West Bengal,Rural,Narrowband,5.31,value in Millions,
2015-16,Q3,West Bengal,Urban,Narrowband,2.13,value in Millions,
2015-16,Q3,West Bengal,Rural,Broadband,2.04,value in Millions,
2015-16,Q3,West Bengal,Urban,Broadband,3.15,value in Millions,
2015-16,Q3,West Bengal,Rural,Total,7.36,value in Millions,
2015-16,Q3,West Bengal,Urban,Total,5.27,value in Millions,
2015-16,Q3,Uttar Pradesh West,Rural,Narrowband,5.04,value in Millions,
2015-16,Q3,Uttar Pradesh West,Urban,Narrowband,5.92,value in Millions,
2015-16,Q3,Uttar Pradesh West,Rural,Broadband,1.11,value in Millions,
2015-16,Q3,Uttar Pradesh West,Urban,Broadband,3.56,value in Millions,
2015-16,Q3,Uttar Pradesh West,Rural,Total,6.15,value in Millions,
2015-16,Q3,Uttar Pradesh West,Urban,Total,9.48,value in Millions,
2015-16,Q3,Uttar Pradesh East,Rural,Narrowband,9.52,value in Millions,
2015-16,Q3,Uttar Pradesh East,Urban,Narrowband,7.47,value in Millions,
2015-16,Q3,Uttar Pradesh East,Rural,Broadband,1.46,value in Millions,
2015-16,Q3,Uttar Pradesh East,Urban,Broadband,3.39,value in Millions,
2015-16,Q3,Uttar Pradesh East,Rural,Total,10.98,value in Millions,
2015-16,Q3,Uttar Pradesh East,Urban,Total,10.86,value in Millions,
2015-16,Q3,Tamil Nadu,Rural,Narrowband,3.76,value in Millions,
2015-16,Q3,Tamil Nadu,Urban,Narrowband,9.93,value in Millions,
2015-16,Q3,Tamil Nadu,Rural,Broadband,3.1,value in Millions,
2015-16,Q3,Tamil Nadu,Urban,Broadband,10.47,value in Millions,
2015-16,Q3,Tamil Nadu,Rural,Total,6.86,value in Millions,
2015-16,Q3,Tamil Nadu,Urban,Total,20.41,value in Millions,
2015-16,Q3,Rajasthan,Rural,Narrowband,5.53,value in Millions,
2015-16,Q3,Rajasthan,Urban,Narrowband,6.08,value in Millions,
2015-16,Q3,Rajasthan,Rural,Broadband,1.75,value in Millions,
2015-16,Q3,Rajasthan,Urban,Broadband,3.5,value in Millions,
2015-16,Q3,Rajasthan,Rural,Total,7.28,value in Millions,
2015-16,Q3,Rajasthan,Urban,Total,9.58,value in Millions,
2015-16,Q3,Punjab,Rural,Narrowband,3.54,value in Millions,
2015-16,Q3,Punjab,Urban,Narrowband,4.77,value in Millions,
2015-16,Q3,Punjab,Rural,Broadband,1.03,value in Millions,
2015-16,Q3,Punjab,Urban,Broadband,3.68,value in Millions,
2015-16,Q3,Punjab,Rural,Total,4.56,value in Millions,
2015-16,Q3,Punjab,Urban,Total,8.45,value in Millions,
2015-16,Q3,Odisha,Rural,Narrowband,3.0,value in Millions,
2015-16,Q3,Odisha,Urban,Narrowband,2.31,value in Millions,
2015-16,Q3,Odisha,Rural,Broadband,0.61,value in Millions,
2015-16,Q3,Odisha,Urban,Broadband,1.94,value in Millions,
2015-16,Q3,Odisha,Rural,Total,3.6,value in Millions,
2015-16,Q3,Odisha,Urban,Total,4.25,value in Millions,
2015-16,Q3,North East,Rural,Narrowband,1.43,value in Millions,
2015-16,Q3,North East,Urban,Narrowband,1.0,value in Millions,
2015-16,Q3,North East,Rural,Broadband,0.53,value in Millions,
2015-16,Q3,North East,Urban,Broadband,0.74,value in Millions,
2015-16,Q3,North East,Rural,Total,1.96,value in Millions,
2015-16,Q3,North East,Urban,Total,1.74,value in Millions,
2015-16,Q3,Mumbai,Rural,Narrowband,0.18,value in Millions,
2015-16,Q3,Mumbai,Urban,Narrowband,6.96,value in Millions,
2015-16,Q3,Mumbai,Rural,Broadband,0.12,value in Millions,
2015-16,Q3,Mumbai,Urban,Broadband,8.36,value in Millions,
2015-16,Q3,Mumbai,Rural,Total,0.3,value in Millions,
2015-16,Q3,Mumbai,Urban,Total,15.31,value in Millions,
2015-16,Q3,Maharashtra,Rural,Narrowband,6.94,value in Millions,
2015-16,Q3,Maharashtra,Urban,Narrowband,9.3,value in Millions,
2015-16,Q3,Maharashtra,Rural,Broadband,2.76,value in Millions,
2015-16,Q3,Maharashtra,Urban,Broadband,9.52,value in Millions,
2015-16,Q3,Maharashtra,Rural,Total,9.7,value in Millions,
2015-16,Q3,Maharashtra,Urban,Total,18.82,value in Millions,
2015-16,Q3,Madhya Pradesh,Rural,Narrowband,5.48,value in Millions,
2015-16,Q3,Madhya Pradesh,Urban,Narrowband,6.96,value in Millions,
2015-16,Q3,Madhya Pradesh,Rural,Broadband,0.89,value in Millions,
2015-16,Q3,Madhya Pradesh,Urban,Broadband,6.12,value in Millions,
2015-16,Q3,Madhya Pradesh,Rural,Total,6.37,value in Millions,
2015-16,Q3,Madhya Pradesh,Urban,Total,13.08,value in Millions,
2015-16,Q3,Kolkata,Rural,Narrowband,0.27,value in Millions,
2015-16,Q3,Kolkata,Urban,Narrowband,4.71,value in Millions,
2015-16,Q3,Kolkata,Rural,Broadband,0.28,value in Millions,
2015-16,Q3,Kolkata,Urban,Broadband,3.78,value in Millions,
2015-16,Q3,Kolkata,Rural,Total,0.55,value in Millions,
2015-16,Q3,Kolkata,Urban,Total,8.48,value in Millions,
2015-16,Q3,Kerala,Rural,Narrowband,3.03,value in Millions,
2015-16,Q3,Kerala,Urban,Narrowband,3.51,value in Millions,
2015-16,Q3,Kerala,Rural,Broadband,3.11,value in Millions,
2015-16,Q3,Kerala,Urban,Broadband,4.74,value in Millions,
2015-16,Q3,Kerala,Rural,Total,6.14,value in Millions,
2015-16,Q3,Kerala,Urban,Total,8.25,value in Millions,
2015-16,Q3,Karnataka,Rural,Narrowband,3.89,value in Millions,
2015-16,Q3,Karnataka,Urban,Narrowband,7.2,value in Millions,
2015-16,Q3,Karnataka,Rural,Broadband,1.96,value in Millions,
2015-16,Q3,Karnataka,Urban,Broadband,9.13,value in Millions,
2015-16,Q3,Karnataka,Rural,Total,5.85,value in Millions,
2015-16,Q3,Karnataka,Urban,Total,16.33,value in Millions,
2015-16,Q3,Jammu and Kashmir,Rural,Narrowband,1.26,value in Millions,
2015-16,Q3,Jammu and Kashmir,Urban,Narrowband,1.02,value in Millions,
2015-16,Q3,Jammu and Kashmir,Rural,Broadband,0.59,value in Millions,
2015-16,Q3,Jammu and Kashmir,Urban,Broadband,0.63,value in Millions,
2015-16,Q3,Jammu and Kashmir,Rural,Total,1.84,value in Millions,
2015-16,Q3,Jammu and Kashmir,Urban,Total,1.65,value in Millions,
2015-16,Q3,Himachal Pradesh,Rural,Narrowband,1.03,value in Millions,
2015-16,Q3,Himachal Pradesh,Urban,Narrowband,0.74,value in Millions,
2015-16,Q3,Himachal Pradesh,Rural,Broadband,0.7,value in Millions,
2015-16,Q3,Himachal Pradesh,Urban,Broadband,0.41,value in Millions,
2015-16,Q3,Himachal Pradesh,Rural,Total,1.73,value in Millions,
2015-16,Q3,Himachal Pradesh,Urban,Total,1.15,value in Millions,
2015-16,Q3,Haryana,Rural,Narrowband,2.04,value in Millions,
2015-16,Q3,Haryana,Urban,Narrowband,2.24,value in Millions,
2015-16,Q3,Haryana,Rural,Broadband,0.92,value in Millions,
2015-16,Q3,Haryana,Urban,Broadband,2.26,value in Millions,
2015-16,Q3,Haryana,Rural,Total,2.96,value in Millions,
2015-16,Q3,Haryana,Urban,Total,4.5,value in Millions,
2015-16,Q3,Gujarat,Rural,Narrowband,4.35,value in Millions,
2015-16,Q3,Gujarat,Urban,Narrowband,7.76,value in Millions,
2015-16,Q3,Gujarat,Rural,Broadband,1.81,value in Millions,
2015-16,Q3,Gujarat,Urban,Broadband,7.24,value in Millions,
2015-16,Q3,Gujarat,Rural,Total,6.16,value in Millions,
2015-16,Q3,Gujarat,Urban,Total,15.0,value in Millions,
2015-16,Q3,Delhi,Rural,Narrowband,0.5,value in Millions,
2015-16,Q3,Delhi,Urban,Narrowband,8.15,value in Millions,
2015-16,Q3,Delhi,Rural,Broadband,0.45,value in Millions,
2015-16,Q3,Delhi,Urban,Broadband,10.57,value in Millions,
2015-16,Q3,Delhi,Rural,Total,0.95,value in Millions,
2015-16,Q3,Delhi,Urban,Total,18.72,value in Millions,
2015-16,Q3,Bihar,Rural,Narrowband,6.65,value in Millions,
2015-16,Q3,Bihar,Urban,Narrowband,6.38,value in Millions,
2015-16,Q3,Bihar,Rural,Broadband,1.79,value in Millions,
2015-16,Q3,Bihar,Urban,Broadband,3.62,value in Millions,
2015-16,Q3,Bihar,Rural,Total,8.43,value in Millions,
2015-16,Q3,Bihar,Urban,Total,10.0,value in Millions,
2015-16,Q3,Assam,Rural,Narrowband,2.62,value in Millions,
2015-16,Q3,Assam,Urban,Narrowband,1.17,value in Millions,
2015-16,Q3,Assam,Rural,Broadband,0.76,value in Millions,
2015-16,Q3,Assam,Urban,Broadband,1.62,value in Millions,
2015-16,Q3,Assam,Rural,Total,3.38,value in Millions,
2015-16,Q3,Assam,Urban,Total,2.79,value in Millions,
2015-16,Q3,Andhra Pradesh,Rural,Narrowband,5.72,value in Millions,
2015-16,Q3,Andhra Pradesh,Urban,Narrowband,8.35,value in Millions,
2015-16,Q3,Andhra Pradesh,Rural,Broadband,3.33,value in Millions,
2015-16,Q3,Andhra Pradesh,Urban,Broadband,7.02,value in Millions,
2015-16,Q3,Andhra Pradesh,Rural,Total,9.05,value in Millions,
2015-16,Q3,Andhra Pradesh,Urban,Total,15.38,value in Millions,
2015-16,Q2,West Bengal,Rural,Narrowband,5.6,value in Millions,
2015-16,Q2,West Bengal,Urban,Narrowband,3.27,value in Millions,
2015-16,Q2,West Bengal,Rural,Broadband,1.52,value in Millions,
2015-16,Q2,West Bengal,Urban,Broadband,1.9,value in Millions,
2015-16,Q2,West Bengal,Rural,Total,7.12,value in Millions,
2015-16,Q2,West Bengal,Urban,Total,5.17,value in Millions,
2015-16,Q2,Uttar Pradesh West,Rural,Narrowband,4.88,value in Millions,
2015-16,Q2,Uttar Pradesh West,Urban,Narrowband,5.73,value in Millions,
2015-16,Q2,Uttar Pradesh West,Rural,Broadband,0.97,value in Millions,
2015-16,Q2,Uttar Pradesh West,Urban,Broadband,3.29,value in Millions,
2015-16,Q2,Uttar Pradesh West,Rural,Total,5.86,value in Millions,
2015-16,Q2,Uttar Pradesh West,Urban,Total,9.02,value in Millions,
2015-16,Q2,Uttar Pradesh East,Rural,Narrowband,9.11,value in Millions,
2015-16,Q2,Uttar Pradesh East,Urban,Narrowband,7.45,value in Millions,
2015-16,Q2,Uttar Pradesh East,Rural,Broadband,1.22,value in Millions,
2015-16,Q2,Uttar Pradesh East,Urban,Broadband,2.95,value in Millions,
2015-16,Q2,Uttar Pradesh East,Rural,Total,10.34,value in Millions,
2015-16,Q2,Uttar Pradesh East,Urban,Total,10.4,value in Millions,
2015-16,Q2,Tamil Nadu,Rural,Narrowband,4.24,value in Millions,
2015-16,Q2,Tamil Nadu,Urban,Narrowband,10.61,value in Millions,
2015-16,Q2,Tamil Nadu,Rural,Broadband,2.87,value in Millions,
2015-16,Q2,Tamil Nadu,Urban,Broadband,9.15,value in Millions,
2015-16,Q2,Tamil Nadu,Rural,Total,7.11,value in Millions,
2015-16,Q2,Tamil Nadu,Urban,Total,19.76,value in Millions,
2015-16,Q2,Rajasthan,Rural,Narrowband,5.49,value in Millions,
2015-16,Q2,Rajasthan,Urban,Narrowband,6.35,value in Millions,
2015-16,Q2,Rajasthan,Rural,Broadband,1.66,value in Millions,
2015-16,Q2,Rajasthan,Urban,Broadband,3.2,value in Millions,
2015-16,Q2,Rajasthan,Rural,Total,7.15,value in Millions,
2015-16,Q2,Rajasthan,Urban,Total,9.55,value in Millions,
2015-16,Q2,Punjab,Rural,Narrowband,4.03,value in Millions,
2015-16,Q2,Punjab,Urban,Narrowband,4.82,value in Millions,
2015-16,Q2,Punjab,Rural,Broadband,0.72,value in Millions,
2015-16,Q2,Punjab,Urban,Broadband,3.5,value in Millions,
2015-16,Q2,Punjab,Rural,Total,4.75,value in Millions,
2015-16,Q2,Punjab,Urban,Total,8.31,value in Millions,
2015-16,Q2,Odisha,Rural,Narrowband,3.16,value in Millions,
2015-16,Q2,Odisha,Urban,Narrowband,3.11,value in Millions,
2015-16,Q2,Odisha,Rural,Broadband,0.38,value in Millions,
2015-16,Q2,Odisha,Urban,Broadband,1.14,value in Millions,
2015-16,Q2,Odisha,Rural,Total,3.54,value in Millions,
2015-16,Q2,Odisha,Urban,Total,4.25,value in Millions,
2015-16,Q2,North East,Rural,Narrowband,1.57,value in Millions,
2015-16,Q2,North East,Urban,Narrowband,1.22,value in Millions,
2015-16,Q2,North East,Rural,Broadband,0.44,value in Millions,
2015-16,Q2,North East,Urban,Broadband,0.61,value in Millions,
2015-16,Q2,North East,Rural,Total,2.01,value in Millions,
2015-16,Q2,North East,Urban,Total,1.83,value in Millions,
2015-16,Q2,Mumbai,Rural,Narrowband,0.16,value in Millions,
2015-16,Q2,Mumbai,Urban,Narrowband,7.06,value in Millions,
2015-16,Q2,Mumbai,Rural,Broadband,0.12,value in Millions,
2015-16,Q2,Mumbai,Urban,Broadband,7.94,value in Millions,
2015-16,Q2,Mumbai,Rural,Total,0.27,value in Millions,
2015-16,Q2,Mumbai,Urban,Total,15.01,value in Millions,
2015-16,Q2,Maharashtra,Rural,Narrowband,7.19,value in Millions,
2015-16,Q2,Maharashtra,Urban,Narrowband,9.16,value in Millions,
2015-16,Q2,Maharashtra,Rural,Broadband,2.56,value in Millions,
2015-16,Q2,Maharashtra,Urban,Broadband,8.8,value in Millions,
2015-16,Q2,Maharashtra,Rural,Total,9.74,value in Millions,
2015-16,Q2,Maharashtra,Urban,Total,17.97,value in Millions,
2015-16,Q2,Madhya Pradesh,Rural,Narrowband,5.57,value in Millions,
2015-16,Q2,Madhya Pradesh,Urban,Narrowband,7.15,value in Millions,
2015-16,Q2,Madhya Pradesh,Rural,Broadband,0.68,value in Millions,
2015-16,Q2,Madhya Pradesh,Urban,Broadband,5.5,value in Millions,
2015-16,Q2,Madhya Pradesh,Rural,Total,6.26,value in Millions,
2015-16,Q2,Madhya Pradesh,Urban,Total,12.65,value in Millions,
2015-16,Q2,Kolkata,Rural,Narrowband,0.2,value in Millions,
2015-16,Q2,Kolkata,Urban,Narrowband,4.84,value in Millions,
2015-16,Q2,Kolkata,Rural,Broadband,0.27,value in Millions,
2015-16,Q2,Kolkata,Urban,Broadband,3.34,value in Millions,
2015-16,Q2,Kolkata,Rural,Total,0.47,value in Millions,
2015-16,Q2,Kolkata,Urban,Total,8.18,value in Millions,
2015-16,Q2,Kerala,Rural,Narrowband,3.38,value in Millions,
2015-16,Q2,Kerala,Urban,Narrowband,3.46,value in Millions,
2015-16,Q2,Kerala,Rural,Broadband,3.08,value in Millions,
2015-16,Q2,Kerala,Urban,Broadband,4.42,value in Millions,
2015-16,Q2,Kerala,Rural,Total,6.46,value in Millions,
2015-16,Q2,Kerala,Urban,Total,7.88,value in Millions,
2015-16,Q2,Karnataka,Rural,Narrowband,3.92,value in Millions,
2015-16,Q2,Karnataka,Urban,Narrowband,7.67,value in Millions,
2015-16,Q2,Karnataka,Rural,Broadband,1.74,value in Millions,
2015-16,Q2,Karnataka,Urban,Broadband,8.38,value in Millions,
2015-16,Q2,Karnataka,Rural,Total,5.67,value in Millions,
2015-16,Q2,Karnataka,Urban,Total,16.05,value in Millions,
2015-16,Q2,Jammu and Kashmir,Rural,Narrowband,1.28,value in Millions,
2015-16,Q2,Jammu and Kashmir,Urban,Narrowband,1.01,value in Millions,
2015-16,Q2,Jammu and Kashmir,Rural,Broadband,0.5,value in Millions,
2015-16,Q2,Jammu and Kashmir,Urban,Broadband,0.57,value in Millions,
2015-16,Q2,Jammu and Kashmir,Rural,Total,1.78,value in Millions,
2015-16,Q2,Jammu and Kashmir,Urban,Total,1.58,value in Millions,
2015-16,Q2,Himachal Pradesh,Rural,Narrowband,1.13,value in Millions,
2015-16,Q2,Himachal Pradesh,Urban,Narrowband,0.7,value in Millions,
2015-16,Q2,Himachal Pradesh,Rural,Broadband,0.63,value in Millions,
2015-16,Q2,Himachal Pradesh,Urban,Broadband,0.38,value in Millions,
2015-16,Q2,Himachal Pradesh,Rural,Total,1.77,value in Millions,
2015-16,Q2,Himachal Pradesh,Urban,Total,1.08,value in Millions,
2015-16,Q2,Haryana,Rural,Narrowband,2.31,value in Millions,
2015-16,Q2,Haryana,Urban,Narrowband,2.35,value in Millions,
2015-16,Q2,Haryana,Rural,Broadband,0.74,value in Millions,
2015-16,Q2,Haryana,Urban,Broadband,2.05,value in Millions,
2015-16,Q2,Haryana,Rural,Total,3.05,value in Millions,
2015-16,Q2,Haryana,Urban,Total,4.4,value in Millions,
2015-16,Q2,Gujarat,Rural,Narrowband,4.61,value in Millions,
2015-16,Q2,Gujarat,Urban,Narrowband,7.83,value in Millions,
2015-16,Q2,Gujarat,Rural,Broadband,1.68,value in Millions,
2015-16,Q2,Gujarat,Urban,Broadband,6.47,value in Millions,
2015-16,Q2,Gujarat,Rural,Total,6.29,value in Millions,
2015-16,Q2,Gujarat,Urban,Total,14.3,value in Millions,
2015-16,Q2,Delhi,Rural,Narrowband,0.61,value in Millions,
2015-16,Q2,Delhi,Urban,Narrowband,8.23,value in Millions,
2015-16,Q2,Delhi,Rural,Broadband,0.51,value in Millions,
2015-16,Q2,Delhi,Urban,Broadband,10.09,value in Millions,
2015-16,Q2,Delhi,Rural,Total,1.12,value in Millions,
2015-16,Q2,Delhi,Urban,Total,18.32,value in Millions,
2015-16,Q2,Bihar,Rural,Narrowband,7.12,value in Millions,
2015-16,Q2,Bihar,Urban,Narrowband,7.46,value in Millions,
2015-16,Q2,Bihar,Rural,Broadband,1.4,value in Millions,
2015-16,Q2,Bihar,Urban,Broadband,2.5,value in Millions,
2015-16,Q2,Bihar,Rural,Total,8.52,value in Millions,
2015-16,Q2,Bihar,Urban,Total,9.96,value in Millions,
2015-16,Q2,Assam,Rural,Narrowband,2.84,value in Millions,
2015-16,Q2,Assam,Urban,Narrowband,1.74,value in Millions,
2015-16,Q2,Assam,Rural,Broadband,0.59,value in Millions,
2015-16,Q2,Assam,Urban,Broadband,0.86,value in Millions,
2015-16,Q2,Assam,Rural,Total,3.43,value in Millions,
2015-16,Q2,Assam,Urban,Total,2.6,value in Millions,
2015-16,Q2,Andhra Pradesh,Rural,Narrowband,5.9,value in Millions,
2015-16,Q2,Andhra Pradesh,Urban,Narrowband,8.54,value in Millions,
2015-16,Q2,Andhra Pradesh,Rural,Broadband,2.91,value in Millions,
2015-16,Q2,Andhra Pradesh,Urban,Broadband,6.65,value in Millions,
2015-16,Q2,Andhra Pradesh,Rural,Total,8.8,value in Millions,
2015-16,Q2,Andhra Pradesh,Urban,Total,15.19,value in Millions,
2015-16,Q1,West Bengal,Rural,Narrowband,5.97,value in Millions,
2015-16,Q1,West Bengal,Urban,Narrowband,3.11,value in Millions,
2015-16,Q1,West Bengal,Rural,Broadband,1.54,value in Millions,
2015-16,Q1,West Bengal,Urban,Broadband,1.67,value in Millions,
2015-16,Q1,West Bengal,Rural,Total,7.51,value in Millions,
2015-16,Q1,West Bengal,Urban,Total,4.79,value in Millions,
2015-16,Q1,Uttar Pradesh West,Rural,Narrowband,5.31,value in Millions,
2015-16,Q1,Uttar Pradesh West,Urban,Narrowband,5.91,value in Millions,
2015-16,Q1,Uttar Pradesh West,Rural,Broadband,0.76,value in Millions,
2015-16,Q1,Uttar Pradesh West,Urban,Broadband,3.06,value in Millions,
2015-16,Q1,Uttar Pradesh West,Rural,Total,6.08,value in Millions,
2015-16,Q1,Uttar Pradesh West,Urban,Total,8.96,value in Millions,
2015-16,Q1,Uttar Pradesh East,Rural,Narrowband,10.66,value in Millions,
2015-16,Q1,Uttar Pradesh East,Urban,Narrowband,7.7,value in Millions,
2015-16,Q1,Uttar Pradesh East,Rural,Broadband,1.04,value in Millions,
2015-16,Q1,Uttar Pradesh East,Urban,Broadband,2.51,value in Millions,
2015-16,Q1,Uttar Pradesh East,Rural,Total,11.7,value in Millions,
2015-16,Q1,Uttar Pradesh East,Urban,Total,10.21,value in Millions,
2015-16,Q1,Tamil Nadu,Rural,Narrowband,4.61,value in Millions,
2015-16,Q1,Tamil Nadu,Urban,Narrowband,10.44,value in Millions,
2015-16,Q1,Tamil Nadu,Rural,Broadband,2.57,value in Millions,
2015-16,Q1,Tamil Nadu,Urban,Broadband,8.5,value in Millions,
2015-16,Q1,Tamil Nadu,Rural,Total,7.18,value in Millions,
2015-16,Q1,Tamil Nadu,Urban,Total,18.94,value in Millions,
2015-16,Q1,Rajasthan,Rural,Narrowband,6.33,value in Millions,
2015-16,Q1,Rajasthan,Urban,Narrowband,6.02,value in Millions,
2015-16,Q1,Rajasthan,Rural,Broadband,1.47,value in Millions,
2015-16,Q1,Rajasthan,Urban,Broadband,2.86,value in Millions,
2015-16,Q1,Rajasthan,Rural,Total,7.8,value in Millions,
2015-16,Q1,Rajasthan,Urban,Total,8.88,value in Millions,
2015-16,Q1,Punjab,Rural,Narrowband,4.1,value in Millions,
2015-16,Q1,Punjab,Urban,Narrowband,4.83,value in Millions,
2015-16,Q1,Punjab,Rural,Broadband,0.61,value in Millions,
2015-16,Q1,Punjab,Urban,Broadband,3.14,value in Millions,
2015-16,Q1,Punjab,Rural,Total,4.71,value in Millions,
2015-16,Q1,Punjab,Urban,Total,7.97,value in Millions,
2015-16,Q1,Odisha,Rural,Narrowband,3.4,value in Millions,
2015-16,Q1,Odisha,Urban,Narrowband,3.06,value in Millions,
2015-16,Q1,Odisha,Rural,Broadband,0.3,value in Millions,
2015-16,Q1,Odisha,Urban,Broadband,0.95,value in Millions,
2015-16,Q1,Odisha,Rural,Total,3.7,value in Millions,
2015-16,Q1,Odisha,Urban,Total,4.01,value in Millions,
2015-16,Q1,North East,Rural,Narrowband,1.64,value in Millions,
2015-16,Q1,North East,Urban,Narrowband,1.25,value in Millions,
2015-16,Q1,North East,Rural,Broadband,0.38,value in Millions,
2015-16,Q1,North East,Urban,Broadband,0.56,value in Millions,
2015-16,Q1,North East,Rural,Total,2.02,value in Millions,
2015-16,Q1,North East,Urban,Total,1.81,value in Millions,
2015-16,Q1,Mumbai,Rural,Narrowband,0.15,value in Millions,
2015-16,Q1,Mumbai,Urban,Narrowband,7.06,value in Millions,
2015-16,Q1,Mumbai,Rural,Broadband,0.1,value in Millions,
2015-16,Q1,Mumbai,Urban,Broadband,7.5,value in Millions,
2015-16,Q1,Mumbai,Rural,Total,0.25,value in Millions,
2015-16,Q1,Mumbai,Urban,Total,14.55,value in Millions,
2015-16,Q1,Maharashtra,Rural,Narrowband,7.78,value in Millions,
2015-16,Q1,Maharashtra,Urban,Narrowband,8.84,value in Millions,
2015-16,Q1,Maharashtra,Rural,Broadband,1.92,value in Millions,
2015-16,Q1,Maharashtra,Urban,Broadband,8.05,value in Millions,
2015-16,Q1,Maharashtra,Rural,Total,9.7,value in Millions,
2015-16,Q1,Maharashtra,Urban,Total,16.88,value in Millions,
2015-16,Q1,Madhya Pradesh,Rural,Narrowband,5.9,value in Millions,
2015-16,Q1,Madhya Pradesh,Urban,Narrowband,6.81,value in Millions,
2015-16,Q1,Madhya Pradesh,Rural,Broadband,0.5,value in Millions,
2015-16,Q1,Madhya Pradesh,Urban,Broadband,4.95,value in Millions,
2015-16,Q1,Madhya Pradesh,Rural,Total,6.4,value in Millions,
2015-16,Q1,Madhya Pradesh,Urban,Total,11.76,value in Millions,
2015-16,Q1,Kolkata,Rural,Narrowband,0.29,value in Millions,
2015-16,Q1,Kolkata,Urban,Narrowband,4.97,value in Millions,
2015-16,Q1,Kolkata,Rural,Broadband,0.23,value in Millions,
2015-16,Q1,Kolkata,Urban,Broadband,2.97,value in Millions,
2015-16,Q1,Kolkata,Rural,Total,0.52,value in Millions,
2015-16,Q1,Kolkata,Urban,Total,7.94,value in Millions,
2015-16,Q1,Kerala,Rural,Narrowband,3.56,value in Millions,
2015-16,Q1,Kerala,Urban,Narrowband,3.43,value in Millions,
2015-16,Q1,Kerala,Rural,Broadband,2.6,value in Millions,
2015-16,Q1,Kerala,Urban,Broadband,3.92,value in Millions,
2015-16,Q1,Kerala,Rural,Total,6.17,value in Millions,
2015-16,Q1,Kerala,Urban,Total,7.35,value in Millions,
2015-16,Q1,Karnataka,Rural,Narrowband,4.06,value in Millions,
2015-16,Q1,Karnataka,Urban,Narrowband,7.83,value in Millions,
2015-16,Q1,Karnataka,Rural,Broadband,1.56,value in Millions,
2015-16,Q1,Karnataka,Urban,Broadband,7.53,value in Millions,
2015-16,Q1,Karnataka,Rural,Total,5.62,value in Millions,
2015-16,Q1,Karnataka,Urban,Total,15.36,value in Millions,
2015-16,Q1,Jammu and Kashmir,Rural,Narrowband,1.34,value in Millions,
2015-16,Q1,Jammu and Kashmir,Urban,Narrowband,1.03,value in Millions,
2015-16,Q1,Jammu and Kashmir,Rural,Broadband,0.47,value in Millions,
2015-16,Q1,Jammu and Kashmir,Urban,Broadband,0.68,value in Millions,
2015-16,Q1,Jammu and Kashmir,Rural,Total,1.81,value in Millions,
2015-16,Q1,Jammu and Kashmir,Urban,Total,1.72,value in Millions,
2015-16,Q1,Himachal Pradesh,Rural,Narrowband,1.19,value in Millions,
2015-16,Q1,Himachal Pradesh,Urban,Narrowband,0.65,value in Millions,
2015-16,Q1,Himachal Pradesh,Rural,Broadband,0.55,value in Millions,
2015-16,Q1,Himachal Pradesh,Urban,Broadband,0.33,value in Millions,
2015-16,Q1,Himachal Pradesh,Rural,Total,1.74,value in Millions,
2015-16,Q1,Himachal Pradesh,Urban,Total,0.98,value in Millions,
2015-16,Q1,Haryana,Rural,Narrowband,2.53,value in Millions,
2015-16,Q1,Haryana,Urban,Narrowband,2.44,value in Millions,
2015-16,Q1,Haryana,Rural,Broadband,0.6,value in Millions,
2015-16,Q1,Haryana,Urban,Broadband,1.83,value in Millions,
2015-16,Q1,Haryana,Rural,Total,3.13,value in Millions,
2015-16,Q1,Haryana,Urban,Total,4.27,value in Millions,
2015-16,Q1,Gujarat,Rural,Narrowband,4.89,value in Millions,
2015-16,Q1,Gujarat,Urban,Narrowband,7.82,value in Millions,
2015-16,Q1,Gujarat,Rural,Broadband,1.48,value in Millions,
2015-16,Q1,Gujarat,Urban,Broadband,6.09,value in Millions,
2015-16,Q1,Gujarat,Rural,Total,6.37,value in Millions,
2015-16,Q1,Gujarat,Urban,Total,13.91,value in Millions,
2015-16,Q1,Delhi,Rural,Narrowband,0.61,value in Millions,
2015-16,Q1,Delhi,Urban,Narrowband,8.72,value in Millions,
2015-16,Q1,Delhi,Rural,Broadband,0.44,value in Millions,
2015-16,Q1,Delhi,Urban,Broadband,9.62,value in Millions,
2015-16,Q1,Delhi,Rural,Total,1.05,value in Millions,
2015-16,Q1,Delhi,Urban,Total,18.34,value in Millions,
2015-16,Q1,Bihar,Rural,Narrowband,7.43,value in Millions,
2015-16,Q1,Bihar,Urban,Narrowband,7.23,value in Millions,
2015-16,Q1,Bihar,Rural,Broadband,1.21,value in Millions,
2015-16,Q1,Bihar,Urban,Broadband,2.17,value in Millions,
2015-16,Q1,Bihar,Rural,Total,8.64,value in Millions,
2015-16,Q1,Bihar,Urban,Total,9.4,value in Millions,
2015-16,Q1,Assam,Rural,Narrowband,2.97,value in Millions,
2015-16,Q1,Assam,Urban,Narrowband,1.68,value in Millions,
2015-16,Q1,Assam,Rural,Broadband,0.51,value in Millions,
2015-16,Q1,Assam,Urban,Broadband,0.73,value in Millions,
2015-16,Q1,Assam,Rural,Total,3.48,value in Millions,
2015-16,Q1,Assam,Urban,Total,2.41,value in Millions,
2015-16,Q1,Andhra Pradesh,Rural,Narrowband,6.43,value in Millions,
2015-16,Q1,Andhra Pradesh,Urban,Narrowband,8.61,value in Millions,
2015-16,Q1,Andhra Pradesh,Rural,Broadband,2.44,value in Millions,
2015-16,Q1,Andhra Pradesh,Urban,Broadband,5.92,value in Millions,
2015-16,Q1,Andhra Pradesh,Rural,Total,8.87,value in Millions,
2015-16,Q1,Andhra Pradesh,Urban,Total,14.53,value in Millions,
2014-15,Q4,North East,Rural,Narrowband,1.52,value in Millions,
2014-15,Q4,North East,Urban,Narrowband,1.07,value in Millions,
2014-15,Q4,North East,Rural,Broadband,0.4,value in Millions,
2014-15,Q4,North East,Urban,Broadband,0.59,value in Millions,
2014-15,Q4,North East,Rural,Total,1.92,value in Millions,
2014-15,Q4,North East,Urban,Total,1.65,value in Millions,
2014-15,Q4,Mumbai,Rural,Narrowband,0.15,value in Millions,
2014-15,Q4,Mumbai,Urban,Narrowband,7.18,value in Millions,
2014-15,Q4,Mumbai,Rural,Broadband,0.1,value in Millions,
2014-15,Q4,Mumbai,Urban,Broadband,7.06,value in Millions,
2014-15,Q4,Mumbai,Rural,Total,0.25,value in Millions,
2014-15,Q4,Mumbai,Urban,Total,14.25,value in Millions,
2014-15,Q4,Maharashtra,Rural,Narrowband,7.33,value in Millions,
2014-15,Q4,Maharashtra,Urban,Narrowband,8.96,value in Millions,
2014-15,Q4,Maharashtra,Rural,Broadband,1.79,value in Millions,
2014-15,Q4,Maharashtra,Urban,Broadband,7.44,value in Millions,
2014-15,Q4,Maharashtra,Rural,Total,9.12,value in Millions,
2014-15,Q4,Maharashtra,Urban,Total,16.4,value in Millions,
2014-15,Q4,Madhya Pradesh,Rural,Narrowband,5.27,value in Millions,
2014-15,Q4,Madhya Pradesh,Urban,Narrowband,6.71,value in Millions,
2014-15,Q4,Madhya Pradesh,Rural,Broadband,1.24,value in Millions,
2014-15,Q4,Madhya Pradesh,Urban,Broadband,3.41,value in Millions,
2014-15,Q4,Madhya Pradesh,Rural,Total,6.51,value in Millions,
2014-15,Q4,Madhya Pradesh,Urban,Total,10.12,value in Millions,
2014-15,Q4,Kolkata,Rural,Narrowband,0.23,value in Millions,
2014-15,Q4,Kolkata,Urban,Narrowband,4.91,value in Millions,
2014-15,Q4,Kolkata,Rural,Broadband,0.19,value in Millions,
2014-15,Q4,Kolkata,Urban,Broadband,2.68,value in Millions,
2014-15,Q4,Kolkata,Rural,Total,0.42,value in Millions,
2014-15,Q4,Kolkata,Urban,Total,7.59,value in Millions,
2014-15,Q4,Kerala,Rural,Narrowband,3.62,value in Millions,
2014-15,Q4,Kerala,Urban,Narrowband,3.47,value in Millions,
2014-15,Q4,Kerala,Rural,Broadband,2.52,value in Millions,
2014-15,Q4,Kerala,Urban,Broadband,3.35,value in Millions,
2014-15,Q4,Kerala,Rural,Total,6.14,value in Millions,
2014-15,Q4,Kerala,Urban,Total,6.82,value in Millions,
2014-15,Q4,Karnataka,Rural,Narrowband,3.92,value in Millions,
2014-15,Q4,Karnataka,Urban,Narrowband,7.77,value in Millions,
2014-15,Q4,Karnataka,Rural,Broadband,2.77,value in Millions,
2014-15,Q4,Karnataka,Urban,Broadband,5.64,value in Millions,
2014-15,Q4,Karnataka,Rural,Total,6.69,value in Millions,
2014-15,Q4,Karnataka,Urban,Total,13.41,value in Millions,
2014-15,Q4,Jammu and Kashmir,Rural,Narrowband,1.44,value in Millions,
2014-15,Q4,Jammu and Kashmir,Urban,Narrowband,1.07,value in Millions,
2014-15,Q4,Jammu and Kashmir,Rural,Broadband,0.35,value in Millions,
2014-15,Q4,Jammu and Kashmir,Urban,Broadband,0.49,value in Millions,
2014-15,Q4,Jammu and Kashmir,Rural,Total,1.79,value in Millions,
2014-15,Q4,Jammu and Kashmir,Urban,Total,1.56,value in Millions,
2014-15,Q4,Himachal Pradesh,Rural,Narrowband,1.18,value in Millions,
2014-15,Q4,Himachal Pradesh,Urban,Narrowband,0.66,value in Millions,
2014-15,Q4,Himachal Pradesh,Rural,Broadband,0.46,value in Millions,
2014-15,Q4,Himachal Pradesh,Urban,Broadband,0.28,value in Millions,
2014-15,Q4,Himachal Pradesh,Rural,Total,1.64,value in Millions,
2014-15,Q4,Himachal Pradesh,Urban,Total,0.94,value in Millions,
2014-15,Q4,Haryana,Rural,Narrowband,2.58,value in Millions,
2014-15,Q4,Haryana,Urban,Narrowband,2.3,value in Millions,
2014-15,Q4,Haryana,Rural,Broadband,1.09,value in Millions,
2014-15,Q4,Haryana,Urban,Broadband,1.17,value in Millions,
2014-15,Q4,Haryana,Rural,Total,3.67,value in Millions,
2014-15,Q4,Haryana,Urban,Total,3.47,value in Millions,
2014-15,Q4,Gujarat,Rural,Narrowband,5.08,value in Millions,
2014-15,Q4,Gujarat,Urban,Narrowband,7.48,value in Millions,
2014-15,Q4,Gujarat,Rural,Broadband,2.0,value in Millions,
2014-15,Q4,Gujarat,Urban,Broadband,4.89,value in Millions,
2014-15,Q4,Gujarat,Rural,Total,7.07,value in Millions,
2014-15,Q4,Gujarat,Urban,Total,12.37,value in Millions,
2014-15,Q4,Delhi,Rural,Narrowband,0.61,value in Millions,
2014-15,Q4,Delhi,Urban,Narrowband,8.79,value in Millions,
2014-15,Q4,Delhi,Rural,Broadband,0.4,value in Millions,
2014-15,Q4,Delhi,Urban,Broadband,8.7,value in Millions,
2014-15,Q4,Delhi,Rural,Total,1.01,value in Millions,
2014-15,Q4,Delhi,Urban,Total,17.49,value in Millions,
2014-15,Q4,Bihar,Rural,Narrowband,6.74,value in Millions,
2014-15,Q4,Bihar,Urban,Narrowband,6.69,value in Millions,
2014-15,Q4,Bihar,Rural,Broadband,1.21,value in Millions,
2014-15,Q4,Bihar,Urban,Broadband,1.96,value in Millions,
2014-15,Q4,Bihar,Rural,Total,7.94,value in Millions,
2014-15,Q4,Bihar,Urban,Total,8.64,value in Millions,
2014-15,Q4,Assam,Rural,Narrowband,2.73,value in Millions,
2014-15,Q4,Assam,Urban,Narrowband,1.47,value in Millions,
2014-15,Q4,Assam,Rural,Broadband,0.51,value in Millions,
2014-15,Q4,Assam,Urban,Broadband,0.76,value in Millions,
2014-15,Q4,Assam,Rural,Total,3.25,value in Millions,
2014-15,Q4,Assam,Urban,Total,2.23,value in Millions,
2014-15,Q4,Andhra Pradesh,Rural,Narrowband,6.07,value in Millions,
2014-15,Q4,Andhra Pradesh,Urban,Narrowband,8.51,value in Millions,
2014-15,Q4,Andhra Pradesh,Rural,Broadband,2.08,value in Millions,
2014-15,Q4,Andhra Pradesh,Urban,Broadband,5.46,value in Millions,
2014-15,Q4,Andhra Pradesh,Rural,Total,8.15,value in Millions,
2014-15,Q4,Andhra Pradesh,Urban,Total,13.97,value in Millions,
2014-15,Q3,West Bengal,Rural,Narrowband,3.89,value in Millions,
2014-15,Q3,West Bengal,Urban,Narrowband,4.04,value in Millions,
2014-15,Q3,West Bengal,Rural,Broadband,0.92,value in Millions,
2014-15,Q3,West Bengal,Urban,Broadband,1.3,value in Millions,
2014-15,Q3,West Bengal,Rural,Total,4.81,value in Millions,
2014-15,Q3,West Bengal,Urban,Total,5.34,value in Millions,
2014-15,Q3,Uttar Pradesh West,Rural,Narrowband,3.72,value in Millions,
2014-15,Q3,Uttar Pradesh West,Urban,Narrowband,5.01,value in Millions,
2014-15,Q3,Uttar Pradesh West,Rural,Broadband,0.67,value in Millions,
2014-15,Q3,Uttar Pradesh West,Urban,Broadband,2.17,value in Millions,
2014-15,Q3,Uttar Pradesh West,Rural,Total,4.39,value in Millions,
2014-15,Q3,Uttar Pradesh West,Urban,Total,7.18,value in Millions,
2014-15,Q3,Uttar Pradesh East,Rural,Narrowband,7.13,value in Millions,
2014-15,Q3,Uttar Pradesh East,Urban,Narrowband,6.69,value in Millions,
2014-15,Q3,Uttar Pradesh East,Rural,Broadband,0.73,value in Millions,
2014-15,Q3,Uttar Pradesh East,Urban,Broadband,2.02,value in Millions,
2014-15,Q3,Uttar Pradesh East,Rural,Total,7.85,value in Millions,
2014-15,Q3,Uttar Pradesh East,Urban,Total,8.71,value in Millions,
2014-15,Q3,Tamil Nadu,Rural,Narrowband,4.16,value in Millions,
2014-15,Q3,Tamil Nadu,Urban,Narrowband,9.07,value in Millions,
2014-15,Q3,Tamil Nadu,Rural,Broadband,1.95,value in Millions,
2014-15,Q3,Tamil Nadu,Urban,Broadband,6.92,value in Millions,
2014-15,Q3,Tamil Nadu,Rural,Total,6.1,value in Millions,
2014-15,Q3,Tamil Nadu,Urban,Total,16.0,value in Millions,
2014-15,Q3,Rajasthan,Rural,Narrowband,4.69,value in Millions,
2014-15,Q3,Rajasthan,Urban,Narrowband,5.95,value in Millions,
2014-15,Q3,Rajasthan,Rural,Broadband,1.28,value in Millions,
2014-15,Q3,Rajasthan,Urban,Broadband,2.44,value in Millions,
2014-15,Q3,Rajasthan,Rural,Total,5.97,value in Millions,
2014-15,Q3,Rajasthan,Urban,Total,8.39,value in Millions,
2014-15,Q3,Punjab,Rural,Narrowband,4.02,value in Millions,
2014-15,Q3,Punjab,Urban,Narrowband,4.5,value in Millions,
2014-15,Q3,Punjab,Rural,Broadband,0.47,value in Millions,
2014-15,Q3,Punjab,Urban,Broadband,2.12,value in Millions,
2014-15,Q3,Punjab,Rural,Total,4.49,value in Millions,
2014-15,Q3,Punjab,Urban,Total,6.62,value in Millions,
2014-15,Q3,Odisha,Rural,Narrowband,2.01,value in Millions,
2014-15,Q3,Odisha,Urban,Narrowband,2.46,value in Millions,
2014-15,Q3,Odisha,Rural,Broadband,0.35,value in Millions,
2014-15,Q3,Odisha,Urban,Broadband,1.03,value in Millions,
2014-15,Q3,Odisha,Rural,Total,2.36,value in Millions,
2014-15,Q3,Odisha,Urban,Total,3.49,value in Millions,
2014-15,Q3,North East,Rural,Narrowband,1.26,value in Millions,
2014-15,Q3,North East,Urban,Narrowband,1.18,value in Millions,
2014-15,Q3,North East,Rural,Broadband,0.34,value in Millions,
2014-15,Q3,North East,Urban,Broadband,0.51,value in Millions,
2014-15,Q3,North East,Rural,Total,1.6,value in Millions,
2014-15,Q3,North East,Urban,Total,1.69,value in Millions,
2014-15,Q3,Mumbai,Rural,Narrowband,0.74,value in Millions,
2014-15,Q3,Mumbai,Urban,Narrowband,5.76,value in Millions,
2014-15,Q3,Mumbai,Rural,Broadband,0.12,value in Millions,
2014-15,Q3,Mumbai,Urban,Broadband,6.66,value in Millions,
2014-15,Q3,Mumbai,Rural,Total,0.86,value in Millions,
2014-15,Q3,Mumbai,Urban,Total,12.42,value in Millions,
2014-15,Q3,Maharashtra,Rural,Narrowband,6.48,value in Millions,
2014-15,Q3,Maharashtra,Urban,Narrowband,9.74,value in Millions,
2014-15,Q3,Maharashtra,Rural,Broadband,1.64,value in Millions,
2014-15,Q3,Maharashtra,Urban,Broadband,6.24,value in Millions,
2014-15,Q3,Maharashtra,Rural,Total,8.13,value in Millions,
2014-15,Q3,Maharashtra,Urban,Total,15.98,value in Millions,
2014-15,Q3,Madhya Pradesh,Rural,Narrowband,4.29,value in Millions,
2014-15,Q3,Madhya Pradesh,Urban,Narrowband,5.98,value in Millions,
2014-15,Q3,Madhya Pradesh,Rural,Broadband,0.31,value in Millions,
2014-15,Q3,Madhya Pradesh,Urban,Broadband,3.25,value in Millions,
2014-15,Q3,Madhya Pradesh,Rural,Total,4.6,value in Millions,
2014-15,Q3,Madhya Pradesh,Urban,Total,9.24,value in Millions,
2014-15,Q3,Kolkata,Rural,Narrowband,0.87,value in Millions,
2014-15,Q3,Kolkata,Urban,Narrowband,3.56,value in Millions,
2014-15,Q3,Kolkata,Rural,Broadband,0.19,value in Millions,
2014-15,Q3,Kolkata,Urban,Broadband,2.3,value in Millions,
2014-15,Q3,Kolkata,Rural,Total,1.06,value in Millions,
2014-15,Q3,Kolkata,Urban,Total,5.86,value in Millions,
2014-15,Q3,Kerala,Rural,Narrowband,3.26,value in Millions,
2014-15,Q3,Kerala,Urban,Narrowband,3.7,value in Millions,
2014-15,Q3,Kerala,Rural,Broadband,1.97,value in Millions,
2014-15,Q3,Kerala,Urban,Broadband,3.38,value in Millions,
2014-15,Q3,Kerala,Rural,Total,5.23,value in Millions,
2014-15,Q3,Kerala,Urban,Total,7.08,value in Millions,
2014-15,Q3,Karnataka,Rural,Narrowband,3.12,value in Millions,
2014-15,Q3,Karnataka,Urban,Narrowband,7.47,value in Millions,
2014-15,Q3,Karnataka,Rural,Broadband,1.31,value in Millions,
2014-15,Q3,Karnataka,Urban,Broadband,5.27,value in Millions,
2014-15,Q3,Karnataka,Rural,Total,4.43,value in Millions,
2014-15,Q3,Karnataka,Urban,Total,12.74,value in Millions,
2014-15,Q3,Jammu and Kashmir,Rural,Narrowband,1.48,value in Millions,
2014-15,Q3,Jammu and Kashmir,Urban,Narrowband,0.91,value in Millions,
2014-15,Q3,Jammu and Kashmir,Rural,Broadband,0.28,value in Millions,
2014-15,Q3,Jammu and Kashmir,Urban,Broadband,0.41,value in Millions,
2014-15,Q3,Jammu and Kashmir,Rural,Total,1.76,value in Millions,
2014-15,Q3,Jammu and Kashmir,Urban,Total,1.32,value in Millions,
2014-15,Q3,Himachal Pradesh,Rural,Narrowband,1.02,value in Millions,
2014-15,Q3,Himachal Pradesh,Urban,Narrowband,0.7,value in Millions,
2014-15,Q3,Himachal Pradesh,Rural,Broadband,0.37,value in Millions,
2014-15,Q3,Himachal Pradesh,Urban,Broadband,0.28,value in Millions,
2014-15,Q3,Himachal Pradesh,Rural,Total,1.39,value in Millions,
2014-15,Q3,Himachal Pradesh,Urban,Total,0.98,value in Millions,
2014-15,Q3,Haryana,Rural,Narrowband,2.33,value in Millions,
2014-15,Q3,Haryana,Urban,Narrowband,2.0,value in Millions,
2014-15,Q3,Haryana,Rural,Broadband,0.51,value in Millions,
2014-15,Q3,Haryana,Urban,Broadband,1.07,value in Millions,
2014-15,Q3,Haryana,Rural,Total,2.85,value in Millions,
2014-15,Q3,Haryana,Urban,Total,3.07,value in Millions,
2014-15,Q3,Gujarat,Rural,Narrowband,4.81,value in Millions,
2014-15,Q3,Gujarat,Urban,Narrowband,6.91,value in Millions,
2014-15,Q3,Gujarat,Rural,Broadband,1.17,value in Millions,
2014-15,Q3,Gujarat,Urban,Broadband,4.79,value in Millions,
2014-15,Q3,Gujarat,Rural,Total,5.99,value in Millions,
2014-15,Q3,Gujarat,Urban,Total,11.7,value in Millions,
2014-15,Q3,Delhi,Rural,Narrowband,1.09,value in Millions,
2014-15,Q3,Delhi,Urban,Narrowband,7.8,value in Millions,
2014-15,Q3,Delhi,Rural,Broadband,0.26,value in Millions,
2014-15,Q3,Delhi,Urban,Broadband,8.14,value in Millions,
2014-15,Q3,Delhi,Rural,Total,1.35,value in Millions,
2014-15,Q3,Delhi,Urban,Total,15.94,value in Millions,
2014-15,Q3,Bihar,Rural,Narrowband,5.97,value in Millions,
2014-15,Q3,Bihar,Urban,Narrowband,5.21,value in Millions,
2014-15,Q3,Bihar,Rural,Broadband,0.97,value in Millions,
2014-15,Q3,Bihar,Urban,Broadband,1.74,value in Millions,
2014-15,Q3,Bihar,Rural,Total,6.93,value in Millions,
2014-15,Q3,Bihar,Urban,Total,6.95,value in Millions,
2014-15,Q3,Assam,Rural,Narrowband,2.04,value in Millions,
2014-15,Q3,Assam,Urban,Narrowband,1.59,value in Millions,
2014-15,Q3,Assam,Rural,Broadband,0.4,value in Millions,
2014-15,Q3,Assam,Urban,Broadband,0.71,value in Millions,
2014-15,Q3,Assam,Rural,Total,2.44,value in Millions,
2014-15,Q3,Assam,Urban,Total,2.3,value in Millions,
2014-15,Q3,Andhra Pradesh,Rural,Narrowband,5.85,value in Millions,
2014-15,Q3,Andhra Pradesh,Urban,Narrowband,7.2,value in Millions,
2014-15,Q3,Andhra Pradesh,Rural,Broadband,1.73,value in Millions,
2014-15,Q3,Andhra Pradesh,Urban,Broadband,5.03,value in Millions,
2014-15,Q3,Andhra Pradesh,Rural,Total,7.58,value in Millions,
2014-15,Q3,Andhra Pradesh,Urban,Total,12.23,value in Millions,
