year,month,state,gender,value,unit,note
2036,October,West Bengal,Total,103020,value in Thousands,
2036,October,West Bengal,Male,52106,value in Thousands,
2036,October,West Bengal,Female,50914,value in Thousands,
2036,October,Uttarakhand,Total,13027,value in Thousands,
2036,October,Uttarakhand,Male,6693,value in Thousands,
2036,October,Uttarakhand,Female,6334,value in Thousands,
2036,October,Uttar Pradesh,Total,259810,value in Thousands,
2036,October,Uttar Pradesh,Male,134503,value in Thousands,
2036,October,Uttar Pradesh,Female,125307,value in Thousands,
2036,October,Tripura,Total,4578,value in Thousands,
2036,October,Tripura,Male,2312,value in Thousands,
2036,October,Tripura,Female,2266,value in Thousands,
2036,October,Telangana,Total,39493,value in Thousands,
2036,October,Telangana,Male,19781,value in Thousands,
2036,October,Telangana,Female,19712,value in Thousands,
2036,October,Tamil Nadu,Total,78065,value in Thousands,
2036,October,Tamil Nadu,Male,38728,value in Thousands,
2036,October,Tamil Nadu,Female,39337,value in Thousands,
2036,October,Sikkim,Total,761,value in Thousands,
2036,October,Sikkim,Male,399,value in Thousands,
2036,October,Sikkim,Female,362,value in Thousands,
2036,October,Rajasthan,Total,90955,value in Thousands,
2036,October,Rajasthan,Male,46244,value in Thousands,
2036,October,Rajasthan,Female,44711,value in Thousands,
2036,October,Punjab,Total,32725,value in Thousands,
2036,October,Punjab,Male,17086,value in Thousands,
2036,October,Punjab,Female,15639,value in Thousands,
2036,October,Puducherry,Total,2210,value in Thousands,
2036,October,Puducherry,Male,1005,value in Thousands,
2036,October,Puducherry,Female,1205,value in Thousands,
2036,October,Odisha,Total,49115,value in Thousands,
2036,October,Odisha,Male,24582,value in Thousands,
2036,October,Odisha,Female,24533,value in Thousands,
2036,October,Nagaland,Total,2465,value in Thousands,
2036,October,Nagaland,Male,1264,value in Thousands,
2036,October,Nagaland,Female,1201,value in Thousands,
2036,October,Mizoram,Total,1367,value in Thousands,
2036,October,Mizoram,Male,685,value in Thousands,
2036,October,Mizoram,Female,682,value in Thousands,
2036,October,Meghalaya,Total,3697,value in Thousands,
2036,October,Meghalaya,Male,1840,value in Thousands,
2036,October,Meghalaya,Female,1857,value in Thousands,
2036,October,Manipur,Total,3559,value in Thousands,
2036,October,Manipur,Male,1775,value in Thousands,
2036,October,Manipur,Female,1784,value in Thousands,
2036,October,Maharashtra,Total,137150,value in Thousands,
2036,October,Maharashtra,Male,71409,value in Thousands,
2036,October,Maharashtra,Female,65741,value in Thousands,
2036,October,Madhya Pradesh,Total,98242,value in Thousands,
2036,October,Madhya Pradesh,Male,50281,value in Thousands,
2036,October,Madhya Pradesh,Female,47960,value in Thousands,
2036,October,Lakshadweep,Total,72,value in Thousands,
2036,October,Lakshadweep,Male,37,value in Thousands,
2036,October,Lakshadweep,Female,35,value in Thousands,
2036,October,Ladakh,Total,316,value in Thousands,
2036,October,Ladakh,Male,174,value in Thousands,
2036,October,Ladakh,Female,143,value in Thousands,
2036,October,Kerala,Total,36978,value in Thousands,
2036,October,Kerala,Male,17791,value in Thousands,
2036,October,Kerala,Female,19187,value in Thousands,
2036,October,Karnataka,Total,72099,value in Thousands,
2036,October,Karnataka,Male,36557,value in Thousands,
2036,October,Karnataka,Female,35542,value in Thousands,
2036,October,Jharkhand,Total,45382,value in Thousands,
2036,October,Jharkhand,Male,23071,value in Thousands,
2036,October,Jharkhand,Female,22311,value in Thousands,
2036,October,Jammu and Kashmir,Total,14792,value in Thousands,
2036,October,Jammu and Kashmir,Male,7654,value in Thousands,
2036,October,Jammu and Kashmir,Female,7138,value in Thousands,
2036,October,Himachal Pradesh,Total,7794,value in Thousands,
2036,October,Himachal Pradesh,Male,3950,value in Thousands,
2036,October,Himachal Pradesh,Female,3844,value in Thousands,
2036,October,Haryana,Total,34646,value in Thousands,
2036,October,Haryana,Male,18147,value in Thousands,
2036,October,Haryana,Female,16500,value in Thousands,
2036,October,Gujarat,Total,81711,value in Thousands,
2036,October,Gujarat,Male,43011,value in Thousands,
2036,October,Gujarat,Female,38700,value in Thousands,
2036,October,Goa,Total,1666,value in Thousands,
2036,October,Goa,Male,834,value in Thousands,
2036,October,Goa,Female,832,value in Thousands,
2036,October,Delhi,Total,26829,value in Thousands,
2036,October,Delhi,Male,14121,value in Thousands,
2036,October,Delhi,Female,12708,value in Thousands,
2036,October,Daman and Diu,Total,2066,value in Thousands,
2036,October,Daman and Diu,Male,1759,value in Thousands,
2036,October,Daman and Diu,Female,307,value in Thousands,
2036,October,Dadra and Nagar Haveli,Total,1764,value in Thousands,
2036,October,Dadra and Nagar Haveli,Male,1172,value in Thousands,
2036,October,Dadra and Nagar Haveli,Female,592,value in Thousands,
2036,October,Chhattisgarh,Total,34240,value in Thousands,
2036,October,Chhattisgarh,Male,17154,value in Thousands,
2036,October,Chhattisgarh,Female,17086,value in Thousands,
2036,October,Chandigarh,Total,1365,value in Thousands,
2036,October,Chandigarh,Male,724,value in Thousands,
2036,October,Chandigarh,Female,641,value in Thousands,
2036,October,Bihar,Total,149455,value in Thousands,
2036,October,Bihar,Male,77234,value in Thousands,
2036,October,Bihar,Female,72221,value in Thousands,
2036,October,Assam,Total,39539,value in Thousands,
2036,October,Assam,Male,20001,value in Thousands,
2036,October,Assam,Female,19538,value in Thousands,
2036,October,Arunachal Pradesh,Total,1724,value in Thousands,
2036,October,Arunachal Pradesh,Male,881,value in Thousands,
2036,October,Arunachal Pradesh,Female,843,value in Thousands,
2036,October,Andhra Pradesh,Total,54261,value in Thousands,
2036,October,Andhra Pradesh,Male,27029,value in Thousands,
2036,October,Andhra Pradesh,Female,27232,value in Thousands,
2036,October,Andaman and Nicobar Islands,Total,414,value in Thousands,
2036,October,Andaman and Nicobar Islands,Male,217,value in Thousands,
2036,October,Andaman and Nicobar Islands,Female,197,value in Thousands,
2036,October,All India,Total,1527353,value in Thousands,
2036,October,All India,Male,782211,value in Thousands,
2036,October,All India,Female,745142,value in Thousands,
2036,March,West Bengal,Total,102931,value in Thousands,
2036,March,West Bengal,Male,52080,value in Thousands,
2036,March,West Bengal,Female,50851,value in Thousands,
2036,March,Uttarakhand,Total,12974,value in Thousands,
2036,March,Uttarakhand,Male,6665,value in Thousands,
2036,March,Uttarakhand,Female,6309,value in Thousands,
2036,March,Uttar Pradesh,Total,258990,value in Thousands,
2036,March,Uttar Pradesh,Male,134113,value in Thousands,
2036,March,Uttar Pradesh,Female,124877,value in Thousands,
2036,March,Tripura,Total,4565,value in Thousands,
2036,March,Tripura,Male,2306,value in Thousands,
2036,March,Tripura,Female,2258,value in Thousands,
2036,March,Telangana,Total,39467,value in Thousands,
2036,March,Telangana,Male,19772,value in Thousands,
2036,March,Telangana,Female,19696,value in Thousands,
2036,March,Tamil Nadu,Total,78067,value in Thousands,
2036,March,Tamil Nadu,Male,38739,value in Thousands,
2036,March,Tamil Nadu,Female,39328,value in Thousands,
2036,March,Sikkim,Total,759,value in Thousands,
2036,March,Sikkim,Male,397,value in Thousands,
2036,March,Sikkim,Female,361,value in Thousands,
2036,March,Rajasthan,Total,90563,value in Thousands,
2036,March,Rajasthan,Male,46048,value in Thousands,
2036,March,Rajasthan,Female,44514,value in Thousands,
2036,March,Punjab,Total,32658,value in Thousands,
2036,March,Punjab,Male,17055,value in Thousands,
2036,March,Punjab,Female,15603,value in Thousands,
2036,March,Puducherry,Total,2184,value in Thousands,
2036,March,Puducherry,Male,995,value in Thousands,
2036,March,Puducherry,Female,1189,value in Thousands,
2036,March,Odisha,Total,49025,value in Thousands,
2036,March,Odisha,Male,24542,value in Thousands,
2036,March,Odisha,Female,24483,value in Thousands,
2036,March,Nagaland,Total,2458,value in Thousands,
2036,March,Nagaland,Male,1261,value in Thousands,
2036,March,Nagaland,Female,1197,value in Thousands,
2036,March,Mizoram,Total,1363,value in Thousands,
2036,March,Mizoram,Male,683,value in Thousands,
2036,March,Mizoram,Female,680,value in Thousands,
2036,March,Meghalaya,Total,3686,value in Thousands,
2036,March,Meghalaya,Male,1836,value in Thousands,
2036,March,Meghalaya,Female,1851,value in Thousands,
2036,March,Manipur,Total,3548,value in Thousands,
2036,March,Manipur,Male,1770,value in Thousands,
2036,March,Manipur,Female,1779,value in Thousands,
2036,March,Maharashtra,Total,136764,value in Thousands,
2036,March,Maharashtra,Male,71208,value in Thousands,
2036,March,Maharashtra,Female,65556,value in Thousands,
2036,March,Madhya Pradesh,Total,97804,value in Thousands,
2036,March,Madhya Pradesh,Male,50073,value in Thousands,
2036,March,Madhya Pradesh,Female,47731,value in Thousands,
2036,March,Lakshadweep,Total,71,value in Thousands,
2036,March,Lakshadweep,Male,37,value in Thousands,
2036,March,Lakshadweep,Female,35,value in Thousands,
2036,March,Ladakh,Total,316,value in Thousands,
2036,March,Ladakh,Male,174,value in Thousands,
2036,March,Ladakh,Female,142,value in Thousands,
2036,March,Kerala,Total,36949,value in Thousands,
2036,March,Kerala,Male,17775,value in Thousands,
2036,March,Kerala,Female,19174,value in Thousands,
2036,March,Karnataka,Total,71948,value in Thousands,
2036,March,Karnataka,Male,36482,value in Thousands,
2036,March,Karnataka,Female,35466,value in Thousands,
2036,March,Jharkhand,Total,45155,value in Thousands,
2036,March,Jharkhand,Male,22962,value in Thousands,
2036,March,Jharkhand,Female,22193,value in Thousands,
2036,March,Jammu and Kashmir,Total,14747,value in Thousands,
2036,March,Jammu and Kashmir,Male,7635,value in Thousands,
2036,March,Jammu and Kashmir,Female,7112,value in Thousands,
2036,March,Himachal Pradesh,Total,7785,value in Thousands,
2036,March,Himachal Pradesh,Male,3945,value in Thousands,
2036,March,Himachal Pradesh,Female,3840,value in Thousands,
2036,March,Haryana,Total,34469,value in Thousands,
2036,March,Haryana,Male,18061,value in Thousands,
2036,March,Haryana,Female,16408,value in Thousands,
2036,March,Gujarat,Total,81316,value in Thousands,
2036,March,Gujarat,Male,42800,value in Thousands,
2036,March,Gujarat,Female,38516,value in Thousands,
2036,March,Goa,Total,1663,value in Thousands,
2036,March,Goa,Male,833,value in Thousands,
2036,March,Goa,Female,830,value in Thousands,
2036,March,Delhi,Total,26591,value in Thousands,
2036,March,Delhi,Male,14002,value in Thousands,
2036,March,Delhi,Female,12589,value in Thousands,
2036,March,Daman and Diu,Total,1969,value in Thousands,
2036,March,Daman and Diu,Male,1670,value in Thousands,
2036,March,Daman and Diu,Female,298,value in Thousands,
2036,March,Dadra and Nagar Haveli,Total,1703,value in Thousands,
2036,March,Dadra and Nagar Haveli,Male,1128,value in Thousands,
2036,March,Dadra and Nagar Haveli,Female,574,value in Thousands,
2036,March,Chhattisgarh,Total,34081,value in Thousands,
2036,March,Chhattisgarh,Male,17076,value in Thousands,
2036,March,Chhattisgarh,Female,17005,value in Thousands,
2036,March,Chandigarh,Total,1360,value in Thousands,
2036,March,Chandigarh,Male,722,value in Thousands,
2036,March,Chandigarh,Female,638,value in Thousands,
2036,March,Bihar,Total,148576,value in Thousands,
2036,March,Bihar,Male,76797,value in Thousands,
2036,March,Bihar,Female,71779,value in Thousands,
2036,March,Assam,Total,39399,value in Thousands,
2036,March,Assam,Male,19935,value in Thousands,
2036,March,Assam,Female,19464,value in Thousands,
2036,March,Arunachal Pradesh,Total,1719,value in Thousands,
2036,March,Arunachal Pradesh,Male,878,value in Thousands,
2036,March,Arunachal Pradesh,Female,841,value in Thousands,
2036,March,Andhra Pradesh,Total,54252,value in Thousands,
2036,March,Andhra Pradesh,Male,27029,value in Thousands,
2036,March,Andhra Pradesh,Female,27223,value in Thousands,
2036,March,Andaman and Nicobar Islands,Total,413,value in Thousands,
2036,March,Andaman and Nicobar Islands,Male,217,value in Thousands,
2036,March,Andaman and Nicobar Islands,Female,197,value in Thousands,
2036,March,All India,Total,1522288,value in Thousands,
2036,March,All India,Male,779701,value in Thousands,
2036,March,All India,Female,742587,value in Thousands,
2036,July,West Bengal,Total,102982,value in Thousands,
2036,July,West Bengal,Male,52095,value in Thousands,
2036,July,West Bengal,Female,50887,value in Thousands,
2036,July,Uttarakhand,Total,13004,value in Thousands,
2036,July,Uttarakhand,Male,6681,value in Thousands,
2036,July,Uttarakhand,Female,6323,value in Thousands,
2036,July,Uttar Pradesh,Total,259459,value in Thousands,
2036,July,Uttar Pradesh,Male,134336,value in Thousands,
2036,July,Uttar Pradesh,Female,125123,value in Thousands,
2036,July,Tripura,Total,4571,value in Thousands,
2036,July,Tripura,Male,2309,value in Thousands,
2036,July,Tripura,Female,2262,value in Thousands,
2036,July,Telangana,Total,39480,value in Thousands,
2036,July,Telangana,Male,19776,value in Thousands,
2036,July,Telangana,Female,19704,value in Thousands,
2036,July,Tamil Nadu,Total,78066,value in Thousands,
2036,July,Tamil Nadu,Male,38733,value in Thousands,
2036,July,Tamil Nadu,Female,39333,value in Thousands,
2036,July,Sikkim,Total,760,value in Thousands,
2036,July,Sikkim,Male,398,value in Thousands,
2036,July,Sikkim,Female,361,value in Thousands,
2036,July,Rajasthan,Total,90787,value in Thousands,
2036,July,Rajasthan,Male,46160,value in Thousands,
2036,July,Rajasthan,Female,44627,value in Thousands,
2036,July,Punjab,Total,32696,value in Thousands,
2036,July,Punjab,Male,17072,value in Thousands,
2036,July,Punjab,Female,15624,value in Thousands,
2036,July,Puducherry,Total,2198,value in Thousands,
2036,July,Puducherry,Male,1001,value in Thousands,
2036,July,Puducherry,Female,1198,value in Thousands,
2036,July,Odisha,Total,49077,value in Thousands,
2036,July,Odisha,Male,24565,value in Thousands,
2036,July,Odisha,Female,24512,value in Thousands,
2036,July,Nagaland,Total,2462,value in Thousands,
2036,July,Nagaland,Male,1262,value in Thousands,
2036,July,Nagaland,Female,1199,value in Thousands,
2036,July,Mizoram,Total,1365,value in Thousands,
2036,July,Mizoram,Male,684,value in Thousands,
2036,July,Mizoram,Female,681,value in Thousands,
2036,July,Meghalaya,Total,3692,value in Thousands,
2036,July,Meghalaya,Male,1838,value in Thousands,
2036,July,Meghalaya,Female,1854,value in Thousands,
2036,July,Manipur,Total,3553,value in Thousands,
2036,July,Manipur,Male,1772,value in Thousands,
2036,July,Manipur,Female,1781,value in Thousands,
2036,July,Maharashtra,Total,136985,value in Thousands,
2036,July,Maharashtra,Male,71323,value in Thousands,
2036,July,Maharashtra,Female,65662,value in Thousands,
2036,July,Madhya Pradesh,Total,98054,value in Thousands,
2036,July,Madhya Pradesh,Male,50192,value in Thousands,
2036,July,Madhya Pradesh,Female,47862,value in Thousands,
2036,July,Lakshadweep,Total,72,value in Thousands,
2036,July,Lakshadweep,Male,37,value in Thousands,
2036,July,Lakshadweep,Female,35,value in Thousands,
2036,July,Ladakh,Total,316,value in Thousands,
2036,July,Ladakh,Male,174,value in Thousands,
2036,July,Ladakh,Female,142,value in Thousands,
2036,July,Kerala,Total,36965,value in Thousands,
2036,July,Kerala,Male,17784,value in Thousands,
2036,July,Kerala,Female,19182,value in Thousands,
2036,July,Karnataka,Total,72034,value in Thousands,
2036,July,Karnataka,Male,36525,value in Thousands,
2036,July,Karnataka,Female,35509,value in Thousands,
2036,July,Jharkhand,Total,45285,value in Thousands,
2036,July,Jharkhand,Male,23024,value in Thousands,
2036,July,Jharkhand,Female,22261,value in Thousands,
2036,July,Jammu and Kashmir,Total,14773,value in Thousands,
2036,July,Jammu and Kashmir,Male,7646,value in Thousands,
2036,July,Jammu and Kashmir,Female,7127,value in Thousands,
2036,July,Himachal Pradesh,Total,7790,value in Thousands,
2036,July,Himachal Pradesh,Male,3948,value in Thousands,
2036,July,Himachal Pradesh,Female,3842,value in Thousands,
2036,July,Haryana,Total,34570,value in Thousands,
2036,July,Haryana,Male,18110,value in Thousands,
2036,July,Haryana,Female,16460,value in Thousands,
2036,July,Gujarat,Total,81542,value in Thousands,
2036,July,Gujarat,Male,42921,value in Thousands,
2036,July,Gujarat,Female,38621,value in Thousands,
2036,July,Goa,Total,1665,value in Thousands,
2036,July,Goa,Male,834,value in Thousands,
2036,July,Goa,Female,831,value in Thousands,
2036,July,Delhi,Total,26727,value in Thousands,
2036,July,Delhi,Male,14070,value in Thousands,
2036,July,Delhi,Female,12657,value in Thousands,
2036,July,Daman and Diu,Total,2024,value in Thousands,
2036,July,Daman and Diu,Male,1721,value in Thousands,
2036,July,Daman and Diu,Female,303,value in Thousands,
2036,July,Dadra and Nagar Haveli,Total,1738,value in Thousands,
2036,July,Dadra and Nagar Haveli,Male,1153,value in Thousands,
2036,July,Dadra and Nagar Haveli,Female,584,value in Thousands,
2036,July,Chhattisgarh,Total,34172,value in Thousands,
2036,July,Chhattisgarh,Male,17120,value in Thousands,
2036,July,Chhattisgarh,Female,17051,value in Thousands,
2036,July,Chandigarh,Total,1362,value in Thousands,
2036,July,Chandigarh,Male,723,value in Thousands,
2036,July,Chandigarh,Female,639,value in Thousands,
2036,July,Bihar,Total,149078,value in Thousands,
2036,July,Bihar,Male,77047,value in Thousands,
2036,July,Bihar,Female,72031,value in Thousands,
2036,July,Assam,Total,39479,value in Thousands,
2036,July,Assam,Male,19973,value in Thousands,
2036,July,Assam,Female,19506,value in Thousands,
2036,July,Arunachal Pradesh,Total,1722,value in Thousands,
2036,July,Arunachal Pradesh,Male,880,value in Thousands,
2036,July,Arunachal Pradesh,Female,842,value in Thousands,
2036,July,Andhra Pradesh,Total,54257,value in Thousands,
2036,July,Andhra Pradesh,Male,27029,value in Thousands,
2036,July,Andhra Pradesh,Female,27228,value in Thousands,
2036,July,Andaman and Nicobar Islands,Total,413,value in Thousands,
2036,July,Andaman and Nicobar Islands,Male,217,value in Thousands,
2036,July,Andaman and Nicobar Islands,Female,197,value in Thousands,
2036,July,All India,Total,1525174,value in Thousands,
2036,July,All India,Male,781133,value in Thousands,
2036,July,All India,Female,744041,value in Thousands,
2035,October,West Bengal,Total,102868,value in Thousands,
2035,October,West Bengal,Male,52062,value in Thousands,
2035,October,West Bengal,Female,50806,value in Thousands,
2035,October,Uttarakhand,Total,12937,value in Thousands,
2035,October,Uttarakhand,Male,6646,value in Thousands,
2035,October,Uttarakhand,Female,6291,value in Thousands,
2035,October,Uttar Pradesh,Total,258405,value in Thousands,
2035,October,Uttar Pradesh,Male,133835,value in Thousands,
2035,October,Uttar Pradesh,Female,124570,value in Thousands,
2035,October,Tripura,Total,4551,value in Thousands,
2035,October,Tripura,Male,2300,value in Thousands,
2035,October,Tripura,Female,2251,value in Thousands,
2035,October,Telangana,Total,39441,value in Thousands,
2035,October,Telangana,Male,19762,value in Thousands,
2035,October,Telangana,Female,19679,value in Thousands,
2035,October,Tamil Nadu,Total,78068,value in Thousands,
2035,October,Tamil Nadu,Male,38747,value in Thousands,
2035,October,Tamil Nadu,Female,39322,value in Thousands,
2035,October,Sikkim,Total,756,value in Thousands,
2035,October,Sikkim,Male,396,value in Thousands,
2035,October,Sikkim,Female,360,value in Thousands,
2035,October,Rajasthan,Total,90282,value in Thousands,
2035,October,Rajasthan,Male,45908,value in Thousands,
2035,October,Rajasthan,Female,44374,value in Thousands,
2035,October,Punjab,Total,32611,value in Thousands,
2035,October,Punjab,Male,17033,value in Thousands,
2035,October,Punjab,Female,15577,value in Thousands,
2035,October,Puducherry,Total,2165,value in Thousands,
2035,October,Puducherry,Male,988,value in Thousands,
2035,October,Puducherry,Female,1177,value in Thousands,
2035,October,Odisha,Total,48962,value in Thousands,
2035,October,Odisha,Male,24514,value in Thousands,
2035,October,Odisha,Female,24448,value in Thousands,
2035,October,Nagaland,Total,2451,value in Thousands,
2035,October,Nagaland,Male,1257,value in Thousands,
2035,October,Nagaland,Female,1193,value in Thousands,
2035,October,Mizoram,Total,1359,value in Thousands,
2035,October,Mizoram,Male,681,value in Thousands,
2035,October,Mizoram,Female,678,value in Thousands,
2035,October,Meghalaya,Total,3675,value in Thousands,
2035,October,Meghalaya,Male,1831,value in Thousands,
2035,October,Meghalaya,Female,1845,value in Thousands,
2035,October,Manipur,Total,3538,value in Thousands,
2035,October,Manipur,Male,1765,value in Thousands,
2035,October,Manipur,Female,1773,value in Thousands,
2035,October,Maharashtra,Total,136488,value in Thousands,
2035,October,Maharashtra,Male,71064,value in Thousands,
2035,October,Maharashtra,Female,65423,value in Thousands,
2035,October,Madhya Pradesh,Total,97492,value in Thousands,
2035,October,Madhya Pradesh,Male,49924,value in Thousands,
2035,October,Madhya Pradesh,Female,47568,value in Thousands,
2035,October,Lakshadweep,Total,71,value in Thousands,
2035,October,Lakshadweep,Male,37,value in Thousands,
2035,October,Lakshadweep,Female,35,value in Thousands,
2035,October,Ladakh,Total,315,value in Thousands,
2035,October,Ladakh,Male,174,value in Thousands,
2035,October,Ladakh,Female,142,value in Thousands,
2035,October,Kerala,Total,36927,value in Thousands,
2035,October,Kerala,Male,17763,value in Thousands,
2035,October,Kerala,Female,19164,value in Thousands,
2035,October,Karnataka,Total,71840,value in Thousands,
2035,October,Karnataka,Male,36429,value in Thousands,
2035,October,Karnataka,Female,35411,value in Thousands,
2035,October,Jharkhand,Total,44993,value in Thousands,
2035,October,Jharkhand,Male,22884,value in Thousands,
2035,October,Jharkhand,Female,22109,value in Thousands,
2035,October,Jammu and Kashmir,Total,14715,value in Thousands,
2035,October,Jammu and Kashmir,Male,7621,value in Thousands,
2035,October,Jammu and Kashmir,Female,7094,value in Thousands,
2035,October,Himachal Pradesh,Total,7779,value in Thousands,
2035,October,Himachal Pradesh,Male,3942,value in Thousands,
2035,October,Himachal Pradesh,Female,3837,value in Thousands,
2035,October,Haryana,Total,34342,value in Thousands,
2035,October,Haryana,Male,18000,value in Thousands,
2035,October,Haryana,Female,16342,value in Thousands,
2035,October,Gujarat,Total,81034,value in Thousands,
2035,October,Gujarat,Male,42648,value in Thousands,
2035,October,Gujarat,Female,38385,value in Thousands,
2035,October,Goa,Total,1660,value in Thousands,
2035,October,Goa,Male,832,value in Thousands,
2035,October,Goa,Female,829,value in Thousands,
2035,October,Delhi,Total,26421,value in Thousands,
2035,October,Delhi,Male,13917,value in Thousands,
2035,October,Delhi,Female,12504,value in Thousands,
2035,October,Daman and Diu,Total,1899,value in Thousands,
2035,October,Daman and Diu,Male,1607,value in Thousands,
2035,October,Daman and Diu,Female,292,value in Thousands,
2035,October,Dadra and Nagar Haveli,Total,1659,value in Thousands,
2035,October,Dadra and Nagar Haveli,Male,1097,value in Thousands,
2035,October,Dadra and Nagar Haveli,Female,562,value in Thousands,
2035,October,Chhattisgarh,Total,33967,value in Thousands,
2035,October,Chhattisgarh,Male,17020,value in Thousands,
2035,October,Chhattisgarh,Female,16948,value in Thousands,
2035,October,Chandigarh,Total,1356,value in Thousands,
2035,October,Chandigarh,Male,720,value in Thousands,
2035,October,Chandigarh,Female,636,value in Thousands,
2035,October,Bihar,Total,147948,value in Thousands,
2035,October,Bihar,Male,76484,value in Thousands,
2035,October,Bihar,Female,71464,value in Thousands,
2035,October,Assam,Total,39299,value in Thousands,
2035,October,Assam,Male,19888,value in Thousands,
2035,October,Assam,Female,19410,value in Thousands,
2035,October,Arunachal Pradesh,Total,1714,value in Thousands,
2035,October,Arunachal Pradesh,Male,876,value in Thousands,
2035,October,Arunachal Pradesh,Female,838,value in Thousands,
2035,October,Andhra Pradesh,Total,54245,value in Thousands,
2035,October,Andhra Pradesh,Male,27030,value in Thousands,
2035,October,Andhra Pradesh,Female,27216,value in Thousands,
2035,October,Andaman and Nicobar Islands,Total,413,value in Thousands,
2035,October,Andaman and Nicobar Islands,Male,217,value in Thousands,
2035,October,Andaman and Nicobar Islands,Female,196,value in Thousands,
2035,October,All India,Total,1518648,value in Thousands,
2035,October,All India,Male,777899,value in Thousands,
2035,October,All India,Female,740749,value in Thousands,
2035,March,West Bengal,Total,102778,value in Thousands,
2035,March,West Bengal,Male,52036,value in Thousands,
2035,March,West Bengal,Female,50742,value in Thousands,
2035,March,Uttarakhand,Total,12884,value in Thousands,
2035,March,Uttarakhand,Male,6618,value in Thousands,
2035,March,Uttarakhand,Female,6266,value in Thousands,
2035,March,Uttar Pradesh,Total,257585,value in Thousands,
2035,March,Uttar Pradesh,Male,133445,value in Thousands,
2035,March,Uttar Pradesh,Female,124139,value in Thousands,
2035,March,Tripura,Total,4538,value in Thousands,
2035,March,Tripura,Male,2294,value in Thousands,
2035,March,Tripura,Female,2244,value in Thousands,
2035,March,Telangana,Total,39415,value in Thousands,
2035,March,Telangana,Male,19752,value in Thousands,
2035,March,Telangana,Female,19663,value in Thousands,
2035,March,Tamil Nadu,Total,78070,value in Thousands,
2035,March,Tamil Nadu,Male,38757,value in Thousands,
2035,March,Tamil Nadu,Female,39313,value in Thousands,
2035,March,Sikkim,Total,754,value in Thousands,
2035,March,Sikkim,Male,395,value in Thousands,
2035,March,Sikkim,Female,359,value in Thousands,
2035,March,Rajasthan,Total,89890,value in Thousands,
2035,March,Rajasthan,Male,45712,value in Thousands,
2035,March,Rajasthan,Female,44177,value in Thousands,
2035,March,Punjab,Total,32544,value in Thousands,
2035,March,Punjab,Male,17002,value in Thousands,
2035,March,Punjab,Female,15541,value in Thousands,
2035,March,Puducherry,Total,2139,value in Thousands,
2035,March,Puducherry,Male,978,value in Thousands,
2035,March,Puducherry,Female,1161,value in Thousands,
2035,March,Odisha,Total,48873,value in Thousands,
2035,March,Odisha,Male,24475,value in Thousands,
2035,March,Odisha,Female,24398,value in Thousands,
2035,March,Nagaland,Total,2444,value in Thousands,
2035,March,Nagaland,Male,1254,value in Thousands,
2035,March,Nagaland,Female,1189,value in Thousands,
2035,March,Mizoram,Total,1355,value in Thousands,
2035,March,Mizoram,Male,680,value in Thousands,
2035,March,Mizoram,Female,676,value in Thousands,
2035,March,Meghalaya,Total,3664,value in Thousands,
2035,March,Meghalaya,Male,1826,value in Thousands,
2035,March,Meghalaya,Female,1839,value in Thousands,
2035,March,Manipur,Total,3527,value in Thousands,
2035,March,Manipur,Male,1760,value in Thousands,
2035,March,Manipur,Female,1767,value in Thousands,
2035,March,Maharashtra,Total,136101,value in Thousands,
2035,March,Maharashtra,Male,70863,value in Thousands,
2035,March,Maharashtra,Female,65238,value in Thousands,
2035,March,Madhya Pradesh,Total,97055,value in Thousands,
2035,March,Madhya Pradesh,Male,49716,value in Thousands,
2035,March,Madhya Pradesh,Female,47339,value in Thousands,
2035,March,Lakshadweep,Total,71,value in Thousands,
2035,March,Lakshadweep,Male,37,value in Thousands,
2035,March,Lakshadweep,Female,35,value in Thousands,
2035,March,Ladakh,Total,315,value in Thousands,
2035,March,Ladakh,Male,173,value in Thousands,
2035,March,Ladakh,Female,142,value in Thousands,
2035,March,Kerala,Total,36898,value in Thousands,
2035,March,Kerala,Male,17747,value in Thousands,
2035,March,Kerala,Female,19150,value in Thousands,
2035,March,Karnataka,Total,71689,value in Thousands,
2035,March,Karnataka,Male,36354,value in Thousands,
2035,March,Karnataka,Female,35335,value in Thousands,
2035,March,Jharkhand,Total,44766,value in Thousands,
2035,March,Jharkhand,Male,22775,value in Thousands,
2035,March,Jharkhand,Female,21991,value in Thousands,
2035,March,Jammu and Kashmir,Total,14670,value in Thousands,
2035,March,Jammu and Kashmir,Male,7601,value in Thousands,
2035,March,Jammu and Kashmir,Female,7069,value in Thousands,
2035,March,Himachal Pradesh,Total,7770,value in Thousands,
2035,March,Himachal Pradesh,Male,3938,value in Thousands,
2035,March,Himachal Pradesh,Female,3832,value in Thousands,
2035,March,Haryana,Total,34164,value in Thousands,
2035,March,Haryana,Male,17915,value in Thousands,
2035,March,Haryana,Female,16249,value in Thousands,
2035,March,Gujarat,Total,80639,value in Thousands,
2035,March,Gujarat,Male,42437,value in Thousands,
2035,March,Gujarat,Female,38202,value in Thousands,
2035,March,Goa,Total,1657,value in Thousands,
2035,March,Goa,Male,830,value in Thousands,
2035,March,Goa,Female,827,value in Thousands,
2035,March,Delhi,Total,26183,value in Thousands,
2035,March,Delhi,Male,13798,value in Thousands,
2035,March,Delhi,Female,12385,value in Thousands,
2035,March,Daman and Diu,Total,1802,value in Thousands,
2035,March,Daman and Diu,Male,1518,value in Thousands,
2035,March,Daman and Diu,Female,284,value in Thousands,
2035,March,Dadra and Nagar Haveli,Total,1598,value in Thousands,
2035,March,Dadra and Nagar Haveli,Male,1053,value in Thousands,
2035,March,Dadra and Nagar Haveli,Female,544,value in Thousands,
2035,March,Chhattisgarh,Total,33809,value in Thousands,
2035,March,Chhattisgarh,Male,16941,value in Thousands,
2035,March,Chhattisgarh,Female,16867,value in Thousands,
2035,March,Chandigarh,Total,1351,value in Thousands,
2035,March,Chandigarh,Male,718,value in Thousands,
2035,March,Chandigarh,Female,633,value in Thousands,
2035,March,Bihar,Total,147069,value in Thousands,
2035,March,Bihar,Male,76046,value in Thousands,
2035,March,Bihar,Female,71022,value in Thousands,
2035,March,Assam,Total,39158,value in Thousands,
2035,March,Assam,Male,19823,value in Thousands,
2035,March,Assam,Female,19336,value in Thousands,
2035,March,Arunachal Pradesh,Total,1709,value in Thousands,
2035,March,Arunachal Pradesh,Male,874,value in Thousands,
2035,March,Arunachal Pradesh,Female,835,value in Thousands,
2035,March,Andhra Pradesh,Total,54236,value in Thousands,
2035,March,Andhra Pradesh,Male,27030,value in Thousands,
2035,March,Andhra Pradesh,Female,27206,value in Thousands,
2035,March,Andaman and Nicobar Islands,Total,413,value in Thousands,
2035,March,Andaman and Nicobar Islands,Male,216,value in Thousands,
2035,March,Andaman and Nicobar Islands,Female,196,value in Thousands,
2035,March,All India,Total,1513578,value in Thousands,
2035,March,All India,Male,775387,value in Thousands,
2035,March,All India,Female,738191,value in Thousands,
2035,July,West Bengal,Total,102829,value in Thousands,
2035,July,West Bengal,Male,52051,value in Thousands,
2035,July,West Bengal,Female,50779,value in Thousands,
2035,July,Uttarakhand,Total,12914,value in Thousands,
2035,July,Uttarakhand,Male,6634,value in Thousands,
2035,July,Uttarakhand,Female,6281,value in Thousands,
2035,July,Uttar Pradesh,Total,258053,value in Thousands,
2035,July,Uttar Pradesh,Male,133668,value in Thousands,
2035,July,Uttar Pradesh,Female,124385,value in Thousands,
2035,July,Tripura,Total,4544,value in Thousands,
2035,July,Tripura,Male,2297,value in Thousands,
2035,July,Tripura,Female,2248,value in Thousands,
2035,July,Telangana,Total,39428,value in Thousands,
2035,July,Telangana,Male,19757,value in Thousands,
2035,July,Telangana,Female,19671,value in Thousands,
2035,July,Tamil Nadu,Total,78069,value in Thousands,
2035,July,Tamil Nadu,Male,38751,value in Thousands,
2035,July,Tamil Nadu,Female,39318,value in Thousands,
2035,July,Sikkim,Total,755,value in Thousands,
2035,July,Sikkim,Male,396,value in Thousands,
2035,July,Sikkim,Female,359,value in Thousands,
2035,July,Rajasthan,Total,90114,value in Thousands,
2035,July,Rajasthan,Male,45824,value in Thousands,
2035,July,Rajasthan,Female,44290,value in Thousands,
2035,July,Punjab,Total,32582,value in Thousands,
2035,July,Punjab,Male,17020,value in Thousands,
2035,July,Punjab,Female,15562,value in Thousands,
2035,July,Puducherry,Total,2154,value in Thousands,
2035,July,Puducherry,Male,984,value in Thousands,
2035,July,Puducherry,Female,1170,value in Thousands,
2035,July,Odisha,Total,48923,value in Thousands,
2035,July,Odisha,Male,24497,value in Thousands,
2035,July,Odisha,Female,24426,value in Thousands,
2035,July,Nagaland,Total,2447,value in Thousands,
2035,July,Nagaland,Male,1256,value in Thousands,
2035,July,Nagaland,Female,1191,value in Thousands,
2035,July,Mizoram,Total,1357,value in Thousands,
2035,July,Mizoram,Male,681,value in Thousands,
2035,July,Mizoram,Female,677,value in Thousands,
2035,July,Meghalaya,Total,3670,value in Thousands,
2035,July,Meghalaya,Male,1828,value in Thousands,
2035,July,Meghalaya,Female,1842,value in Thousands,
2035,July,Manipur,Total,3532,value in Thousands,
2035,July,Manipur,Male,1763,value in Thousands,
2035,July,Manipur,Female,1770,value in Thousands,
2035,July,Maharashtra,Total,136322,value in Thousands,
2035,July,Maharashtra,Male,70978,value in Thousands,
2035,July,Maharashtra,Female,65344,value in Thousands,
2035,July,Madhya Pradesh,Total,97305,value in Thousands,
2035,July,Madhya Pradesh,Male,49835,value in Thousands,
2035,July,Madhya Pradesh,Female,47470,value in Thousands,
2035,July,Lakshadweep,Total,71,value in Thousands,
2035,July,Lakshadweep,Male,37,value in Thousands,
2035,July,Lakshadweep,Female,35,value in Thousands,
2035,July,Ladakh,Total,315,value in Thousands,
2035,July,Ladakh,Male,173,value in Thousands,
2035,July,Ladakh,Female,142,value in Thousands,
2035,July,Kerala,Total,36915,value in Thousands,
2035,July,Kerala,Male,17756,value in Thousands,
2035,July,Kerala,Female,19158,value in Thousands,
2035,July,Karnataka,Total,71775,value in Thousands,
2035,July,Karnataka,Male,36397,value in Thousands,
2035,July,Karnataka,Female,35378,value in Thousands,
2035,July,Jharkhand,Total,44895,value in Thousands,
2035,July,Jharkhand,Male,22837,value in Thousands,
2035,July,Jharkhand,Female,22058,value in Thousands,
2035,July,Jammu and Kashmir,Total,14696,value in Thousands,
2035,July,Jammu and Kashmir,Male,7612,value in Thousands,
2035,July,Jammu and Kashmir,Female,7083,value in Thousands,
2035,July,Himachal Pradesh,Total,7775,value in Thousands,
2035,July,Himachal Pradesh,Male,3941,value in Thousands,
2035,July,Himachal Pradesh,Female,3835,value in Thousands,
2035,July,Haryana,Total,34266,value in Thousands,
2035,July,Haryana,Male,17964,value in Thousands,
2035,July,Haryana,Female,16302,value in Thousands,
2035,July,Gujarat,Total,80865,value in Thousands,
2035,July,Gujarat,Male,42558,value in Thousands,
2035,July,Gujarat,Female,38307,value in Thousands,
2035,July,Goa,Total,1659,value in Thousands,
2035,July,Goa,Male,831,value in Thousands,
2035,July,Goa,Female,828,value in Thousands,
2035,July,Delhi,Total,26319,value in Thousands,
2035,July,Delhi,Male,13866,value in Thousands,
2035,July,Delhi,Female,12453,value in Thousands,
2035,July,Daman and Diu,Total,1858,value in Thousands,
2035,July,Daman and Diu,Male,1569,value in Thousands,
2035,July,Daman and Diu,Female,289,value in Thousands,
2035,July,Dadra and Nagar Haveli,Total,1633,value in Thousands,
2035,July,Dadra and Nagar Haveli,Male,1078,value in Thousands,
2035,July,Dadra and Nagar Haveli,Female,554,value in Thousands,
2035,July,Chhattisgarh,Total,33899,value in Thousands,
2035,July,Chhattisgarh,Male,16986,value in Thousands,
2035,July,Chhattisgarh,Female,16913,value in Thousands,
2035,July,Chandigarh,Total,1354,value in Thousands,
2035,July,Chandigarh,Male,719,value in Thousands,
2035,July,Chandigarh,Female,635,value in Thousands,
2035,July,Bihar,Total,147571,value in Thousands,
2035,July,Bihar,Male,76296,value in Thousands,
2035,July,Bihar,Female,71275,value in Thousands,
2035,July,Assam,Total,39239,value in Thousands,
2035,July,Assam,Male,19860,value in Thousands,
2035,July,Assam,Female,19378,value in Thousands,
2035,July,Arunachal Pradesh,Total,1712,value in Thousands,
2035,July,Arunachal Pradesh,Male,875,value in Thousands,
2035,July,Arunachal Pradesh,Female,837,value in Thousands,
2035,July,Andhra Pradesh,Total,54242,value in Thousands,
2035,July,Andhra Pradesh,Male,27030,value in Thousands,
2035,July,Andhra Pradesh,Female,27212,value in Thousands,
2035,July,Andaman and Nicobar Islands,Total,413,value in Thousands,
2035,July,Andaman and Nicobar Islands,Male,216,value in Thousands,
2035,July,Andaman and Nicobar Islands,Female,196,value in Thousands,
2035,July,All India,Total,1516472,value in Thousands,
2035,July,All India,Male,776821,value in Thousands,
2035,July,All India,Female,739651,value in Thousands,
2034,October,West Bengal,Total,102715,value in Thousands,
2034,October,West Bengal,Male,52017,value in Thousands,
2034,October,West Bengal,Female,50697,value in Thousands,
2034,October,Uttarakhand,Total,12847,value in Thousands,
2034,October,Uttarakhand,Male,6598,value in Thousands,
2034,October,Uttarakhand,Female,6249,value in Thousands,
2034,October,Uttar Pradesh,Total,256999,value in Thousands,
2034,October,Uttar Pradesh,Male,133167,value in Thousands,
2034,October,Uttar Pradesh,Female,123832,value in Thousands,
2034,October,Tripura,Total,4524,value in Thousands,
2034,October,Tripura,Male,2288,value in Thousands,
2034,October,Tripura,Female,2237,value in Thousands,
2034,October,Telangana,Total,39389,value in Thousands,
2034,October,Telangana,Male,19743,value in Thousands,
2034,October,Telangana,Female,19646,value in Thousands,
2034,October,Tamil Nadu,Total,78071,value in Thousands,
2034,October,Tamil Nadu,Male,38765,value in Thousands,
2034,October,Tamil Nadu,Female,39306,value in Thousands,
2034,October,Sikkim,Total,752,value in Thousands,
2034,October,Sikkim,Male,394,value in Thousands,
2034,October,Sikkim,Female,357,value in Thousands,
2034,October,Rajasthan,Total,89609,value in Thousands,
2034,October,Rajasthan,Male,45572,value in Thousands,
2034,October,Rajasthan,Female,44037,value in Thousands,
2034,October,Punjab,Total,32496,value in Thousands,
2034,October,Punjab,Male,16981,value in Thousands,
2034,October,Punjab,Female,15516,value in Thousands,
2034,October,Puducherry,Total,2120,value in Thousands,
2034,October,Puducherry,Male,971,value in Thousands,
2034,October,Puducherry,Female,1150,value in Thousands,
2034,October,Odisha,Total,48808,value in Thousands,
2034,October,Odisha,Male,24446,value in Thousands,
2034,October,Odisha,Female,24362,value in Thousands,
2034,October,Nagaland,Total,2436,value in Thousands,
2034,October,Nagaland,Male,1251,value in Thousands,
2034,October,Nagaland,Female,1186,value in Thousands,
2034,October,Mizoram,Total,1351,value in Thousands,
2034,October,Mizoram,Male,678,value in Thousands,
2034,October,Mizoram,Female,673,value in Thousands,
2034,October,Meghalaya,Total,3654,value in Thousands,
2034,October,Meghalaya,Male,1821,value in Thousands,
2034,October,Meghalaya,Female,1833,value in Thousands,
2034,October,Manipur,Total,3517,value in Thousands,
2034,October,Manipur,Male,1756,value in Thousands,
2034,October,Manipur,Female,1761,value in Thousands,
2034,October,Maharashtra,Total,135825,value in Thousands,
2034,October,Maharashtra,Male,70719,value in Thousands,
2034,October,Maharashtra,Female,65106,value in Thousands,
2034,October,Madhya Pradesh,Total,96743,value in Thousands,
2034,October,Madhya Pradesh,Male,49567,value in Thousands,
2034,October,Madhya Pradesh,Female,47175,value in Thousands,
2034,October,Lakshadweep,Total,71,value in Thousands,
2034,October,Lakshadweep,Male,37,value in Thousands,
2034,October,Lakshadweep,Female,35,value in Thousands,
2034,October,Ladakh,Total,315,value in Thousands,
2034,October,Ladakh,Male,173,value in Thousands,
2034,October,Ladakh,Female,141,value in Thousands,
2034,October,Kerala,Total,36877,value in Thousands,
2034,October,Kerala,Male,17736,value in Thousands,
2034,October,Kerala,Female,19141,value in Thousands,
2034,October,Karnataka,Total,71581,value in Thousands,
2034,October,Karnataka,Male,36300,value in Thousands,
2034,October,Karnataka,Female,35280,value in Thousands,
2034,October,Jharkhand,Total,44604,value in Thousands,
2034,October,Jharkhand,Male,22697,value in Thousands,
2034,October,Jharkhand,Female,21906,value in Thousands,
2034,October,Jammu and Kashmir,Total,14638,value in Thousands,
2034,October,Jammu and Kashmir,Male,7587,value in Thousands,
2034,October,Jammu and Kashmir,Female,7051,value in Thousands,
2034,October,Himachal Pradesh,Total,7764,value in Thousands,
2034,October,Himachal Pradesh,Male,3935,value in Thousands,
2034,October,Himachal Pradesh,Female,3829,value in Thousands,
2034,October,Haryana,Total,34037,value in Thousands,
2034,October,Haryana,Male,17854,value in Thousands,
2034,October,Haryana,Female,16183,value in Thousands,
2034,October,Gujarat,Total,80357,value in Thousands,
2034,October,Gujarat,Male,42286,value in Thousands,
2034,October,Gujarat,Female,38071,value in Thousands,
2034,October,Goa,Total,1654,value in Thousands,
2034,October,Goa,Male,829,value in Thousands,
2034,October,Goa,Female,825,value in Thousands,
2034,October,Delhi,Total,26013,value in Thousands,
2034,October,Delhi,Male,13713,value in Thousands,
2034,October,Delhi,Female,12300,value in Thousands,
2034,October,Daman and Diu,Total,1733,value in Thousands,
2034,October,Daman and Diu,Male,1455,value in Thousands,
2034,October,Daman and Diu,Female,278,value in Thousands,
2034,October,Dadra and Nagar Haveli,Total,1554,value in Thousands,
2034,October,Dadra and Nagar Haveli,Male,1022,value in Thousands,
2034,October,Dadra and Nagar Haveli,Female,532,value in Thousands,
2034,October,Chhattisgarh,Total,33695,value in Thousands,
2034,October,Chhattisgarh,Male,16885,value in Thousands,
2034,October,Chhattisgarh,Female,16810,value in Thousands,
2034,October,Chandigarh,Total,1348,value in Thousands,
2034,October,Chandigarh,Male,717,value in Thousands,
2034,October,Chandigarh,Female,631,value in Thousands,
2034,October,Bihar,Total,146441,value in Thousands,
2034,October,Bihar,Male,75734,value in Thousands,
2034,October,Bihar,Female,70707,value in Thousands,
2034,October,Assam,Total,39058,value in Thousands,
2034,October,Assam,Male,19776,value in Thousands,
2034,October,Assam,Female,19282,value in Thousands,
2034,October,Arunachal Pradesh,Total,1704,value in Thousands,
2034,October,Arunachal Pradesh,Male,871,value in Thousands,
2034,October,Arunachal Pradesh,Female,833,value in Thousands,
2034,October,Andhra Pradesh,Total,54230,value in Thousands,
2034,October,Andhra Pradesh,Male,27030,value in Thousands,
2034,October,Andhra Pradesh,Female,27200,value in Thousands,
2034,October,Andaman and Nicobar Islands,Total,412,value in Thousands,
2034,October,Andaman and Nicobar Islands,Male,216,value in Thousands,
2034,October,Andaman and Nicobar Islands,Female,196,value in Thousands,
2034,October,All India,Total,1509941,value in Thousands,
2034,October,All India,Male,773587,value in Thousands,
2034,October,All India,Female,736354,value in Thousands,
2034,March,West Bengal,Total,102625,value in Thousands,
2034,March,West Bengal,Male,51991,value in Thousands,
2034,March,West Bengal,Female,50634,value in Thousands,
2034,March,Uttarakhand,Total,12794,value in Thousands,
2034,March,Uttarakhand,Male,6571,value in Thousands,
2034,March,Uttarakhand,Female,6224,value in Thousands,
2034,March,Uttar Pradesh,Total,256179,value in Thousands,
2034,March,Uttar Pradesh,Male,132777,value in Thousands,
2034,March,Uttar Pradesh,Female,123402,value in Thousands,
2034,March,Tripura,Total,4511,value in Thousands,
2034,March,Tripura,Male,2281,value in Thousands,
2034,March,Tripura,Female,2229,value in Thousands,
2034,March,Telangana,Total,39363,value in Thousands,
2034,March,Telangana,Male,19733,value in Thousands,
2034,March,Telangana,Female,19630,value in Thousands,
2034,March,Tamil Nadu,Total,78073,value in Thousands,
2034,March,Tamil Nadu,Male,38775,value in Thousands,
2034,March,Tamil Nadu,Female,39297,value in Thousands,
2034,March,Sikkim,Total,750,value in Thousands,
2034,March,Sikkim,Male,393,value in Thousands,
2034,March,Sikkim,Female,356,value in Thousands,
2034,March,Rajasthan,Total,89217,value in Thousands,
2034,March,Rajasthan,Male,45376,value in Thousands,
2034,March,Rajasthan,Female,43840,value in Thousands,
2034,March,Punjab,Total,32430,value in Thousands,
2034,March,Punjab,Male,16950,value in Thousands,
2034,March,Punjab,Female,15480,value in Thousands,
2034,March,Puducherry,Total,2094,value in Thousands,
2034,March,Puducherry,Male,961,value in Thousands,
2034,March,Puducherry,Female,1133,value in Thousands,
2034,March,Odisha,Total,48719,value in Thousands,
2034,March,Odisha,Male,24407,value in Thousands,
2034,March,Odisha,Female,24312,value in Thousands,
2034,March,Nagaland,Total,2429,value in Thousands,
2034,March,Nagaland,Male,1247,value in Thousands,
2034,March,Nagaland,Female,1182,value in Thousands,
2034,March,Mizoram,Total,1347,value in Thousands,
2034,March,Mizoram,Male,676,value in Thousands,
2034,March,Mizoram,Female,671,value in Thousands,
2034,March,Meghalaya,Total,3643,value in Thousands,
2034,March,Meghalaya,Male,1816,value in Thousands,
2034,March,Meghalaya,Female,1827,value in Thousands,
2034,March,Manipur,Total,3506,value in Thousands,
2034,March,Manipur,Male,1751,value in Thousands,
2034,March,Manipur,Female,1756,value in Thousands,
2034,March,Maharashtra,Total,135439,value in Thousands,
2034,March,Maharashtra,Male,70518,value in Thousands,
2034,March,Maharashtra,Female,64920,value in Thousands,
2034,March,Madhya Pradesh,Total,96305,value in Thousands,
2034,March,Madhya Pradesh,Male,49359,value in Thousands,
2034,March,Madhya Pradesh,Female,46946,value in Thousands,
2034,March,Lakshadweep,Total,71,value in Thousands,
2034,March,Lakshadweep,Male,37,value in Thousands,
2034,March,Lakshadweep,Female,35,value in Thousands,
2034,March,Ladakh,Total,314,value in Thousands,
2034,March,Ladakh,Male,173,value in Thousands,
2034,March,Ladakh,Female,141,value in Thousands,
2034,March,Kerala,Total,36847,value in Thousands,
2034,March,Kerala,Male,17720,value in Thousands,
2034,March,Kerala,Female,19127,value in Thousands,
2034,March,Karnataka,Total,71429,value in Thousands,
2034,March,Karnataka,Male,36225,value in Thousands,
2034,March,Karnataka,Female,35204,value in Thousands,
2034,March,Jharkhand,Total,44377,value in Thousands,
2034,March,Jharkhand,Male,22589,value in Thousands,
2034,March,Jharkhand,Female,21788,value in Thousands,
2034,March,Jammu and Kashmir,Total,14593,value in Thousands,
2034,March,Jammu and Kashmir,Male,7568,value in Thousands,
2034,March,Jammu and Kashmir,Female,7025,value in Thousands,
2034,March,Himachal Pradesh,Total,7756,value in Thousands,
2034,March,Himachal Pradesh,Male,3931,value in Thousands,
2034,March,Himachal Pradesh,Female,3825,value in Thousands,
2034,March,Haryana,Total,33860,value in Thousands,
2034,March,Haryana,Male,17769,value in Thousands,
2034,March,Haryana,Female,16091,value in Thousands,
2034,March,Gujarat,Total,79962,value in Thousands,
2034,March,Gujarat,Male,42074,value in Thousands,
2034,March,Gujarat,Female,37888,value in Thousands,
2034,March,Goa,Total,1651,value in Thousands,
2034,March,Goa,Male,828,value in Thousands,
2034,March,Goa,Female,823,value in Thousands,
2034,March,Delhi,Total,25775,value in Thousands,
2034,March,Delhi,Male,13595,value in Thousands,
2034,March,Delhi,Female,12181,value in Thousands,
2034,March,Daman and Diu,Total,1636,value in Thousands,
2034,March,Daman and Diu,Male,1366,value in Thousands,
2034,March,Daman and Diu,Female,270,value in Thousands,
2034,March,Dadra and Nagar Haveli,Total,1493,value in Thousands,
2034,March,Dadra and Nagar Haveli,Male,978,value in Thousands,
2034,March,Dadra and Nagar Haveli,Female,515,value in Thousands,
2034,March,Chhattisgarh,Total,33536,value in Thousands,
2034,March,Chhattisgarh,Male,16807,value in Thousands,
2034,March,Chhattisgarh,Female,16729,value in Thousands,
2034,March,Chandigarh,Total,1343,value in Thousands,
2034,March,Chandigarh,Male,715,value in Thousands,
2034,March,Chandigarh,Female,628,value in Thousands,
2034,March,Bihar,Total,145562,value in Thousands,
2034,March,Bihar,Male,75296,value in Thousands,
2034,March,Bihar,Female,70266,value in Thousands,
2034,March,Assam,Total,38918,value in Thousands,
2034,March,Assam,Male,19710,value in Thousands,
2034,March,Assam,Female,19208,value in Thousands,
2034,March,Arunachal Pradesh,Total,1699,value in Thousands,
2034,March,Arunachal Pradesh,Male,869,value in Thousands,
2034,March,Arunachal Pradesh,Female,830,value in Thousands,
2034,March,Andhra Pradesh,Total,54221,value in Thousands,
2034,March,Andhra Pradesh,Male,27031,value in Thousands,
2034,March,Andhra Pradesh,Female,27190,value in Thousands,
2034,March,Andaman and Nicobar Islands,Total,412,value in Thousands,
2034,March,Andaman and Nicobar Islands,Male,216,value in Thousands,
2034,March,Andaman and Nicobar Islands,Female,196,value in Thousands,
2034,March,All India,Total,1504878,value in Thousands,
2034,March,All India,Male,771079,value in Thousands,
2034,March,All India,Female,733799,value in Thousands,
2034,July,West Bengal,Total,102676,value in Thousands,
2034,July,West Bengal,Male,52006,value in Thousands,
2034,July,West Bengal,Female,50670,value in Thousands,
2034,July,Uttarakhand,Total,12824,value in Thousands,
2034,July,Uttarakhand,Male,6586,value in Thousands,
2034,July,Uttarakhand,Female,6238,value in Thousands,
2034,July,Uttar Pradesh,Total,256648,value in Thousands,
2034,July,Uttar Pradesh,Male,133000,value in Thousands,
2034,July,Uttar Pradesh,Female,123648,value in Thousands,
2034,July,Tripura,Total,4518,value in Thousands,
2034,July,Tripura,Male,2284,value in Thousands,
2034,July,Tripura,Female,2233,value in Thousands,
2034,July,Telangana,Total,39376,value in Thousands,
2034,July,Telangana,Male,19738,value in Thousands,
2034,July,Telangana,Female,19638,value in Thousands,
2034,July,Tamil Nadu,Total,78072,value in Thousands,
2034,July,Tamil Nadu,Male,38769,value in Thousands,
2034,July,Tamil Nadu,Female,39303,value in Thousands,
2034,July,Sikkim,Total,751,value in Thousands,
2034,July,Sikkim,Male,394,value in Thousands,
2034,July,Sikkim,Female,357,value in Thousands,
2034,July,Rajasthan,Total,89441,value in Thousands,
2034,July,Rajasthan,Male,45488,value in Thousands,
2034,July,Rajasthan,Female,43953,value in Thousands,
2034,July,Punjab,Total,32468,value in Thousands,
2034,July,Punjab,Male,16967,value in Thousands,
2034,July,Punjab,Female,15500,value in Thousands,
2034,July,Puducherry,Total,2109,value in Thousands,
2034,July,Puducherry,Male,967,value in Thousands,
2034,July,Puducherry,Female,1143,value in Thousands,
2034,July,Odisha,Total,48771,value in Thousands,
2034,July,Odisha,Male,24430,value in Thousands,
2034,July,Odisha,Female,24341,value in Thousands,
2034,July,Nagaland,Total,2433,value in Thousands,
2034,July,Nagaland,Male,1249,value in Thousands,
2034,July,Nagaland,Female,1184,value in Thousands,
2034,July,Mizoram,Total,1349,value in Thousands,
2034,July,Mizoram,Male,677,value in Thousands,
2034,July,Mizoram,Female,672,value in Thousands,
2034,July,Meghalaya,Total,3648,value in Thousands,
2034,July,Meghalaya,Male,1818,value in Thousands,
2034,July,Meghalaya,Female,1830,value in Thousands,
2034,July,Manipur,Total,3512,value in Thousands,
2034,July,Manipur,Male,1753,value in Thousands,
2034,July,Manipur,Female,1759,value in Thousands,
2034,July,Maharashtra,Total,135659,value in Thousands,
2034,July,Maharashtra,Male,70633,value in Thousands,
2034,July,Maharashtra,Female,65026,value in Thousands,
2034,July,Madhya Pradesh,Total,96555,value in Thousands,
2034,July,Madhya Pradesh,Male,49478,value in Thousands,
2034,July,Madhya Pradesh,Female,47077,value in Thousands,
2034,July,Lakshadweep,Total,71,value in Thousands,
2034,July,Lakshadweep,Male,37,value in Thousands,
2034,July,Lakshadweep,Female,35,value in Thousands,
2034,July,Ladakh,Total,314,value in Thousands,
2034,July,Ladakh,Male,173,value in Thousands,
2034,July,Ladakh,Female,141,value in Thousands,
2034,July,Kerala,Total,36864,value in Thousands,
2034,July,Kerala,Male,17729,value in Thousands,
2034,July,Kerala,Female,19135,value in Thousands,
2034,July,Karnataka,Total,71516,value in Thousands,
2034,July,Karnataka,Male,36268,value in Thousands,
2034,July,Karnataka,Female,35248,value in Thousands,
2034,July,Jharkhand,Total,44506,value in Thousands,
2034,July,Jharkhand,Male,22651,value in Thousands,
2034,July,Jharkhand,Female,21856,value in Thousands,
2034,July,Jammu and Kashmir,Total,14618,value in Thousands,
2034,July,Jammu and Kashmir,Male,7579,value in Thousands,
2034,July,Jammu and Kashmir,Female,7040,value in Thousands,
2034,July,Himachal Pradesh,Total,7761,value in Thousands,
2034,July,Himachal Pradesh,Male,3933,value in Thousands,
2034,July,Himachal Pradesh,Female,3828,value in Thousands,
2034,July,Haryana,Total,33961,value in Thousands,
2034,July,Haryana,Male,17817,value in Thousands,
2034,July,Haryana,Female,16144,value in Thousands,
2034,July,Gujarat,Total,80188,value in Thousands,
2034,July,Gujarat,Male,42195,value in Thousands,
2034,July,Gujarat,Female,37993,value in Thousands,
2034,July,Goa,Total,1653,value in Thousands,
2034,July,Goa,Male,828,value in Thousands,
2034,July,Goa,Female,825,value in Thousands,
2034,July,Delhi,Total,25911,value in Thousands,
2034,July,Delhi,Male,13662,value in Thousands,
2034,July,Delhi,Female,12249,value in Thousands,
2034,July,Daman and Diu,Total,1691,value in Thousands,
2034,July,Daman and Diu,Male,1417,value in Thousands,
2034,July,Daman and Diu,Female,274,value in Thousands,
2034,July,Dadra and Nagar Haveli,Total,1528,value in Thousands,
2034,July,Dadra and Nagar Haveli,Male,1003,value in Thousands,
2034,July,Dadra and Nagar Haveli,Female,525,value in Thousands,
2034,July,Chhattisgarh,Total,33627,value in Thousands,
2034,July,Chhattisgarh,Male,16852,value in Thousands,
2034,July,Chhattisgarh,Female,16775,value in Thousands,
2034,July,Chandigarh,Total,1346,value in Thousands,
2034,July,Chandigarh,Male,716,value in Thousands,
2034,July,Chandigarh,Female,630,value in Thousands,
2034,July,Bihar,Total,146064,value in Thousands,
2034,July,Bihar,Male,75546,value in Thousands,
2034,July,Bihar,Female,70518,value in Thousands,
2034,July,Assam,Total,38998,value in Thousands,
2034,July,Assam,Male,19748,value in Thousands,
2034,July,Assam,Female,19250,value in Thousands,
2034,July,Arunachal Pradesh,Total,1701,value in Thousands,
2034,July,Arunachal Pradesh,Male,870,value in Thousands,
2034,July,Arunachal Pradesh,Female,831,value in Thousands,
2034,July,Andhra Pradesh,Total,54226,value in Thousands,
2034,July,Andhra Pradesh,Male,27030,value in Thousands,
2034,July,Andhra Pradesh,Female,27196,value in Thousands,
2034,July,Andaman and Nicobar Islands,Total,412,value in Thousands,
2034,July,Andaman and Nicobar Islands,Male,216,value in Thousands,
2034,July,Andaman and Nicobar Islands,Female,196,value in Thousands,
2034,July,All India,Total,1507768,value in Thousands,
2034,July,All India,Male,772507,value in Thousands,
2034,July,All India,Female,735261,value in Thousands,
2033,October,West Bengal,Total,102562,value in Thousands,
2033,October,West Bengal,Male,51973,value in Thousands,
2033,October,West Bengal,Female,50589,value in Thousands,
2033,October,Uttarakhand,Total,12757,value in Thousands,
2033,October,Uttarakhand,Male,6551,value in Thousands,
2033,October,Uttarakhand,Female,6206,value in Thousands,
2033,October,Uttar Pradesh,Total,255594,value in Thousands,
2033,October,Uttar Pradesh,Male,132499,value in Thousands,
2033,October,Uttar Pradesh,Female,123095,value in Thousands,
2033,October,Tripura,Total,4497,value in Thousands,
2033,October,Tripura,Male,2275,value in Thousands,
2033,October,Tripura,Female,2222,value in Thousands,
2033,October,Telangana,Total,39337,value in Thousands,
2033,October,Telangana,Male,19723,value in Thousands,
2033,October,Telangana,Female,19614,value in Thousands,
2033,October,Tamil Nadu,Total,78074,value in Thousands,
2033,October,Tamil Nadu,Male,38783,value in Thousands,
2033,October,Tamil Nadu,Female,39291,value in Thousands,
2033,October,Sikkim,Total,747,value in Thousands,
2033,October,Sikkim,Male,392,value in Thousands,
2033,October,Sikkim,Female,355,value in Thousands,
2033,October,Rajasthan,Total,88936,value in Thousands,
2033,October,Rajasthan,Male,45236,value in Thousands,
2033,October,Rajasthan,Female,43700,value in Thousands,
2033,October,Punjab,Total,32382,value in Thousands,
2033,October,Punjab,Male,16928,value in Thousands,
2033,October,Punjab,Female,15454,value in Thousands,
2033,October,Puducherry,Total,2076,value in Thousands,
2033,October,Puducherry,Male,954,value in Thousands,
2033,October,Puducherry,Female,1122,value in Thousands,
2033,October,Odisha,Total,48656,value in Thousands,
2033,October,Odisha,Male,24379,value in Thousands,
2033,October,Odisha,Female,24277,value in Thousands,
2033,October,Nagaland,Total,2422,value in Thousands,
2033,October,Nagaland,Male,1244,value in Thousands,
2033,October,Nagaland,Female,1178,value in Thousands,
2033,October,Mizoram,Total,1343,value in Thousands,
2033,October,Mizoram,Male,674,value in Thousands,
2033,October,Mizoram,Female,669,value in Thousands,
2033,October,Meghalaya,Total,3632,value in Thousands,
2033,October,Meghalaya,Male,1811,value in Thousands,
2033,October,Meghalaya,Female,1821,value in Thousands,
2033,October,Manipur,Total,3496,value in Thousands,
2033,October,Manipur,Male,1746,value in Thousands,
2033,October,Manipur,Female,1750,value in Thousands,
2033,October,Maharashtra,Total,135163,value in Thousands,
2033,October,Maharashtra,Male,70375,value in Thousands,
2033,October,Maharashtra,Female,64788,value in Thousands,
2033,October,Madhya Pradesh,Total,95993,value in Thousands,
2033,October,Madhya Pradesh,Male,49210,value in Thousands,
2033,October,Madhya Pradesh,Female,46783,value in Thousands,
2033,October,Lakshadweep,Total,71,value in Thousands,
2033,October,Lakshadweep,Male,37,value in Thousands,
2033,October,Lakshadweep,Female,35,value in Thousands,
2033,October,Ladakh,Total,314,value in Thousands,
2033,October,Ladakh,Male,173,value in Thousands,
2033,October,Ladakh,Female,141,value in Thousands,
2033,October,Kerala,Total,36826,value in Thousands,
2033,October,Kerala,Male,17709,value in Thousands,
2033,October,Kerala,Female,19117,value in Thousands,
2033,October,Karnataka,Total,71321,value in Thousands,
2033,October,Karnataka,Male,36172,value in Thousands,
2033,October,Karnataka,Female,35150,value in Thousands,
2033,October,Jharkhand,Total,44215,value in Thousands,
2033,October,Jharkhand,Male,22511,value in Thousands,
2033,October,Jharkhand,Female,21704,value in Thousands,
2033,October,Jammu and Kashmir,Total,14560,value in Thousands,
2033,October,Jammu and Kashmir,Male,7554,value in Thousands,
2033,October,Jammu and Kashmir,Female,7007,value in Thousands,
2033,October,Himachal Pradesh,Total,7750,value in Thousands,
2033,October,Himachal Pradesh,Male,3927,value in Thousands,
2033,October,Himachal Pradesh,Female,3822,value in Thousands,
2033,October,Haryana,Total,33733,value in Thousands,
2033,October,Haryana,Male,17708,value in Thousands,
2033,October,Haryana,Female,16025,value in Thousands,
2033,October,Gujarat,Total,79680,value in Thousands,
2033,October,Gujarat,Male,41923,value in Thousands,
2033,October,Gujarat,Female,37757,value in Thousands,
2033,October,Goa,Total,1649,value in Thousands,
2033,October,Goa,Male,827,value in Thousands,
2033,October,Goa,Female,822,value in Thousands,
2033,October,Delhi,Total,25606,value in Thousands,
2033,October,Delhi,Male,13510,value in Thousands,
2033,October,Delhi,Female,12096,value in Thousands,
2033,October,Daman and Diu,Total,1567,value in Thousands,
2033,October,Daman and Diu,Male,1303,value in Thousands,
2033,October,Daman and Diu,Female,264,value in Thousands,
2033,October,Dadra and Nagar Haveli,Total,1449,value in Thousands,
2033,October,Dadra and Nagar Haveli,Male,947,value in Thousands,
2033,October,Dadra and Nagar Haveli,Female,502,value in Thousands,
2033,October,Chhattisgarh,Total,33423,value in Thousands,
2033,October,Chhattisgarh,Male,16751,value in Thousands,
2033,October,Chhattisgarh,Female,16672,value in Thousands,
2033,October,Chandigarh,Total,1340,value in Thousands,
2033,October,Chandigarh,Male,713,value in Thousands,
2033,October,Chandigarh,Female,626,value in Thousands,
2033,October,Bihar,Total,144934,value in Thousands,
2033,October,Bihar,Male,74983,value in Thousands,
2033,October,Bihar,Female,69951,value in Thousands,
2033,October,Assam,Total,38818,value in Thousands,
2033,October,Assam,Male,19663,value in Thousands,
2033,October,Assam,Female,19155,value in Thousands,
2033,October,Arunachal Pradesh,Total,1694,value in Thousands,
2033,October,Arunachal Pradesh,Male,867,value in Thousands,
2033,October,Arunachal Pradesh,Female,827,value in Thousands,
2033,October,Andhra Pradesh,Total,54215,value in Thousands,
2033,October,Andhra Pradesh,Male,27031,value in Thousands,
2033,October,Andhra Pradesh,Female,27184,value in Thousands,
2033,October,Andaman and Nicobar Islands,Total,412,value in Thousands,
2033,October,Andaman and Nicobar Islands,Male,216,value in Thousands,
2033,October,Andaman and Nicobar Islands,Female,196,value in Thousands,
2033,October,All India,Total,1501245,value in Thousands,
2033,October,All India,Male,769278,value in Thousands,
2033,October,All India,Female,731967,value in Thousands,
2033,March,West Bengal,Total,102473,value in Thousands,
2033,March,West Bengal,Male,51947,value in Thousands,
2033,March,West Bengal,Female,50526,value in Thousands,
2033,March,Uttarakhand,Total,12704,value in Thousands,
2033,March,Uttarakhand,Male,6523,value in Thousands,
2033,March,Uttarakhand,Female,6181,value in Thousands,
2033,March,Uttar Pradesh,Total,254774,value in Thousands,
2033,March,Uttar Pradesh,Male,132109,value in Thousands,
2033,March,Uttar Pradesh,Female,122665,value in Thousands,
2033,March,Tripura,Total,4484,value in Thousands,
2033,March,Tripura,Male,2269,value in Thousands,
2033,March,Tripura,Female,2215,value in Thousands,
2033,March,Telangana,Total,39311,value in Thousands,
2033,March,Telangana,Male,19714,value in Thousands,
2033,March,Telangana,Female,19597,value in Thousands,
2033,March,Tamil Nadu,Total,78076,value in Thousands,
2033,March,Tamil Nadu,Male,38794,value in Thousands,
2033,March,Tamil Nadu,Female,39282,value in Thousands,
2033,March,Sikkim,Total,745,value in Thousands,
2033,March,Sikkim,Male,391,value in Thousands,
2033,March,Sikkim,Female,354,value in Thousands,
2033,March,Rajasthan,Total,88544,value in Thousands,
2033,March,Rajasthan,Male,45041,value in Thousands,
2033,March,Rajasthan,Female,43503,value in Thousands,
2033,March,Punjab,Total,32315,value in Thousands,
2033,March,Punjab,Male,16897,value in Thousands,
2033,March,Punjab,Female,15418,value in Thousands,
2033,March,Puducherry,Total,2050,value in Thousands,
2033,March,Puducherry,Male,944,value in Thousands,
2033,March,Puducherry,Female,1106,value in Thousands,
2033,March,Odisha,Total,48566,value in Thousands,
2033,March,Odisha,Male,24339,value in Thousands,
2033,March,Odisha,Female,24227,value in Thousands,
2033,March,Nagaland,Total,2415,value in Thousands,
2033,March,Nagaland,Male,1240,value in Thousands,
2033,March,Nagaland,Female,1174,value in Thousands,
2033,March,Mizoram,Total,1339,value in Thousands,
2033,March,Mizoram,Male,672,value in Thousands,
2033,March,Mizoram,Female,667,value in Thousands,
2033,March,Meghalaya,Total,3621,value in Thousands,
2033,March,Meghalaya,Male,1806,value in Thousands,
2033,March,Meghalaya,Female,1816,value in Thousands,
2033,March,Manipur,Total,3485,value in Thousands,
2033,March,Manipur,Male,1741,value in Thousands,
2033,March,Manipur,Female,1744,value in Thousands,
2033,March,Maharashtra,Total,134776,value in Thousands,
2033,March,Maharashtra,Male,70174,value in Thousands,
2033,March,Maharashtra,Female,64602,value in Thousands,
2033,March,Madhya Pradesh,Total,95556,value in Thousands,
2033,March,Madhya Pradesh,Male,49002,value in Thousands,
2033,March,Madhya Pradesh,Female,46554,value in Thousands,
2033,March,Lakshadweep,Total,71,value in Thousands,
2033,March,Lakshadweep,Male,36,value in Thousands,
2033,March,Lakshadweep,Female,35,value in Thousands,
2033,March,Ladakh,Total,313,value in Thousands,
2033,March,Ladakh,Male,173,value in Thousands,
2033,March,Ladakh,Female,140,value in Thousands,
2033,March,Kerala,Total,36796,value in Thousands,
2033,March,Kerala,Male,17693,value in Thousands,
2033,March,Kerala,Female,19104,value in Thousands,
2033,March,Karnataka,Total,71170,value in Thousands,
2033,March,Karnataka,Male,36097,value in Thousands,
2033,March,Karnataka,Female,35073,value in Thousands,
2033,March,Jharkhand,Total,43988,value in Thousands,
2033,March,Jharkhand,Male,22402,value in Thousands,
2033,March,Jharkhand,Female,21586,value in Thousands,
2033,March,Jammu and Kashmir,Total,14515,value in Thousands,
2033,March,Jammu and Kashmir,Male,7534,value in Thousands,
2033,March,Jammu and Kashmir,Female,6981,value in Thousands,
2033,March,Himachal Pradesh,Total,7741,value in Thousands,
2033,March,Himachal Pradesh,Male,3923,value in Thousands,
2033,March,Himachal Pradesh,Female,3818,value in Thousands,
2033,March,Haryana,Total,33555,value in Thousands,
2033,March,Haryana,Male,17622,value in Thousands,
2033,March,Haryana,Female,15933,value in Thousands,
2033,March,Gujarat,Total,79285,value in Thousands,
2033,March,Gujarat,Male,41711,value in Thousands,
2033,March,Gujarat,Female,37574,value in Thousands,
2033,March,Goa,Total,1645,value in Thousands,
2033,March,Goa,Male,825,value in Thousands,
2033,March,Goa,Female,820,value in Thousands,
2033,March,Delhi,Total,25368,value in Thousands,
2033,March,Delhi,Male,13391,value in Thousands,
2033,March,Delhi,Female,11977,value in Thousands,
2033,March,Daman and Diu,Total,1470,value in Thousands,
2033,March,Daman and Diu,Male,1214,value in Thousands,
2033,March,Daman and Diu,Female,255,value in Thousands,
2033,March,Dadra and Nagar Haveli,Total,1388,value in Thousands,
2033,March,Dadra and Nagar Haveli,Male,903,value in Thousands,
2033,March,Dadra and Nagar Haveli,Female,485,value in Thousands,
2033,March,Chhattisgarh,Total,33264,value in Thousands,
2033,March,Chhattisgarh,Male,16673,value in Thousands,
2033,March,Chhattisgarh,Female,16591,value in Thousands,
2033,March,Chandigarh,Total,1335,value in Thousands,
2033,March,Chandigarh,Male,711,value in Thousands,
2033,March,Chandigarh,Female,624,value in Thousands,
2033,March,Bihar,Total,144055,value in Thousands,
2033,March,Bihar,Male,74546,value in Thousands,
2033,March,Bihar,Female,69509,value in Thousands,
2033,March,Assam,Total,38677,value in Thousands,
2033,March,Assam,Male,19597,value in Thousands,
2033,March,Assam,Female,19080,value in Thousands,
2033,March,Arunachal Pradesh,Total,1689,value in Thousands,
2033,March,Arunachal Pradesh,Male,864,value in Thousands,
2033,March,Arunachal Pradesh,Female,824,value in Thousands,
2033,March,Andhra Pradesh,Total,54206,value in Thousands,
2033,March,Andhra Pradesh,Male,27031,value in Thousands,
2033,March,Andhra Pradesh,Female,27174,value in Thousands,
2033,March,Andaman and Nicobar Islands,Total,412,value in Thousands,
2033,March,Andaman and Nicobar Islands,Male,216,value in Thousands,
2033,March,Andaman and Nicobar Islands,Female,196,value in Thousands,
2033,March,All India,Total,1496175,value in Thousands,
2033,March,All India,Male,766765,value in Thousands,
2033,March,All India,Female,729410,value in Thousands,
2033,July,West Bengal,Total,102524,value in Thousands,
2033,July,West Bengal,Male,51962,value in Thousands,
2033,July,West Bengal,Female,50562,value in Thousands,
2033,July,Uttarakhand,Total,12734,value in Thousands,
2033,July,Uttarakhand,Male,6539,value in Thousands,
2033,July,Uttarakhand,Female,6195,value in Thousands,
2033,July,Uttar Pradesh,Total,255242,value in Thousands,
2033,July,Uttar Pradesh,Male,132332,value in Thousands,
2033,July,Uttar Pradesh,Female,122910,value in Thousands,
2033,July,Tripura,Total,4491,value in Thousands,
2033,July,Tripura,Male,2272,value in Thousands,
2033,July,Tripura,Female,2219,value in Thousands,
2033,July,Telangana,Total,39324,value in Thousands,
2033,July,Telangana,Male,19718,value in Thousands,
2033,July,Telangana,Female,19605,value in Thousands,
2033,July,Tamil Nadu,Total,78075,value in Thousands,
2033,July,Tamil Nadu,Male,38788,value in Thousands,
2033,July,Tamil Nadu,Female,39287,value in Thousands,
2033,July,Sikkim,Total,746,value in Thousands,
2033,July,Sikkim,Male,392,value in Thousands,
2033,July,Sikkim,Female,354,value in Thousands,
2033,July,Rajasthan,Total,88768,value in Thousands,
2033,July,Rajasthan,Male,45153,value in Thousands,
2033,July,Rajasthan,Female,43616,value in Thousands,
2033,July,Punjab,Total,32353,value in Thousands,
2033,July,Punjab,Male,16915,value in Thousands,
2033,July,Punjab,Female,15439,value in Thousands,
2033,July,Puducherry,Total,2065,value in Thousands,
2033,July,Puducherry,Male,950,value in Thousands,
2033,July,Puducherry,Female,1115,value in Thousands,
2033,July,Odisha,Total,48617,value in Thousands,
2033,July,Odisha,Male,24362,value in Thousands,
2033,July,Odisha,Female,24255,value in Thousands,
2033,July,Nagaland,Total,2418,value in Thousands,
2033,July,Nagaland,Male,1242,value in Thousands,
2033,July,Nagaland,Female,1176,value in Thousands,
2033,July,Mizoram,Total,1341,value in Thousands,
2033,July,Mizoram,Male,673,value in Thousands,
2033,July,Mizoram,Female,668,value in Thousands,
2033,July,Meghalaya,Total,3626,value in Thousands,
2033,July,Meghalaya,Male,1808,value in Thousands,
2033,July,Meghalaya,Female,1819,value in Thousands,
2033,July,Manipur,Total,3491,value in Thousands,
2033,July,Manipur,Male,1744,value in Thousands,
2033,July,Manipur,Female,1747,value in Thousands,
2033,July,Maharashtra,Total,134997,value in Thousands,
2033,July,Maharashtra,Male,70289,value in Thousands,
2033,July,Maharashtra,Female,64708,value in Thousands,
2033,July,Madhya Pradesh,Total,95806,value in Thousands,
2033,July,Madhya Pradesh,Male,49121,value in Thousands,
2033,July,Madhya Pradesh,Female,46685,value in Thousands,
2033,July,Lakshadweep,Total,71,value in Thousands,
2033,July,Lakshadweep,Male,36,value in Thousands,
2033,July,Lakshadweep,Female,35,value in Thousands,
2033,July,Ladakh,Total,314,value in Thousands,
2033,July,Ladakh,Male,173,value in Thousands,
2033,July,Ladakh,Female,140,value in Thousands,
2033,July,Kerala,Total,36813,value in Thousands,
2033,July,Kerala,Male,17702,value in Thousands,
2033,July,Kerala,Female,19111,value in Thousands,
2033,July,Karnataka,Total,71257,value in Thousands,
2033,July,Karnataka,Male,36140,value in Thousands,
2033,July,Karnataka,Female,35117,value in Thousands,
2033,July,Jharkhand,Total,44117,value in Thousands,
2033,July,Jharkhand,Male,22464,value in Thousands,
2033,July,Jharkhand,Female,21653,value in Thousands,
2033,July,Jammu and Kashmir,Total,14541,value in Thousands,
2033,July,Jammu and Kashmir,Male,7545,value in Thousands,
2033,July,Jammu and Kashmir,Female,6996,value in Thousands,
2033,July,Himachal Pradesh,Total,7746,value in Thousands,
2033,July,Himachal Pradesh,Male,3926,value in Thousands,
2033,July,Himachal Pradesh,Female,3821,value in Thousands,
2033,July,Haryana,Total,33657,value in Thousands,
2033,July,Haryana,Male,17671,value in Thousands,
2033,July,Haryana,Female,15985,value in Thousands,
2033,July,Gujarat,Total,79511,value in Thousands,
2033,July,Gujarat,Male,41832,value in Thousands,
2033,July,Gujarat,Female,37679,value in Thousands,
2033,July,Goa,Total,1647,value in Thousands,
2033,July,Goa,Male,826,value in Thousands,
2033,July,Goa,Female,821,value in Thousands,
2033,July,Delhi,Total,25504,value in Thousands,
2033,July,Delhi,Male,13459,value in Thousands,
2033,July,Delhi,Female,12045,value in Thousands,
2033,July,Daman and Diu,Total,1525,value in Thousands,
2033,July,Daman and Diu,Male,1265,value in Thousands,
2033,July,Daman and Diu,Female,260,value in Thousands,
2033,July,Dadra and Nagar Haveli,Total,1423,value in Thousands,
2033,July,Dadra and Nagar Haveli,Male,928,value in Thousands,
2033,July,Dadra and Nagar Haveli,Female,495,value in Thousands,
2033,July,Chhattisgarh,Total,33355,value in Thousands,
2033,July,Chhattisgarh,Male,16717,value in Thousands,
2033,July,Chhattisgarh,Female,16637,value in Thousands,
2033,July,Chandigarh,Total,1337,value in Thousands,
2033,July,Chandigarh,Male,712,value in Thousands,
2033,July,Chandigarh,Female,625,value in Thousands,
2033,July,Bihar,Total,144557,value in Thousands,
2033,July,Bihar,Male,74796,value in Thousands,
2033,July,Bihar,Female,69761,value in Thousands,
2033,July,Assam,Total,38758,value in Thousands,
2033,July,Assam,Male,19635,value in Thousands,
2033,July,Assam,Female,19123,value in Thousands,
2033,July,Arunachal Pradesh,Total,1691,value in Thousands,
2033,July,Arunachal Pradesh,Male,865,value in Thousands,
2033,July,Arunachal Pradesh,Female,826,value in Thousands,
2033,July,Andhra Pradesh,Total,54211,value in Thousands,
2033,July,Andhra Pradesh,Male,27031,value in Thousands,
2033,July,Andhra Pradesh,Female,27180,value in Thousands,
2033,July,Andaman and Nicobar Islands,Total,412,value in Thousands,
2033,July,Andaman and Nicobar Islands,Male,216,value in Thousands,
2033,July,Andaman and Nicobar Islands,Female,196,value in Thousands,
2033,July,All India,Total,1499065,value in Thousands,
2033,July,All India,Male,768199,value in Thousands,
2033,July,All India,Female,730866,value in Thousands,
2032,October,West Bengal,Total,102409,value in Thousands,
2032,October,West Bengal,Male,51928,value in Thousands,
2032,October,West Bengal,Female,50480,value in Thousands,
2032,October,Uttarakhand,Total,12667,value in Thousands,
2032,October,Uttarakhand,Male,6504,value in Thousands,
2032,October,Uttarakhand,Female,6163,value in Thousands,
2032,October,Uttar Pradesh,Total,254188,value in Thousands,
2032,October,Uttar Pradesh,Male,131831,value in Thousands,
2032,October,Uttar Pradesh,Female,122357,value in Thousands,
2032,October,Tripura,Total,4470,value in Thousands,
2032,October,Tripura,Male,2263,value in Thousands,
2032,October,Tripura,Female,2208,value in Thousands,
2032,October,Telangana,Total,39285,value in Thousands,
2032,October,Telangana,Male,19704,value in Thousands,
2032,October,Telangana,Female,19581,value in Thousands,
2032,October,Tamil Nadu,Total,78077,value in Thousands,
2032,October,Tamil Nadu,Male,38801,value in Thousands,
2032,October,Tamil Nadu,Female,39276,value in Thousands,
2032,October,Sikkim,Total,743,value in Thousands,
2032,October,Sikkim,Male,390,value in Thousands,
2032,October,Sikkim,Female,353,value in Thousands,
2032,October,Rajasthan,Total,88263,value in Thousands,
2032,October,Rajasthan,Male,44901,value in Thousands,
2032,October,Rajasthan,Female,43363,value in Thousands,
2032,October,Punjab,Total,32268,value in Thousands,
2032,October,Punjab,Male,16875,value in Thousands,
2032,October,Punjab,Female,15392,value in Thousands,
2032,October,Puducherry,Total,2031,value in Thousands,
2032,October,Puducherry,Male,937,value in Thousands,
2032,October,Puducherry,Female,1094,value in Thousands,
2032,October,Odisha,Total,48502,value in Thousands,
2032,October,Odisha,Male,24311,value in Thousands,
2032,October,Odisha,Female,24191,value in Thousands,
2032,October,Nagaland,Total,2407,value in Thousands,
2032,October,Nagaland,Male,1237,value in Thousands,
2032,October,Nagaland,Female,1170,value in Thousands,
2032,October,Mizoram,Total,1335,value in Thousands,
2032,October,Mizoram,Male,670,value in Thousands,
2032,October,Mizoram,Female,665,value in Thousands,
2032,October,Meghalaya,Total,3610,value in Thousands,
2032,October,Meghalaya,Male,1801,value in Thousands,
2032,October,Meghalaya,Female,1810,value in Thousands,
2032,October,Manipur,Total,3475,value in Thousands,
2032,October,Manipur,Male,1737,value in Thousands,
2032,October,Manipur,Female,1739,value in Thousands,
2032,October,Maharashtra,Total,134500,value in Thousands,
2032,October,Maharashtra,Male,70030,value in Thousands,
2032,October,Maharashtra,Female,64470,value in Thousands,
2032,October,Madhya Pradesh,Total,95244,value in Thousands,
2032,October,Madhya Pradesh,Male,48853,value in Thousands,
2032,October,Madhya Pradesh,Female,46390,value in Thousands,
2032,October,Lakshadweep,Total,71,value in Thousands,
2032,October,Lakshadweep,Male,36,value in Thousands,
2032,October,Lakshadweep,Female,34,value in Thousands,
2032,October,Ladakh,Total,313,value in Thousands,
2032,October,Ladakh,Male,173,value in Thousands,
2032,October,Ladakh,Female,140,value in Thousands,
2032,October,Kerala,Total,36775,value in Thousands,
2032,October,Kerala,Male,17681,value in Thousands,
2032,October,Kerala,Female,19094,value in Thousands,
2032,October,Karnataka,Total,71062,value in Thousands,
2032,October,Karnataka,Male,36043,value in Thousands,
2032,October,Karnataka,Female,35019,value in Thousands,
2032,October,Jharkhand,Total,43826,value in Thousands,
2032,October,Jharkhand,Male,22324,value in Thousands,
2032,October,Jharkhand,Female,21501,value in Thousands,
2032,October,Jammu and Kashmir,Total,14483,value in Thousands,
2032,October,Jammu and Kashmir,Male,7520,value in Thousands,
2032,October,Jammu and Kashmir,Female,6963,value in Thousands,
2032,October,Himachal Pradesh,Total,7735,value in Thousands,
2032,October,Himachal Pradesh,Male,3920,value in Thousands,
2032,October,Himachal Pradesh,Female,3815,value in Thousands,
2032,October,Haryana,Total,33428,value in Thousands,
2032,October,Haryana,Male,17561,value in Thousands,
2032,October,Haryana,Female,15867,value in Thousands,
2032,October,Gujarat,Total,79003,value in Thousands,
2032,October,Gujarat,Male,41560,value in Thousands,
2032,October,Gujarat,Female,37443,value in Thousands,
2032,October,Goa,Total,1643,value in Thousands,
2032,October,Goa,Male,824,value in Thousands,
2032,October,Goa,Female,819,value in Thousands,
2032,October,Delhi,Total,25198,value in Thousands,
2032,October,Delhi,Male,13306,value in Thousands,
2032,October,Delhi,Female,11892,value in Thousands,
2032,October,Daman and Diu,Total,1400,value in Thousands,
2032,October,Daman and Diu,Male,1151,value in Thousands,
2032,October,Daman and Diu,Female,249,value in Thousands,
2032,October,Dadra and Nagar Haveli,Total,1344,value in Thousands,
2032,October,Dadra and Nagar Haveli,Male,872,value in Thousands,
2032,October,Dadra and Nagar Haveli,Female,472,value in Thousands,
2032,October,Chhattisgarh,Total,33150,value in Thousands,
2032,October,Chhattisgarh,Male,16617,value in Thousands,
2032,October,Chhattisgarh,Female,16534,value in Thousands,
2032,October,Chandigarh,Total,1331,value in Thousands,
2032,October,Chandigarh,Male,710,value in Thousands,
2032,October,Chandigarh,Female,622,value in Thousands,
2032,October,Bihar,Total,143427,value in Thousands,
2032,October,Bihar,Male,74233,value in Thousands,
2032,October,Bihar,Female,69194,value in Thousands,
2032,October,Assam,Total,38577,value in Thousands,
2032,October,Assam,Male,19550,value in Thousands,
2032,October,Assam,Female,19027,value in Thousands,
2032,October,Arunachal Pradesh,Total,1684,value in Thousands,
2032,October,Arunachal Pradesh,Male,862,value in Thousands,
2032,October,Arunachal Pradesh,Female,822,value in Thousands,
2032,October,Andhra Pradesh,Total,54199,value in Thousands,
2032,October,Andhra Pradesh,Male,27032,value in Thousands,
2032,October,Andhra Pradesh,Female,27168,value in Thousands,
2032,October,Andaman and Nicobar Islands,Total,411,value in Thousands,
2032,October,Andaman and Nicobar Islands,Male,216,value in Thousands,
2032,October,Andaman and Nicobar Islands,Female,195,value in Thousands,
2032,October,All India,Total,1492536,value in Thousands,
2032,October,All India,Male,764964,value in Thousands,
2032,October,All India,Female,727572,value in Thousands,
2032,March,West Bengal,Total,102320,value in Thousands,
2032,March,West Bengal,Male,51903,value in Thousands,
2032,March,West Bengal,Female,50417,value in Thousands,
2032,March,Uttarakhand,Total,12614,value in Thousands,
2032,March,Uttarakhand,Male,6476,value in Thousands,
2032,March,Uttarakhand,Female,6138,value in Thousands,
2032,March,Uttar Pradesh,Total,253369,value in Thousands,
2032,March,Uttar Pradesh,Male,131442,value in Thousands,
2032,March,Uttar Pradesh,Female,121927,value in Thousands,
2032,March,Tripura,Total,4457,value in Thousands,
2032,March,Tripura,Male,2257,value in Thousands,
2032,March,Tripura,Female,2200,value in Thousands,
2032,March,Telangana,Total,39259,value in Thousands,
2032,March,Telangana,Male,19694,value in Thousands,
2032,March,Telangana,Female,19564,value in Thousands,
2032,March,Tamil Nadu,Total,78079,value in Thousands,
2032,March,Tamil Nadu,Male,38812,value in Thousands,
2032,March,Tamil Nadu,Female,39267,value in Thousands,
2032,March,Sikkim,Total,741,value in Thousands,
2032,March,Sikkim,Male,389,value in Thousands,
2032,March,Sikkim,Female,352,value in Thousands,
2032,March,Rajasthan,Total,87871,value in Thousands,
2032,March,Rajasthan,Male,44705,value in Thousands,
2032,March,Rajasthan,Female,43166,value in Thousands,
2032,March,Punjab,Total,32201,value in Thousands,
2032,March,Punjab,Male,16845,value in Thousands,
2032,March,Punjab,Female,15356,value in Thousands,
2032,March,Puducherry,Total,2005,value in Thousands,
2032,March,Puducherry,Male,927,value in Thousands,
2032,March,Puducherry,Female,1078,value in Thousands,
2032,March,Odisha,Total,48413,value in Thousands,
2032,March,Odisha,Male,24272,value in Thousands,
2032,March,Odisha,Female,24141,value in Thousands,
2032,March,Nagaland,Total,2400,value in Thousands,
2032,March,Nagaland,Male,1234,value in Thousands,
2032,March,Nagaland,Female,1166,value in Thousands,
2032,March,Mizoram,Total,1331,value in Thousands,
2032,March,Mizoram,Male,669,value in Thousands,
2032,March,Mizoram,Female,663,value in Thousands,
2032,March,Meghalaya,Total,3599,value in Thousands,
2032,March,Meghalaya,Male,1796,value in Thousands,
2032,March,Meghalaya,Female,1804,value in Thousands,
2032,March,Manipur,Total,3465,value in Thousands,
2032,March,Manipur,Male,1732,value in Thousands,
2032,March,Manipur,Female,1733,value in Thousands,
2032,March,Maharashtra,Total,134114,value in Thousands,
2032,March,Maharashtra,Male,69829,value in Thousands,
2032,March,Maharashtra,Female,64285,value in Thousands,
2032,March,Madhya Pradesh,Total,94806,value in Thousands,
2032,March,Madhya Pradesh,Male,48645,value in Thousands,
2032,March,Madhya Pradesh,Female,46161,value in Thousands,
2032,March,Lakshadweep,Total,71,value in Thousands,
2032,March,Lakshadweep,Male,36,value in Thousands,
2032,March,Lakshadweep,Female,34,value in Thousands,
2032,March,Ladakh,Total,312,value in Thousands,
2032,March,Ladakh,Male,173,value in Thousands,
2032,March,Ladakh,Female,140,value in Thousands,
2032,March,Kerala,Total,36746,value in Thousands,
2032,March,Kerala,Male,17665,value in Thousands,
2032,March,Kerala,Female,19080,value in Thousands,
2032,March,Karnataka,Total,70911,value in Thousands,
2032,March,Karnataka,Male,35969,value in Thousands,
2032,March,Karnataka,Female,34942,value in Thousands,
2032,March,Jharkhand,Total,43599,value in Thousands,
2032,March,Jharkhand,Male,22215,value in Thousands,
2032,March,Jharkhand,Female,21383,value in Thousands,
2032,March,Jammu and Kashmir,Total,14438,value in Thousands,
2032,March,Jammu and Kashmir,Male,7501,value in Thousands,
2032,March,Jammu and Kashmir,Female,6938,value in Thousands,
2032,March,Himachal Pradesh,Total,7727,value in Thousands,
2032,March,Himachal Pradesh,Male,3916,value in Thousands,
2032,March,Himachal Pradesh,Female,3811,value in Thousands,
2032,March,Haryana,Total,33250,value in Thousands,
2032,March,Haryana,Male,17476,value in Thousands,
2032,March,Haryana,Female,15774,value in Thousands,
2032,March,Gujarat,Total,78608,value in Thousands,
2032,March,Gujarat,Male,41348,value in Thousands,
2032,March,Gujarat,Female,37260,value in Thousands,
2032,March,Goa,Total,1639,value in Thousands,
2032,March,Goa,Male,822,value in Thousands,
2032,March,Goa,Female,817,value in Thousands,
2032,March,Delhi,Total,24960,value in Thousands,
2032,March,Delhi,Male,13187,value in Thousands,
2032,March,Delhi,Female,11773,value in Thousands,
2032,March,Daman and Diu,Total,1303,value in Thousands,
2032,March,Daman and Diu,Male,1062,value in Thousands,
2032,March,Daman and Diu,Female,241,value in Thousands,
2032,March,Dadra and Nagar Haveli,Total,1283,value in Thousands,
2032,March,Dadra and Nagar Haveli,Male,828,value in Thousands,
2032,March,Dadra and Nagar Haveli,Female,455,value in Thousands,
2032,March,Chhattisgarh,Total,32991,value in Thousands,
2032,March,Chhattisgarh,Male,16538,value in Thousands,
2032,March,Chhattisgarh,Female,16453,value in Thousands,
2032,March,Chandigarh,Total,1326,value in Thousands,
2032,March,Chandigarh,Male,707,value in Thousands,
2032,March,Chandigarh,Female,619,value in Thousands,
2032,March,Bihar,Total,142548,value in Thousands,
2032,March,Bihar,Male,73795,value in Thousands,
2032,March,Bihar,Female,68752,value in Thousands,
2032,March,Assam,Total,38437,value in Thousands,
2032,March,Assam,Male,19485,value in Thousands,
2032,March,Assam,Female,18952,value in Thousands,
2032,March,Arunachal Pradesh,Total,1679,value in Thousands,
2032,March,Arunachal Pradesh,Male,859,value in Thousands,
2032,March,Arunachal Pradesh,Female,819,value in Thousands,
2032,March,Andhra Pradesh,Total,54191,value in Thousands,
2032,March,Andhra Pradesh,Male,27032,value in Thousands,
2032,March,Andhra Pradesh,Female,27158,value in Thousands,
2032,March,Andaman and Nicobar Islands,Total,411,value in Thousands,
2032,March,Andaman and Nicobar Islands,Male,216,value in Thousands,
2032,March,Andaman and Nicobar Islands,Female,195,value in Thousands,
2032,March,All India,Total,1487471,value in Thousands,
2032,March,All India,Male,762457,value in Thousands,
2032,March,All India,Female,725014,value in Thousands,
2032,July,West Bengal,Total,102371,value in Thousands,
2032,July,West Bengal,Male,51917,value in Thousands,
2032,July,West Bengal,Female,50453,value in Thousands,
2032,July,Uttarakhand,Total,12644,value in Thousands,
2032,July,Uttarakhand,Male,6492,value in Thousands,
2032,July,Uttarakhand,Female,6153,value in Thousands,
2032,July,Uttar Pradesh,Total,253837,value in Thousands,
2032,July,Uttar Pradesh,Male,131664,value in Thousands,
2032,July,Uttar Pradesh,Female,122173,value in Thousands,
2032,July,Tripura,Total,4464,value in Thousands,
2032,July,Tripura,Male,2260,value in Thousands,
2032,July,Tripura,Female,2204,value in Thousands,
2032,July,Telangana,Total,39272,value in Thousands,
2032,July,Telangana,Male,19699,value in Thousands,
2032,July,Telangana,Female,19573,value in Thousands,
2032,July,Tamil Nadu,Total,78078,value in Thousands,
2032,July,Tamil Nadu,Male,38806,value in Thousands,
2032,July,Tamil Nadu,Female,39272,value in Thousands,
2032,July,Sikkim,Total,742,value in Thousands,
2032,July,Sikkim,Male,389,value in Thousands,
2032,July,Sikkim,Female,352,value in Thousands,
2032,July,Rajasthan,Total,88095,value in Thousands,
2032,July,Rajasthan,Male,44817,value in Thousands,
2032,July,Rajasthan,Female,43279,value in Thousands,
2032,July,Punjab,Total,32239,value in Thousands,
2032,July,Punjab,Male,16862,value in Thousands,
2032,July,Punjab,Female,15377,value in Thousands,
2032,July,Puducherry,Total,2020,value in Thousands,
2032,July,Puducherry,Male,933,value in Thousands,
2032,July,Puducherry,Female,1087,value in Thousands,
2032,July,Odisha,Total,48464,value in Thousands,
2032,July,Odisha,Male,24294,value in Thousands,
2032,July,Odisha,Female,24170,value in Thousands,
2032,July,Nagaland,Total,2404,value in Thousands,
2032,July,Nagaland,Male,1235,value in Thousands,
2032,July,Nagaland,Female,1168,value in Thousands,
2032,July,Mizoram,Total,1333,value in Thousands,
2032,July,Mizoram,Male,669,value in Thousands,
2032,July,Mizoram,Female,664,value in Thousands,
2032,July,Meghalaya,Total,3605,value in Thousands,
2032,July,Meghalaya,Male,1798,value in Thousands,
2032,July,Meghalaya,Female,1807,value in Thousands,
2032,July,Manipur,Total,3470,value in Thousands,
2032,July,Manipur,Male,1734,value in Thousands,
2032,July,Manipur,Female,1736,value in Thousands,
2032,July,Maharashtra,Total,134334,value in Thousands,
2032,July,Maharashtra,Male,69944,value in Thousands,
2032,July,Maharashtra,Female,64391,value in Thousands,
2032,July,Madhya Pradesh,Total,95056,value in Thousands,
2032,July,Madhya Pradesh,Male,48764,value in Thousands,
2032,July,Madhya Pradesh,Female,46292,value in Thousands,
2032,July,Lakshadweep,Total,71,value in Thousands,
2032,July,Lakshadweep,Male,36,value in Thousands,
2032,July,Lakshadweep,Female,34,value in Thousands,
2032,July,Ladakh,Total,313,value in Thousands,
2032,July,Ladakh,Male,173,value in Thousands,
2032,July,Ladakh,Female,140,value in Thousands,
2032,July,Kerala,Total,36762,value in Thousands,
2032,July,Kerala,Male,17674,value in Thousands,
2032,July,Kerala,Female,19088,value in Thousands,
2032,July,Karnataka,Total,70997,value in Thousands,
2032,July,Karnataka,Male,36011,value in Thousands,
2032,July,Karnataka,Female,34986,value in Thousands,
2032,July,Jharkhand,Total,43728,value in Thousands,
2032,July,Jharkhand,Male,22278,value in Thousands,
2032,July,Jharkhand,Female,21451,value in Thousands,
2032,July,Jammu and Kashmir,Total,14464,value in Thousands,
2032,July,Jammu and Kashmir,Male,7512,value in Thousands,
2032,July,Jammu and Kashmir,Female,6952,value in Thousands,
2032,July,Himachal Pradesh,Total,7731,value in Thousands,
2032,July,Himachal Pradesh,Male,3918,value in Thousands,
2032,July,Himachal Pradesh,Female,3813,value in Thousands,
2032,July,Haryana,Total,33352,value in Thousands,
2032,July,Haryana,Male,17525,value in Thousands,
2032,July,Haryana,Female,15827,value in Thousands,
2032,July,Gujarat,Total,78834,value in Thousands,
2032,July,Gujarat,Male,41469,value in Thousands,
2032,July,Gujarat,Female,37365,value in Thousands,
2032,July,Goa,Total,1641,value in Thousands,
2032,July,Goa,Male,823,value in Thousands,
2032,July,Goa,Female,818,value in Thousands,
2032,July,Delhi,Total,25096,value in Thousands,
2032,July,Delhi,Male,13255,value in Thousands,
2032,July,Delhi,Female,11841,value in Thousands,
2032,July,Daman and Diu,Total,1359,value in Thousands,
2032,July,Daman and Diu,Male,1113,value in Thousands,
2032,July,Daman and Diu,Female,246,value in Thousands,
2032,July,Dadra and Nagar Haveli,Total,1318,value in Thousands,
2032,July,Dadra and Nagar Haveli,Male,853,value in Thousands,
2032,July,Dadra and Nagar Haveli,Female,465,value in Thousands,
2032,July,Chhattisgarh,Total,33082,value in Thousands,
2032,July,Chhattisgarh,Male,16583,value in Thousands,
2032,July,Chhattisgarh,Female,16499,value in Thousands,
2032,July,Chandigarh,Total,1329,value in Thousands,
2032,July,Chandigarh,Male,709,value in Thousands,
2032,July,Chandigarh,Female,621,value in Thousands,
2032,July,Bihar,Total,143050,value in Thousands,
2032,July,Bihar,Male,74045,value in Thousands,
2032,July,Bihar,Female,69005,value in Thousands,
2032,July,Assam,Total,38517,value in Thousands,
2032,July,Assam,Male,19522,value in Thousands,
2032,July,Assam,Female,18995,value in Thousands,
2032,July,Arunachal Pradesh,Total,1681,value in Thousands,
2032,July,Arunachal Pradesh,Male,861,value in Thousands,
2032,July,Arunachal Pradesh,Female,820,value in Thousands,
2032,July,Andhra Pradesh,Total,54196,value in Thousands,
2032,July,Andhra Pradesh,Male,27032,value in Thousands,
2032,July,Andhra Pradesh,Female,27164,value in Thousands,
2032,July,Andaman and Nicobar Islands,Total,411,value in Thousands,
2032,July,Andaman and Nicobar Islands,Male,216,value in Thousands,
2032,July,Andaman and Nicobar Islands,Female,195,value in Thousands,
2032,July,All India,Total,1490361,value in Thousands,
2032,July,All India,Male,763885,value in Thousands,
2032,July,All India,Female,726476,value in Thousands,
2031,October,West Bengal,Total,102256,value in Thousands,
2031,October,West Bengal,Male,51884,value in Thousands,
2031,October,West Bengal,Female,50372,value in Thousands,
2031,October,Uttarakhand,Total,12577,value in Thousands,
2031,October,Uttarakhand,Male,6456,value in Thousands,
2031,October,Uttarakhand,Female,6121,value in Thousands,
2031,October,Uttar Pradesh,Total,252783,value in Thousands,
2031,October,Uttar Pradesh,Male,131163,value in Thousands,
2031,October,Uttar Pradesh,Female,121620,value in Thousands,
2031,October,Tripura,Total,4444,value in Thousands,
2031,October,Tripura,Male,2250,value in Thousands,
2031,October,Tripura,Female,2193,value in Thousands,
2031,October,Telangana,Total,39233,value in Thousands,
2031,October,Telangana,Male,19685,value in Thousands,
2031,October,Telangana,Female,19548,value in Thousands,
2031,October,Tamil Nadu,Total,78080,value in Thousands,
2031,October,Tamil Nadu,Male,38820,value in Thousands,
2031,October,Tamil Nadu,Female,39261,value in Thousands,
2031,October,Sikkim,Total,738,value in Thousands,
2031,October,Sikkim,Male,388,value in Thousands,
2031,October,Sikkim,Female,350,value in Thousands,
2031,October,Rajasthan,Total,87590,value in Thousands,
2031,October,Rajasthan,Male,44565,value in Thousands,
2031,October,Rajasthan,Female,43026,value in Thousands,
2031,October,Punjab,Total,32154,value in Thousands,
2031,October,Punjab,Male,16823,value in Thousands,
2031,October,Punjab,Female,15331,value in Thousands,
2031,October,Puducherry,Total,1987,value in Thousands,
2031,October,Puducherry,Male,920,value in Thousands,
2031,October,Puducherry,Female,1067,value in Thousands,
2031,October,Odisha,Total,48349,value in Thousands,
2031,October,Odisha,Male,24244,value in Thousands,
2031,October,Odisha,Female,24105,value in Thousands,
2031,October,Nagaland,Total,2393,value in Thousands,
2031,October,Nagaland,Male,1230,value in Thousands,
2031,October,Nagaland,Female,1163,value in Thousands,
2031,October,Mizoram,Total,1327,value in Thousands,
2031,October,Mizoram,Male,667,value in Thousands,
2031,October,Mizoram,Female,660,value in Thousands,
2031,October,Meghalaya,Total,3588,value in Thousands,
2031,October,Meghalaya,Male,1791,value in Thousands,
2031,October,Meghalaya,Female,1798,value in Thousands,
2031,October,Manipur,Total,3454,value in Thousands,
2031,October,Manipur,Male,1727,value in Thousands,
2031,October,Manipur,Female,1727,value in Thousands,
2031,October,Maharashtra,Total,133837,value in Thousands,
2031,October,Maharashtra,Male,69685,value in Thousands,
2031,October,Maharashtra,Female,64152,value in Thousands,
2031,October,Madhya Pradesh,Total,94494,value in Thousands,
2031,October,Madhya Pradesh,Male,48496,value in Thousands,
2031,October,Madhya Pradesh,Female,45998,value in Thousands,
2031,October,Lakshadweep,Total,71,value in Thousands,
2031,October,Lakshadweep,Male,36,value in Thousands,
2031,October,Lakshadweep,Female,34,value in Thousands,
2031,October,Ladakh,Total,312,value in Thousands,
2031,October,Ladakh,Male,173,value in Thousands,
2031,October,Ladakh,Female,139,value in Thousands,
2031,October,Kerala,Total,36724,value in Thousands,
2031,October,Kerala,Male,17654,value in Thousands,
2031,October,Kerala,Female,19070,value in Thousands,
2031,October,Karnataka,Total,70803,value in Thousands,
2031,October,Karnataka,Male,35915,value in Thousands,
2031,October,Karnataka,Female,34888,value in Thousands,
2031,October,Jharkhand,Total,43436,value in Thousands,
2031,October,Jharkhand,Male,22138,value in Thousands,
2031,October,Jharkhand,Female,21299,value in Thousands,
2031,October,Jammu and Kashmir,Total,14406,value in Thousands,
2031,October,Jammu and Kashmir,Male,7487,value in Thousands,
2031,October,Jammu and Kashmir,Female,6919,value in Thousands,
2031,October,Himachal Pradesh,Total,7720,value in Thousands,
2031,October,Himachal Pradesh,Male,3913,value in Thousands,
2031,October,Himachal Pradesh,Female,3808,value in Thousands,
2031,October,Haryana,Total,33123,value in Thousands,
2031,October,Haryana,Male,17415,value in Thousands,
2031,October,Haryana,Female,15708,value in Thousands,
2031,October,Gujarat,Total,78326,value in Thousands,
2031,October,Gujarat,Male,41197,value in Thousands,
2031,October,Gujarat,Female,37129,value in Thousands,
2031,October,Goa,Total,1637,value in Thousands,
2031,October,Goa,Male,821,value in Thousands,
2031,October,Goa,Female,815,value in Thousands,
2031,October,Delhi,Total,24790,value in Thousands,
2031,October,Delhi,Male,13102,value in Thousands,
2031,October,Delhi,Female,11688,value in Thousands,
2031,October,Daman and Diu,Total,1234,value in Thousands,
2031,October,Daman and Diu,Male,999,value in Thousands,
2031,October,Daman and Diu,Female,235,value in Thousands,
2031,October,Dadra and Nagar Haveli,Total,1239,value in Thousands,
2031,October,Dadra and Nagar Haveli,Male,796,value in Thousands,
2031,October,Dadra and Nagar Haveli,Female,443,value in Thousands,
2031,October,Chhattisgarh,Total,32878,value in Thousands,
2031,October,Chhattisgarh,Male,16482,value in Thousands,
2031,October,Chhattisgarh,Female,16396,value in Thousands,
2031,October,Chandigarh,Total,1323,value in Thousands,
2031,October,Chandigarh,Male,706,value in Thousands,
2031,October,Chandigarh,Female,617,value in Thousands,
2031,October,Bihar,Total,141920,value in Thousands,
2031,October,Bihar,Male,73483,value in Thousands,
2031,October,Bihar,Female,68437,value in Thousands,
2031,October,Assam,Total,38337,value in Thousands,
2031,October,Assam,Male,19438,value in Thousands,
2031,October,Assam,Female,18899,value in Thousands,
2031,October,Arunachal Pradesh,Total,1674,value in Thousands,
2031,October,Arunachal Pradesh,Male,857,value in Thousands,
2031,October,Arunachal Pradesh,Female,816,value in Thousands,
2031,October,Andhra Pradesh,Total,54184,value in Thousands,
2031,October,Andhra Pradesh,Male,27033,value in Thousands,
2031,October,Andhra Pradesh,Female,27152,value in Thousands,
2031,October,Andaman and Nicobar Islands,Total,411,value in Thousands,
2031,October,Andaman and Nicobar Islands,Male,216,value in Thousands,
2031,October,Andaman and Nicobar Islands,Female,195,value in Thousands,
2031,October,All India,Total,1483834,value in Thousands,
2031,October,All India,Male,760655,value in Thousands,
2031,October,All India,Female,723179,value in Thousands,
2031,March,West Bengal,Total,102167,value in Thousands,
2031,March,West Bengal,Male,51858,value in Thousands,
2031,March,West Bengal,Female,50309,value in Thousands,
2031,March,Uttarakhand,Total,12524,value in Thousands,
2031,March,Uttarakhand,Male,6428,value in Thousands,
2031,March,Uttarakhand,Female,6096,value in Thousands,
2031,March,Uttar Pradesh,Total,251963,value in Thousands,
2031,March,Uttar Pradesh,Male,130773,value in Thousands,
2031,March,Uttar Pradesh,Female,121190,value in Thousands,
2031,March,Tripura,Total,4430,value in Thousands,
2031,March,Tripura,Male,2244,value in Thousands,
2031,March,Tripura,Female,2186,value in Thousands,
2031,March,Telangana,Total,39207,value in Thousands,
2031,March,Telangana,Male,19675,value in Thousands,
2031,March,Telangana,Female,19532,value in Thousands,
2031,March,Tamil Nadu,Total,78082,value in Thousands,
2031,March,Tamil Nadu,Male,38830,value in Thousands,
2031,March,Tamil Nadu,Female,39252,value in Thousands,
2031,March,Sikkim,Total,736,value in Thousands,
2031,March,Sikkim,Male,387,value in Thousands,
2031,March,Sikkim,Female,349,value in Thousands,
2031,March,Rajasthan,Total,87198,value in Thousands,
2031,March,Rajasthan,Male,44369,value in Thousands,
2031,March,Rajasthan,Female,42829,value in Thousands,
2031,March,Punjab,Total,32087,value in Thousands,
2031,March,Punjab,Male,16792,value in Thousands,
2031,March,Punjab,Female,15295,value in Thousands,
2031,March,Puducherry,Total,1961,value in Thousands,
2031,March,Puducherry,Male,910,value in Thousands,
2031,March,Puducherry,Female,1051,value in Thousands,
2031,March,Odisha,Total,48259,value in Thousands,
2031,March,Odisha,Male,24204,value in Thousands,
2031,March,Odisha,Female,24055,value in Thousands,
2031,March,Nagaland,Total,2386,value in Thousands,
2031,March,Nagaland,Male,1227,value in Thousands,
2031,March,Nagaland,Female,1159,value in Thousands,
2031,March,Mizoram,Total,1323,value in Thousands,
2031,March,Mizoram,Male,665,value in Thousands,
2031,March,Mizoram,Female,658,value in Thousands,
2031,March,Meghalaya,Total,3578,value in Thousands,
2031,March,Meghalaya,Male,1786,value in Thousands,
2031,March,Meghalaya,Female,1792,value in Thousands,
2031,March,Manipur,Total,3444,value in Thousands,
2031,March,Manipur,Male,1722,value in Thousands,
2031,March,Manipur,Female,1722,value in Thousands,
2031,March,Maharashtra,Total,133451,value in Thousands,
2031,March,Maharashtra,Male,69484,value in Thousands,
2031,March,Maharashtra,Female,63967,value in Thousands,
2031,March,Madhya Pradesh,Total,94057,value in Thousands,
2031,March,Madhya Pradesh,Male,48288,value in Thousands,
2031,March,Madhya Pradesh,Female,45769,value in Thousands,
2031,March,Lakshadweep,Total,71,value in Thousands,
2031,March,Lakshadweep,Male,36,value in Thousands,
2031,March,Lakshadweep,Female,34,value in Thousands,
2031,March,Ladakh,Total,312,value in Thousands,
2031,March,Ladakh,Male,173,value in Thousands,
2031,March,Ladakh,Female,139,value in Thousands,
2031,March,Kerala,Total,36695,value in Thousands,
2031,March,Kerala,Male,17638,value in Thousands,
2031,March,Kerala,Female,19057,value in Thousands,
2031,March,Karnataka,Total,70652,value in Thousands,
2031,March,Karnataka,Male,35840,value in Thousands,
2031,March,Karnataka,Female,34812,value in Thousands,
2031,March,Jharkhand,Total,43209,value in Thousands,
2031,March,Jharkhand,Male,22029,value in Thousands,
2031,March,Jharkhand,Female,21180,value in Thousands,
2031,March,Jammu and Kashmir,Total,14361,value in Thousands,
2031,March,Jammu and Kashmir,Male,7467,value in Thousands,
2031,March,Jammu and Kashmir,Female,6894,value in Thousands,
2031,March,Himachal Pradesh,Total,7712,value in Thousands,
2031,March,Himachal Pradesh,Male,3908,value in Thousands,
2031,March,Himachal Pradesh,Female,3804,value in Thousands,
2031,March,Haryana,Total,32946,value in Thousands,
2031,March,Haryana,Male,17330,value in Thousands,
2031,March,Haryana,Female,15616,value in Thousands,
2031,March,Gujarat,Total,77931,value in Thousands,
2031,March,Gujarat,Male,40986,value in Thousands,
2031,March,Gujarat,Female,36945,value in Thousands,
2031,March,Goa,Total,1633,value in Thousands,
2031,March,Goa,Male,820,value in Thousands,
2031,March,Goa,Female,814,value in Thousands,
2031,March,Delhi,Total,24552,value in Thousands,
2031,March,Delhi,Male,12983,value in Thousands,
2031,March,Delhi,Female,11569,value in Thousands,
2031,March,Daman and Diu,Total,1137,value in Thousands,
2031,March,Daman and Diu,Male,910,value in Thousands,
2031,March,Daman and Diu,Female,227,value in Thousands,
2031,March,Dadra and Nagar Haveli,Total,1178,value in Thousands,
2031,March,Dadra and Nagar Haveli,Male,753,value in Thousands,
2031,March,Dadra and Nagar Haveli,Female,425,value in Thousands,
2031,March,Chhattisgarh,Total,32719,value in Thousands,
2031,March,Chhattisgarh,Male,16404,value in Thousands,
2031,March,Chhattisgarh,Female,16315,value in Thousands,
2031,March,Chandigarh,Total,1318,value in Thousands,
2031,March,Chandigarh,Male,704,value in Thousands,
2031,March,Chandigarh,Female,614,value in Thousands,
2031,March,Bihar,Total,141041,value in Thousands,
2031,March,Bihar,Male,73045,value in Thousands,
2031,March,Bihar,Female,67996,value in Thousands,
2031,March,Assam,Total,38196,value in Thousands,
2031,March,Assam,Male,19372,value in Thousands,
2031,March,Assam,Female,18824,value in Thousands,
2031,March,Arunachal Pradesh,Total,1669,value in Thousands,
2031,March,Arunachal Pradesh,Male,855,value in Thousands,
2031,March,Arunachal Pradesh,Female,814,value in Thousands,
2031,March,Andhra Pradesh,Total,54175,value in Thousands,
2031,March,Andhra Pradesh,Male,27033,value in Thousands,
2031,March,Andhra Pradesh,Female,27142,value in Thousands,
2031,March,Andaman and Nicobar Islands,Total,410,value in Thousands,
2031,March,Andaman and Nicobar Islands,Male,216,value in Thousands,
2031,March,Andaman and Nicobar Islands,Female,195,value in Thousands,
2031,March,All India,Total,1478775,value in Thousands,
2031,March,All India,Male,758146,value in Thousands,
2031,March,All India,Female,720629,value in Thousands,
2031,July,West Bengal,Total,102218,value in Thousands,
2031,July,West Bengal,Male,51873,value in Thousands,
2031,July,West Bengal,Female,50345,value in Thousands,
2031,July,Uttarakhand,Total,12554,value in Thousands,
2031,July,Uttarakhand,Male,6444,value in Thousands,
2031,July,Uttarakhand,Female,6110,value in Thousands,
2031,July,Uttar Pradesh,Total,252432,value in Thousands,
2031,July,Uttar Pradesh,Male,130996,value in Thousands,
2031,July,Uttar Pradesh,Female,121435,value in Thousands,
2031,July,Tripura,Total,4437,value in Thousands,
2031,July,Tripura,Male,2247,value in Thousands,
2031,July,Tripura,Female,2190,value in Thousands,
2031,July,Telangana,Total,39220,value in Thousands,
2031,July,Telangana,Male,19680,value in Thousands,
2031,July,Telangana,Female,19540,value in Thousands,
2031,July,Tamil Nadu,Total,78081,value in Thousands,
2031,July,Tamil Nadu,Male,38824,value in Thousands,
2031,July,Tamil Nadu,Female,39257,value in Thousands,
2031,July,Sikkim,Total,737,value in Thousands,
2031,July,Sikkim,Male,387,value in Thousands,
2031,July,Sikkim,Female,350,value in Thousands,
2031,July,Rajasthan,Total,87422,value in Thousands,
2031,July,Rajasthan,Male,44481,value in Thousands,
2031,July,Rajasthan,Female,42941,value in Thousands,
2031,July,Punjab,Total,32125,value in Thousands,
2031,July,Punjab,Male,16810,value in Thousands,
2031,July,Punjab,Female,15315,value in Thousands,
2031,July,Puducherry,Total,1976,value in Thousands,
2031,July,Puducherry,Male,916,value in Thousands,
2031,July,Puducherry,Female,1060,value in Thousands,
2031,July,Odisha,Total,48311,value in Thousands,
2031,July,Odisha,Male,24227,value in Thousands,
2031,July,Odisha,Female,24084,value in Thousands,
2031,July,Nagaland,Total,2389,value in Thousands,
2031,July,Nagaland,Male,1228,value in Thousands,
2031,July,Nagaland,Female,1161,value in Thousands,
2031,July,Mizoram,Total,1325,value in Thousands,
2031,July,Mizoram,Male,666,value in Thousands,
2031,July,Mizoram,Female,659,value in Thousands,
2031,July,Meghalaya,Total,3583,value in Thousands,
2031,July,Meghalaya,Male,1789,value in Thousands,
2031,July,Meghalaya,Female,1795,value in Thousands,
2031,July,Manipur,Total,3449,value in Thousands,
2031,July,Manipur,Male,1725,value in Thousands,
2031,July,Manipur,Female,1724,value in Thousands,
2031,July,Maharashtra,Total,133672,value in Thousands,
2031,July,Maharashtra,Male,69599,value in Thousands,
2031,July,Maharashtra,Female,64073,value in Thousands,
2031,July,Madhya Pradesh,Total,94307,value in Thousands,
2031,July,Madhya Pradesh,Male,48407,value in Thousands,
2031,July,Madhya Pradesh,Female,45899,value in Thousands,
2031,July,Lakshadweep,Total,71,value in Thousands,
2031,July,Lakshadweep,Male,36,value in Thousands,
2031,July,Lakshadweep,Female,34,value in Thousands,
2031,July,Ladakh,Total,312,value in Thousands,
2031,July,Ladakh,Male,173,value in Thousands,
2031,July,Ladakh,Female,139,value in Thousands,
2031,July,Kerala,Total,36712,value in Thousands,
2031,July,Kerala,Male,17647,value in Thousands,
2031,July,Kerala,Female,19065,value in Thousands,
2031,July,Karnataka,Total,70738,value in Thousands,
2031,July,Karnataka,Male,35883,value in Thousands,
2031,July,Karnataka,Female,34855,value in Thousands,
2031,July,Jharkhand,Total,43339,value in Thousands,
2031,July,Jharkhand,Male,22091,value in Thousands,
2031,July,Jharkhand,Female,21248,value in Thousands,
2031,July,Jammu and Kashmir,Total,14387,value in Thousands,
2031,July,Jammu and Kashmir,Male,7478,value in Thousands,
2031,July,Jammu and Kashmir,Female,6908,value in Thousands,
2031,July,Himachal Pradesh,Total,7717,value in Thousands,
2031,July,Himachal Pradesh,Male,3911,value in Thousands,
2031,July,Himachal Pradesh,Female,3806,value in Thousands,
2031,July,Haryana,Total,33047,value in Thousands,
2031,July,Haryana,Male,17378,value in Thousands,
2031,July,Haryana,Female,15669,value in Thousands,
2031,July,Gujarat,Total,78157,value in Thousands,
2031,July,Gujarat,Male,41106,value in Thousands,
2031,July,Gujarat,Female,37050,value in Thousands,
2031,July,Goa,Total,1635,value in Thousands,
2031,July,Goa,Male,821,value in Thousands,
2031,July,Goa,Female,815,value in Thousands,
2031,July,Delhi,Total,24688,value in Thousands,
2031,July,Delhi,Male,13051,value in Thousands,
2031,July,Delhi,Female,11637,value in Thousands,
2031,July,Daman and Diu,Total,1193,value in Thousands,
2031,July,Daman and Diu,Male,961,value in Thousands,
2031,July,Daman and Diu,Female,231,value in Thousands,
2031,July,Dadra and Nagar Haveli,Total,1213,value in Thousands,
2031,July,Dadra and Nagar Haveli,Male,778,value in Thousands,
2031,July,Dadra and Nagar Haveli,Female,435,value in Thousands,
2031,July,Chhattisgarh,Total,32810,value in Thousands,
2031,July,Chhattisgarh,Male,16449,value in Thousands,
2031,July,Chhattisgarh,Female,16361,value in Thousands,
2031,July,Chandigarh,Total,1321,value in Thousands,
2031,July,Chandigarh,Male,705,value in Thousands,
2031,July,Chandigarh,Female,616,value in Thousands,
2031,July,Bihar,Total,141543,value in Thousands,
2031,July,Bihar,Male,73295,value in Thousands,
2031,July,Bihar,Female,68248,value in Thousands,
2031,July,Assam,Total,38276,value in Thousands,
2031,July,Assam,Male,19410,value in Thousands,
2031,July,Assam,Female,18867,value in Thousands,
2031,July,Arunachal Pradesh,Total,1671,value in Thousands,
2031,July,Arunachal Pradesh,Male,856,value in Thousands,
2031,July,Arunachal Pradesh,Female,815,value in Thousands,
2031,July,Andhra Pradesh,Total,54180,value in Thousands,
2031,July,Andhra Pradesh,Male,27033,value in Thousands,
2031,July,Andhra Pradesh,Female,27148,value in Thousands,
2031,July,Andaman and Nicobar Islands,Total,411,value in Thousands,
2031,July,Andaman and Nicobar Islands,Male,216,value in Thousands,
2031,July,Andaman and Nicobar Islands,Female,195,value in Thousands,
2031,July,All India,Total,1481657,value in Thousands,
2031,July,All India,Male,759577,value in Thousands,
2031,July,All India,Female,722080,value in Thousands,
2030,October,West Bengal,Total,102030,value in Thousands,
2030,October,West Bengal,Male,51802,value in Thousands,
2030,October,West Bengal,Female,50228,value in Thousands,
2030,October,Uttarakhand,Total,12480,value in Thousands,
2030,October,Uttarakhand,Male,6406,value in Thousands,
2030,October,Uttarakhand,Female,6075,value in Thousands,
2030,October,Uttar Pradesh,Total,251205,value in Thousands,
2030,October,Uttar Pradesh,Male,130403,value in Thousands,
2030,October,Uttar Pradesh,Female,120801,value in Thousands,
2030,October,Tripura,Total,4413,value in Thousands,
2030,October,Tripura,Male,2236,value in Thousands,
2030,October,Tripura,Female,2177,value in Thousands,
2030,October,Telangana,Total,39150,value in Thousands,
2030,October,Telangana,Male,19649,value in Thousands,
2030,October,Telangana,Female,19500,value in Thousands,
2030,October,Tamil Nadu,Total,78037,value in Thousands,
2030,October,Tamil Nadu,Male,38816,value in Thousands,
2030,October,Tamil Nadu,Female,39222,value in Thousands,
2030,October,Sikkim,Total,733,value in Thousands,
2030,October,Sikkim,Male,385,value in Thousands,
2030,October,Sikkim,Female,348,value in Thousands,
2030,October,Rajasthan,Total,86901,value in Thousands,
2030,October,Rajasthan,Male,44238,value in Thousands,
2030,October,Rajasthan,Female,42663,value in Thousands,
2030,October,Punjab,Total,32023,value in Thousands,
2030,October,Punjab,Male,16761,value in Thousands,
2030,October,Punjab,Female,15261,value in Thousands,
2030,October,Puducherry,Total,1944,value in Thousands,
2030,October,Puducherry,Male,903,value in Thousands,
2030,October,Puducherry,Female,1040,value in Thousands,
2030,October,Odisha,Total,48167,value in Thousands,
2030,October,Odisha,Male,24162,value in Thousands,
2030,October,Odisha,Female,24005,value in Thousands,
2030,October,Nagaland,Total,2377,value in Thousands,
2030,October,Nagaland,Male,1222,value in Thousands,
2030,October,Nagaland,Female,1154,value in Thousands,
2030,October,Mizoram,Total,1318,value in Thousands,
2030,October,Mizoram,Male,662,value in Thousands,
2030,October,Mizoram,Female,656,value in Thousands,
2030,October,Meghalaya,Total,3564,value in Thousands,
2030,October,Meghalaya,Male,1780,value in Thousands,
2030,October,Meghalaya,Female,1785,value in Thousands,
2030,October,Manipur,Total,3430,value in Thousands,
2030,October,Manipur,Male,1716,value in Thousands,
2030,October,Manipur,Female,1715,value in Thousands,
2030,October,Maharashtra,Total,133106,value in Thousands,
2030,October,Maharashtra,Male,69301,value in Thousands,
2030,October,Maharashtra,Female,63804,value in Thousands,
2030,October,Madhya Pradesh,Total,93691,value in Thousands,
2030,October,Madhya Pradesh,Male,48111,value in Thousands,
2030,October,Madhya Pradesh,Female,45581,value in Thousands,
2030,October,Lakshadweep,Total,71,value in Thousands,
2030,October,Lakshadweep,Male,36,value in Thousands,
2030,October,Lakshadweep,Female,34,value in Thousands,
2030,October,Ladakh,Total,311,value in Thousands,
2030,October,Ladakh,Male,172,value in Thousands,
2030,October,Ladakh,Female,139,value in Thousands,
2030,October,Kerala,Total,36654,value in Thousands,
2030,October,Kerala,Male,17618,value in Thousands,
2030,October,Kerala,Female,19036,value in Thousands,
2030,October,Karnataka,Total,70511,value in Thousands,
2030,October,Karnataka,Male,35769,value in Thousands,
2030,October,Karnataka,Female,34742,value in Thousands,
2030,October,Jharkhand,Total,43022,value in Thousands,
2030,October,Jharkhand,Male,21938,value in Thousands,
2030,October,Jharkhand,Female,21084,value in Thousands,
2030,October,Jammu and Kashmir,Total,14322,value in Thousands,
2030,October,Jammu and Kashmir,Male,7449,value in Thousands,
2030,October,Jammu and Kashmir,Female,6873,value in Thousands,
2030,October,Himachal Pradesh,Total,7701,value in Thousands,
2030,October,Himachal Pradesh,Male,3903,value in Thousands,
2030,October,Himachal Pradesh,Female,3798,value in Thousands,
2030,October,Haryana,Total,32809,value in Thousands,
2030,October,Haryana,Male,17263,value in Thousands,
2030,October,Haryana,Female,15546,value in Thousands,
2030,October,Gujarat,Total,77611,value in Thousands,
2030,October,Gujarat,Male,40814,value in Thousands,
2030,October,Gujarat,Female,36797,value in Thousands,
2030,October,Goa,Total,1631,value in Thousands,
2030,October,Goa,Male,819,value in Thousands,
2030,October,Goa,Female,812,value in Thousands,
2030,October,Delhi,Total,24385,value in Thousands,
2030,October,Delhi,Male,12899,value in Thousands,
2030,October,Delhi,Female,11486,value in Thousands,
2030,October,Daman and Diu,Total,1101,value in Thousands,
2030,October,Daman and Diu,Male,879,value in Thousands,
2030,October,Daman and Diu,Female,222,value in Thousands,
2030,October,Dadra and Nagar Haveli,Total,1149,value in Thousands,
2030,October,Dadra and Nagar Haveli,Male,733,value in Thousands,
2030,October,Dadra and Nagar Haveli,Female,416,value in Thousands,
2030,October,Chhattisgarh,Total,32593,value in Thousands,
2030,October,Chhattisgarh,Male,16341,value in Thousands,
2030,October,Chhattisgarh,Female,16252,value in Thousands,
2030,October,Chandigarh,Total,1314,value in Thousands,
2030,October,Chandigarh,Male,702,value in Thousands,
2030,October,Chandigarh,Female,612,value in Thousands,
2030,October,Bihar,Total,140309,value in Thousands,
2030,October,Bihar,Male,72678,value in Thousands,
2030,October,Bihar,Female,67631,value in Thousands,
2030,October,Assam,Total,38073,value in Thousands,
2030,October,Assam,Male,19313,value in Thousands,
2030,October,Assam,Female,18760,value in Thousands,
2030,October,Arunachal Pradesh,Total,1662,value in Thousands,
2030,October,Arunachal Pradesh,Male,852,value in Thousands,
2030,October,Arunachal Pradesh,Female,810,value in Thousands,
2030,October,Andhra Pradesh,Total,54136,value in Thousands,
2030,October,Andhra Pradesh,Male,27016,value in Thousands,
2030,October,Andhra Pradesh,Female,27120,value in Thousands,
2030,October,Andaman and Nicobar Islands,Total,410,value in Thousands,
2030,October,Andaman and Nicobar Islands,Male,215,value in Thousands,
2030,October,Andaman and Nicobar Islands,Female,195,value in Thousands,
2030,October,All India,Total,1474342,value in Thousands,
2030,October,All India,Male,755962,value in Thousands,
2030,October,All India,Female,718380,value in Thousands,
2030,March,West Bengal,Total,101838,value in Thousands,
2030,March,West Bengal,Male,51723,value in Thousands,
2030,March,West Bengal,Female,50115,value in Thousands,
2030,March,Uttarakhand,Total,12418,value in Thousands,
2030,March,Uttarakhand,Male,6373,value in Thousands,
2030,March,Uttarakhand,Female,6045,value in Thousands,
2030,March,Uttar Pradesh,Total,250142,value in Thousands,
2030,March,Uttar Pradesh,Male,129884,value in Thousands,
2030,March,Uttar Pradesh,Female,120258,value in Thousands,
2030,March,Tripura,Total,4396,value in Thousands,
2030,March,Tripura,Male,2228,value in Thousands,
2030,March,Tripura,Female,2168,value in Thousands,
2030,March,Telangana,Total,39092,value in Thousands,
2030,March,Telangana,Male,19623,value in Thousands,
2030,March,Telangana,Female,19469,value in Thousands,
2030,March,Tamil Nadu,Total,77975,value in Thousands,
2030,March,Tamil Nadu,Male,38795,value in Thousands,
2030,March,Tamil Nadu,Female,39180,value in Thousands,
2030,March,Sikkim,Total,731,value in Thousands,
2030,March,Sikkim,Male,384,value in Thousands,
2030,March,Sikkim,Female,346,value in Thousands,
2030,March,Rajasthan,Total,86487,value in Thousands,
2030,March,Rajasthan,Male,44055,value in Thousands,
2030,March,Rajasthan,Female,42431,value in Thousands,
2030,March,Punjab,Total,31933,value in Thousands,
2030,March,Punjab,Male,16718,value in Thousands,
2030,March,Punjab,Female,15215,value in Thousands,
2030,March,Puducherry,Total,1920,value in Thousands,
2030,March,Puducherry,Male,894,value in Thousands,
2030,March,Puducherry,Female,1026,value in Thousands,
2030,March,Odisha,Total,48037,value in Thousands,
2030,March,Odisha,Male,24102,value in Thousands,
2030,March,Odisha,Female,23935,value in Thousands,
2030,March,Nagaland,Total,2367,value in Thousands,
2030,March,Nagaland,Male,1218,value in Thousands,
2030,March,Nagaland,Female,1149,value in Thousands,
2030,March,Mizoram,Total,1313,value in Thousands,
2030,March,Mizoram,Male,660,value in Thousands,
2030,March,Mizoram,Female,653,value in Thousands,
2030,March,Meghalaya,Total,3550,value in Thousands,
2030,March,Meghalaya,Male,1773,value in Thousands,
2030,March,Meghalaya,Female,1777,value in Thousands,
2030,March,Manipur,Total,3417,value in Thousands,
2030,March,Manipur,Male,1710,value in Thousands,
2030,March,Manipur,Female,1708,value in Thousands,
2030,March,Maharashtra,Total,132622,value in Thousands,
2030,March,Maharashtra,Male,69046,value in Thousands,
2030,March,Maharashtra,Female,63577,value in Thousands,
2030,March,Madhya Pradesh,Total,93180,value in Thousands,
2030,March,Madhya Pradesh,Male,47862,value in Thousands,
2030,March,Madhya Pradesh,Female,45318,value in Thousands,
2030,March,Lakshadweep,Total,70,value in Thousands,
2030,March,Lakshadweep,Male,36,value in Thousands,
2030,March,Lakshadweep,Female,34,value in Thousands,
2030,March,Ladakh,Total,310,value in Thousands,
2030,March,Ladakh,Male,172,value in Thousands,
2030,March,Ladakh,Female,138,value in Thousands,
2030,March,Kerala,Total,36597,value in Thousands,
2030,March,Kerala,Male,17589,value in Thousands,
2030,March,Kerala,Female,19008,value in Thousands,
2030,March,Karnataka,Total,70314,value in Thousands,
2030,March,Karnataka,Male,35670,value in Thousands,
2030,March,Karnataka,Female,34644,value in Thousands,
2030,March,Jharkhand,Total,42759,value in Thousands,
2030,March,Jharkhand,Male,21810,value in Thousands,
2030,March,Jharkhand,Female,20949,value in Thousands,
2030,March,Jammu and Kashmir,Total,14268,value in Thousands,
2030,March,Jammu and Kashmir,Male,7425,value in Thousands,
2030,March,Jammu and Kashmir,Female,6843,value in Thousands,
2030,March,Himachal Pradesh,Total,7685,value in Thousands,
2030,March,Himachal Pradesh,Male,3895,value in Thousands,
2030,March,Himachal Pradesh,Female,3790,value in Thousands,
2030,March,Haryana,Total,32616,value in Thousands,
2030,March,Haryana,Male,17170,value in Thousands,
2030,March,Haryana,Female,15447,value in Thousands,
2030,March,Gujarat,Total,77162,value in Thousands,
2030,March,Gujarat,Male,40574,value in Thousands,
2030,March,Gujarat,Female,36588,value in Thousands,
2030,March,Goa,Total,1626,value in Thousands,
2030,March,Goa,Male,817,value in Thousands,
2030,March,Goa,Female,810,value in Thousands,
2030,March,Delhi,Total,24150,value in Thousands,
2030,March,Delhi,Male,12780,value in Thousands,
2030,March,Delhi,Female,11369,value in Thousands,
2030,March,Daman and Diu,Total,1051,value in Thousands,
2030,March,Daman and Diu,Male,834,value in Thousands,
2030,March,Daman and Diu,Female,216,value in Thousands,
2030,March,Dadra and Nagar Haveli,Total,1109,value in Thousands,
2030,March,Dadra and Nagar Haveli,Male,705,value in Thousands,
2030,March,Dadra and Nagar Haveli,Female,404,value in Thousands,
2030,March,Chhattisgarh,Total,32417,value in Thousands,
2030,March,Chhattisgarh,Male,16253,value in Thousands,
2030,March,Chhattisgarh,Female,16164,value in Thousands,
2030,March,Chandigarh,Total,1308,value in Thousands,
2030,March,Chandigarh,Male,699,value in Thousands,
2030,March,Chandigarh,Female,609,value in Thousands,
2030,March,Bihar,Total,139286,value in Thousands,
2030,March,Bihar,Male,72165,value in Thousands,
2030,March,Bihar,Female,67121,value in Thousands,
2030,March,Assam,Total,37900,value in Thousands,
2030,March,Assam,Male,19230,value in Thousands,
2030,March,Assam,Female,18671,value in Thousands,
2030,March,Arunachal Pradesh,Total,1656,value in Thousands,
2030,March,Arunachal Pradesh,Male,849,value in Thousands,
2030,March,Arunachal Pradesh,Female,807,value in Thousands,
2030,March,Andhra Pradesh,Total,54082,value in Thousands,
2030,March,Andhra Pradesh,Male,26993,value in Thousands,
2030,March,Andhra Pradesh,Female,27089,value in Thousands,
2030,March,Andaman and Nicobar Islands,Total,410,value in Thousands,
2030,March,Andaman and Nicobar Islands,Male,215,value in Thousands,
2030,March,Andaman and Nicobar Islands,Female,194,value in Thousands,
2030,March,All India,Total,1468194,value in Thousands,
2030,March,All India,Male,752929,value in Thousands,
2030,March,All India,Female,715265,value in Thousands,
2030,July,West Bengal,Total,101948,value in Thousands,
2030,July,West Bengal,Male,51768,value in Thousands,
2030,July,West Bengal,Female,50180,value in Thousands,
2030,July,Uttarakhand,Total,12454,value in Thousands,
2030,July,Uttarakhand,Male,6392,value in Thousands,
2030,July,Uttarakhand,Female,6062,value in Thousands,
2030,July,Uttar Pradesh,Total,250749,value in Thousands,
2030,July,Uttar Pradesh,Male,130181,value in Thousands,
2030,July,Uttar Pradesh,Female,120569,value in Thousands,
2030,July,Tripura,Total,4405,value in Thousands,
2030,July,Tripura,Male,2232,value in Thousands,
2030,July,Tripura,Female,2173,value in Thousands,
2030,July,Telangana,Total,39121,value in Thousands,
2030,July,Telangana,Male,19636,value in Thousands,
2030,July,Telangana,Female,19485,value in Thousands,
2030,July,Tamil Nadu,Total,78011,value in Thousands,
2030,July,Tamil Nadu,Male,38807,value in Thousands,
2030,July,Tamil Nadu,Female,39204,value in Thousands,
2030,July,Sikkim,Total,732,value in Thousands,
2030,July,Sikkim,Male,385,value in Thousands,
2030,July,Sikkim,Female,347,value in Thousands,
2030,July,Rajasthan,Total,86724,value in Thousands,
2030,July,Rajasthan,Male,44160,value in Thousands,
2030,July,Rajasthan,Female,42564,value in Thousands,
2030,July,Punjab,Total,31984,value in Thousands,
2030,July,Punjab,Male,16743,value in Thousands,
2030,July,Punjab,Female,15241,value in Thousands,
2030,July,Puducherry,Total,1934,value in Thousands,
2030,July,Puducherry,Male,899,value in Thousands,
2030,July,Puducherry,Female,1034,value in Thousands,
2030,July,Odisha,Total,48111,value in Thousands,
2030,July,Odisha,Male,24136,value in Thousands,
2030,July,Odisha,Female,23975,value in Thousands,
2030,July,Nagaland,Total,2372,value in Thousands,
2030,July,Nagaland,Male,1220,value in Thousands,
2030,July,Nagaland,Female,1152,value in Thousands,
2030,July,Mizoram,Total,1315,value in Thousands,
2030,July,Mizoram,Male,661,value in Thousands,
2030,July,Mizoram,Female,654,value in Thousands,
2030,July,Meghalaya,Total,3557,value in Thousands,
2030,July,Meghalaya,Male,1776,value in Thousands,
2030,July,Meghalaya,Female,1781,value in Thousands,
2030,July,Manipur,Total,3424,value in Thousands,
2030,July,Manipur,Male,1713,value in Thousands,
2030,July,Manipur,Female,1711,value in Thousands,
2030,July,Maharashtra,Total,132899,value in Thousands,
2030,July,Maharashtra,Male,69192,value in Thousands,
2030,July,Maharashtra,Female,63707,value in Thousands,
2030,July,Madhya Pradesh,Total,93472,value in Thousands,
2030,July,Madhya Pradesh,Male,48004,value in Thousands,
2030,July,Madhya Pradesh,Female,45468,value in Thousands,
2030,July,Lakshadweep,Total,70,value in Thousands,
2030,July,Lakshadweep,Male,36,value in Thousands,
2030,July,Lakshadweep,Female,34,value in Thousands,
2030,July,Ladakh,Total,311,value in Thousands,
2030,July,Ladakh,Male,172,value in Thousands,
2030,July,Ladakh,Female,138,value in Thousands,
2030,July,Kerala,Total,36630,value in Thousands,
2030,July,Kerala,Male,17606,value in Thousands,
2030,July,Kerala,Female,19024,value in Thousands,
2030,July,Karnataka,Total,70426,value in Thousands,
2030,July,Karnataka,Male,35726,value in Thousands,
2030,July,Karnataka,Female,34700,value in Thousands,
2030,July,Jharkhand,Total,42909,value in Thousands,
2030,July,Jharkhand,Male,21883,value in Thousands,
2030,July,Jharkhand,Female,21026,value in Thousands,
2030,July,Jammu and Kashmir,Total,14299,value in Thousands,
2030,July,Jammu and Kashmir,Male,7439,value in Thousands,
2030,July,Jammu and Kashmir,Female,6860,value in Thousands,
2030,July,Himachal Pradesh,Total,7694,value in Thousands,
2030,July,Himachal Pradesh,Male,3899,value in Thousands,
2030,July,Himachal Pradesh,Female,3795,value in Thousands,
2030,July,Haryana,Total,32726,value in Thousands,
2030,July,Haryana,Male,17223,value in Thousands,
2030,July,Haryana,Female,15503,value in Thousands,
2030,July,Gujarat,Total,77419,value in Thousands,
2030,July,Gujarat,Male,40711,value in Thousands,
2030,July,Gujarat,Female,36707,value in Thousands,
2030,July,Goa,Total,1629,value in Thousands,
2030,July,Goa,Male,818,value in Thousands,
2030,July,Goa,Female,811,value in Thousands,
2030,July,Delhi,Total,24284,value in Thousands,
2030,July,Delhi,Male,12848,value in Thousands,
2030,July,Delhi,Female,11436,value in Thousands,
2030,July,Daman and Diu,Total,1079,value in Thousands,
2030,July,Daman and Diu,Male,860,value in Thousands,
2030,July,Daman and Diu,Female,220,value in Thousands,
2030,July,Dadra and Nagar Haveli,Total,1132,value in Thousands,
2030,July,Dadra and Nagar Haveli,Male,721,value in Thousands,
2030,July,Dadra and Nagar Haveli,Female,411,value in Thousands,
2030,July,Chhattisgarh,Total,32518,value in Thousands,
2030,July,Chhattisgarh,Male,16304,value in Thousands,
2030,July,Chhattisgarh,Female,16214,value in Thousands,
2030,July,Chandigarh,Total,1311,value in Thousands,
2030,July,Chandigarh,Male,701,value in Thousands,
2030,July,Chandigarh,Female,611,value in Thousands,
2030,July,Bihar,Total,139871,value in Thousands,
2030,July,Bihar,Male,72458,value in Thousands,
2030,July,Bihar,Female,67412,value in Thousands,
2030,July,Assam,Total,37999,value in Thousands,
2030,July,Assam,Male,19277,value in Thousands,
2030,July,Assam,Female,18722,value in Thousands,
2030,July,Arunachal Pradesh,Total,1659,value in Thousands,
2030,July,Arunachal Pradesh,Male,850,value in Thousands,
2030,July,Arunachal Pradesh,Female,809,value in Thousands,
2030,July,Andhra Pradesh,Total,54113,value in Thousands,
2030,July,Andhra Pradesh,Male,27006,value in Thousands,
2030,July,Andhra Pradesh,Female,27107,value in Thousands,
2030,July,Andaman and Nicobar Islands,Total,410,value in Thousands,
2030,July,Andaman and Nicobar Islands,Male,215,value in Thousands,
2030,July,Andaman and Nicobar Islands,Female,195,value in Thousands,
2030,July,All India,Total,1471700,value in Thousands,
2030,July,All India,Male,754658,value in Thousands,
2030,July,All India,Female,717042,value in Thousands,
2029,October,West Bengal,Total,101701,value in Thousands,
2029,October,West Bengal,Male,51666,value in Thousands,
2029,October,West Bengal,Female,50035,value in Thousands,
2029,October,Uttarakhand,Total,12374,value in Thousands,
2029,October,Uttarakhand,Male,6350,value in Thousands,
2029,October,Uttarakhand,Female,6023,value in Thousands,
2029,October,Uttar Pradesh,Total,249384,value in Thousands,
2029,October,Uttar Pradesh,Male,129514,value in Thousands,
2029,October,Uttar Pradesh,Female,119870,value in Thousands,
2029,October,Tripura,Total,4379,value in Thousands,
2029,October,Tripura,Male,2220,value in Thousands,
2029,October,Tripura,Female,2159,value in Thousands,
2029,October,Telangana,Total,39035,value in Thousands,
2029,October,Telangana,Male,19598,value in Thousands,
2029,October,Telangana,Female,19438,value in Thousands,
2029,October,Tamil Nadu,Total,77930,value in Thousands,
2029,October,Tamil Nadu,Male,38780,value in Thousands,
2029,October,Tamil Nadu,Female,39150,value in Thousands,
2029,October,Sikkim,Total,728,value in Thousands,
2029,October,Sikkim,Male,383,value in Thousands,
2029,October,Sikkim,Female,345,value in Thousands,
2029,October,Rajasthan,Total,86190,value in Thousands,
2029,October,Rajasthan,Male,43925,value in Thousands,
2029,October,Rajasthan,Female,42265,value in Thousands,
2029,October,Punjab,Total,31869,value in Thousands,
2029,October,Punjab,Male,16688,value in Thousands,
2029,October,Punjab,Female,15182,value in Thousands,
2029,October,Puducherry,Total,1903,value in Thousands,
2029,October,Puducherry,Male,887,value in Thousands,
2029,October,Puducherry,Female,1016,value in Thousands,
2029,October,Odisha,Total,47944,value in Thousands,
2029,October,Odisha,Male,24059,value in Thousands,
2029,October,Odisha,Female,23885,value in Thousands,
2029,October,Nagaland,Total,2358,value in Thousands,
2029,October,Nagaland,Male,1213,value in Thousands,
2029,October,Nagaland,Female,1145,value in Thousands,
2029,October,Mizoram,Total,1308,value in Thousands,
2029,October,Mizoram,Male,658,value in Thousands,
2029,October,Mizoram,Female,650,value in Thousands,
2029,October,Meghalaya,Total,3536,value in Thousands,
2029,October,Meghalaya,Male,1767,value in Thousands,
2029,October,Meghalaya,Female,1770,value in Thousands,
2029,October,Manipur,Total,3404,value in Thousands,
2029,October,Manipur,Male,1704,value in Thousands,
2029,October,Manipur,Female,1701,value in Thousands,
2029,October,Maharashtra,Total,132277,value in Thousands,
2029,October,Maharashtra,Male,68863,value in Thousands,
2029,October,Maharashtra,Female,63414,value in Thousands,
2029,October,Madhya Pradesh,Total,92815,value in Thousands,
2029,October,Madhya Pradesh,Male,47685,value in Thousands,
2029,October,Madhya Pradesh,Female,45130,value in Thousands,
2029,October,Lakshadweep,Total,70,value in Thousands,
2029,October,Lakshadweep,Male,36,value in Thousands,
2029,October,Lakshadweep,Female,34,value in Thousands,
2029,October,Ladakh,Total,310,value in Thousands,
2029,October,Ladakh,Male,172,value in Thousands,
2029,October,Ladakh,Female,138,value in Thousands,
2029,October,Kerala,Total,36556,value in Thousands,
2029,October,Kerala,Male,17569,value in Thousands,
2029,October,Kerala,Female,18987,value in Thousands,
2029,October,Karnataka,Total,70173,value in Thousands,
2029,October,Karnataka,Male,35598,value in Thousands,
2029,October,Karnataka,Female,34575,value in Thousands,
2029,October,Jharkhand,Total,42572,value in Thousands,
2029,October,Jharkhand,Male,21719,value in Thousands,
2029,October,Jharkhand,Female,20853,value in Thousands,
2029,October,Jammu and Kashmir,Total,14229,value in Thousands,
2029,October,Jammu and Kashmir,Male,7407,value in Thousands,
2029,October,Jammu and Kashmir,Female,6822,value in Thousands,
2029,October,Himachal Pradesh,Total,7674,value in Thousands,
2029,October,Himachal Pradesh,Male,3890,value in Thousands,
2029,October,Himachal Pradesh,Female,3785,value in Thousands,
2029,October,Haryana,Total,32479,value in Thousands,
2029,October,Haryana,Male,17103,value in Thousands,
2029,October,Haryana,Female,15376,value in Thousands,
2029,October,Gujarat,Total,76842,value in Thousands,
2029,October,Gujarat,Male,40403,value in Thousands,
2029,October,Gujarat,Female,36439,value in Thousands,
2029,October,Goa,Total,1624,value in Thousands,
2029,October,Goa,Male,815,value in Thousands,
2029,October,Goa,Female,808,value in Thousands,
2029,October,Delhi,Total,23982,value in Thousands,
2029,October,Delhi,Male,12696,value in Thousands,
2029,October,Delhi,Female,11286,value in Thousands,
2029,October,Daman and Diu,Total,1015,value in Thousands,
2029,October,Daman and Diu,Male,802,value in Thousands,
2029,October,Daman and Diu,Female,212,value in Thousands,
2029,October,Dadra and Nagar Haveli,Total,1081,value in Thousands,
2029,October,Dadra and Nagar Haveli,Male,685,value in Thousands,
2029,October,Dadra and Nagar Haveli,Female,395,value in Thousands,
2029,October,Chhattisgarh,Total,32292,value in Thousands,
2029,October,Chhattisgarh,Male,16191,value in Thousands,
2029,October,Chhattisgarh,Female,16101,value in Thousands,
2029,October,Chandigarh,Total,1304,value in Thousands,
2029,October,Chandigarh,Male,697,value in Thousands,
2029,October,Chandigarh,Female,606,value in Thousands,
2029,October,Bihar,Total,138554,value in Thousands,
2029,October,Bihar,Male,71798,value in Thousands,
2029,October,Bihar,Female,66756,value in Thousands,
2029,October,Assam,Total,37777,value in Thousands,
2029,October,Assam,Male,19170,value in Thousands,
2029,October,Assam,Female,18607,value in Thousands,
2029,October,Arunachal Pradesh,Total,1649,value in Thousands,
2029,October,Arunachal Pradesh,Male,845,value in Thousands,
2029,October,Arunachal Pradesh,Female,804,value in Thousands,
2029,October,Andhra Pradesh,Total,54043,value in Thousands,
2029,October,Andhra Pradesh,Male,26977,value in Thousands,
2029,October,Andhra Pradesh,Female,27066,value in Thousands,
2029,October,Andaman and Nicobar Islands,Total,409,value in Thousands,
2029,October,Andaman and Nicobar Islands,Male,215,value in Thousands,
2029,October,Andaman and Nicobar Islands,Female,194,value in Thousands,
2029,October,All India,Total,1463770,value in Thousands,
2029,October,All India,Male,750748,value in Thousands,
2029,October,All India,Female,713022,value in Thousands,
2029,March,West Bengal,Total,101509,value in Thousands,
2029,March,West Bengal,Male,51587,value in Thousands,
2029,March,West Bengal,Female,49922,value in Thousands,
2029,March,Uttarakhand,Total,12312,value in Thousands,
2029,March,Uttarakhand,Male,6318,value in Thousands,
2029,March,Uttarakhand,Female,5994,value in Thousands,
2029,March,Uttar Pradesh,Total,248321,value in Thousands,
2029,March,Uttar Pradesh,Male,128995,value in Thousands,
2029,March,Uttar Pradesh,Female,119327,value in Thousands,
2029,March,Tripura,Total,4362,value in Thousands,
2029,March,Tripura,Male,2211,value in Thousands,
2029,March,Tripura,Female,2150,value in Thousands,
2029,March,Telangana,Total,38978,value in Thousands,
2029,March,Telangana,Male,19572,value in Thousands,
2029,March,Telangana,Female,19407,value in Thousands,
2029,March,Tamil Nadu,Total,77868,value in Thousands,
2029,March,Tamil Nadu,Male,38760,value in Thousands,
2029,March,Tamil Nadu,Female,39108,value in Thousands,
2029,March,Sikkim,Total,725,value in Thousands,
2029,March,Sikkim,Male,381,value in Thousands,
2029,March,Sikkim,Female,344,value in Thousands,
2029,March,Rajasthan,Total,85775,value in Thousands,
2029,March,Rajasthan,Male,43742,value in Thousands,
2029,March,Rajasthan,Female,42033,value in Thousands,
2029,March,Punjab,Total,31779,value in Thousands,
2029,March,Punjab,Male,16644,value in Thousands,
2029,March,Punjab,Female,15135,value in Thousands,
2029,March,Puducherry,Total,1879,value in Thousands,
2029,March,Puducherry,Male,878,value in Thousands,
2029,March,Puducherry,Female,1002,value in Thousands,
2029,March,Odisha,Total,47814,value in Thousands,
2029,March,Odisha,Male,23999,value in Thousands,
2029,March,Odisha,Female,23815,value in Thousands,
2029,March,Nagaland,Total,2349,value in Thousands,
2029,March,Nagaland,Male,1209,value in Thousands,
2029,March,Nagaland,Female,1140,value in Thousands,
2029,March,Mizoram,Total,1303,value in Thousands,
2029,March,Mizoram,Male,655,value in Thousands,
2029,March,Mizoram,Female,648,value in Thousands,
2029,March,Meghalaya,Total,3523,value in Thousands,
2029,March,Meghalaya,Male,1760,value in Thousands,
2029,March,Meghalaya,Female,1763,value in Thousands,
2029,March,Manipur,Total,3391,value in Thousands,
2029,March,Manipur,Male,1697,value in Thousands,
2029,March,Manipur,Female,1694,value in Thousands,
2029,March,Maharashtra,Total,131794,value in Thousands,
2029,March,Maharashtra,Male,68607,value in Thousands,
2029,March,Maharashtra,Female,63187,value in Thousands,
2029,March,Madhya Pradesh,Total,92303,value in Thousands,
2029,March,Madhya Pradesh,Male,47436,value in Thousands,
2029,March,Madhya Pradesh,Female,44867,value in Thousands,
2029,March,Lakshadweep,Total,70,value in Thousands,
2029,March,Lakshadweep,Male,36,value in Thousands,
2029,March,Lakshadweep,Female,34,value in Thousands,
2029,March,Ladakh,Total,309,value in Thousands,
2029,March,Ladakh,Male,172,value in Thousands,
2029,March,Ladakh,Female,137,value in Thousands,
2029,March,Kerala,Total,36499,value in Thousands,
2029,March,Kerala,Male,17541,value in Thousands,
2029,March,Kerala,Female,18959,value in Thousands,
2029,March,Karnataka,Total,69976,value in Thousands,
2029,March,Karnataka,Male,35499,value in Thousands,
2029,March,Karnataka,Female,34477,value in Thousands,
2029,March,Jharkhand,Total,42309,value in Thousands,
2029,March,Jharkhand,Male,21591,value in Thousands,
2029,March,Jharkhand,Female,20718,value in Thousands,
2029,March,Jammu and Kashmir,Total,14175,value in Thousands,
2029,March,Jammu and Kashmir,Male,7383,value in Thousands,
2029,March,Jammu and Kashmir,Female,6792,value in Thousands,
2029,March,Himachal Pradesh,Total,7659,value in Thousands,
2029,March,Himachal Pradesh,Male,3882,value in Thousands,
2029,March,Himachal Pradesh,Female,3777,value in Thousands,
2029,March,Haryana,Total,32287,value in Thousands,
2029,March,Haryana,Male,17010,value in Thousands,
2029,March,Haryana,Female,15278,value in Thousands,
2029,March,Gujarat,Total,76393,value in Thousands,
2029,March,Gujarat,Male,40163,value in Thousands,
2029,March,Gujarat,Female,36230,value in Thousands,
2029,March,Goa,Total,1620,value in Thousands,
2029,March,Goa,Male,814,value in Thousands,
2029,March,Goa,Female,806,value in Thousands,
2029,March,Delhi,Total,23747,value in Thousands,
2029,March,Delhi,Male,12578,value in Thousands,
2029,March,Delhi,Female,11170,value in Thousands,
2029,March,Daman and Diu,Total,964,value in Thousands,
2029,March,Daman and Diu,Male,758,value in Thousands,
2029,March,Daman and Diu,Female,206,value in Thousands,
2029,March,Dadra and Nagar Haveli,Total,1041,value in Thousands,
2029,March,Dadra and Nagar Haveli,Male,658,value in Thousands,
2029,March,Dadra and Nagar Haveli,Female,383,value in Thousands,
2029,March,Chhattisgarh,Total,32116,value in Thousands,
2029,March,Chhattisgarh,Male,16103,value in Thousands,
2029,March,Chhattisgarh,Female,16013,value in Thousands,
2029,March,Chandigarh,Total,1298,value in Thousands,
2029,March,Chandigarh,Male,695,value in Thousands,
2029,March,Chandigarh,Female,603,value in Thousands,
2029,March,Bihar,Total,137531,value in Thousands,
2029,March,Bihar,Male,71285,value in Thousands,
2029,March,Bihar,Female,66246,value in Thousands,
2029,March,Assam,Total,37604,value in Thousands,
2029,March,Assam,Male,19088,value in Thousands,
2029,March,Assam,Female,18517,value in Thousands,
2029,March,Arunachal Pradesh,Total,1643,value in Thousands,
2029,March,Arunachal Pradesh,Male,842,value in Thousands,
2029,March,Arunachal Pradesh,Female,800,value in Thousands,
2029,March,Andhra Pradesh,Total,53989,value in Thousands,
2029,March,Andhra Pradesh,Male,26953,value in Thousands,
2029,March,Andhra Pradesh,Female,27035,value in Thousands,
2029,March,Andaman and Nicobar Islands,Total,409,value in Thousands,
2029,March,Andaman and Nicobar Islands,Male,215,value in Thousands,
2029,March,Andaman and Nicobar Islands,Female,194,value in Thousands,
2029,March,All India,Total,1457628,value in Thousands,
2029,March,All India,Male,747717,value in Thousands,
2029,March,All India,Female,709911,value in Thousands,
2029,July,West Bengal,Total,101619,value in Thousands,
2029,July,West Bengal,Male,51632,value in Thousands,
2029,July,West Bengal,Female,49986,value in Thousands,
2029,July,Uttarakhand,Total,12347,value in Thousands,
2029,July,Uttarakhand,Male,6336,value in Thousands,
2029,July,Uttarakhand,Female,6011,value in Thousands,
2029,July,Uttar Pradesh,Total,248928,value in Thousands,
2029,July,Uttar Pradesh,Male,129291,value in Thousands,
2029,July,Uttar Pradesh,Female,119637,value in Thousands,
2029,July,Tripura,Total,4371,value in Thousands,
2029,July,Tripura,Male,2216,value in Thousands,
2029,July,Tripura,Female,2155,value in Thousands,
2029,July,Telangana,Total,39007,value in Thousands,
2029,July,Telangana,Male,19585,value in Thousands,
2029,July,Telangana,Female,19422,value in Thousands,
2029,July,Tamil Nadu,Total,77903,value in Thousands,
2029,July,Tamil Nadu,Male,38771,value in Thousands,
2029,July,Tamil Nadu,Female,39132,value in Thousands,
2029,July,Sikkim,Total,726,value in Thousands,
2029,July,Sikkim,Male,382,value in Thousands,
2029,July,Sikkim,Female,344,value in Thousands,
2029,July,Rajasthan,Total,86012,value in Thousands,
2029,July,Rajasthan,Male,43847,value in Thousands,
2029,July,Rajasthan,Female,42166,value in Thousands,
2029,July,Punjab,Total,31831,value in Thousands,
2029,July,Punjab,Male,16669,value in Thousands,
2029,July,Punjab,Female,15162,value in Thousands,
2029,July,Puducherry,Total,1893,value in Thousands,
2029,July,Puducherry,Male,883,value in Thousands,
2029,July,Puducherry,Female,1010,value in Thousands,
2029,July,Odisha,Total,47889,value in Thousands,
2029,July,Odisha,Male,24034,value in Thousands,
2029,July,Odisha,Female,23855,value in Thousands,
2029,July,Nagaland,Total,2354,value in Thousands,
2029,July,Nagaland,Male,1211,value in Thousands,
2029,July,Nagaland,Female,1142,value in Thousands,
2029,July,Mizoram,Total,1305,value in Thousands,
2029,July,Mizoram,Male,656,value in Thousands,
2029,July,Mizoram,Female,649,value in Thousands,
2029,July,Meghalaya,Total,3529,value in Thousands,
2029,July,Meghalaya,Male,1763,value in Thousands,
2029,July,Meghalaya,Female,1766,value in Thousands,
2029,July,Manipur,Total,3397,value in Thousands,
2029,July,Manipur,Male,1700,value in Thousands,
2029,July,Manipur,Female,1697,value in Thousands,
2029,July,Maharashtra,Total,132070,value in Thousands,
2029,July,Maharashtra,Male,68753,value in Thousands,
2029,July,Maharashtra,Female,63317,value in Thousands,
2029,July,Madhya Pradesh,Total,92595,value in Thousands,
2029,July,Madhya Pradesh,Male,47578,value in Thousands,
2029,July,Madhya Pradesh,Female,45017,value in Thousands,
2029,July,Lakshadweep,Total,70,value in Thousands,
2029,July,Lakshadweep,Male,36,value in Thousands,
2029,July,Lakshadweep,Female,34,value in Thousands,
2029,July,Ladakh,Total,309,value in Thousands,
2029,July,Ladakh,Male,172,value in Thousands,
2029,July,Ladakh,Female,138,value in Thousands,
2029,July,Kerala,Total,36532,value in Thousands,
2029,July,Kerala,Male,17557,value in Thousands,
2029,July,Kerala,Female,18975,value in Thousands,
2029,July,Karnataka,Total,70088,value in Thousands,
2029,July,Karnataka,Male,35556,value in Thousands,
2029,July,Karnataka,Female,34533,value in Thousands,
2029,July,Jharkhand,Total,42459,value in Thousands,
2029,July,Jharkhand,Male,21664,value in Thousands,
2029,July,Jharkhand,Female,20795,value in Thousands,
2029,July,Jammu and Kashmir,Total,14206,value in Thousands,
2029,July,Jammu and Kashmir,Male,7397,value in Thousands,
2029,July,Jammu and Kashmir,Female,6809,value in Thousands,
2029,July,Himachal Pradesh,Total,7668,value in Thousands,
2029,July,Himachal Pradesh,Male,3886,value in Thousands,
2029,July,Himachal Pradesh,Female,3781,value in Thousands,
2029,July,Haryana,Total,32397,value in Thousands,
2029,July,Haryana,Male,17063,value in Thousands,
2029,July,Haryana,Female,15334,value in Thousands,
2029,July,Gujarat,Total,76650,value in Thousands,
2029,July,Gujarat,Male,40300,value in Thousands,
2029,July,Gujarat,Female,36349,value in Thousands,
2029,July,Goa,Total,1622,value in Thousands,
2029,July,Goa,Male,815,value in Thousands,
2029,July,Goa,Female,807,value in Thousands,
2029,July,Delhi,Total,23882,value in Thousands,
2029,July,Delhi,Male,12645,value in Thousands,
2029,July,Delhi,Female,11236,value in Thousands,
2029,July,Daman and Diu,Total,993,value in Thousands,
2029,July,Daman and Diu,Male,783,value in Thousands,
2029,July,Daman and Diu,Female,210,value in Thousands,
2029,July,Dadra and Nagar Haveli,Total,1064,value in Thousands,
2029,July,Dadra and Nagar Haveli,Male,674,value in Thousands,
2029,July,Dadra and Nagar Haveli,Female,390,value in Thousands,
2029,July,Chhattisgarh,Total,32216,value in Thousands,
2029,July,Chhattisgarh,Male,16153,value in Thousands,
2029,July,Chhattisgarh,Female,16063,value in Thousands,
2029,July,Chandigarh,Total,1301,value in Thousands,
2029,July,Chandigarh,Male,696,value in Thousands,
2029,July,Chandigarh,Female,605,value in Thousands,
2029,July,Bihar,Total,138116,value in Thousands,
2029,July,Bihar,Male,71578,value in Thousands,
2029,July,Bihar,Female,66537,value in Thousands,
2029,July,Assam,Total,37703,value in Thousands,
2029,July,Assam,Male,19135,value in Thousands,
2029,July,Assam,Female,18568,value in Thousands,
2029,July,Arunachal Pradesh,Total,1646,value in Thousands,
2029,July,Arunachal Pradesh,Male,844,value in Thousands,
2029,July,Arunachal Pradesh,Female,802,value in Thousands,
2029,July,Andhra Pradesh,Total,54020,value in Thousands,
2029,July,Andhra Pradesh,Male,26967,value in Thousands,
2029,July,Andhra Pradesh,Female,27053,value in Thousands,
2029,July,Andaman and Nicobar Islands,Total,409,value in Thousands,
2029,July,Andaman and Nicobar Islands,Male,215,value in Thousands,
2029,July,Andaman and Nicobar Islands,Female,194,value in Thousands,
2029,July,All India,Total,1461124,value in Thousands,
2029,July,All India,Male,749443,value in Thousands,
2029,July,All India,Female,711681,value in Thousands,
2028,October,West Bengal,Total,101372,value in Thousands,
2028,October,West Bengal,Male,51530,value in Thousands,
2028,October,West Bengal,Female,49841,value in Thousands,
2028,October,Uttarakhand,Total,12267,value in Thousands,
2028,October,Uttarakhand,Male,6295,value in Thousands,
2028,October,Uttarakhand,Female,5972,value in Thousands,
2028,October,Uttar Pradesh,Total,247563,value in Thousands,
2028,October,Uttar Pradesh,Male,128624,value in Thousands,
2028,October,Uttar Pradesh,Female,118938,value in Thousands,
2028,October,Tripura,Total,4345,value in Thousands,
2028,October,Tripura,Male,2203,value in Thousands,
2028,October,Tripura,Female,2142,value in Thousands,
2028,October,Telangana,Total,38921,value in Thousands,
2028,October,Telangana,Male,19546,value in Thousands,
2028,October,Telangana,Female,19375,value in Thousands,
2028,October,Tamil Nadu,Total,77823,value in Thousands,
2028,October,Tamil Nadu,Male,38745,value in Thousands,
2028,October,Tamil Nadu,Female,39078,value in Thousands,
2028,October,Sikkim,Total,722,value in Thousands,
2028,October,Sikkim,Male,380,value in Thousands,
2028,October,Sikkim,Female,342,value in Thousands,
2028,October,Rajasthan,Total,85479,value in Thousands,
2028,October,Rajasthan,Male,43612,value in Thousands,
2028,October,Rajasthan,Female,41867,value in Thousands,
2028,October,Punjab,Total,31715,value in Thousands,
2028,October,Punjab,Male,16614,value in Thousands,
2028,October,Punjab,Female,15102,value in Thousands,
2028,October,Puducherry,Total,1862,value in Thousands,
2028,October,Puducherry,Male,871,value in Thousands,
2028,October,Puducherry,Female,991,value in Thousands,
2028,October,Odisha,Total,47722,value in Thousands,
2028,October,Odisha,Male,23957,value in Thousands,
2028,October,Odisha,Female,23765,value in Thousands,
2028,October,Nagaland,Total,2340,value in Thousands,
2028,October,Nagaland,Male,1204,value in Thousands,
2028,October,Nagaland,Female,1135,value in Thousands,
2028,October,Mizoram,Total,1298,value in Thousands,
2028,October,Mizoram,Male,653,value in Thousands,
2028,October,Mizoram,Female,645,value in Thousands,
2028,October,Meghalaya,Total,3509,value in Thousands,
2028,October,Meghalaya,Male,1754,value in Thousands,
2028,October,Meghalaya,Female,1755,value in Thousands,
2028,October,Manipur,Total,3377,value in Thousands,
2028,October,Manipur,Male,1691,value in Thousands,
2028,October,Manipur,Female,1687,value in Thousands,
2028,October,Maharashtra,Total,131449,value in Thousands,
2028,October,Maharashtra,Male,68425,value in Thousands,
2028,October,Maharashtra,Female,63024,value in Thousands,
2028,October,Madhya Pradesh,Total,91938,value in Thousands,
2028,October,Madhya Pradesh,Male,47258,value in Thousands,
2028,October,Madhya Pradesh,Female,44679,value in Thousands,
2028,October,Lakshadweep,Total,70,value in Thousands,
2028,October,Lakshadweep,Male,36,value in Thousands,
2028,October,Lakshadweep,Female,34,value in Thousands,
2028,October,Ladakh,Total,309,value in Thousands,
2028,October,Ladakh,Male,172,value in Thousands,
2028,October,Ladakh,Female,137,value in Thousands,
2028,October,Kerala,Total,36459,value in Thousands,
2028,October,Kerala,Male,17521,value in Thousands,
2028,October,Kerala,Female,18938,value in Thousands,
2028,October,Karnataka,Total,69835,value in Thousands,
2028,October,Karnataka,Male,35428,value in Thousands,
2028,October,Karnataka,Female,34407,value in Thousands,
2028,October,Jharkhand,Total,42121,value in Thousands,
2028,October,Jharkhand,Male,21499,value in Thousands,
2028,October,Jharkhand,Female,20622,value in Thousands,
2028,October,Jammu and Kashmir,Total,14136,value in Thousands,
2028,October,Jammu and Kashmir,Male,7365,value in Thousands,
2028,October,Jammu and Kashmir,Female,6771,value in Thousands,
2028,October,Himachal Pradesh,Total,7648,value in Thousands,
2028,October,Himachal Pradesh,Male,3877,value in Thousands,
2028,October,Himachal Pradesh,Female,3771,value in Thousands,
2028,October,Haryana,Total,32150,value in Thousands,
2028,October,Haryana,Male,16943,value in Thousands,
2028,October,Haryana,Female,15207,value in Thousands,
2028,October,Gujarat,Total,76073,value in Thousands,
2028,October,Gujarat,Male,39992,value in Thousands,
2028,October,Gujarat,Female,36081,value in Thousands,
2028,October,Goa,Total,1617,value in Thousands,
2028,October,Goa,Male,812,value in Thousands,
2028,October,Goa,Female,804,value in Thousands,
2028,October,Delhi,Total,23580,value in Thousands,
2028,October,Delhi,Male,12493,value in Thousands,
2028,October,Delhi,Female,11086,value in Thousands,
2028,October,Daman and Diu,Total,928,value in Thousands,
2028,October,Daman and Diu,Male,726,value in Thousands,
2028,October,Daman and Diu,Female,202,value in Thousands,
2028,October,Dadra and Nagar Haveli,Total,1012,value in Thousands,
2028,October,Dadra and Nagar Haveli,Male,638,value in Thousands,
2028,October,Dadra and Nagar Haveli,Female,374,value in Thousands,
2028,October,Chhattisgarh,Total,31990,value in Thousands,
2028,October,Chhattisgarh,Male,16040,value in Thousands,
2028,October,Chhattisgarh,Female,15950,value in Thousands,
2028,October,Chandigarh,Total,1293,value in Thousands,
2028,October,Chandigarh,Male,693,value in Thousands,
2028,October,Chandigarh,Female,601,value in Thousands,
2028,October,Bihar,Total,136799,value in Thousands,
2028,October,Bihar,Male,70918,value in Thousands,
2028,October,Bihar,Female,65881,value in Thousands,
2028,October,Assam,Total,37481,value in Thousands,
2028,October,Assam,Male,19028,value in Thousands,
2028,October,Assam,Female,18453,value in Thousands,
2028,October,Arunachal Pradesh,Total,1636,value in Thousands,
2028,October,Arunachal Pradesh,Male,839,value in Thousands,
2028,October,Arunachal Pradesh,Female,797,value in Thousands,
2028,October,Andhra Pradesh,Total,53950,value in Thousands,
2028,October,Andhra Pradesh,Male,26937,value in Thousands,
2028,October,Andhra Pradesh,Female,27013,value in Thousands,
2028,October,Andaman and Nicobar Islands,Total,408,value in Thousands,
2028,October,Andaman and Nicobar Islands,Male,215,value in Thousands,
2028,October,Andaman and Nicobar Islands,Female,194,value in Thousands,
2028,October,All India,Total,1453195,value in Thousands,
2028,October,All India,Male,745534,value in Thousands,
2028,October,All India,Female,707661,value in Thousands,
2028,March,West Bengal,Total,101180,value in Thousands,
2028,March,West Bengal,Male,51451,value in Thousands,
2028,March,West Bengal,Female,49729,value in Thousands,
2028,March,Uttarakhand,Total,12205,value in Thousands,
2028,March,Uttarakhand,Male,6263,value in Thousands,
2028,March,Uttarakhand,Female,5943,value in Thousands,
2028,March,Uttar Pradesh,Total,246500,value in Thousands,
2028,March,Uttar Pradesh,Male,128106,value in Thousands,
2028,March,Uttar Pradesh,Female,118395,value in Thousands,
2028,March,Tripura,Total,4328,value in Thousands,
2028,March,Tripura,Male,2195,value in Thousands,
2028,March,Tripura,Female,2133,value in Thousands,
2028,March,Telangana,Total,38864,value in Thousands,
2028,March,Telangana,Male,19520,value in Thousands,
2028,March,Telangana,Female,19344,value in Thousands,
2028,March,Tamil Nadu,Total,77761,value in Thousands,
2028,March,Tamil Nadu,Male,38724,value in Thousands,
2028,March,Tamil Nadu,Female,39036,value in Thousands,
2028,March,Sikkim,Total,719,value in Thousands,
2028,March,Sikkim,Male,378,value in Thousands,
2028,March,Sikkim,Female,341,value in Thousands,
2028,March,Rajasthan,Total,85064,value in Thousands,
2028,March,Rajasthan,Male,43429,value in Thousands,
2028,March,Rajasthan,Female,41635,value in Thousands,
2028,March,Punjab,Total,31626,value in Thousands,
2028,March,Punjab,Male,16571,value in Thousands,
2028,March,Punjab,Female,15055,value in Thousands,
2028,March,Puducherry,Total,1838,value in Thousands,
2028,March,Puducherry,Male,862,value in Thousands,
2028,March,Puducherry,Female,977,value in Thousands,
2028,March,Odisha,Total,47592,value in Thousands,
2028,March,Odisha,Male,23897,value in Thousands,
2028,March,Odisha,Female,23695,value in Thousands,
2028,March,Nagaland,Total,2331,value in Thousands,
2028,March,Nagaland,Male,1200,value in Thousands,
2028,March,Nagaland,Female,1130,value in Thousands,
2028,March,Mizoram,Total,1293,value in Thousands,
2028,March,Mizoram,Male,650,value in Thousands,
2028,March,Mizoram,Female,642,value in Thousands,
2028,March,Meghalaya,Total,3495,value in Thousands,
2028,March,Meghalaya,Male,1747,value in Thousands,
2028,March,Meghalaya,Female,1748,value in Thousands,
2028,March,Manipur,Total,3364,value in Thousands,
2028,March,Manipur,Male,1685,value in Thousands,
2028,March,Manipur,Female,1680,value in Thousands,
2028,March,Maharashtra,Total,130965,value in Thousands,
2028,March,Maharashtra,Male,68169,value in Thousands,
2028,March,Maharashtra,Female,62796,value in Thousands,
2028,March,Madhya Pradesh,Total,91426,value in Thousands,
2028,March,Madhya Pradesh,Male,47010,value in Thousands,
2028,March,Madhya Pradesh,Female,44417,value in Thousands,
2028,March,Lakshadweep,Total,70,value in Thousands,
2028,March,Lakshadweep,Male,36,value in Thousands,
2028,March,Lakshadweep,Female,34,value in Thousands,
2028,March,Ladakh,Total,308,value in Thousands,
2028,March,Ladakh,Male,171,value in Thousands,
2028,March,Ladakh,Female,137,value in Thousands,
2028,March,Kerala,Total,36402,value in Thousands,
2028,March,Kerala,Male,17492,value in Thousands,
2028,March,Kerala,Female,18910,value in Thousands,
2028,March,Karnataka,Total,69638,value in Thousands,
2028,March,Karnataka,Male,35328,value in Thousands,
2028,March,Karnataka,Female,34309,value in Thousands,
2028,March,Jharkhand,Total,41858,value in Thousands,
2028,March,Jharkhand,Male,21372,value in Thousands,
2028,March,Jharkhand,Female,20487,value in Thousands,
2028,March,Jammu and Kashmir,Total,14082,value in Thousands,
2028,March,Jammu and Kashmir,Male,7341,value in Thousands,
2028,March,Jammu and Kashmir,Female,6741,value in Thousands,
2028,March,Himachal Pradesh,Total,7632,value in Thousands,
2028,March,Himachal Pradesh,Male,3869,value in Thousands,
2028,March,Himachal Pradesh,Female,3764,value in Thousands,
2028,March,Haryana,Total,31958,value in Thousands,
2028,March,Haryana,Male,16850,value in Thousands,
2028,March,Haryana,Female,15108,value in Thousands,
2028,March,Gujarat,Total,75624,value in Thousands,
2028,March,Gujarat,Male,39752,value in Thousands,
2028,March,Gujarat,Female,35872,value in Thousands,
2028,March,Goa,Total,1613,value in Thousands,
2028,March,Goa,Male,811,value in Thousands,
2028,March,Goa,Female,802,value in Thousands,
2028,March,Delhi,Total,23345,value in Thousands,
2028,March,Delhi,Male,12375,value in Thousands,
2028,March,Delhi,Female,10970,value in Thousands,
2028,March,Daman and Diu,Total,878,value in Thousands,
2028,March,Daman and Diu,Male,682,value in Thousands,
2028,March,Daman and Diu,Female,196,value in Thousands,
2028,March,Dadra and Nagar Haveli,Total,973,value in Thousands,
2028,March,Dadra and Nagar Haveli,Male,610,value in Thousands,
2028,March,Dadra and Nagar Haveli,Female,362,value in Thousands,
2028,March,Chhattisgarh,Total,31814,value in Thousands,
2028,March,Chhattisgarh,Male,15952,value in Thousands,
2028,March,Chhattisgarh,Female,15862,value in Thousands,
2028,March,Chandigarh,Total,1287,value in Thousands,
2028,March,Chandigarh,Male,690,value in Thousands,
2028,March,Chandigarh,Female,597,value in Thousands,
2028,March,Bihar,Total,135775,value in Thousands,
2028,March,Bihar,Male,70405,value in Thousands,
2028,March,Bihar,Female,65370,value in Thousands,
2028,March,Assam,Total,37308,value in Thousands,
2028,March,Assam,Male,18945,value in Thousands,
2028,March,Assam,Female,18363,value in Thousands,
2028,March,Arunachal Pradesh,Total,1630,value in Thousands,
2028,March,Arunachal Pradesh,Male,836,value in Thousands,
2028,March,Arunachal Pradesh,Female,794,value in Thousands,
2028,March,Andhra Pradesh,Total,53895,value in Thousands,
2028,March,Andhra Pradesh,Male,26914,value in Thousands,
2028,March,Andhra Pradesh,Female,26982,value in Thousands,
2028,March,Andaman and Nicobar Islands,Total,408,value in Thousands,
2028,March,Andaman and Nicobar Islands,Male,214,value in Thousands,
2028,March,Andaman and Nicobar Islands,Female,193,value in Thousands,
2028,March,All India,Total,1447051,value in Thousands,
2028,March,All India,Male,742502,value in Thousands,
2028,March,All India,Female,704549,value in Thousands,
2028,July,West Bengal,Total,101290,value in Thousands,
2028,July,West Bengal,Male,51497,value in Thousands,
2028,July,West Bengal,Female,49793,value in Thousands,
2028,July,Uttarakhand,Total,12241,value in Thousands,
2028,July,Uttarakhand,Male,6281,value in Thousands,
2028,July,Uttarakhand,Female,5960,value in Thousands,
2028,July,Uttar Pradesh,Total,247107,value in Thousands,
2028,July,Uttar Pradesh,Male,128402,value in Thousands,
2028,July,Uttar Pradesh,Female,118705,value in Thousands,
2028,July,Tripura,Total,4336,value in Thousands,
2028,July,Tripura,Male,2199,value in Thousands,
2028,July,Tripura,Female,2137,value in Thousands,
2028,July,Telangana,Total,38893,value in Thousands,
2028,July,Telangana,Male,19533,value in Thousands,
2028,July,Telangana,Female,19360,value in Thousands,
2028,July,Tamil Nadu,Total,77796,value in Thousands,
2028,July,Tamil Nadu,Male,38736,value in Thousands,
2028,July,Tamil Nadu,Female,39060,value in Thousands,
2028,July,Sikkim,Total,721,value in Thousands,
2028,July,Sikkim,Male,379,value in Thousands,
2028,July,Sikkim,Female,341,value in Thousands,
2028,July,Rajasthan,Total,85301,value in Thousands,
2028,July,Rajasthan,Male,43533,value in Thousands,
2028,July,Rajasthan,Female,41768,value in Thousands,
2028,July,Punjab,Total,31677,value in Thousands,
2028,July,Punjab,Male,16595,value in Thousands,
2028,July,Punjab,Female,15082,value in Thousands,
2028,July,Puducherry,Total,1852,value in Thousands,
2028,July,Puducherry,Male,867,value in Thousands,
2028,July,Puducherry,Female,985,value in Thousands,
2028,July,Odisha,Total,47666,value in Thousands,
2028,July,Odisha,Male,23931,value in Thousands,
2028,July,Odisha,Female,23735,value in Thousands,
2028,July,Nagaland,Total,2335,value in Thousands,
2028,July,Nagaland,Male,1202,value in Thousands,
2028,July,Nagaland,Female,1133,value in Thousands,
2028,July,Mizoram,Total,1295,value in Thousands,
2028,July,Mizoram,Male,652,value in Thousands,
2028,July,Mizoram,Female,644,value in Thousands,
2028,July,Meghalaya,Total,3502,value in Thousands,
2028,July,Meghalaya,Male,1750,value in Thousands,
2028,July,Meghalaya,Female,1752,value in Thousands,
2028,July,Manipur,Total,3371,value in Thousands,
2028,July,Manipur,Male,1688,value in Thousands,
2028,July,Manipur,Female,1683,value in Thousands,
2028,July,Maharashtra,Total,131241,value in Thousands,
2028,July,Maharashtra,Male,68315,value in Thousands,
2028,July,Maharashtra,Female,62926,value in Thousands,
2028,July,Madhya Pradesh,Total,91719,value in Thousands,
2028,July,Madhya Pradesh,Male,47152,value in Thousands,
2028,July,Madhya Pradesh,Female,44567,value in Thousands,
2028,July,Lakshadweep,Total,70,value in Thousands,
2028,July,Lakshadweep,Male,36,value in Thousands,
2028,July,Lakshadweep,Female,34,value in Thousands,
2028,July,Ladakh,Total,308,value in Thousands,
2028,July,Ladakh,Male,171,value in Thousands,
2028,July,Ladakh,Female,137,value in Thousands,
2028,July,Kerala,Total,36434,value in Thousands,
2028,July,Kerala,Male,17508,value in Thousands,
2028,July,Kerala,Female,18926,value in Thousands,
2028,July,Karnataka,Total,69750,value in Thousands,
2028,July,Karnataka,Male,35385,value in Thousands,
2028,July,Karnataka,Female,34365,value in Thousands,
2028,July,Jharkhand,Total,42009,value in Thousands,
2028,July,Jharkhand,Male,21445,value in Thousands,
2028,July,Jharkhand,Female,20564,value in Thousands,
2028,July,Jammu and Kashmir,Total,14113,value in Thousands,
2028,July,Jammu and Kashmir,Male,7355,value in Thousands,
2028,July,Jammu and Kashmir,Female,6758,value in Thousands,
2028,July,Himachal Pradesh,Total,7641,value in Thousands,
2028,July,Himachal Pradesh,Male,3873,value in Thousands,
2028,July,Himachal Pradesh,Female,3768,value in Thousands,
2028,July,Haryana,Total,32068,value in Thousands,
2028,July,Haryana,Male,16903,value in Thousands,
2028,July,Haryana,Female,15165,value in Thousands,
2028,July,Gujarat,Total,75881,value in Thousands,
2028,July,Gujarat,Male,39889,value in Thousands,
2028,July,Gujarat,Female,35991,value in Thousands,
2028,July,Goa,Total,1615,value in Thousands,
2028,July,Goa,Male,812,value in Thousands,
2028,July,Goa,Female,803,value in Thousands,
2028,July,Delhi,Total,23479,value in Thousands,
2028,July,Delhi,Male,12443,value in Thousands,
2028,July,Delhi,Female,11036,value in Thousands,
2028,July,Daman and Diu,Total,907,value in Thousands,
2028,July,Daman and Diu,Male,707,value in Thousands,
2028,July,Daman and Diu,Female,200,value in Thousands,
2028,July,Dadra and Nagar Haveli,Total,995,value in Thousands,
2028,July,Dadra and Nagar Haveli,Male,626,value in Thousands,
2028,July,Dadra and Nagar Haveli,Female,369,value in Thousands,
2028,July,Chhattisgarh,Total,31915,value in Thousands,
2028,July,Chhattisgarh,Male,16002,value in Thousands,
2028,July,Chhattisgarh,Female,15912,value in Thousands,
2028,July,Chandigarh,Total,1291,value in Thousands,
2028,July,Chandigarh,Male,692,value in Thousands,
2028,July,Chandigarh,Female,599,value in Thousands,
2028,July,Bihar,Total,136361,value in Thousands,
2028,July,Bihar,Male,70698,value in Thousands,
2028,July,Bihar,Female,65662,value in Thousands,
2028,July,Assam,Total,37407,value in Thousands,
2028,July,Assam,Male,18993,value in Thousands,
2028,July,Assam,Female,18414,value in Thousands,
2028,July,Arunachal Pradesh,Total,1633,value in Thousands,
2028,July,Arunachal Pradesh,Male,838,value in Thousands,
2028,July,Arunachal Pradesh,Female,795,value in Thousands,
2028,July,Andhra Pradesh,Total,53926,value in Thousands,
2028,July,Andhra Pradesh,Male,26927,value in Thousands,
2028,July,Andhra Pradesh,Female,26999,value in Thousands,
2028,July,Andaman and Nicobar Islands,Total,408,value in Thousands,
2028,July,Andaman and Nicobar Islands,Male,215,value in Thousands,
2028,July,Andaman and Nicobar Islands,Female,194,value in Thousands,
2028,July,All India,Total,1450552,value in Thousands,
2028,July,All India,Male,744230,value in Thousands,
2028,July,All India,Female,706322,value in Thousands,
2027,October,West Bengal,Total,101043,value in Thousands,
2027,October,West Bengal,Male,51395,value in Thousands,
2027,October,West Bengal,Female,49648,value in Thousands,
2027,October,Uttarakhand,Total,12161,value in Thousands,
2027,October,Uttarakhand,Male,6240,value in Thousands,
2027,October,Uttarakhand,Female,5921,value in Thousands,
2027,October,Uttar Pradesh,Total,245742,value in Thousands,
2027,October,Uttar Pradesh,Male,127735,value in Thousands,
2027,October,Uttar Pradesh,Female,118007,value in Thousands,
2027,October,Tripura,Total,4311,value in Thousands,
2027,October,Tripura,Male,2187,value in Thousands,
2027,October,Tripura,Female,2124,value in Thousands,
2027,October,Telangana,Total,38807,value in Thousands,
2027,October,Telangana,Male,19494,value in Thousands,
2027,October,Telangana,Female,19313,value in Thousands,
2027,October,Tamil Nadu,Total,77716,value in Thousands,
2027,October,Tamil Nadu,Male,38710,value in Thousands,
2027,October,Tamil Nadu,Female,39006,value in Thousands,
2027,October,Sikkim,Total,716,value in Thousands,
2027,October,Sikkim,Male,377,value in Thousands,
2027,October,Sikkim,Female,339,value in Thousands,
2027,October,Rajasthan,Total,84768,value in Thousands,
2027,October,Rajasthan,Male,43299,value in Thousands,
2027,October,Rajasthan,Female,41469,value in Thousands,
2027,October,Punjab,Total,31562,value in Thousands,
2027,October,Punjab,Male,16540,value in Thousands,
2027,October,Punjab,Female,15022,value in Thousands,
2027,October,Puducherry,Total,1822,value in Thousands,
2027,October,Puducherry,Male,855,value in Thousands,
2027,October,Puducherry,Female,967,value in Thousands,
2027,October,Odisha,Total,47499,value in Thousands,
2027,October,Odisha,Male,23854,value in Thousands,
2027,October,Odisha,Female,23645,value in Thousands,
2027,October,Nagaland,Total,2322,value in Thousands,
2027,October,Nagaland,Male,1196,value in Thousands,
2027,October,Nagaland,Female,1126,value in Thousands,
2027,October,Mizoram,Total,1287,value in Thousands,
2027,October,Mizoram,Male,648,value in Thousands,
2027,October,Mizoram,Female,640,value in Thousands,
2027,October,Meghalaya,Total,3481,value in Thousands,
2027,October,Meghalaya,Male,1741,value in Thousands,
2027,October,Meghalaya,Female,1741,value in Thousands,
2027,October,Manipur,Total,3351,value in Thousands,
2027,October,Manipur,Male,1679,value in Thousands,
2027,October,Manipur,Female,1673,value in Thousands,
2027,October,Maharashtra,Total,130620,value in Thousands,
2027,October,Maharashtra,Male,67986,value in Thousands,
2027,October,Maharashtra,Female,62634,value in Thousands,
2027,October,Madhya Pradesh,Total,91061,value in Thousands,
2027,October,Madhya Pradesh,Male,46832,value in Thousands,
2027,October,Madhya Pradesh,Female,44229,value in Thousands,
2027,October,Lakshadweep,Total,70,value in Thousands,
2027,October,Lakshadweep,Male,36,value in Thousands,
2027,October,Lakshadweep,Female,34,value in Thousands,
2027,October,Ladakh,Total,307,value in Thousands,
2027,October,Ladakh,Male,171,value in Thousands,
2027,October,Ladakh,Female,136,value in Thousands,
2027,October,Kerala,Total,36361,value in Thousands,
2027,October,Kerala,Male,17472,value in Thousands,
2027,October,Kerala,Female,18889,value in Thousands,
2027,October,Karnataka,Total,69497,value in Thousands,
2027,October,Karnataka,Male,35257,value in Thousands,
2027,October,Karnataka,Female,34240,value in Thousands,
2027,October,Jharkhand,Total,41671,value in Thousands,
2027,October,Jharkhand,Male,21280,value in Thousands,
2027,October,Jharkhand,Female,20390,value in Thousands,
2027,October,Jammu and Kashmir,Total,14043,value in Thousands,
2027,October,Jammu and Kashmir,Male,7323,value in Thousands,
2027,October,Jammu and Kashmir,Female,6720,value in Thousands,
2027,October,Himachal Pradesh,Total,7621,value in Thousands,
2027,October,Himachal Pradesh,Male,3863,value in Thousands,
2027,October,Himachal Pradesh,Female,3758,value in Thousands,
2027,October,Haryana,Total,31821,value in Thousands,
2027,October,Haryana,Male,16783,value in Thousands,
2027,October,Haryana,Female,15038,value in Thousands,
2027,October,Gujarat,Total,75304,value in Thousands,
2027,October,Gujarat,Male,39581,value in Thousands,
2027,October,Gujarat,Female,35723,value in Thousands,
2027,October,Goa,Total,1610,value in Thousands,
2027,October,Goa,Male,809,value in Thousands,
2027,October,Goa,Female,800,value in Thousands,
2027,October,Delhi,Total,23177,value in Thousands,
2027,October,Delhi,Male,12291,value in Thousands,
2027,October,Delhi,Female,10887,value in Thousands,
2027,October,Daman and Diu,Total,842,value in Thousands,
2027,October,Daman and Diu,Male,650,value in Thousands,
2027,October,Daman and Diu,Female,192,value in Thousands,
2027,October,Dadra and Nagar Haveli,Total,944,value in Thousands,
2027,October,Dadra and Nagar Haveli,Male,591,value in Thousands,
2027,October,Dadra and Nagar Haveli,Female,353,value in Thousands,
2027,October,Chhattisgarh,Total,31688,value in Thousands,
2027,October,Chhattisgarh,Male,15889,value in Thousands,
2027,October,Chhattisgarh,Female,15799,value in Thousands,
2027,October,Chandigarh,Total,1283,value in Thousands,
2027,October,Chandigarh,Male,688,value in Thousands,
2027,October,Chandigarh,Female,595,value in Thousands,
2027,October,Bihar,Total,135044,value in Thousands,
2027,October,Bihar,Male,70038,value in Thousands,
2027,October,Bihar,Female,65006,value in Thousands,
2027,October,Assam,Total,37185,value in Thousands,
2027,October,Assam,Male,18886,value in Thousands,
2027,October,Assam,Female,18299,value in Thousands,
2027,October,Arunachal Pradesh,Total,1624,value in Thousands,
2027,October,Arunachal Pradesh,Male,833,value in Thousands,
2027,October,Arunachal Pradesh,Female,791,value in Thousands,
2027,October,Andhra Pradesh,Total,53856,value in Thousands,
2027,October,Andhra Pradesh,Male,26897,value in Thousands,
2027,October,Andhra Pradesh,Female,26959,value in Thousands,
2027,October,Andaman and Nicobar Islands,Total,407,value in Thousands,
2027,October,Andaman and Nicobar Islands,Male,214,value in Thousands,
2027,October,Andaman and Nicobar Islands,Female,193,value in Thousands,
2027,October,All India,Total,1442626,value in Thousands,
2027,October,All India,Male,740320,value in Thousands,
2027,October,All India,Female,702306,value in Thousands,
2027,March,West Bengal,Total,100851,value in Thousands,
2027,March,West Bengal,Male,51316,value in Thousands,
2027,March,West Bengal,Female,49535,value in Thousands,
2027,March,Uttarakhand,Total,12099,value in Thousands,
2027,March,Uttarakhand,Male,6207,value in Thousands,
2027,March,Uttarakhand,Female,5892,value in Thousands,
2027,March,Uttar Pradesh,Total,244680,value in Thousands,
2027,March,Uttar Pradesh,Male,127216,value in Thousands,
2027,March,Uttar Pradesh,Female,117463,value in Thousands,
2027,March,Tripura,Total,4294,value in Thousands,
2027,March,Tripura,Male,2179,value in Thousands,
2027,March,Tripura,Female,2115,value in Thousands,
2027,March,Telangana,Total,38750,value in Thousands,
2027,March,Telangana,Male,19468,value in Thousands,
2027,March,Telangana,Female,19282,value in Thousands,
2027,March,Tamil Nadu,Total,77653,value in Thousands,
2027,March,Tamil Nadu,Male,38689,value in Thousands,
2027,March,Tamil Nadu,Female,38964,value in Thousands,
2027,March,Sikkim,Total,714,value in Thousands,
2027,March,Sikkim,Male,376,value in Thousands,
2027,March,Sikkim,Female,338,value in Thousands,
2027,March,Rajasthan,Total,84353,value in Thousands,
2027,March,Rajasthan,Male,43116,value in Thousands,
2027,March,Rajasthan,Female,41237,value in Thousands,
2027,March,Punjab,Total,31472,value in Thousands,
2027,March,Punjab,Male,16497,value in Thousands,
2027,March,Punjab,Female,14975,value in Thousands,
2027,March,Puducherry,Total,1798,value in Thousands,
2027,March,Puducherry,Male,845,value in Thousands,
2027,March,Puducherry,Female,952,value in Thousands,
2027,March,Odisha,Total,47369,value in Thousands,
2027,March,Odisha,Male,23794,value in Thousands,
2027,March,Odisha,Female,23575,value in Thousands,
2027,March,Nagaland,Total,2312,value in Thousands,
2027,March,Nagaland,Male,1191,value in Thousands,
2027,March,Nagaland,Female,1121,value in Thousands,
2027,March,Mizoram,Total,1282,value in Thousands,
2027,March,Mizoram,Male,646,value in Thousands,
2027,March,Mizoram,Female,637,value in Thousands,
2027,March,Meghalaya,Total,3468,value in Thousands,
2027,March,Meghalaya,Male,1734,value in Thousands,
2027,March,Meghalaya,Female,1734,value in Thousands,
2027,March,Manipur,Total,3338,value in Thousands,
2027,March,Manipur,Male,1672,value in Thousands,
2027,March,Manipur,Female,1666,value in Thousands,
2027,March,Maharashtra,Total,130137,value in Thousands,
2027,March,Maharashtra,Male,67730,value in Thousands,
2027,March,Maharashtra,Female,62406,value in Thousands,
2027,March,Madhya Pradesh,Total,90549,value in Thousands,
2027,March,Madhya Pradesh,Male,46584,value in Thousands,
2027,March,Madhya Pradesh,Female,43966,value in Thousands,
2027,March,Lakshadweep,Total,70,value in Thousands,
2027,March,Lakshadweep,Male,36,value in Thousands,
2027,March,Lakshadweep,Female,34,value in Thousands,
2027,March,Ladakh,Total,306,value in Thousands,
2027,March,Ladakh,Male,171,value in Thousands,
2027,March,Ladakh,Female,136,value in Thousands,
2027,March,Kerala,Total,36304,value in Thousands,
2027,March,Kerala,Male,17444,value in Thousands,
2027,March,Kerala,Female,18861,value in Thousands,
2027,March,Karnataka,Total,69300,value in Thousands,
2027,March,Karnataka,Male,35158,value in Thousands,
2027,March,Karnataka,Female,34142,value in Thousands,
2027,March,Jharkhand,Total,41408,value in Thousands,
2027,March,Jharkhand,Male,21153,value in Thousands,
2027,March,Jharkhand,Female,20256,value in Thousands,
2027,March,Jammu and Kashmir,Total,13989,value in Thousands,
2027,March,Jammu and Kashmir,Male,7299,value in Thousands,
2027,March,Jammu and Kashmir,Female,6690,value in Thousands,
2027,March,Himachal Pradesh,Total,7606,value in Thousands,
2027,March,Himachal Pradesh,Male,3856,value in Thousands,
2027,March,Himachal Pradesh,Female,3750,value in Thousands,
2027,March,Haryana,Total,31629,value in Thousands,
2027,March,Haryana,Male,16690,value in Thousands,
2027,March,Haryana,Female,14939,value in Thousands,
2027,March,Gujarat,Total,74855,value in Thousands,
2027,March,Gujarat,Male,39341,value in Thousands,
2027,March,Gujarat,Female,35514,value in Thousands,
2027,March,Goa,Total,1606,value in Thousands,
2027,March,Goa,Male,807,value in Thousands,
2027,March,Goa,Female,798,value in Thousands,
2027,March,Delhi,Total,22942,value in Thousands,
2027,March,Delhi,Male,12172,value in Thousands,
2027,March,Delhi,Female,10770,value in Thousands,
2027,March,Daman and Diu,Total,792,value in Thousands,
2027,March,Daman and Diu,Male,606,value in Thousands,
2027,March,Daman and Diu,Female,186,value in Thousands,
2027,March,Dadra and Nagar Haveli,Total,904,value in Thousands,
2027,March,Dadra and Nagar Haveli,Male,563,value in Thousands,
2027,March,Dadra and Nagar Haveli,Female,341,value in Thousands,
2027,March,Chhattisgarh,Total,31512,value in Thousands,
2027,March,Chhattisgarh,Male,15801,value in Thousands,
2027,March,Chhattisgarh,Female,15711,value in Thousands,
2027,March,Chandigarh,Total,1277,value in Thousands,
2027,March,Chandigarh,Male,685,value in Thousands,
2027,March,Chandigarh,Female,592,value in Thousands,
2027,March,Bihar,Total,134020,value in Thousands,
2027,March,Bihar,Male,69525,value in Thousands,
2027,March,Bihar,Female,64495,value in Thousands,
2027,March,Assam,Total,37012,value in Thousands,
2027,March,Assam,Male,18803,value in Thousands,
2027,March,Assam,Female,18209,value in Thousands,
2027,March,Arunachal Pradesh,Total,1617,value in Thousands,
2027,March,Arunachal Pradesh,Male,830,value in Thousands,
2027,March,Arunachal Pradesh,Female,787,value in Thousands,
2027,March,Andhra Pradesh,Total,53802,value in Thousands,
2027,March,Andhra Pradesh,Male,26874,value in Thousands,
2027,March,Andhra Pradesh,Female,26928,value in Thousands,
2027,March,Andaman and Nicobar Islands,Total,407,value in Thousands,
2027,March,Andaman and Nicobar Islands,Male,214,value in Thousands,
2027,March,Andaman and Nicobar Islands,Female,193,value in Thousands,
2027,March,All India,Total,1436478,value in Thousands,
2027,March,All India,Male,737288,value in Thousands,
2027,March,All India,Female,699190,value in Thousands,
2027,July,West Bengal,Total,100960,value in Thousands,
2027,July,West Bengal,Male,51361,value in Thousands,
2027,July,West Bengal,Female,49600,value in Thousands,
2027,July,Uttarakhand,Total,12134,value in Thousands,
2027,July,Uttarakhand,Male,6226,value in Thousands,
2027,July,Uttarakhand,Female,5909,value in Thousands,
2027,July,Uttar Pradesh,Total,245287,value in Thousands,
2027,July,Uttar Pradesh,Male,127513,value in Thousands,
2027,July,Uttar Pradesh,Female,117774,value in Thousands,
2027,July,Tripura,Total,4302,value in Thousands,
2027,July,Tripura,Male,2183,value in Thousands,
2027,July,Tripura,Female,2119,value in Thousands,
2027,July,Telangana,Total,38779,value in Thousands,
2027,July,Telangana,Male,19481,value in Thousands,
2027,July,Telangana,Female,19297,value in Thousands,
2027,July,Tamil Nadu,Total,77689,value in Thousands,
2027,July,Tamil Nadu,Male,38701,value in Thousands,
2027,July,Tamil Nadu,Female,38988,value in Thousands,
2027,July,Sikkim,Total,715,value in Thousands,
2027,July,Sikkim,Male,376,value in Thousands,
2027,July,Sikkim,Female,339,value in Thousands,
2027,July,Rajasthan,Total,84590,value in Thousands,
2027,July,Rajasthan,Male,43220,value in Thousands,
2027,July,Rajasthan,Female,41370,value in Thousands,
2027,July,Punjab,Total,31523,value in Thousands,
2027,July,Punjab,Male,16521,value in Thousands,
2027,July,Punjab,Female,15002,value in Thousands,
2027,July,Puducherry,Total,1811,value in Thousands,
2027,July,Puducherry,Male,851,value in Thousands,
2027,July,Puducherry,Female,961,value in Thousands,
2027,July,Odisha,Total,47444,value in Thousands,
2027,July,Odisha,Male,23829,value in Thousands,
2027,July,Odisha,Female,23615,value in Thousands,
2027,July,Nagaland,Total,2317,value in Thousands,
2027,July,Nagaland,Male,1193,value in Thousands,
2027,July,Nagaland,Female,1123,value in Thousands,
2027,July,Mizoram,Total,1285,value in Thousands,
2027,July,Mizoram,Male,647,value in Thousands,
2027,July,Mizoram,Female,638,value in Thousands,
2027,July,Meghalaya,Total,3474,value in Thousands,
2027,July,Meghalaya,Male,1737,value in Thousands,
2027,July,Meghalaya,Female,1737,value in Thousands,
2027,July,Manipur,Total,3344,value in Thousands,
2027,July,Manipur,Male,1675,value in Thousands,
2027,July,Manipur,Female,1669,value in Thousands,
2027,July,Maharashtra,Total,130413,value in Thousands,
2027,July,Maharashtra,Male,67877,value in Thousands,
2027,July,Maharashtra,Female,62536,value in Thousands,
2027,July,Madhya Pradesh,Total,90842,value in Thousands,
2027,July,Madhya Pradesh,Male,46726,value in Thousands,
2027,July,Madhya Pradesh,Female,44116,value in Thousands,
2027,July,Lakshadweep,Total,70,value in Thousands,
2027,July,Lakshadweep,Male,36,value in Thousands,
2027,July,Lakshadweep,Female,34,value in Thousands,
2027,July,Ladakh,Total,307,value in Thousands,
2027,July,Ladakh,Male,171,value in Thousands,
2027,July,Ladakh,Female,136,value in Thousands,
2027,July,Kerala,Total,36337,value in Thousands,
2027,July,Kerala,Male,17460,value in Thousands,
2027,July,Kerala,Female,18877,value in Thousands,
2027,July,Karnataka,Total,69412,value in Thousands,
2027,July,Karnataka,Male,35215,value in Thousands,
2027,July,Karnataka,Female,34198,value in Thousands,
2027,July,Jharkhand,Total,41558,value in Thousands,
2027,July,Jharkhand,Male,21226,value in Thousands,
2027,July,Jharkhand,Female,20333,value in Thousands,
2027,July,Jammu and Kashmir,Total,14020,value in Thousands,
2027,July,Jammu and Kashmir,Male,7313,value in Thousands,
2027,July,Jammu and Kashmir,Female,6707,value in Thousands,
2027,July,Himachal Pradesh,Total,7615,value in Thousands,
2027,July,Himachal Pradesh,Male,3860,value in Thousands,
2027,July,Himachal Pradesh,Female,3755,value in Thousands,
2027,July,Haryana,Total,31738,value in Thousands,
2027,July,Haryana,Male,16743,value in Thousands,
2027,July,Haryana,Female,14996,value in Thousands,
2027,July,Gujarat,Total,75112,value in Thousands,
2027,July,Gujarat,Male,39478,value in Thousands,
2027,July,Gujarat,Female,35633,value in Thousands,
2027,July,Goa,Total,1608,value in Thousands,
2027,July,Goa,Male,808,value in Thousands,
2027,July,Goa,Female,799,value in Thousands,
2027,July,Delhi,Total,23076,value in Thousands,
2027,July,Delhi,Male,12240,value in Thousands,
2027,July,Delhi,Female,10837,value in Thousands,
2027,July,Daman and Diu,Total,820,value in Thousands,
2027,July,Daman and Diu,Male,631,value in Thousands,
2027,July,Daman and Diu,Female,189,value in Thousands,
2027,July,Dadra and Nagar Haveli,Total,927,value in Thousands,
2027,July,Dadra and Nagar Haveli,Male,579,value in Thousands,
2027,July,Dadra and Nagar Haveli,Female,348,value in Thousands,
2027,July,Chhattisgarh,Total,31613,value in Thousands,
2027,July,Chhattisgarh,Male,15852,value in Thousands,
2027,July,Chhattisgarh,Female,15761,value in Thousands,
2027,July,Chandigarh,Total,1281,value in Thousands,
2027,July,Chandigarh,Male,687,value in Thousands,
2027,July,Chandigarh,Female,594,value in Thousands,
2027,July,Bihar,Total,134605,value in Thousands,
2027,July,Bihar,Male,69818,value in Thousands,
2027,July,Bihar,Female,64787,value in Thousands,
2027,July,Assam,Total,37111,value in Thousands,
2027,July,Assam,Male,18850,value in Thousands,
2027,July,Assam,Female,18261,value in Thousands,
2027,July,Arunachal Pradesh,Total,1620,value in Thousands,
2027,July,Arunachal Pradesh,Male,831,value in Thousands,
2027,July,Arunachal Pradesh,Female,789,value in Thousands,
2027,July,Andhra Pradesh,Total,53833,value in Thousands,
2027,July,Andhra Pradesh,Male,26887,value in Thousands,
2027,July,Andhra Pradesh,Female,26946,value in Thousands,
2027,July,Andaman and Nicobar Islands,Total,407,value in Thousands,
2027,July,Andaman and Nicobar Islands,Male,214,value in Thousands,
2027,July,Andaman and Nicobar Islands,Female,193,value in Thousands,
2027,July,All India,Total,1439982,value in Thousands,
2027,July,All India,Male,739016,value in Thousands,
2027,July,All India,Female,700966,value in Thousands,
2026,October,West Bengal,Total,100714,value in Thousands,
2026,October,West Bengal,Male,51259,value in Thousands,
2026,October,West Bengal,Female,49454,value in Thousands,
2026,October,Uttarakhand,Total,12055,value in Thousands,
2026,October,Uttarakhand,Male,6184,value in Thousands,
2026,October,Uttarakhand,Female,5870,value in Thousands,
2026,October,Uttar Pradesh,Total,243921,value in Thousands,
2026,October,Uttar Pradesh,Male,126846,value in Thousands,
2026,October,Uttar Pradesh,Female,117075,value in Thousands,
2026,October,Tripura,Total,4277,value in Thousands,
2026,October,Tripura,Male,2171,value in Thousands,
2026,October,Tripura,Female,2106,value in Thousands,
2026,October,Telangana,Total,38693,value in Thousands,
2026,October,Telangana,Male,19442,value in Thousands,
2026,October,Telangana,Female,19251,value in Thousands,
2026,October,Tamil Nadu,Total,77609,value in Thousands,
2026,October,Tamil Nadu,Male,38675,value in Thousands,
2026,October,Tamil Nadu,Female,38934,value in Thousands,
2026,October,Sikkim,Total,711,value in Thousands,
2026,October,Sikkim,Male,374,value in Thousands,
2026,October,Sikkim,Female,336,value in Thousands,
2026,October,Rajasthan,Total,84057,value in Thousands,
2026,October,Rajasthan,Male,42985,value in Thousands,
2026,October,Rajasthan,Female,41071,value in Thousands,
2026,October,Punjab,Total,31408,value in Thousands,
2026,October,Punjab,Male,16466,value in Thousands,
2026,October,Punjab,Female,14942,value in Thousands,
2026,October,Puducherry,Total,1781,value in Thousands,
2026,October,Puducherry,Male,839,value in Thousands,
2026,October,Puducherry,Female,942,value in Thousands,
2026,October,Odisha,Total,47277,value in Thousands,
2026,October,Odisha,Male,23752,value in Thousands,
2026,October,Odisha,Female,23525,value in Thousands,
2026,October,Nagaland,Total,2303,value in Thousands,
2026,October,Nagaland,Male,1187,value in Thousands,
2026,October,Nagaland,Female,1116,value in Thousands,
2026,October,Mizoram,Total,1277,value in Thousands,
2026,October,Mizoram,Male,643,value in Thousands,
2026,October,Mizoram,Female,634,value in Thousands,
2026,October,Meghalaya,Total,3454,value in Thousands,
2026,October,Meghalaya,Male,1728,value in Thousands,
2026,October,Meghalaya,Female,1726,value in Thousands,
2026,October,Manipur,Total,3324,value in Thousands,
2026,October,Manipur,Male,1666,value in Thousands,
2026,October,Manipur,Female,1659,value in Thousands,
2026,October,Maharashtra,Total,129791,value in Thousands,
2026,October,Maharashtra,Male,67548,value in Thousands,
2026,October,Maharashtra,Female,62244,value in Thousands,
2026,October,Madhya Pradesh,Total,90184,value in Thousands,
2026,October,Madhya Pradesh,Male,46406,value in Thousands,
2026,October,Madhya Pradesh,Female,43778,value in Thousands,
2026,October,Lakshadweep,Total,70,value in Thousands,
2026,October,Lakshadweep,Male,36,value in Thousands,
2026,October,Lakshadweep,Female,34,value in Thousands,
2026,October,Ladakh,Total,306,value in Thousands,
2026,October,Ladakh,Male,171,value in Thousands,
2026,October,Ladakh,Female,135,value in Thousands,
2026,October,Kerala,Total,36263,value in Thousands,
2026,October,Kerala,Male,17423,value in Thousands,
2026,October,Kerala,Female,18840,value in Thousands,
2026,October,Karnataka,Total,69159,value in Thousands,
2026,October,Karnataka,Male,35087,value in Thousands,
2026,October,Karnataka,Female,34072,value in Thousands,
2026,October,Jharkhand,Total,41221,value in Thousands,
2026,October,Jharkhand,Male,21061,value in Thousands,
2026,October,Jharkhand,Female,20159,value in Thousands,
2026,October,Jammu and Kashmir,Total,13950,value in Thousands,
2026,October,Jammu and Kashmir,Male,7281,value in Thousands,
2026,October,Jammu and Kashmir,Female,6669,value in Thousands,
2026,October,Himachal Pradesh,Total,7595,value in Thousands,
2026,October,Himachal Pradesh,Male,3850,value in Thousands,
2026,October,Himachal Pradesh,Female,3745,value in Thousands,
2026,October,Haryana,Total,31491,value in Thousands,
2026,October,Haryana,Male,16623,value in Thousands,
2026,October,Haryana,Female,14869,value in Thousands,
2026,October,Gujarat,Total,74535,value in Thousands,
2026,October,Gujarat,Male,39170,value in Thousands,
2026,October,Gujarat,Female,35365,value in Thousands,
2026,October,Goa,Total,1603,value in Thousands,
2026,October,Goa,Male,806,value in Thousands,
2026,October,Goa,Female,797,value in Thousands,
2026,October,Delhi,Total,22775,value in Thousands,
2026,October,Delhi,Male,12088,value in Thousands,
2026,October,Delhi,Female,10687,value in Thousands,
2026,October,Daman and Diu,Total,756,value in Thousands,
2026,October,Daman and Diu,Male,574,value in Thousands,
2026,October,Daman and Diu,Female,182,value in Thousands,
2026,October,Dadra and Nagar Haveli,Total,876,value in Thousands,
2026,October,Dadra and Nagar Haveli,Male,543,value in Thousands,
2026,October,Dadra and Nagar Haveli,Female,332,value in Thousands,
2026,October,Chhattisgarh,Total,31387,value in Thousands,
2026,October,Chhattisgarh,Male,15739,value in Thousands,
2026,October,Chhattisgarh,Female,15648,value in Thousands,
2026,October,Chandigarh,Total,1273,value in Thousands,
2026,October,Chandigarh,Male,684,value in Thousands,
2026,October,Chandigarh,Female,589,value in Thousands,
2026,October,Bihar,Total,133289,value in Thousands,
2026,October,Bihar,Male,69158,value in Thousands,
2026,October,Bihar,Female,64131,value in Thousands,
2026,October,Assam,Total,36889,value in Thousands,
2026,October,Assam,Male,18744,value in Thousands,
2026,October,Assam,Female,18145,value in Thousands,
2026,October,Arunachal Pradesh,Total,1611,value in Thousands,
2026,October,Arunachal Pradesh,Male,827,value in Thousands,
2026,October,Arunachal Pradesh,Female,784,value in Thousands,
2026,October,Andhra Pradesh,Total,53763,value in Thousands,
2026,October,Andhra Pradesh,Male,26857,value in Thousands,
2026,October,Andhra Pradesh,Female,26906,value in Thousands,
2026,October,Andaman and Nicobar Islands,Total,407,value in Thousands,
2026,October,Andaman and Nicobar Islands,Male,214,value in Thousands,
2026,October,Andaman and Nicobar Islands,Female,193,value in Thousands,
2026,October,All India,Total,1432052,value in Thousands,
2026,October,All India,Male,735107,value in Thousands,
2026,October,All India,Female,696945,value in Thousands,
2026,March,West Bengal,Total,100522,value in Thousands,
2026,March,West Bengal,Male,51180,value in Thousands,
2026,March,West Bengal,Female,49342,value in Thousands,
2026,March,Uttarakhand,Total,11993,value in Thousands,
2026,March,Uttarakhand,Male,6152,value in Thousands,
2026,March,Uttarakhand,Female,5841,value in Thousands,
2026,March,Uttar Pradesh,Total,242859,value in Thousands,
2026,March,Uttar Pradesh,Male,126327,value in Thousands,
2026,March,Uttar Pradesh,Female,116532,value in Thousands,
2026,March,Tripura,Total,4260,value in Thousands,
2026,March,Tripura,Male,2163,value in Thousands,
2026,March,Tripura,Female,2097,value in Thousands,
2026,March,Telangana,Total,38636,value in Thousands,
2026,March,Telangana,Male,19417,value in Thousands,
2026,March,Telangana,Female,19219,value in Thousands,
2026,March,Tamil Nadu,Total,77546,value in Thousands,
2026,March,Tamil Nadu,Male,38654,value in Thousands,
2026,March,Tamil Nadu,Female,38892,value in Thousands,
2026,March,Sikkim,Total,708,value in Thousands,
2026,March,Sikkim,Male,373,value in Thousands,
2026,March,Sikkim,Female,335,value in Thousands,
2026,March,Rajasthan,Total,83642,value in Thousands,
2026,March,Rajasthan,Male,42803,value in Thousands,
2026,March,Rajasthan,Female,40839,value in Thousands,
2026,March,Punjab,Total,31318,value in Thousands,
2026,March,Punjab,Male,16423,value in Thousands,
2026,March,Punjab,Female,14895,value in Thousands,
2026,March,Puducherry,Total,1757,value in Thousands,
2026,March,Puducherry,Male,829,value in Thousands,
2026,March,Puducherry,Female,928,value in Thousands,
2026,March,Odisha,Total,47147,value in Thousands,
2026,March,Odisha,Male,23692,value in Thousands,
2026,March,Odisha,Female,23455,value in Thousands,
2026,March,Nagaland,Total,2294,value in Thousands,
2026,March,Nagaland,Male,1182,value in Thousands,
2026,March,Nagaland,Female,1112,value in Thousands,
2026,March,Mizoram,Total,1272,value in Thousands,
2026,March,Mizoram,Male,641,value in Thousands,
2026,March,Mizoram,Female,632,value in Thousands,
2026,March,Meghalaya,Total,3440,value in Thousands,
2026,March,Meghalaya,Male,1721,value in Thousands,
2026,March,Meghalaya,Female,1719,value in Thousands,
2026,March,Manipur,Total,3311,value in Thousands,
2026,March,Manipur,Male,1660,value in Thousands,
2026,March,Manipur,Female,1652,value in Thousands,
2026,March,Maharashtra,Total,129308,value in Thousands,
2026,March,Maharashtra,Male,67292,value in Thousands,
2026,March,Maharashtra,Female,62016,value in Thousands,
2026,March,Madhya Pradesh,Total,89673,value in Thousands,
2026,March,Madhya Pradesh,Male,46157,value in Thousands,
2026,March,Madhya Pradesh,Female,43515,value in Thousands,
2026,March,Lakshadweep,Total,70,value in Thousands,
2026,March,Lakshadweep,Male,36,value in Thousands,
2026,March,Lakshadweep,Female,34,value in Thousands,
2026,March,Ladakh,Total,305,value in Thousands,
2026,March,Ladakh,Male,170,value in Thousands,
2026,March,Ladakh,Female,135,value in Thousands,
2026,March,Kerala,Total,36207,value in Thousands,
2026,March,Kerala,Male,17395,value in Thousands,
2026,March,Kerala,Female,18812,value in Thousands,
2026,March,Karnataka,Total,68962,value in Thousands,
2026,March,Karnataka,Male,34987,value in Thousands,
2026,March,Karnataka,Female,33975,value in Thousands,
2026,March,Jharkhand,Total,40958,value in Thousands,
2026,March,Jharkhand,Male,20934,value in Thousands,
2026,March,Jharkhand,Female,20024,value in Thousands,
2026,March,Jammu and Kashmir,Total,13896,value in Thousands,
2026,March,Jammu and Kashmir,Male,7256,value in Thousands,
2026,March,Jammu and Kashmir,Female,6640,value in Thousands,
2026,March,Himachal Pradesh,Total,7579,value in Thousands,
2026,March,Himachal Pradesh,Male,3843,value in Thousands,
2026,March,Himachal Pradesh,Female,3737,value in Thousands,
2026,March,Haryana,Total,31299,value in Thousands,
2026,March,Haryana,Male,16529,value in Thousands,
2026,March,Haryana,Female,14770,value in Thousands,
2026,March,Gujarat,Total,74086,value in Thousands,
2026,March,Gujarat,Male,38930,value in Thousands,
2026,March,Gujarat,Female,35156,value in Thousands,
2026,March,Goa,Total,1599,value in Thousands,
2026,March,Goa,Male,804,value in Thousands,
2026,March,Goa,Female,794,value in Thousands,
2026,March,Delhi,Total,22540,value in Thousands,
2026,March,Delhi,Male,11970,value in Thousands,
2026,March,Delhi,Female,10570,value in Thousands,
2026,March,Daman and Diu,Total,705,value in Thousands,
2026,March,Daman and Diu,Male,529,value in Thousands,
2026,March,Daman and Diu,Female,176,value in Thousands,
2026,March,Dadra and Nagar Haveli,Total,836,value in Thousands,
2026,March,Dadra and Nagar Haveli,Male,516,value in Thousands,
2026,March,Dadra and Nagar Haveli,Female,320,value in Thousands,
2026,March,Chhattisgarh,Total,31211,value in Thousands,
2026,March,Chhattisgarh,Male,15651,value in Thousands,
2026,March,Chhattisgarh,Female,15560,value in Thousands,
2026,March,Chandigarh,Total,1267,value in Thousands,
2026,March,Chandigarh,Male,681,value in Thousands,
2026,March,Chandigarh,Female,586,value in Thousands,
2026,March,Bihar,Total,132265,value in Thousands,
2026,March,Bihar,Male,68645,value in Thousands,
2026,March,Bihar,Female,63620,value in Thousands,
2026,March,Assam,Total,36717,value in Thousands,
2026,March,Assam,Male,18661,value in Thousands,
2026,March,Assam,Female,18056,value in Thousands,
2026,March,Arunachal Pradesh,Total,1604,value in Thousands,
2026,March,Arunachal Pradesh,Male,824,value in Thousands,
2026,March,Arunachal Pradesh,Female,781,value in Thousands,
2026,March,Andhra Pradesh,Total,53709,value in Thousands,
2026,March,Andhra Pradesh,Male,26834,value in Thousands,
2026,March,Andhra Pradesh,Female,26874,value in Thousands,
2026,March,Andaman and Nicobar Islands,Total,406,value in Thousands,
2026,March,Andaman and Nicobar Islands,Male,214,value in Thousands,
2026,March,Andaman and Nicobar Islands,Female,192,value in Thousands,
2026,March,All India,Total,1425908,value in Thousands,
2026,March,All India,Male,732075,value in Thousands,
2026,March,All India,Female,693833,value in Thousands,
2026,July,West Bengal,Total,100631,value in Thousands,
2026,July,West Bengal,Male,51225,value in Thousands,
2026,July,West Bengal,Female,49406,value in Thousands,
2026,July,Uttarakhand,Total,12028,value in Thousands,
2026,July,Uttarakhand,Male,6170,value in Thousands,
2026,July,Uttarakhand,Female,5858,value in Thousands,
2026,July,Uttar Pradesh,Total,243466,value in Thousands,
2026,July,Uttar Pradesh,Male,126623,value in Thousands,
2026,July,Uttar Pradesh,Female,116842,value in Thousands,
2026,July,Tripura,Total,4268,value in Thousands,
2026,July,Tripura,Male,2167,value in Thousands,
2026,July,Tripura,Female,2102,value in Thousands,
2026,July,Telangana,Total,38665,value in Thousands,
2026,July,Telangana,Male,19430,value in Thousands,
2026,July,Telangana,Female,19235,value in Thousands,
2026,July,Tamil Nadu,Total,77582,value in Thousands,
2026,July,Tamil Nadu,Male,38666,value in Thousands,
2026,July,Tamil Nadu,Female,38916,value in Thousands,
2026,July,Sikkim,Total,709,value in Thousands,
2026,July,Sikkim,Male,373,value in Thousands,
2026,July,Sikkim,Female,336,value in Thousands,
2026,July,Rajasthan,Total,83879,value in Thousands,
2026,July,Rajasthan,Male,42907,value in Thousands,
2026,July,Rajasthan,Female,40972,value in Thousands,
2026,July,Punjab,Total,31370,value in Thousands,
2026,July,Punjab,Male,16447,value in Thousands,
2026,July,Punjab,Female,14922,value in Thousands,
2026,July,Puducherry,Total,1771,value in Thousands,
2026,July,Puducherry,Male,835,value in Thousands,
2026,July,Puducherry,Female,936,value in Thousands,
2026,July,Odisha,Total,47221,value in Thousands,
2026,July,Odisha,Male,23726,value in Thousands,
2026,July,Odisha,Female,23495,value in Thousands,
2026,July,Nagaland,Total,2299,value in Thousands,
2026,July,Nagaland,Male,1184,value in Thousands,
2026,July,Nagaland,Female,1114,value in Thousands,
2026,July,Mizoram,Total,1275,value in Thousands,
2026,July,Mizoram,Male,642,value in Thousands,
2026,July,Mizoram,Female,633,value in Thousands,
2026,July,Meghalaya,Total,3447,value in Thousands,
2026,July,Meghalaya,Male,1724,value in Thousands,
2026,July,Meghalaya,Female,1723,value in Thousands,
2026,July,Manipur,Total,3318,value in Thousands,
2026,July,Manipur,Male,1663,value in Thousands,
2026,July,Manipur,Female,1655,value in Thousands,
2026,July,Maharashtra,Total,129584,value in Thousands,
2026,July,Maharashtra,Male,67438,value in Thousands,
2026,July,Maharashtra,Female,62146,value in Thousands,
2026,July,Madhya Pradesh,Total,89965,value in Thousands,
2026,July,Madhya Pradesh,Male,46300,value in Thousands,
2026,July,Madhya Pradesh,Female,43665,value in Thousands,
2026,July,Lakshadweep,Total,70,value in Thousands,
2026,July,Lakshadweep,Male,36,value in Thousands,
2026,July,Lakshadweep,Female,34,value in Thousands,
2026,July,Ladakh,Total,306,value in Thousands,
2026,July,Ladakh,Male,170,value in Thousands,
2026,July,Ladakh,Female,135,value in Thousands,
2026,July,Kerala,Total,36239,value in Thousands,
2026,July,Kerala,Male,17411,value in Thousands,
2026,July,Kerala,Female,18828,value in Thousands,
2026,July,Karnataka,Total,69074,value in Thousands,
2026,July,Karnataka,Male,35044,value in Thousands,
2026,July,Karnataka,Female,34030,value in Thousands,
2026,July,Jharkhand,Total,41108,value in Thousands,
2026,July,Jharkhand,Male,21007,value in Thousands,
2026,July,Jharkhand,Female,20101,value in Thousands,
2026,July,Jammu and Kashmir,Total,13927,value in Thousands,
2026,July,Jammu and Kashmir,Male,7270,value in Thousands,
2026,July,Jammu and Kashmir,Female,6657,value in Thousands,
2026,July,Himachal Pradesh,Total,7588,value in Thousands,
2026,July,Himachal Pradesh,Male,3847,value in Thousands,
2026,July,Himachal Pradesh,Female,3741,value in Thousands,
2026,July,Haryana,Total,31409,value in Thousands,
2026,July,Haryana,Male,16583,value in Thousands,
2026,July,Haryana,Female,14826,value in Thousands,
2026,July,Gujarat,Total,74343,value in Thousands,
2026,July,Gujarat,Male,39067,value in Thousands,
2026,July,Gujarat,Female,35275,value in Thousands,
2026,July,Goa,Total,1601,value in Thousands,
2026,July,Goa,Male,805,value in Thousands,
2026,July,Goa,Female,796,value in Thousands,
2026,July,Delhi,Total,22674,value in Thousands,
2026,July,Delhi,Male,12037,value in Thousands,
2026,July,Delhi,Female,10637,value in Thousands,
2026,July,Daman and Diu,Total,734,value in Thousands,
2026,July,Daman and Diu,Male,555,value in Thousands,
2026,July,Daman and Diu,Female,179,value in Thousands,
2026,July,Dadra and Nagar Haveli,Total,859,value in Thousands,
2026,July,Dadra and Nagar Haveli,Male,531,value in Thousands,
2026,July,Dadra and Nagar Haveli,Female,327,value in Thousands,
2026,July,Chhattisgarh,Total,31311,value in Thousands,
2026,July,Chhattisgarh,Male,15701,value in Thousands,
2026,July,Chhattisgarh,Female,15610,value in Thousands,
2026,July,Chandigarh,Total,1270,value in Thousands,
2026,July,Chandigarh,Male,682,value in Thousands,
2026,July,Chandigarh,Female,588,value in Thousands,
2026,July,Bihar,Total,132850,value in Thousands,
2026,July,Bihar,Male,68938,value in Thousands,
2026,July,Bihar,Female,63912,value in Thousands,
2026,July,Assam,Total,36815,value in Thousands,
2026,July,Assam,Male,18708,value in Thousands,
2026,July,Assam,Female,18107,value in Thousands,
2026,July,Arunachal Pradesh,Total,1608,value in Thousands,
2026,July,Arunachal Pradesh,Male,825,value in Thousands,
2026,July,Arunachal Pradesh,Female,782,value in Thousands,
2026,July,Andhra Pradesh,Total,53740,value in Thousands,
2026,July,Andhra Pradesh,Male,26847,value in Thousands,
2026,July,Andhra Pradesh,Female,26892,value in Thousands,
2026,July,Andaman and Nicobar Islands,Total,406,value in Thousands,
2026,July,Andaman and Nicobar Islands,Male,214,value in Thousands,
2026,July,Andaman and Nicobar Islands,Female,193,value in Thousands,
2026,July,All India,Total,1429404,value in Thousands,
2026,July,All India,Male,733798,value in Thousands,
2026,July,All India,Female,695606,value in Thousands,
2025,October,West Bengal,Total,100322,value in Thousands,
2025,October,West Bengal,Male,51090,value in Thousands,
2025,October,West Bengal,Female,49232,value in Thousands,
2025,October,Uttarakhand,Total,11943,value in Thousands,
2025,October,Uttarakhand,Male,6126,value in Thousands,
2025,October,Uttarakhand,Female,5817,value in Thousands,
2025,October,Uttar Pradesh,Total,241863,value in Thousands,
2025,October,Uttar Pradesh,Male,125828,value in Thousands,
2025,October,Uttar Pradesh,Female,116034,value in Thousands,
2025,October,Tripura,Total,4241,value in Thousands,
2025,October,Tripura,Male,2153,value in Thousands,
2025,October,Tripura,Female,2088,value in Thousands,
2025,October,Telangana,Total,38545,value in Thousands,
2025,October,Telangana,Male,19373,value in Thousands,
2025,October,Telangana,Female,19172,value in Thousands,
2025,October,Tamil Nadu,Total,77451,value in Thousands,
2025,October,Tamil Nadu,Male,38613,value in Thousands,
2025,October,Tamil Nadu,Female,38838,value in Thousands,
2025,October,Sikkim,Total,705,value in Thousands,
2025,October,Sikkim,Male,371,value in Thousands,
2025,October,Sikkim,Female,334,value in Thousands,
2025,October,Rajasthan,Total,83278,value in Thousands,
2025,October,Rajasthan,Male,42633,value in Thousands,
2025,October,Rajasthan,Female,40645,value in Thousands,
2025,October,Punjab,Total,31237,value in Thousands,
2025,October,Punjab,Male,16383,value in Thousands,
2025,October,Punjab,Female,14854,value in Thousands,
2025,October,Puducherry,Total,1742,value in Thousands,
2025,October,Puducherry,Male,823,value in Thousands,
2025,October,Puducherry,Female,919,value in Thousands,
2025,October,Odisha,Total,47026,value in Thousands,
2025,October,Odisha,Male,23634,value in Thousands,
2025,October,Odisha,Female,23392,value in Thousands,
2025,October,Nagaland,Total,2284,value in Thousands,
2025,October,Nagaland,Male,1177,value in Thousands,
2025,October,Nagaland,Female,1107,value in Thousands,
2025,October,Mizoram,Total,1267,value in Thousands,
2025,October,Mizoram,Male,638,value in Thousands,
2025,October,Mizoram,Female,629,value in Thousands,
2025,October,Meghalaya,Total,3425,value in Thousands,
2025,October,Meghalaya,Male,1714,value in Thousands,
2025,October,Meghalaya,Female,1711,value in Thousands,
2025,October,Manipur,Total,3297,value in Thousands,
2025,October,Manipur,Male,1653,value in Thousands,
2025,October,Manipur,Female,1644,value in Thousands,
2025,October,Maharashtra,Total,128902,value in Thousands,
2025,October,Maharashtra,Male,67076,value in Thousands,
2025,October,Maharashtra,Female,61826,value in Thousands,
2025,October,Madhya Pradesh,Total,89243,value in Thousands,
2025,October,Madhya Pradesh,Male,45945,value in Thousands,
2025,October,Madhya Pradesh,Female,43298,value in Thousands,
2025,October,Lakshadweep,Total,69,value in Thousands,
2025,October,Lakshadweep,Male,36,value in Thousands,
2025,October,Lakshadweep,Female,34,value in Thousands,
2025,October,Ladakh,Total,305,value in Thousands,
2025,October,Ladakh,Male,170,value in Thousands,
2025,October,Ladakh,Female,134,value in Thousands,
2025,October,Kerala,Total,36147,value in Thousands,
2025,October,Kerala,Male,17366,value in Thousands,
2025,October,Kerala,Female,18781,value in Thousands,
2025,October,Karnataka,Total,68785,value in Thousands,
2025,October,Karnataka,Male,34897,value in Thousands,
2025,October,Karnataka,Female,33888,value in Thousands,
2025,October,Jharkhand,Total,40751,value in Thousands,
2025,October,Jharkhand,Male,20831,value in Thousands,
2025,October,Jharkhand,Female,19920,value in Thousands,
2025,October,Jammu and Kashmir,Total,13855,value in Thousands,
2025,October,Jammu and Kashmir,Male,7238,value in Thousands,
2025,October,Jammu and Kashmir,Female,6618,value in Thousands,
2025,October,Himachal Pradesh,Total,7564,value in Thousands,
2025,October,Himachal Pradesh,Male,3835,value in Thousands,
2025,October,Himachal Pradesh,Female,3729,value in Thousands,
2025,October,Haryana,Total,31148,value in Thousands,
2025,October,Haryana,Male,16454,value in Thousands,
2025,October,Haryana,Female,14694,value in Thousands,
2025,October,Gujarat,Total,73728,value in Thousands,
2025,October,Gujarat,Male,38736,value in Thousands,
2025,October,Gujarat,Female,34992,value in Thousands,
2025,October,Goa,Total,1595,value in Thousands,
2025,October,Goa,Male,803,value in Thousands,
2025,October,Goa,Female,793,value in Thousands,
2025,October,Delhi,Total,22376,value in Thousands,
2025,October,Delhi,Male,11886,value in Thousands,
2025,October,Delhi,Female,10490,value in Thousands,
2025,October,Daman and Diu,Total,686,value in Thousands,
2025,October,Daman and Diu,Male,513,value in Thousands,
2025,October,Daman and Diu,Female,173,value in Thousands,
2025,October,Dadra and Nagar Haveli,Total,817,value in Thousands,
2025,October,Dadra and Nagar Haveli,Male,503,value in Thousands,
2025,October,Dadra and Nagar Haveli,Female,314,value in Thousands,
2025,October,Chhattisgarh,Total,31068,value in Thousands,
2025,October,Chhattisgarh,Male,15579,value in Thousands,
2025,October,Chhattisgarh,Female,15488,value in Thousands,
2025,October,Chandigarh,Total,1262,value in Thousands,
2025,October,Chandigarh,Male,679,value in Thousands,
2025,October,Chandigarh,Female,583,value in Thousands,
2025,October,Bihar,Total,131500,value in Thousands,
2025,October,Bihar,Male,68259,value in Thousands,
2025,October,Bihar,Female,63241,value in Thousands,
2025,October,Assam,Total,36577,value in Thousands,
2025,October,Assam,Male,18593,value in Thousands,
2025,October,Assam,Female,17984,value in Thousands,
2025,October,Arunachal Pradesh,Total,1597,value in Thousands,
2025,October,Arunachal Pradesh,Male,820,value in Thousands,
2025,October,Arunachal Pradesh,Female,777,value in Thousands,
2025,October,Andhra Pradesh,Total,53632,value in Thousands,
2025,October,Andhra Pradesh,Male,26798,value in Thousands,
2025,October,Andhra Pradesh,Female,26834,value in Thousands,
2025,October,Andaman and Nicobar Islands,Total,406,value in Thousands,
2025,October,Andaman and Nicobar Islands,Male,214,value in Thousands,
2025,October,Andaman and Nicobar Islands,Female,192,value in Thousands,
2025,October,All India,Total,1420639,value in Thousands,
2025,October,All India,Male,729440,value in Thousands,
2025,October,All India,Female,691199,value in Thousands,
2025,March,West Bengal,Total,100042,value in Thousands,
2025,March,West Bengal,Male,50963,value in Thousands,
2025,March,West Bengal,Female,49079,value in Thousands,
2025,March,Uttarakhand,Total,11874,value in Thousands,
2025,March,Uttarakhand,Male,6089,value in Thousands,
2025,March,Uttarakhand,Female,5784,value in Thousands,
2025,March,Uttar Pradesh,Total,240468,value in Thousands,
2025,March,Uttar Pradesh,Male,125130,value in Thousands,
2025,March,Uttar Pradesh,Female,115338,value in Thousands,
2025,March,Tripura,Total,4222,value in Thousands,
2025,March,Tripura,Male,2144,value in Thousands,
2025,March,Tripura,Female,2078,value in Thousands,
2025,March,Telangana,Total,38454,value in Thousands,
2025,March,Telangana,Male,19329,value in Thousands,
2025,March,Telangana,Female,19125,value in Thousands,
2025,March,Tamil Nadu,Total,77317,value in Thousands,
2025,March,Tamil Nadu,Male,38556,value in Thousands,
2025,March,Tamil Nadu,Female,38761,value in Thousands,
2025,March,Sikkim,Total,702,value in Thousands,
2025,March,Sikkim,Male,370,value in Thousands,
2025,March,Sikkim,Female,332,value in Thousands,
2025,March,Rajasthan,Total,82770,value in Thousands,
2025,March,Rajasthan,Male,42397,value in Thousands,
2025,March,Rajasthan,Female,40373,value in Thousands,
2025,March,Punjab,Total,31122,value in Thousands,
2025,March,Punjab,Male,16327,value in Thousands,
2025,March,Punjab,Female,14795,value in Thousands,
2025,March,Puducherry,Total,1720,value in Thousands,
2025,March,Puducherry,Male,814,value in Thousands,
2025,March,Puducherry,Female,906,value in Thousands,
2025,March,Odisha,Total,46857,value in Thousands,
2025,March,Odisha,Male,23554,value in Thousands,
2025,March,Odisha,Female,23303,value in Thousands,
2025,March,Nagaland,Total,2274,value in Thousands,
2025,March,Nagaland,Male,1172,value in Thousands,
2025,March,Nagaland,Female,1101,value in Thousands,
2025,March,Mizoram,Total,1261,value in Thousands,
2025,March,Mizoram,Male,635,value in Thousands,
2025,March,Mizoram,Female,626,value in Thousands,
2025,March,Meghalaya,Total,3410,value in Thousands,
2025,March,Meghalaya,Male,1707,value in Thousands,
2025,March,Meghalaya,Female,1703,value in Thousands,
2025,March,Manipur,Total,3282,value in Thousands,
2025,March,Manipur,Male,1646,value in Thousands,
2025,March,Manipur,Female,1636,value in Thousands,
2025,March,Maharashtra,Total,128334,value in Thousands,
2025,March,Maharashtra,Male,66774,value in Thousands,
2025,March,Maharashtra,Female,61560,value in Thousands,
2025,March,Madhya Pradesh,Total,88641,value in Thousands,
2025,March,Madhya Pradesh,Male,45648,value in Thousands,
2025,March,Madhya Pradesh,Female,42994,value in Thousands,
2025,March,Lakshadweep,Total,69,value in Thousands,
2025,March,Lakshadweep,Male,36,value in Thousands,
2025,March,Lakshadweep,Female,34,value in Thousands,
2025,March,Ladakh,Total,304,value in Thousands,
2025,March,Ladakh,Male,170,value in Thousands,
2025,March,Ladakh,Female,134,value in Thousands,
2025,March,Kerala,Total,36063,value in Thousands,
2025,March,Kerala,Male,17324,value in Thousands,
2025,March,Kerala,Female,18739,value in Thousands,
2025,March,Karnataka,Total,68538,value in Thousands,
2025,March,Karnataka,Male,34772,value in Thousands,
2025,March,Karnataka,Female,33766,value in Thousands,
2025,March,Jharkhand,Total,40461,value in Thousands,
2025,March,Jharkhand,Male,20687,value in Thousands,
2025,March,Jharkhand,Female,19773,value in Thousands,
2025,March,Jammu and Kashmir,Total,13798,value in Thousands,
2025,March,Jammu and Kashmir,Male,7211,value in Thousands,
2025,March,Jammu and Kashmir,Female,6587,value in Thousands,
2025,March,Himachal Pradesh,Total,7542,value in Thousands,
2025,March,Himachal Pradesh,Male,3824,value in Thousands,
2025,March,Himachal Pradesh,Female,3718,value in Thousands,
2025,March,Haryana,Total,30936,value in Thousands,
2025,March,Haryana,Male,16348,value in Thousands,
2025,March,Haryana,Female,14588,value in Thousands,
2025,March,Gujarat,Total,73227,value in Thousands,
2025,March,Gujarat,Male,38464,value in Thousands,
2025,March,Gujarat,Female,34762,value in Thousands,
2025,March,Goa,Total,1591,value in Thousands,
2025,March,Goa,Male,801,value in Thousands,
2025,March,Goa,Female,790,value in Thousands,
2025,March,Delhi,Total,22146,value in Thousands,
2025,March,Delhi,Male,11768,value in Thousands,
2025,March,Delhi,Female,10378,value in Thousands,
2025,March,Daman and Diu,Total,658,value in Thousands,
2025,March,Daman and Diu,Male,489,value in Thousands,
2025,March,Daman and Diu,Female,169,value in Thousands,
2025,March,Dadra and Nagar Haveli,Total,790,value in Thousands,
2025,March,Dadra and Nagar Haveli,Male,485,value in Thousands,
2025,March,Dadra and Nagar Haveli,Female,305,value in Thousands,
2025,March,Chhattisgarh,Total,30867,value in Thousands,
2025,March,Chhattisgarh,Male,15480,value in Thousands,
2025,March,Chhattisgarh,Female,15388,value in Thousands,
2025,March,Chandigarh,Total,1255,value in Thousands,
2025,March,Chandigarh,Male,675,value in Thousands,
2025,March,Chandigarh,Female,580,value in Thousands,
2025,March,Bihar,Total,130429,value in Thousands,
2025,March,Bihar,Male,67719,value in Thousands,
2025,March,Bihar,Female,62710,value in Thousands,
2025,March,Assam,Total,36382,value in Thousands,
2025,March,Assam,Male,18497,value in Thousands,
2025,March,Assam,Female,17885,value in Thousands,
2025,March,Arunachal Pradesh,Total,1590,value in Thousands,
2025,March,Arunachal Pradesh,Male,817,value in Thousands,
2025,March,Arunachal Pradesh,Female,773,value in Thousands,
2025,March,Andhra Pradesh,Total,53524,value in Thousands,
2025,March,Andhra Pradesh,Male,26748,value in Thousands,
2025,March,Andhra Pradesh,Female,26776,value in Thousands,
2025,March,Andaman and Nicobar Islands,Total,405,value in Thousands,
2025,March,Andaman and Nicobar Islands,Male,213,value in Thousands,
2025,March,Andaman and Nicobar Islands,Female,192,value in Thousands,
2025,March,All India,Total,1413324,value in Thousands,
2025,March,All India,Male,725783,value in Thousands,
2025,March,All India,Female,687541,value in Thousands,
2025,July,West Bengal,Total,100202,value in Thousands,
2025,July,West Bengal,Male,51035,value in Thousands,
2025,July,West Bengal,Female,49167,value in Thousands,
2025,July,Uttarakhand,Total,11913,value in Thousands,
2025,July,Uttarakhand,Male,6110,value in Thousands,
2025,July,Uttarakhand,Female,5803,value in Thousands,
2025,July,Uttar Pradesh,Total,241265,value in Thousands,
2025,July,Uttar Pradesh,Male,125529,value in Thousands,
2025,July,Uttar Pradesh,Female,115736,value in Thousands,
2025,July,Tripura,Total,4232,value in Thousands,
2025,July,Tripura,Male,2149,value in Thousands,
2025,July,Tripura,Female,2083,value in Thousands,
2025,July,Telangana,Total,38499,value in Thousands,
2025,July,Telangana,Male,19351,value in Thousands,
2025,July,Telangana,Female,19149,value in Thousands,
2025,July,Tamil Nadu,Total,77394,value in Thousands,
2025,July,Tamil Nadu,Male,38589,value in Thousands,
2025,July,Tamil Nadu,Female,38805,value in Thousands,
2025,July,Sikkim,Total,703,value in Thousands,
2025,July,Sikkim,Male,370,value in Thousands,
2025,July,Sikkim,Female,333,value in Thousands,
2025,July,Rajasthan,Total,83060,value in Thousands,
2025,July,Rajasthan,Male,42532,value in Thousands,
2025,July,Rajasthan,Female,40528,value in Thousands,
2025,July,Punjab,Total,31188,value in Thousands,
2025,July,Punjab,Male,16359,value in Thousands,
2025,July,Punjab,Female,14829,value in Thousands,
2025,July,Puducherry,Total,1732,value in Thousands,
2025,July,Puducherry,Male,819,value in Thousands,
2025,July,Puducherry,Female,913,value in Thousands,
2025,July,Odisha,Total,46953,value in Thousands,
2025,July,Odisha,Male,23600,value in Thousands,
2025,July,Odisha,Female,23353,value in Thousands,
2025,July,Nagaland,Total,2279,value in Thousands,
2025,July,Nagaland,Male,1175,value in Thousands,
2025,July,Nagaland,Female,1104,value in Thousands,
2025,July,Mizoram,Total,1264,value in Thousands,
2025,July,Mizoram,Male,637,value in Thousands,
2025,July,Mizoram,Female,627,value in Thousands,
2025,July,Meghalaya,Total,3417,value in Thousands,
2025,July,Meghalaya,Male,1710,value in Thousands,
2025,July,Meghalaya,Female,1707,value in Thousands,
2025,July,Manipur,Total,3289,value in Thousands,
2025,July,Manipur,Male,1649,value in Thousands,
2025,July,Manipur,Female,1640,value in Thousands,
2025,July,Maharashtra,Total,128659,value in Thousands,
2025,July,Maharashtra,Male,66947,value in Thousands,
2025,July,Maharashtra,Female,61712,value in Thousands,
2025,July,Madhya Pradesh,Total,88985,value in Thousands,
2025,July,Madhya Pradesh,Male,45818,value in Thousands,
2025,July,Madhya Pradesh,Female,43167,value in Thousands,
2025,July,Lakshadweep,Total,69,value in Thousands,
2025,July,Lakshadweep,Male,36,value in Thousands,
2025,July,Lakshadweep,Female,34,value in Thousands,
2025,July,Ladakh,Total,304,value in Thousands,
2025,July,Ladakh,Male,170,value in Thousands,
2025,July,Ladakh,Female,134,value in Thousands,
2025,July,Kerala,Total,36111,value in Thousands,
2025,July,Kerala,Male,17348,value in Thousands,
2025,July,Kerala,Female,18763,value in Thousands,
2025,July,Karnataka,Total,68679,value in Thousands,
2025,July,Karnataka,Male,34844,value in Thousands,
2025,July,Karnataka,Female,33836,value in Thousands,
2025,July,Jharkhand,Total,40626,value in Thousands,
2025,July,Jharkhand,Male,20769,value in Thousands,
2025,July,Jharkhand,Female,19857,value in Thousands,
2025,July,Jammu and Kashmir,Total,13831,value in Thousands,
2025,July,Jammu and Kashmir,Male,7226,value in Thousands,
2025,July,Jammu and Kashmir,Female,6605,value in Thousands,
2025,July,Himachal Pradesh,Total,7555,value in Thousands,
2025,July,Himachal Pradesh,Male,3830,value in Thousands,
2025,July,Himachal Pradesh,Female,3724,value in Thousands,
2025,July,Haryana,Total,31057,value in Thousands,
2025,July,Haryana,Male,16409,value in Thousands,
2025,July,Haryana,Female,14649,value in Thousands,
2025,July,Gujarat,Total,73513,value in Thousands,
2025,July,Gujarat,Male,38620,value in Thousands,
2025,July,Gujarat,Female,34894,value in Thousands,
2025,July,Goa,Total,1593,value in Thousands,
2025,July,Goa,Male,802,value in Thousands,
2025,July,Goa,Female,791,value in Thousands,
2025,July,Delhi,Total,22277,value in Thousands,
2025,July,Delhi,Male,11835,value in Thousands,
2025,July,Delhi,Female,10442,value in Thousands,
2025,July,Daman and Diu,Total,674,value in Thousands,
2025,July,Daman and Diu,Male,503,value in Thousands,
2025,July,Daman and Diu,Female,171,value in Thousands,
2025,July,Dadra and Nagar Haveli,Total,805,value in Thousands,
2025,July,Dadra and Nagar Haveli,Male,495,value in Thousands,
2025,July,Dadra and Nagar Haveli,Female,310,value in Thousands,
2025,July,Chhattisgarh,Total,30982,value in Thousands,
2025,July,Chhattisgarh,Male,15537,value in Thousands,
2025,July,Chhattisgarh,Female,15445,value in Thousands,
2025,July,Chandigarh,Total,1259,value in Thousands,
2025,July,Chandigarh,Male,677,value in Thousands,
2025,July,Chandigarh,Female,582,value in Thousands,
2025,July,Bihar,Total,131041,value in Thousands,
2025,July,Bihar,Male,68027,value in Thousands,
2025,July,Bihar,Female,63014,value in Thousands,
2025,July,Assam,Total,36493,value in Thousands,
2025,July,Assam,Male,18552,value in Thousands,
2025,July,Assam,Female,17942,value in Thousands,
2025,July,Arunachal Pradesh,Total,1594,value in Thousands,
2025,July,Arunachal Pradesh,Male,818,value in Thousands,
2025,July,Arunachal Pradesh,Female,775,value in Thousands,
2025,July,Andhra Pradesh,Total,53586,value in Thousands,
2025,July,Andhra Pradesh,Male,26777,value in Thousands,
2025,July,Andhra Pradesh,Female,26809,value in Thousands,
2025,July,Andaman and Nicobar Islands,Total,405,value in Thousands,
2025,July,Andaman and Nicobar Islands,Male,213,value in Thousands,
2025,July,Andaman and Nicobar Islands,Female,192,value in Thousands,
2025,July,All India,Total,1417492,value in Thousands,
2025,July,All India,Male,727867,value in Thousands,
2025,July,All India,Female,689625,value in Thousands,
2024,October,West Bengal,Total,99843,value in Thousands,
2024,October,West Bengal,Male,50873,value in Thousands,
2024,October,West Bengal,Female,48970,value in Thousands,
2024,October,Uttarakhand,Total,11824,value in Thousands,
2024,October,Uttarakhand,Male,6063,value in Thousands,
2024,October,Uttarakhand,Female,5761,value in Thousands,
2024,October,Uttar Pradesh,Total,239472,value in Thousands,
2024,October,Uttar Pradesh,Male,124632,value in Thousands,
2024,October,Uttar Pradesh,Female,114841,value in Thousands,
2024,October,Tripura,Total,4203,value in Thousands,
2024,October,Tripura,Male,2135,value in Thousands,
2024,October,Tripura,Female,2068,value in Thousands,
2024,October,Telangana,Total,38363,value in Thousands,
2024,October,Telangana,Male,19285,value in Thousands,
2024,October,Telangana,Female,19078,value in Thousands,
2024,October,Tamil Nadu,Total,77222,value in Thousands,
2024,October,Tamil Nadu,Male,38515,value in Thousands,
2024,October,Tamil Nadu,Female,38707,value in Thousands,
2024,October,Sikkim,Total,699,value in Thousands,
2024,October,Sikkim,Male,368,value in Thousands,
2024,October,Sikkim,Female,330,value in Thousands,
2024,October,Rajasthan,Total,82406,value in Thousands,
2024,October,Rajasthan,Male,42227,value in Thousands,
2024,October,Rajasthan,Female,40179,value in Thousands,
2024,October,Punjab,Total,31041,value in Thousands,
2024,October,Punjab,Male,16287,value in Thousands,
2024,October,Punjab,Female,14754,value in Thousands,
2024,October,Puducherry,Total,1704,value in Thousands,
2024,October,Puducherry,Male,807,value in Thousands,
2024,October,Puducherry,Female,897,value in Thousands,
2024,October,Odisha,Total,46736,value in Thousands,
2024,October,Odisha,Male,23497,value in Thousands,
2024,October,Odisha,Female,23239,value in Thousands,
2024,October,Nagaland,Total,2264,value in Thousands,
2024,October,Nagaland,Male,1167,value in Thousands,
2024,October,Nagaland,Female,1096,value in Thousands,
2024,October,Mizoram,Total,1255,value in Thousands,
2024,October,Mizoram,Male,633,value in Thousands,
2024,October,Mizoram,Female,623,value in Thousands,
2024,October,Meghalaya,Total,3394,value in Thousands,
2024,October,Meghalaya,Male,1699,value in Thousands,
2024,October,Meghalaya,Female,1695,value in Thousands,
2024,October,Manipur,Total,3267,value in Thousands,
2024,October,Manipur,Male,1639,value in Thousands,
2024,October,Manipur,Female,1629,value in Thousands,
2024,October,Maharashtra,Total,127928,value in Thousands,
2024,October,Maharashtra,Male,66558,value in Thousands,
2024,October,Maharashtra,Female,61370,value in Thousands,
2024,October,Madhya Pradesh,Total,88212,value in Thousands,
2024,October,Madhya Pradesh,Male,45435,value in Thousands,
2024,October,Madhya Pradesh,Female,42776,value in Thousands,
2024,October,Lakshadweep,Total,69,value in Thousands,
2024,October,Lakshadweep,Male,36,value in Thousands,
2024,October,Lakshadweep,Female,34,value in Thousands,
2024,October,Ladakh,Total,303,value in Thousands,
2024,October,Ladakh,Male,169,value in Thousands,
2024,October,Ladakh,Female,133,value in Thousands,
2024,October,Kerala,Total,36003,value in Thousands,
2024,October,Kerala,Male,17295,value in Thousands,
2024,October,Kerala,Female,18708,value in Thousands,
2024,October,Karnataka,Total,68362,value in Thousands,
2024,October,Karnataka,Male,34682,value in Thousands,
2024,October,Karnataka,Female,33680,value in Thousands,
2024,October,Jharkhand,Total,40253,value in Thousands,
2024,October,Jharkhand,Male,20584,value in Thousands,
2024,October,Jharkhand,Female,19669,value in Thousands,
2024,October,Jammu and Kashmir,Total,13758,value in Thousands,
2024,October,Jammu and Kashmir,Male,7192,value in Thousands,
2024,October,Jammu and Kashmir,Female,6565,value in Thousands,
2024,October,Himachal Pradesh,Total,7527,value in Thousands,
2024,October,Himachal Pradesh,Male,3816,value in Thousands,
2024,October,Himachal Pradesh,Female,3711,value in Thousands,
2024,October,Haryana,Total,30785,value in Thousands,
2024,October,Haryana,Male,16273,value in Thousands,
2024,October,Haryana,Female,14512,value in Thousands,
2024,October,Gujarat,Total,72868,value in Thousands,
2024,October,Gujarat,Male,38270,value in Thousands,
2024,October,Gujarat,Female,34598,value in Thousands,
2024,October,Goa,Total,1587,value in Thousands,
2024,October,Goa,Male,799,value in Thousands,
2024,October,Goa,Female,788,value in Thousands,
2024,October,Delhi,Total,21982,value in Thousands,
2024,October,Delhi,Male,11684,value in Thousands,
2024,October,Delhi,Female,10298,value in Thousands,
2024,October,Daman and Diu,Total,638,value in Thousands,
2024,October,Daman and Diu,Male,473,value in Thousands,
2024,October,Daman and Diu,Female,166,value in Thousands,
2024,October,Dadra and Nagar Haveli,Total,771,value in Thousands,
2024,October,Dadra and Nagar Haveli,Male,473,value in Thousands,
2024,October,Dadra and Nagar Haveli,Female,299,value in Thousands,
2024,October,Chhattisgarh,Total,30724,value in Thousands,
2024,October,Chhattisgarh,Male,15408,value in Thousands,
2024,October,Chhattisgarh,Female,15316,value in Thousands,
2024,October,Chandigarh,Total,1250,value in Thousands,
2024,October,Chandigarh,Male,673,value in Thousands,
2024,October,Chandigarh,Female,577,value in Thousands,
2024,October,Bihar,Total,129664,value in Thousands,
2024,October,Bihar,Male,67332,value in Thousands,
2024,October,Bihar,Female,62331,value in Thousands,
2024,October,Assam,Total,36242,value in Thousands,
2024,October,Assam,Male,18429,value in Thousands,
2024,October,Assam,Female,17813,value in Thousands,
2024,October,Arunachal Pradesh,Total,1583,value in Thousands,
2024,October,Arunachal Pradesh,Male,813,value in Thousands,
2024,October,Arunachal Pradesh,Female,770,value in Thousands,
2024,October,Andhra Pradesh,Total,53448,value in Thousands,
2024,October,Andhra Pradesh,Male,26712,value in Thousands,
2024,October,Andhra Pradesh,Female,26736,value in Thousands,
2024,October,Andaman and Nicobar Islands,Total,405,value in Thousands,
2024,October,Andaman and Nicobar Islands,Male,213,value in Thousands,
2024,October,Andaman and Nicobar Islands,Female,191,value in Thousands,
2024,October,All India,Total,1408054,value in Thousands,
2024,October,All India,Male,723146,value in Thousands,
2024,October,All India,Female,684908,value in Thousands,
2024,March,West Bengal,Total,99563,value in Thousands,
2024,March,West Bengal,Male,50746,value in Thousands,
2024,March,West Bengal,Female,48817,value in Thousands,
2024,March,Uttarakhand,Total,11755,value in Thousands,
2024,March,Uttarakhand,Male,6027,value in Thousands,
2024,March,Uttarakhand,Female,5728,value in Thousands,
2024,March,Uttar Pradesh,Total,238078,value in Thousands,
2024,March,Uttar Pradesh,Male,123934,value in Thousands,
2024,March,Uttar Pradesh,Female,114144,value in Thousands,
2024,March,Tripura,Total,4184,value in Thousands,
2024,March,Tripura,Male,2126,value in Thousands,
2024,March,Tripura,Female,2058,value in Thousands,
2024,March,Telangana,Total,38272,value in Thousands,
2024,March,Telangana,Male,19241,value in Thousands,
2024,March,Telangana,Female,19030,value in Thousands,
2024,March,Tamil Nadu,Total,77089,value in Thousands,
2024,March,Tamil Nadu,Male,38458,value in Thousands,
2024,March,Tamil Nadu,Female,38630,value in Thousands,
2024,March,Sikkim,Total,695,value in Thousands,
2024,March,Sikkim,Male,366,value in Thousands,
2024,March,Sikkim,Female,329,value in Thousands,
2024,March,Rajasthan,Total,81897,value in Thousands,
2024,March,Rajasthan,Male,41990,value in Thousands,
2024,March,Rajasthan,Female,39907,value in Thousands,
2024,March,Punjab,Total,30926,value in Thousands,
2024,March,Punjab,Male,16231,value in Thousands,
2024,March,Punjab,Female,14695,value in Thousands,
2024,March,Puducherry,Total,1683,value in Thousands,
2024,March,Puducherry,Male,799,value in Thousands,
2024,March,Puducherry,Female,884,value in Thousands,
2024,March,Odisha,Total,46566,value in Thousands,
2024,March,Odisha,Male,23416,value in Thousands,
2024,March,Odisha,Female,23150,value in Thousands,
2024,March,Nagaland,Total,2253,value in Thousands,
2024,March,Nagaland,Male,1162,value in Thousands,
2024,March,Nagaland,Female,1091,value in Thousands,
2024,March,Mizoram,Total,1250,value in Thousands,
2024,March,Mizoram,Male,630,value in Thousands,
2024,March,Mizoram,Female,620,value in Thousands,
2024,March,Meghalaya,Total,3379,value in Thousands,
2024,March,Meghalaya,Male,1692,value in Thousands,
2024,March,Meghalaya,Female,1687,value in Thousands,
2024,March,Manipur,Total,3253,value in Thousands,
2024,March,Manipur,Male,1632,value in Thousands,
2024,March,Manipur,Female,1621,value in Thousands,
2024,March,Maharashtra,Total,127360,value in Thousands,
2024,March,Maharashtra,Male,66256,value in Thousands,
2024,March,Maharashtra,Female,61103,value in Thousands,
2024,March,Madhya Pradesh,Total,87610,value in Thousands,
2024,March,Madhya Pradesh,Male,45138,value in Thousands,
2024,March,Madhya Pradesh,Female,42472,value in Thousands,
2024,March,Lakshadweep,Total,69,value in Thousands,
2024,March,Lakshadweep,Male,35,value in Thousands,
2024,March,Lakshadweep,Female,34,value in Thousands,
2024,March,Ladakh,Total,302,value in Thousands,
2024,March,Ladakh,Male,169,value in Thousands,
2024,March,Ladakh,Female,133,value in Thousands,
2024,March,Kerala,Total,35920,value in Thousands,
2024,March,Kerala,Male,17254,value in Thousands,
2024,March,Kerala,Female,18666,value in Thousands,
2024,March,Karnataka,Total,68115,value in Thousands,
2024,March,Karnataka,Male,34557,value in Thousands,
2024,March,Karnataka,Female,33558,value in Thousands,
2024,March,Jharkhand,Total,39963,value in Thousands,
2024,March,Jharkhand,Male,20441,value in Thousands,
2024,March,Jharkhand,Female,19523,value in Thousands,
2024,March,Jammu and Kashmir,Total,13701,value in Thousands,
2024,March,Jammu and Kashmir,Male,7166,value in Thousands,
2024,March,Jammu and Kashmir,Female,6535,value in Thousands,
2024,March,Himachal Pradesh,Total,7505,value in Thousands,
2024,March,Himachal Pradesh,Male,3805,value in Thousands,
2024,March,Himachal Pradesh,Female,3700,value in Thousands,
2024,March,Haryana,Total,30573,value in Thousands,
2024,March,Haryana,Male,16167,value in Thousands,
2024,March,Haryana,Female,14406,value in Thousands,
2024,March,Gujarat,Total,72367,value in Thousands,
2024,March,Gujarat,Male,37998,value in Thousands,
2024,March,Gujarat,Female,34369,value in Thousands,
2024,March,Goa,Total,1583,value in Thousands,
2024,March,Goa,Male,797,value in Thousands,
2024,March,Goa,Female,786,value in Thousands,
2024,March,Delhi,Total,21752,value in Thousands,
2024,March,Delhi,Male,11567,value in Thousands,
2024,March,Delhi,Female,10186,value in Thousands,
2024,March,Daman and Diu,Total,611,value in Thousands,
2024,March,Daman and Diu,Male,449,value in Thousands,
2024,March,Daman and Diu,Female,161,value in Thousands,
2024,March,Dadra and Nagar Haveli,Total,745,value in Thousands,
2024,March,Dadra and Nagar Haveli,Male,455,value in Thousands,
2024,March,Dadra and Nagar Haveli,Female,290,value in Thousands,
2024,March,Chhattisgarh,Total,30524,value in Thousands,
2024,March,Chhattisgarh,Male,15308,value in Thousands,
2024,March,Chhattisgarh,Female,15215,value in Thousands,
2024,March,Chandigarh,Total,1243,value in Thousands,
2024,March,Chandigarh,Male,670,value in Thousands,
2024,March,Chandigarh,Female,573,value in Thousands,
2024,March,Bihar,Total,128592,value in Thousands,
2024,March,Bihar,Male,66792,value in Thousands,
2024,March,Bihar,Female,61801,value in Thousands,
2024,March,Assam,Total,36047,value in Thousands,
2024,March,Assam,Male,18334,value in Thousands,
2024,March,Assam,Female,17714,value in Thousands,
2024,March,Arunachal Pradesh,Total,1576,value in Thousands,
2024,March,Arunachal Pradesh,Male,810,value in Thousands,
2024,March,Arunachal Pradesh,Female,766,value in Thousands,
2024,March,Andhra Pradesh,Total,53340,value in Thousands,
2024,March,Andhra Pradesh,Male,26662,value in Thousands,
2024,March,Andhra Pradesh,Female,26678,value in Thousands,
2024,March,Andaman and Nicobar Islands,Total,404,value in Thousands,
2024,March,Andaman and Nicobar Islands,Male,213,value in Thousands,
2024,March,Andaman and Nicobar Islands,Female,191,value in Thousands,
2024,March,All India,Total,1400744,value in Thousands,
2024,March,All India,Male,719493,value in Thousands,
2024,March,All India,Female,681251,value in Thousands,
2024,July,West Bengal,Total,99723,value in Thousands,
2024,July,West Bengal,Male,50819,value in Thousands,
2024,July,West Bengal,Female,48904,value in Thousands,
2024,July,Uttarakhand,Total,11795,value in Thousands,
2024,July,Uttarakhand,Male,6048,value in Thousands,
2024,July,Uttarakhand,Female,5747,value in Thousands,
2024,July,Uttar Pradesh,Total,238875,value in Thousands,
2024,July,Uttar Pradesh,Male,124332,value in Thousands,
2024,July,Uttar Pradesh,Female,114542,value in Thousands,
2024,July,Tripura,Total,4194,value in Thousands,
2024,July,Tripura,Male,2130,value in Thousands,
2024,July,Tripura,Female,2063,value in Thousands,
2024,July,Telangana,Total,38317,value in Thousands,
2024,July,Telangana,Male,19263,value in Thousands,
2024,July,Telangana,Female,19054,value in Thousands,
2024,July,Tamil Nadu,Total,77165,value in Thousands,
2024,July,Tamil Nadu,Male,38491,value in Thousands,
2024,July,Tamil Nadu,Female,38674,value in Thousands,
2024,July,Sikkim,Total,697,value in Thousands,
2024,July,Sikkim,Male,367,value in Thousands,
2024,July,Sikkim,Female,330,value in Thousands,
2024,July,Rajasthan,Total,82188,value in Thousands,
2024,July,Rajasthan,Male,42126,value in Thousands,
2024,July,Rajasthan,Female,40062,value in Thousands,
2024,July,Punjab,Total,30992,value in Thousands,
2024,July,Punjab,Male,16263,value in Thousands,
2024,July,Punjab,Female,14729,value in Thousands,
2024,July,Puducherry,Total,1695,value in Thousands,
2024,July,Puducherry,Male,804,value in Thousands,
2024,July,Puducherry,Female,891,value in Thousands,
2024,July,Odisha,Total,46663,value in Thousands,
2024,July,Odisha,Male,23462,value in Thousands,
2024,July,Odisha,Female,23201,value in Thousands,
2024,July,Nagaland,Total,2258,value in Thousands,
2024,July,Nagaland,Male,1165,value in Thousands,
2024,July,Nagaland,Female,1094,value in Thousands,
2024,July,Mizoram,Total,1252,value in Thousands,
2024,July,Mizoram,Male,631,value in Thousands,
2024,July,Mizoram,Female,621,value in Thousands,
2024,July,Meghalaya,Total,3387,value in Thousands,
2024,July,Meghalaya,Male,1696,value in Thousands,
2024,July,Meghalaya,Female,1691,value in Thousands,
2024,July,Manipur,Total,3260,value in Thousands,
2024,July,Manipur,Male,1635,value in Thousands,
2024,July,Manipur,Female,1625,value in Thousands,
2024,July,Maharashtra,Total,127684,value in Thousands,
2024,July,Maharashtra,Male,66429,value in Thousands,
2024,July,Maharashtra,Female,61256,value in Thousands,
2024,July,Madhya Pradesh,Total,87954,value in Thousands,
2024,July,Madhya Pradesh,Male,45308,value in Thousands,
2024,July,Madhya Pradesh,Female,42646,value in Thousands,
2024,July,Lakshadweep,Total,69,value in Thousands,
2024,July,Lakshadweep,Male,35,value in Thousands,
2024,July,Lakshadweep,Female,34,value in Thousands,
2024,July,Ladakh,Total,302,value in Thousands,
2024,July,Ladakh,Male,169,value in Thousands,
2024,July,Ladakh,Female,133,value in Thousands,
2024,July,Kerala,Total,35967,value in Thousands,
2024,July,Kerala,Male,17277,value in Thousands,
2024,July,Kerala,Female,18690,value in Thousands,
2024,July,Karnataka,Total,68256,value in Thousands,
2024,July,Karnataka,Male,34628,value in Thousands,
2024,July,Karnataka,Female,33628,value in Thousands,
2024,July,Jharkhand,Total,40129,value in Thousands,
2024,July,Jharkhand,Male,20523,value in Thousands,
2024,July,Jharkhand,Female,19606,value in Thousands,
2024,July,Jammu and Kashmir,Total,13733,value in Thousands,
2024,July,Jammu and Kashmir,Male,7181,value in Thousands,
2024,July,Jammu and Kashmir,Female,6552,value in Thousands,
2024,July,Himachal Pradesh,Total,7518,value in Thousands,
2024,July,Himachal Pradesh,Male,3812,value in Thousands,
2024,July,Himachal Pradesh,Female,3706,value in Thousands,
2024,July,Haryana,Total,30694,value in Thousands,
2024,July,Haryana,Male,16227,value in Thousands,
2024,July,Haryana,Female,14467,value in Thousands,
2024,July,Gujarat,Total,72653,value in Thousands,
2024,July,Gujarat,Male,38154,value in Thousands,
2024,July,Gujarat,Female,34500,value in Thousands,
2024,July,Goa,Total,1585,value in Thousands,
2024,July,Goa,Male,798,value in Thousands,
2024,July,Goa,Female,787,value in Thousands,
2024,July,Delhi,Total,21884,value in Thousands,
2024,July,Delhi,Male,11634,value in Thousands,
2024,July,Delhi,Female,10250,value in Thousands,
2024,July,Daman and Diu,Total,627,value in Thousands,
2024,July,Daman and Diu,Male,463,value in Thousands,
2024,July,Daman and Diu,Female,164,value in Thousands,
2024,July,Dadra and Nagar Haveli,Total,760,value in Thousands,
2024,July,Dadra and Nagar Haveli,Male,465,value in Thousands,
2024,July,Dadra and Nagar Haveli,Female,295,value in Thousands,
2024,July,Chhattisgarh,Total,30638,value in Thousands,
2024,July,Chhattisgarh,Male,15365,value in Thousands,
2024,July,Chhattisgarh,Female,15273,value in Thousands,
2024,July,Chandigarh,Total,1247,value in Thousands,
2024,July,Chandigarh,Male,672,value in Thousands,
2024,July,Chandigarh,Female,575,value in Thousands,
2024,July,Bihar,Total,129205,value in Thousands,
2024,July,Bihar,Male,67101,value in Thousands,
2024,July,Bihar,Female,62104,value in Thousands,
2024,July,Assam,Total,36159,value in Thousands,
2024,July,Assam,Male,18388,value in Thousands,
2024,July,Assam,Female,17771,value in Thousands,
2024,July,Arunachal Pradesh,Total,1580,value in Thousands,
2024,July,Arunachal Pradesh,Male,811,value in Thousands,
2024,July,Arunachal Pradesh,Female,768,value in Thousands,
2024,July,Andhra Pradesh,Total,53402,value in Thousands,
2024,July,Andhra Pradesh,Male,26690,value in Thousands,
2024,July,Andhra Pradesh,Female,26711,value in Thousands,
2024,July,Andaman and Nicobar Islands,Total,404,value in Thousands,
2024,July,Andaman and Nicobar Islands,Male,213,value in Thousands,
2024,July,Andaman and Nicobar Islands,Female,191,value in Thousands,
2024,July,All India,Total,1404910,value in Thousands,
2024,July,All India,Male,721575,value in Thousands,
2024,July,All India,Female,683335,value in Thousands,
2023,October,West Bengal,Total,99363,value in Thousands,
2023,October,West Bengal,Male,50656,value in Thousands,
2023,October,West Bengal,Female,48707,value in Thousands,
2023,October,Uttarakhand,Total,11706,value in Thousands,
2023,October,Uttarakhand,Male,6001,value in Thousands,
2023,October,Uttarakhand,Female,5705,value in Thousands,
2023,October,Uttar Pradesh,Total,237082,value in Thousands,
2023,October,Uttar Pradesh,Male,123435,value in Thousands,
2023,October,Uttar Pradesh,Female,113647,value in Thousands,
2023,October,Tripura,Total,4165,value in Thousands,
2023,October,Tripura,Male,2117,value in Thousands,
2023,October,Tripura,Female,2049,value in Thousands,
2023,October,Telangana,Total,38181,value in Thousands,
2023,October,Telangana,Male,19197,value in Thousands,
2023,October,Telangana,Female,18983,value in Thousands,
2023,October,Tamil Nadu,Total,76993,value in Thousands,
2023,October,Tamil Nadu,Male,38418,value in Thousands,
2023,October,Tamil Nadu,Female,38576,value in Thousands,
2023,October,Sikkim,Total,692,value in Thousands,
2023,October,Sikkim,Male,365,value in Thousands,
2023,October,Sikkim,Female,327,value in Thousands,
2023,October,Rajasthan,Total,81534,value in Thousands,
2023,October,Rajasthan,Male,41821,value in Thousands,
2023,October,Rajasthan,Female,39713,value in Thousands,
2023,October,Punjab,Total,30845,value in Thousands,
2023,October,Punjab,Male,16191,value in Thousands,
2023,October,Punjab,Female,14654,value in Thousands,
2023,October,Puducherry,Total,1667,value in Thousands,
2023,October,Puducherry,Male,792,value in Thousands,
2023,October,Puducherry,Female,875,value in Thousands,
2023,October,Odisha,Total,46446,value in Thousands,
2023,October,Odisha,Male,23359,value in Thousands,
2023,October,Odisha,Female,23087,value in Thousands,
2023,October,Nagaland,Total,2243,value in Thousands,
2023,October,Nagaland,Male,1157,value in Thousands,
2023,October,Nagaland,Female,1086,value in Thousands,
2023,October,Mizoram,Total,1244,value in Thousands,
2023,October,Mizoram,Male,627,value in Thousands,
2023,October,Mizoram,Female,617,value in Thousands,
2023,October,Meghalaya,Total,3364,value in Thousands,
2023,October,Meghalaya,Male,1685,value in Thousands,
2023,October,Meghalaya,Female,1679,value in Thousands,
2023,October,Manipur,Total,3238,value in Thousands,
2023,October,Manipur,Male,1625,value in Thousands,
2023,October,Manipur,Female,1613,value in Thousands,
2023,October,Maharashtra,Total,126954,value in Thousands,
2023,October,Maharashtra,Male,66040,value in Thousands,
2023,October,Maharashtra,Female,60913,value in Thousands,
2023,October,Madhya Pradesh,Total,87180,value in Thousands,
2023,October,Madhya Pradesh,Male,44926,value in Thousands,
2023,October,Madhya Pradesh,Female,42255,value in Thousands,
2023,October,Lakshadweep,Total,69,value in Thousands,
2023,October,Lakshadweep,Male,35,value in Thousands,
2023,October,Lakshadweep,Female,33,value in Thousands,
2023,October,Ladakh,Total,301,value in Thousands,
2023,October,Ladakh,Male,169,value in Thousands,
2023,October,Ladakh,Female,133,value in Thousands,
2023,October,Kerala,Total,35860,value in Thousands,
2023,October,Kerala,Male,17225,value in Thousands,
2023,October,Kerala,Female,18635,value in Thousands,
2023,October,Karnataka,Total,67939,value in Thousands,
2023,October,Karnataka,Male,34467,value in Thousands,
2023,October,Karnataka,Female,33471,value in Thousands,
2023,October,Jharkhand,Total,39756,value in Thousands,
2023,October,Jharkhand,Male,20338,value in Thousands,
2023,October,Jharkhand,Female,19418,value in Thousands,
2023,October,Jammu and Kashmir,Total,13660,value in Thousands,
2023,October,Jammu and Kashmir,Male,7147,value in Thousands,
2023,October,Jammu and Kashmir,Female,6513,value in Thousands,
2023,October,Himachal Pradesh,Total,7490,value in Thousands,
2023,October,Himachal Pradesh,Male,3798,value in Thousands,
2023,October,Himachal Pradesh,Female,3692,value in Thousands,
2023,October,Haryana,Total,30421,value in Thousands,
2023,October,Haryana,Male,16091,value in Thousands,
2023,October,Haryana,Female,14330,value in Thousands,
2023,October,Gujarat,Total,72009,value in Thousands,
2023,October,Gujarat,Male,37804,value in Thousands,
2023,October,Gujarat,Female,34205,value in Thousands,
2023,October,Goa,Total,1579,value in Thousands,
2023,October,Goa,Male,796,value in Thousands,
2023,October,Goa,Female,784,value in Thousands,
2023,October,Delhi,Total,21588,value in Thousands,
2023,October,Delhi,Male,11483,value in Thousands,
2023,October,Delhi,Female,10105,value in Thousands,
2023,October,Daman and Diu,Total,591,value in Thousands,
2023,October,Daman and Diu,Male,433,value in Thousands,
2023,October,Daman and Diu,Female,158,value in Thousands,
2023,October,Dadra and Nagar Haveli,Total,726,value in Thousands,
2023,October,Dadra and Nagar Haveli,Male,442,value in Thousands,
2023,October,Dadra and Nagar Haveli,Female,284,value in Thousands,
2023,October,Chhattisgarh,Total,30380,value in Thousands,
2023,October,Chhattisgarh,Male,15237,value in Thousands,
2023,October,Chhattisgarh,Female,15144,value in Thousands,
2023,October,Chandigarh,Total,1238,value in Thousands,
2023,October,Chandigarh,Male,668,value in Thousands,
2023,October,Chandigarh,Female,571,value in Thousands,
2023,October,Bihar,Total,127827,value in Thousands,
2023,October,Bihar,Male,66406,value in Thousands,
2023,October,Bihar,Female,61421,value in Thousands,
2023,October,Assam,Total,35908,value in Thousands,
2023,October,Assam,Male,18265,value in Thousands,
2023,October,Assam,Female,17642,value in Thousands,
2023,October,Arunachal Pradesh,Total,1569,value in Thousands,
2023,October,Arunachal Pradesh,Male,806,value in Thousands,
2023,October,Arunachal Pradesh,Female,763,value in Thousands,
2023,October,Andhra Pradesh,Total,53263,value in Thousands,
2023,October,Andhra Pradesh,Male,26626,value in Thousands,
2023,October,Andhra Pradesh,Female,26638,value in Thousands,
2023,October,Andaman and Nicobar Islands,Total,403,value in Thousands,
2023,October,Andaman and Nicobar Islands,Male,213,value in Thousands,
2023,October,Andaman and Nicobar Islands,Female,191,value in Thousands,
2023,October,All India,Total,1395478,value in Thousands,
2023,October,All India,Male,716861,value in Thousands,
2023,October,All India,Female,678617,value in Thousands,
2023,March,West Bengal,Total,99084,value in Thousands,
2023,March,West Bengal,Male,50529,value in Thousands,
2023,March,West Bengal,Female,48554,value in Thousands,
2023,March,Uttarakhand,Total,11637,value in Thousands,
2023,March,Uttarakhand,Male,5965,value in Thousands,
2023,March,Uttarakhand,Female,5672,value in Thousands,
2023,March,Uttar Pradesh,Total,235687,value in Thousands,
2023,March,Uttar Pradesh,Male,122737,value in Thousands,
2023,March,Uttar Pradesh,Female,112951,value in Thousands,
2023,March,Tripura,Total,4147,value in Thousands,
2023,March,Tripura,Male,2108,value in Thousands,
2023,March,Tripura,Female,2039,value in Thousands,
2023,March,Telangana,Total,38090,value in Thousands,
2023,March,Telangana,Male,19154,value in Thousands,
2023,March,Telangana,Female,18936,value in Thousands,
2023,March,Tamil Nadu,Total,76860,value in Thousands,
2023,March,Tamil Nadu,Male,38361,value in Thousands,
2023,March,Tamil Nadu,Female,38499,value in Thousands,
2023,March,Sikkim,Total,689,value in Thousands,
2023,March,Sikkim,Male,363,value in Thousands,
2023,March,Sikkim,Female,326,value in Thousands,
2023,March,Rajasthan,Total,81025,value in Thousands,
2023,March,Rajasthan,Male,41584,value in Thousands,
2023,March,Rajasthan,Female,39441,value in Thousands,
2023,March,Punjab,Total,30730,value in Thousands,
2023,March,Punjab,Male,16135,value in Thousands,
2023,March,Punjab,Female,14595,value in Thousands,
2023,March,Puducherry,Total,1646,value in Thousands,
2023,March,Puducherry,Male,783,value in Thousands,
2023,March,Puducherry,Female,862,value in Thousands,
2023,March,Odisha,Total,46276,value in Thousands,
2023,March,Odisha,Male,23278,value in Thousands,
2023,March,Odisha,Female,22998,value in Thousands,
2023,March,Nagaland,Total,2233,value in Thousands,
2023,March,Nagaland,Male,1152,value in Thousands,
2023,March,Nagaland,Female,1081,value in Thousands,
2023,March,Mizoram,Total,1238,value in Thousands,
2023,March,Mizoram,Male,624,value in Thousands,
2023,March,Mizoram,Female,614,value in Thousands,
2023,March,Meghalaya,Total,3349,value in Thousands,
2023,March,Meghalaya,Male,1677,value in Thousands,
2023,March,Meghalaya,Female,1671,value in Thousands,
2023,March,Manipur,Total,3223,value in Thousands,
2023,March,Manipur,Male,1618,value in Thousands,
2023,March,Manipur,Female,1606,value in Thousands,
2023,March,Maharashtra,Total,126385,value in Thousands,
2023,March,Maharashtra,Male,65738,value in Thousands,
2023,March,Maharashtra,Female,60647,value in Thousands,
2023,March,Madhya Pradesh,Total,86579,value in Thousands,
2023,March,Madhya Pradesh,Male,44629,value in Thousands,
2023,March,Madhya Pradesh,Female,41950,value in Thousands,
2023,March,Lakshadweep,Total,69,value in Thousands,
2023,March,Lakshadweep,Male,35,value in Thousands,
2023,March,Lakshadweep,Female,33,value in Thousands,
2023,March,Ladakh,Total,300,value in Thousands,
2023,March,Ladakh,Male,168,value in Thousands,
2023,March,Ladakh,Female,132,value in Thousands,
2023,March,Kerala,Total,35776,value in Thousands,
2023,March,Kerala,Male,17184,value in Thousands,
2023,March,Kerala,Female,18593,value in Thousands,
2023,March,Karnataka,Total,67692,value in Thousands,
2023,March,Karnataka,Male,34342,value in Thousands,
2023,March,Karnataka,Female,33350,value in Thousands,
2023,March,Jharkhand,Total,39466,value in Thousands,
2023,March,Jharkhand,Male,20194,value in Thousands,
2023,March,Jharkhand,Female,19272,value in Thousands,
2023,March,Jammu and Kashmir,Total,13603,value in Thousands,
2023,March,Jammu and Kashmir,Male,7120,value in Thousands,
2023,March,Jammu and Kashmir,Female,6483,value in Thousands,
2023,March,Himachal Pradesh,Total,7468,value in Thousands,
2023,March,Himachal Pradesh,Male,3787,value in Thousands,
2023,March,Himachal Pradesh,Female,3681,value in Thousands,
2023,March,Haryana,Total,30209,value in Thousands,
2023,March,Haryana,Male,15985,value in Thousands,
2023,March,Haryana,Female,14224,value in Thousands,
2023,March,Gujarat,Total,71507,value in Thousands,
2023,March,Gujarat,Male,37532,value in Thousands,
2023,March,Gujarat,Female,33975,value in Thousands,
2023,March,Goa,Total,1575,value in Thousands,
2023,March,Goa,Male,793,value in Thousands,
2023,March,Goa,Female,781,value in Thousands,
2023,March,Delhi,Total,21359,value in Thousands,
2023,March,Delhi,Male,11366,value in Thousands,
2023,March,Delhi,Female,9993,value in Thousands,
2023,March,Daman and Diu,Total,564,value in Thousands,
2023,March,Daman and Diu,Male,409,value in Thousands,
2023,March,Daman and Diu,Female,154,value in Thousands,
2023,March,Dadra and Nagar Haveli,Total,699,value in Thousands,
2023,March,Dadra and Nagar Haveli,Male,424,value in Thousands,
2023,March,Dadra and Nagar Haveli,Female,275,value in Thousands,
2023,March,Chhattisgarh,Total,30180,value in Thousands,
2023,March,Chhattisgarh,Male,15137,value in Thousands,
2023,March,Chhattisgarh,Female,15043,value in Thousands,
2023,March,Chandigarh,Total,1231,value in Thousands,
2023,March,Chandigarh,Male,665,value in Thousands,
2023,March,Chandigarh,Female,567,value in Thousands,
2023,March,Bihar,Total,126756,value in Thousands,
2023,March,Bihar,Male,65865,value in Thousands,
2023,March,Bihar,Female,60891,value in Thousands,
2023,March,Assam,Total,35713,value in Thousands,
2023,March,Assam,Male,18170,value in Thousands,
2023,March,Assam,Female,17543,value in Thousands,
2023,March,Arunachal Pradesh,Total,1562,value in Thousands,
2023,March,Arunachal Pradesh,Male,803,value in Thousands,
2023,March,Arunachal Pradesh,Female,759,value in Thousands,
2023,March,Andhra Pradesh,Total,53156,value in Thousands,
2023,March,Andhra Pradesh,Male,26576,value in Thousands,
2023,March,Andhra Pradesh,Female,26580,value in Thousands,
2023,March,Andaman and Nicobar Islands,Total,403,value in Thousands,
2023,March,Andaman and Nicobar Islands,Male,212,value in Thousands,
2023,March,Andaman and Nicobar Islands,Female,190,value in Thousands,
2023,March,All India,Total,1388163,value in Thousands,
2023,March,All India,Male,713202,value in Thousands,
2023,March,All India,Female,674961,value in Thousands,
2023,July,West Bengal,Total,99243,value in Thousands,
2023,July,West Bengal,Male,50602,value in Thousands,
2023,July,West Bengal,Female,48642,value in Thousands,
2023,July,Uttarakhand,Total,11676,value in Thousands,
2023,July,Uttarakhand,Male,5985,value in Thousands,
2023,July,Uttarakhand,Female,5691,value in Thousands,
2023,July,Uttar Pradesh,Total,236484,value in Thousands,
2023,July,Uttar Pradesh,Male,123136,value in Thousands,
2023,July,Uttar Pradesh,Female,113348,value in Thousands,
2023,July,Tripura,Total,4156,value in Thousands,
2023,July,Tripura,Male,2112,value in Thousands,
2023,July,Tripura,Female,2044,value in Thousands,
2023,July,Telangana,Total,38135,value in Thousands,
2023,July,Telangana,Male,19175,value in Thousands,
2023,July,Telangana,Female,18960,value in Thousands,
2023,July,Tamil Nadu,Total,76936,value in Thousands,
2023,July,Tamil Nadu,Male,38393,value in Thousands,
2023,July,Tamil Nadu,Female,38543,value in Thousands,
2023,July,Sikkim,Total,691,value in Thousands,
2023,July,Sikkim,Male,364,value in Thousands,
2023,July,Sikkim,Female,327,value in Thousands,
2023,July,Rajasthan,Total,81316,value in Thousands,
2023,July,Rajasthan,Male,41720,value in Thousands,
2023,July,Rajasthan,Female,39596,value in Thousands,
2023,July,Punjab,Total,30796,value in Thousands,
2023,July,Punjab,Male,16167,value in Thousands,
2023,July,Punjab,Female,14629,value in Thousands,
2023,July,Puducherry,Total,1658,value in Thousands,
2023,July,Puducherry,Male,788,value in Thousands,
2023,July,Puducherry,Female,870,value in Thousands,
2023,July,Odisha,Total,46373,value in Thousands,
2023,July,Odisha,Male,23324,value in Thousands,
2023,July,Odisha,Female,23049,value in Thousands,
2023,July,Nagaland,Total,2238,value in Thousands,
2023,July,Nagaland,Male,1155,value in Thousands,
2023,July,Nagaland,Female,1083,value in Thousands,
2023,July,Mizoram,Total,1241,value in Thousands,
2023,July,Mizoram,Male,626,value in Thousands,
2023,July,Mizoram,Female,615,value in Thousands,
2023,July,Meghalaya,Total,3356,value in Thousands,
2023,July,Meghalaya,Male,1681,value in Thousands,
2023,July,Meghalaya,Female,1675,value in Thousands,
2023,July,Manipur,Total,3231,value in Thousands,
2023,July,Manipur,Male,1621,value in Thousands,
2023,July,Manipur,Female,1610,value in Thousands,
2023,July,Maharashtra,Total,126710,value in Thousands,
2023,July,Maharashtra,Male,65911,value in Thousands,
2023,July,Maharashtra,Female,60799,value in Thousands,
2023,July,Madhya Pradesh,Total,86923,value in Thousands,
2023,July,Madhya Pradesh,Male,44798,value in Thousands,
2023,July,Madhya Pradesh,Female,42124,value in Thousands,
2023,July,Lakshadweep,Total,69,value in Thousands,
2023,July,Lakshadweep,Male,35,value in Thousands,
2023,July,Lakshadweep,Female,33,value in Thousands,
2023,July,Ladakh,Total,301,value in Thousands,
2023,July,Ladakh,Male,169,value in Thousands,
2023,July,Ladakh,Female,132,value in Thousands,
2023,July,Kerala,Total,35824,value in Thousands,
2023,July,Kerala,Male,17207,value in Thousands,
2023,July,Kerala,Female,18617,value in Thousands,
2023,July,Karnataka,Total,67833,value in Thousands,
2023,July,Karnataka,Male,34413,value in Thousands,
2023,July,Karnataka,Female,33419,value in Thousands,
2023,July,Jharkhand,Total,39632,value in Thousands,
2023,July,Jharkhand,Male,20276,value in Thousands,
2023,July,Jharkhand,Female,19355,value in Thousands,
2023,July,Jammu and Kashmir,Total,13636,value in Thousands,
2023,July,Jammu and Kashmir,Male,7136,value in Thousands,
2023,July,Jammu and Kashmir,Female,6500,value in Thousands,
2023,July,Himachal Pradesh,Total,7480,value in Thousands,
2023,July,Himachal Pradesh,Male,3793,value in Thousands,
2023,July,Himachal Pradesh,Female,3687,value in Thousands,
2023,July,Haryana,Total,30331,value in Thousands,
2023,July,Haryana,Male,16046,value in Thousands,
2023,July,Haryana,Female,14285,value in Thousands,
2023,July,Gujarat,Total,71794,value in Thousands,
2023,July,Gujarat,Male,37688,value in Thousands,
2023,July,Gujarat,Female,34106,value in Thousands,
2023,July,Goa,Total,1577,value in Thousands,
2023,July,Goa,Male,795,value in Thousands,
2023,July,Goa,Female,783,value in Thousands,
2023,July,Delhi,Total,21490,value in Thousands,
2023,July,Delhi,Male,11433,value in Thousands,
2023,July,Delhi,Female,10057,value in Thousands,
2023,July,Daman and Diu,Total,579,value in Thousands,
2023,July,Daman and Diu,Male,423,value in Thousands,
2023,July,Daman and Diu,Female,157,value in Thousands,
2023,July,Dadra and Nagar Haveli,Total,714,value in Thousands,
2023,July,Dadra and Nagar Haveli,Male,434,value in Thousands,
2023,July,Dadra and Nagar Haveli,Female,280,value in Thousands,
2023,July,Chhattisgarh,Total,30294,value in Thousands,
2023,July,Chhattisgarh,Male,15194,value in Thousands,
2023,July,Chhattisgarh,Female,15100,value in Thousands,
2023,July,Chandigarh,Total,1235,value in Thousands,
2023,July,Chandigarh,Male,666,value in Thousands,
2023,July,Chandigarh,Female,569,value in Thousands,
2023,July,Bihar,Total,127368,value in Thousands,
2023,July,Bihar,Male,66174,value in Thousands,
2023,July,Bihar,Female,61194,value in Thousands,
2023,July,Assam,Total,35824,value in Thousands,
2023,July,Assam,Male,18225,value in Thousands,
2023,July,Assam,Female,17600,value in Thousands,
2023,July,Arunachal Pradesh,Total,1565,value in Thousands,
2023,July,Arunachal Pradesh,Male,804,value in Thousands,
2023,July,Arunachal Pradesh,Female,761,value in Thousands,
2023,July,Andhra Pradesh,Total,53217,value in Thousands,
2023,July,Andhra Pradesh,Male,26604,value in Thousands,
2023,July,Andhra Pradesh,Female,26613,value in Thousands,
2023,July,Andaman and Nicobar Islands,Total,403,value in Thousands,
2023,July,Andaman and Nicobar Islands,Male,212,value in Thousands,
2023,July,Andaman and Nicobar Islands,Female,191,value in Thousands,
2023,July,All India,Total,1392329,value in Thousands,
2023,July,All India,Male,715285,value in Thousands,
2023,July,All India,Female,677044,value in Thousands,
2022,October,West Bengal,Total,98884,value in Thousands,
2022,October,West Bengal,Male,50439,value in Thousands,
2022,October,West Bengal,Female,48445,value in Thousands,
2022,October,Uttarakhand,Total,11587,value in Thousands,
2022,October,Uttarakhand,Male,5938,value in Thousands,
2022,October,Uttarakhand,Female,5649,value in Thousands,
2022,October,Uttar Pradesh,Total,234692,value in Thousands,
2022,October,Uttar Pradesh,Male,122238,value in Thousands,
2022,October,Uttar Pradesh,Female,112453,value in Thousands,
2022,October,Tripura,Total,4128,value in Thousands,
2022,October,Tripura,Male,2098,value in Thousands,
2022,October,Tripura,Female,2029,value in Thousands,
2022,October,Telangana,Total,37999,value in Thousands,
2022,October,Telangana,Male,19110,value in Thousands,
2022,October,Telangana,Female,18889,value in Thousands,
2022,October,Tamil Nadu,Total,76765,value in Thousands,
2022,October,Tamil Nadu,Male,38320,value in Thousands,
2022,October,Tamil Nadu,Female,38445,value in Thousands,
2022,October,Sikkim,Total,686,value in Thousands,
2022,October,Sikkim,Male,362,value in Thousands,
2022,October,Sikkim,Female,324,value in Thousands,
2022,October,Rajasthan,Total,80662,value in Thousands,
2022,October,Rajasthan,Male,41415,value in Thousands,
2022,October,Rajasthan,Female,39247,value in Thousands,
2022,October,Punjab,Total,30649,value in Thousands,
2022,October,Punjab,Male,16095,value in Thousands,
2022,October,Punjab,Female,14554,value in Thousands,
2022,October,Puducherry,Total,1630,value in Thousands,
2022,October,Puducherry,Male,777,value in Thousands,
2022,October,Puducherry,Female,853,value in Thousands,
2022,October,Odisha,Total,46156,value in Thousands,
2022,October,Odisha,Male,23221,value in Thousands,
2022,October,Odisha,Female,22935,value in Thousands,
2022,October,Nagaland,Total,2223,value in Thousands,
2022,October,Nagaland,Male,1147,value in Thousands,
2022,October,Nagaland,Female,1076,value in Thousands,
2022,October,Mizoram,Total,1233,value in Thousands,
2022,October,Mizoram,Male,622,value in Thousands,
2022,October,Mizoram,Female,611,value in Thousands,
2022,October,Meghalaya,Total,3333,value in Thousands,
2022,October,Meghalaya,Male,1670,value in Thousands,
2022,October,Meghalaya,Female,1663,value in Thousands,
2022,October,Manipur,Total,3209,value in Thousands,
2022,October,Manipur,Male,1611,value in Thousands,
2022,October,Manipur,Female,1598,value in Thousands,
2022,October,Maharashtra,Total,125979,value in Thousands,
2022,October,Maharashtra,Male,65522,value in Thousands,
2022,October,Maharashtra,Female,60457,value in Thousands,
2022,October,Madhya Pradesh,Total,86149,value in Thousands,
2022,October,Madhya Pradesh,Male,44416,value in Thousands,
2022,October,Madhya Pradesh,Female,41733,value in Thousands,
2022,October,Lakshadweep,Total,69,value in Thousands,
2022,October,Lakshadweep,Male,35,value in Thousands,
2022,October,Lakshadweep,Female,33,value in Thousands,
2022,October,Ladakh,Total,300,value in Thousands,
2022,October,Ladakh,Male,168,value in Thousands,
2022,October,Ladakh,Female,132,value in Thousands,
2022,October,Kerala,Total,35716,value in Thousands,
2022,October,Kerala,Male,17154,value in Thousands,
2022,October,Kerala,Female,18562,value in Thousands,
2022,October,Karnataka,Total,67515,value in Thousands,
2022,October,Karnataka,Male,34252,value in Thousands,
2022,October,Karnataka,Female,33263,value in Thousands,
2022,October,Jharkhand,Total,39259,value in Thousands,
2022,October,Jharkhand,Male,20091,value in Thousands,
2022,October,Jharkhand,Female,19167,value in Thousands,
2022,October,Jammu and Kashmir,Total,13562,value in Thousands,
2022,October,Jammu and Kashmir,Male,7102,value in Thousands,
2022,October,Jammu and Kashmir,Female,6461,value in Thousands,
2022,October,Himachal Pradesh,Total,7453,value in Thousands,
2022,October,Himachal Pradesh,Male,3779,value in Thousands,
2022,October,Himachal Pradesh,Female,3673,value in Thousands,
2022,October,Haryana,Total,30058,value in Thousands,
2022,October,Haryana,Male,15910,value in Thousands,
2022,October,Haryana,Female,14148,value in Thousands,
2022,October,Gujarat,Total,71149,value in Thousands,
2022,October,Gujarat,Male,37338,value in Thousands,
2022,October,Gujarat,Female,33811,value in Thousands,
2022,October,Goa,Total,1571,value in Thousands,
2022,October,Goa,Male,792,value in Thousands,
2022,October,Goa,Female,779,value in Thousands,
2022,October,Delhi,Total,21195,value in Thousands,
2022,October,Delhi,Male,11282,value in Thousands,
2022,October,Delhi,Female,9913,value in Thousands,
2022,October,Daman and Diu,Total,544,value in Thousands,
2022,October,Daman and Diu,Male,393,value in Thousands,
2022,October,Daman and Diu,Female,151,value in Thousands,
2022,October,Dadra and Nagar Haveli,Total,680,value in Thousands,
2022,October,Dadra and Nagar Haveli,Male,412,value in Thousands,
2022,October,Dadra and Nagar Haveli,Female,269,value in Thousands,
2022,October,Chhattisgarh,Total,30037,value in Thousands,
2022,October,Chhattisgarh,Male,15066,value in Thousands,
2022,October,Chhattisgarh,Female,14971,value in Thousands,
2022,October,Chandigarh,Total,1226,value in Thousands,
2022,October,Chandigarh,Male,662,value in Thousands,
2022,October,Chandigarh,Female,564,value in Thousands,
2022,October,Bihar,Total,125991,value in Thousands,
2022,October,Bihar,Male,65479,value in Thousands,
2022,October,Bihar,Female,60512,value in Thousands,
2022,October,Assam,Total,35573,value in Thousands,
2022,October,Assam,Male,18102,value in Thousands,
2022,October,Assam,Female,17471,value in Thousands,
2022,October,Arunachal Pradesh,Total,1555,value in Thousands,
2022,October,Arunachal Pradesh,Male,799,value in Thousands,
2022,October,Arunachal Pradesh,Female,755,value in Thousands,
2022,October,Andhra Pradesh,Total,53079,value in Thousands,
2022,October,Andhra Pradesh,Male,26540,value in Thousands,
2022,October,Andhra Pradesh,Female,26539,value in Thousands,
2022,October,Andaman and Nicobar Islands,Total,402,value in Thousands,
2022,October,Andaman and Nicobar Islands,Male,212,value in Thousands,
2022,October,Andaman and Nicobar Islands,Female,190,value in Thousands,
2022,October,All India,Total,1382894,value in Thousands,
2022,October,All India,Male,710569,value in Thousands,
2022,October,All India,Female,672325,value in Thousands,
2022,March,West Bengal,Total,98604,value in Thousands,
2022,March,West Bengal,Male,50312,value in Thousands,
2022,March,West Bengal,Female,48292,value in Thousands,
2022,March,Uttarakhand,Total,11518,value in Thousands,
2022,March,Uttarakhand,Male,5902,value in Thousands,
2022,March,Uttarakhand,Female,5616,value in Thousands,
2022,March,Uttar Pradesh,Total,233297,value in Thousands,
2022,March,Uttar Pradesh,Male,121540,value in Thousands,
2022,March,Uttar Pradesh,Female,111757,value in Thousands,
2022,March,Tripura,Total,4109,value in Thousands,
2022,March,Tripura,Male,2089,value in Thousands,
2022,March,Tripura,Female,2020,value in Thousands,
2022,March,Telangana,Total,37907,value in Thousands,
2022,March,Telangana,Male,19066,value in Thousands,
2022,March,Telangana,Female,18842,value in Thousands,
2022,March,Tamil Nadu,Total,76631,value in Thousands,
2022,March,Tamil Nadu,Male,38263,value in Thousands,
2022,March,Tamil Nadu,Female,38368,value in Thousands,
2022,March,Sikkim,Total,683,value in Thousands,
2022,March,Sikkim,Male,360,value in Thousands,
2022,March,Sikkim,Female,323,value in Thousands,
2022,March,Rajasthan,Total,80153,value in Thousands,
2022,March,Rajasthan,Male,41178,value in Thousands,
2022,March,Rajasthan,Female,38975,value in Thousands,
2022,March,Punjab,Total,30535,value in Thousands,
2022,March,Punjab,Male,16039,value in Thousands,
2022,March,Punjab,Female,14495,value in Thousands,
2022,March,Puducherry,Total,1608,value in Thousands,
2022,March,Puducherry,Male,768,value in Thousands,
2022,March,Puducherry,Female,840,value in Thousands,
2022,March,Odisha,Total,45987,value in Thousands,
2022,March,Odisha,Male,23141,value in Thousands,
2022,March,Odisha,Female,22846,value in Thousands,
2022,March,Nagaland,Total,2213,value in Thousands,
2022,March,Nagaland,Male,1142,value in Thousands,
2022,March,Nagaland,Female,1071,value in Thousands,
2022,March,Mizoram,Total,1227,value in Thousands,
2022,March,Mizoram,Male,619,value in Thousands,
2022,March,Mizoram,Female,608,value in Thousands,
2022,March,Meghalaya,Total,3318,value in Thousands,
2022,March,Meghalaya,Male,1663,value in Thousands,
2022,March,Meghalaya,Female,1655,value in Thousands,
2022,March,Manipur,Total,3194,value in Thousands,
2022,March,Manipur,Male,1603,value in Thousands,
2022,March,Manipur,Female,1591,value in Thousands,
2022,March,Maharashtra,Total,125411,value in Thousands,
2022,March,Maharashtra,Male,65220,value in Thousands,
2022,March,Maharashtra,Female,60191,value in Thousands,
2022,March,Madhya Pradesh,Total,85548,value in Thousands,
2022,March,Madhya Pradesh,Male,44119,value in Thousands,
2022,March,Madhya Pradesh,Female,41429,value in Thousands,
2022,March,Lakshadweep,Total,68,value in Thousands,
2022,March,Lakshadweep,Male,35,value in Thousands,
2022,March,Lakshadweep,Female,33,value in Thousands,
2022,March,Ladakh,Total,299,value in Thousands,
2022,March,Ladakh,Male,168,value in Thousands,
2022,March,Ladakh,Female,131,value in Thousands,
2022,March,Kerala,Total,35633,value in Thousands,
2022,March,Kerala,Male,17113,value in Thousands,
2022,March,Kerala,Female,18520,value in Thousands,
2022,March,Karnataka,Total,67268,value in Thousands,
2022,March,Karnataka,Male,34126,value in Thousands,
2022,March,Karnataka,Female,33142,value in Thousands,
2022,March,Jharkhand,Total,38969,value in Thousands,
2022,March,Jharkhand,Male,19948,value in Thousands,
2022,March,Jharkhand,Female,19021,value in Thousands,
2022,March,Jammu and Kashmir,Total,13505,value in Thousands,
2022,March,Jammu and Kashmir,Male,7075,value in Thousands,
2022,March,Jammu and Kashmir,Female,6430,value in Thousands,
2022,March,Himachal Pradesh,Total,7431,value in Thousands,
2022,March,Himachal Pradesh,Male,3768,value in Thousands,
2022,March,Himachal Pradesh,Female,3663,value in Thousands,
2022,March,Haryana,Total,29846,value in Thousands,
2022,March,Haryana,Male,15804,value in Thousands,
2022,March,Haryana,Female,14042,value in Thousands,
2022,March,Gujarat,Total,70648,value in Thousands,
2022,March,Gujarat,Male,37066,value in Thousands,
2022,March,Gujarat,Female,33581,value in Thousands,
2022,March,Goa,Total,1567,value in Thousands,
2022,March,Goa,Male,790,value in Thousands,
2022,March,Goa,Female,777,value in Thousands,
2022,March,Delhi,Total,20965,value in Thousands,
2022,March,Delhi,Male,11164,value in Thousands,
2022,March,Delhi,Female,9801,value in Thousands,
2022,March,Daman and Diu,Total,516,value in Thousands,
2022,March,Daman and Diu,Male,370,value in Thousands,
2022,March,Daman and Diu,Female,147,value in Thousands,
2022,March,Dadra and Nagar Haveli,Total,654,value in Thousands,
2022,March,Dadra and Nagar Haveli,Male,394,value in Thousands,
2022,March,Dadra and Nagar Haveli,Female,260,value in Thousands,
2022,March,Chhattisgarh,Total,29836,value in Thousands,
2022,March,Chhattisgarh,Male,14966,value in Thousands,
2022,March,Chhattisgarh,Female,14871,value in Thousands,
2022,March,Chandigarh,Total,1219,value in Thousands,
2022,March,Chandigarh,Male,659,value in Thousands,
2022,March,Chandigarh,Female,560,value in Thousands,
2022,March,Bihar,Total,124919,value in Thousands,
2022,March,Bihar,Male,64939,value in Thousands,
2022,March,Bihar,Female,59981,value in Thousands,
2022,March,Assam,Total,35378,value in Thousands,
2022,March,Assam,Male,18006,value in Thousands,
2022,March,Assam,Female,17371,value in Thousands,
2022,March,Arunachal Pradesh,Total,1548,value in Thousands,
2022,March,Arunachal Pradesh,Male,796,value in Thousands,
2022,March,Arunachal Pradesh,Female,752,value in Thousands,
2022,March,Andhra Pradesh,Total,52972,value in Thousands,
2022,March,Andhra Pradesh,Male,26489,value in Thousands,
2022,March,Andhra Pradesh,Female,26482,value in Thousands,
2022,March,Andaman and Nicobar Islands,Total,402,value in Thousands,
2022,March,Andaman and Nicobar Islands,Male,212,value in Thousands,
2022,March,Andaman and Nicobar Islands,Female,190,value in Thousands,
2022,March,All India,Total,1375586,value in Thousands,
2022,March,All India,Male,706912,value in Thousands,
2022,March,All India,Female,668674,value in Thousands,
2022,July,West Bengal,Total,98764,value in Thousands,
2022,July,West Bengal,Male,50385,value in Thousands,
2022,July,West Bengal,Female,48379,value in Thousands,
2022,July,Uttarakhand,Total,11557,value in Thousands,
2022,July,Uttarakhand,Male,5923,value in Thousands,
2022,July,Uttarakhand,Female,5635,value in Thousands,
2022,July,Uttar Pradesh,Total,234094,value in Thousands,
2022,July,Uttar Pradesh,Male,121939,value in Thousands,
2022,July,Uttar Pradesh,Female,112155,value in Thousands,
2022,July,Tripura,Total,4118,value in Thousands,
2022,July,Tripura,Male,2094,value in Thousands,
2022,July,Tripura,Female,2025,value in Thousands,
2022,July,Telangana,Total,37953,value in Thousands,
2022,July,Telangana,Male,19088,value in Thousands,
2022,July,Telangana,Female,18865,value in Thousands,
2022,July,Tamil Nadu,Total,76707,value in Thousands,
2022,July,Tamil Nadu,Male,38295,value in Thousands,
2022,July,Tamil Nadu,Female,38412,value in Thousands,
2022,July,Sikkim,Total,684,value in Thousands,
2022,July,Sikkim,Male,361,value in Thousands,
2022,July,Sikkim,Female,323,value in Thousands,
2022,July,Rajasthan,Total,80444,value in Thousands,
2022,July,Rajasthan,Male,41313,value in Thousands,
2022,July,Rajasthan,Female,39130,value in Thousands,
2022,July,Punjab,Total,30600,value in Thousands,
2022,July,Punjab,Male,16071,value in Thousands,
2022,July,Punjab,Female,14529,value in Thousands,
2022,July,Puducherry,Total,1621,value in Thousands,
2022,July,Puducherry,Male,773,value in Thousands,
2022,July,Puducherry,Female,848,value in Thousands,
2022,July,Odisha,Total,46083,value in Thousands,
2022,July,Odisha,Male,23187,value in Thousands,
2022,July,Odisha,Female,22896,value in Thousands,
2022,July,Nagaland,Total,2218,value in Thousands,
2022,July,Nagaland,Male,1145,value in Thousands,
2022,July,Nagaland,Female,1073,value in Thousands,
2022,July,Mizoram,Total,1230,value in Thousands,
2022,July,Mizoram,Male,620,value in Thousands,
2022,July,Mizoram,Female,610,value in Thousands,
2022,July,Meghalaya,Total,3326,value in Thousands,
2022,July,Meghalaya,Male,1666,value in Thousands,
2022,July,Meghalaya,Female,1659,value in Thousands,
2022,July,Manipur,Total,3201,value in Thousands,
2022,July,Manipur,Male,1607,value in Thousands,
2022,July,Manipur,Female,1594,value in Thousands,
2022,July,Maharashtra,Total,125736,value in Thousands,
2022,July,Maharashtra,Male,65393,value in Thousands,
2022,July,Maharashtra,Female,60343,value in Thousands,
2022,July,Madhya Pradesh,Total,85891,value in Thousands,
2022,July,Madhya Pradesh,Male,44289,value in Thousands,
2022,July,Madhya Pradesh,Female,41602,value in Thousands,
2022,July,Lakshadweep,Total,69,value in Thousands,
2022,July,Lakshadweep,Male,35,value in Thousands,
2022,July,Lakshadweep,Female,33,value in Thousands,
2022,July,Ladakh,Total,299,value in Thousands,
2022,July,Ladakh,Male,168,value in Thousands,
2022,July,Ladakh,Female,131,value in Thousands,
2022,July,Kerala,Total,35680,value in Thousands,
2022,July,Kerala,Male,17137,value in Thousands,
2022,July,Kerala,Female,18544,value in Thousands,
2022,July,Karnataka,Total,67409,value in Thousands,
2022,July,Karnataka,Male,34198,value in Thousands,
2022,July,Karnataka,Female,33211,value in Thousands,
2022,July,Jharkhand,Total,39135,value in Thousands,
2022,July,Jharkhand,Male,20030,value in Thousands,
2022,July,Jharkhand,Female,19105,value in Thousands,
2022,July,Jammu and Kashmir,Total,13538,value in Thousands,
2022,July,Jammu and Kashmir,Male,7090,value in Thousands,
2022,July,Jammu and Kashmir,Female,6448,value in Thousands,
2022,July,Himachal Pradesh,Total,7443,value in Thousands,
2022,July,Himachal Pradesh,Male,3774,value in Thousands,
2022,July,Himachal Pradesh,Female,3669,value in Thousands,
2022,July,Haryana,Total,29967,value in Thousands,
2022,July,Haryana,Male,15864,value in Thousands,
2022,July,Haryana,Female,14103,value in Thousands,
2022,July,Gujarat,Total,70934,value in Thousands,
2022,July,Gujarat,Male,37222,value in Thousands,
2022,July,Gujarat,Female,33713,value in Thousands,
2022,July,Goa,Total,1569,value in Thousands,
2022,July,Goa,Male,791,value in Thousands,
2022,July,Goa,Female,778,value in Thousands,
2022,July,Delhi,Total,21096,value in Thousands,
2022,July,Delhi,Male,11231,value in Thousands,
2022,July,Delhi,Female,9865,value in Thousands,
2022,July,Daman and Diu,Total,532,value in Thousands,
2022,July,Daman and Diu,Male,383,value in Thousands,
2022,July,Daman and Diu,Female,149,value in Thousands,
2022,July,Dadra and Nagar Haveli,Total,669,value in Thousands,
2022,July,Dadra and Nagar Haveli,Male,404,value in Thousands,
2022,July,Dadra and Nagar Haveli,Female,265,value in Thousands,
2022,July,Chhattisgarh,Total,29951,value in Thousands,
2022,July,Chhattisgarh,Male,15023,value in Thousands,
2022,July,Chhattisgarh,Female,14928,value in Thousands,
2022,July,Chandigarh,Total,1223,value in Thousands,
2022,July,Chandigarh,Male,661,value in Thousands,
2022,July,Chandigarh,Female,563,value in Thousands,
2022,July,Bihar,Total,125532,value in Thousands,
2022,July,Bihar,Male,65247,value in Thousands,
2022,July,Bihar,Female,60284,value in Thousands,
2022,July,Assam,Total,35490,value in Thousands,
2022,July,Assam,Male,18061,value in Thousands,
2022,July,Assam,Female,17429,value in Thousands,
2022,July,Arunachal Pradesh,Total,1551,value in Thousands,
2022,July,Arunachal Pradesh,Male,797,value in Thousands,
2022,July,Arunachal Pradesh,Female,754,value in Thousands,
2022,July,Andhra Pradesh,Total,53033,value in Thousands,
2022,July,Andhra Pradesh,Male,26518,value in Thousands,
2022,July,Andhra Pradesh,Female,26515,value in Thousands,
2022,July,Andaman and Nicobar Islands,Total,402,value in Thousands,
2022,July,Andaman and Nicobar Islands,Male,212,value in Thousands,
2022,July,Andaman and Nicobar Islands,Female,190,value in Thousands,
2022,July,All India,Total,1379750,value in Thousands,
2022,July,All India,Male,708995,value in Thousands,
2022,July,All India,Female,670755,value in Thousands,
2021,October,West Bengal,Total,98404,value in Thousands,
2021,October,West Bengal,Male,50222,value in Thousands,
2021,October,West Bengal,Female,48182,value in Thousands,
2021,October,Uttarakhand,Total,11468,value in Thousands,
2021,October,Uttarakhand,Male,5876,value in Thousands,
2021,October,Uttarakhand,Female,5592,value in Thousands,
2021,October,Uttar Pradesh,Total,232301,value in Thousands,
2021,October,Uttar Pradesh,Male,121042,value in Thousands,
2021,October,Uttar Pradesh,Female,111259,value in Thousands,
2021,October,Tripura,Total,4090,value in Thousands,
2021,October,Tripura,Male,2080,value in Thousands,
2021,October,Tripura,Female,2010,value in Thousands,
2021,October,Telangana,Total,37816,value in Thousands,
2021,October,Telangana,Male,19022,value in Thousands,
2021,October,Telangana,Female,18794,value in Thousands,
2021,October,Tamil Nadu,Total,76536,value in Thousands,
2021,October,Tamil Nadu,Male,38222,value in Thousands,
2021,October,Tamil Nadu,Female,38314,value in Thousands,
2021,October,Sikkim,Total,680,value in Thousands,
2021,October,Sikkim,Male,359,value in Thousands,
2021,October,Sikkim,Female,321,value in Thousands,
2021,October,Rajasthan,Total,79790,value in Thousands,
2021,October,Rajasthan,Male,41009,value in Thousands,
2021,October,Rajasthan,Female,38781,value in Thousands,
2021,October,Punjab,Total,30453,value in Thousands,
2021,October,Punjab,Male,15999,value in Thousands,
2021,October,Punjab,Female,14454,value in Thousands,
2021,October,Puducherry,Total,1593,value in Thousands,
2021,October,Puducherry,Male,762,value in Thousands,
2021,October,Puducherry,Female,831,value in Thousands,
2021,October,Odisha,Total,45865,value in Thousands,
2021,October,Odisha,Male,23083,value in Thousands,
2021,October,Odisha,Female,22782,value in Thousands,
2021,October,Nagaland,Total,2203,value in Thousands,
2021,October,Nagaland,Male,1137,value in Thousands,
2021,October,Nagaland,Female,1065,value in Thousands,
2021,October,Mizoram,Total,1221,value in Thousands,
2021,October,Mizoram,Male,616,value in Thousands,
2021,October,Mizoram,Female,605,value in Thousands,
2021,October,Meghalaya,Total,3303,value in Thousands,
2021,October,Meghalaya,Male,1656,value in Thousands,
2021,October,Meghalaya,Female,1648,value in Thousands,
2021,October,Manipur,Total,3179,value in Thousands,
2021,October,Manipur,Male,1596,value in Thousands,
2021,October,Manipur,Female,1583,value in Thousands,
2021,October,Maharashtra,Total,125005,value in Thousands,
2021,October,Maharashtra,Male,65004,value in Thousands,
2021,October,Maharashtra,Female,60001,value in Thousands,
2021,October,Madhya Pradesh,Total,85118,value in Thousands,
2021,October,Madhya Pradesh,Male,43907,value in Thousands,
2021,October,Madhya Pradesh,Female,41211,value in Thousands,
2021,October,Lakshadweep,Total,68,value in Thousands,
2021,October,Lakshadweep,Male,35,value in Thousands,
2021,October,Lakshadweep,Female,33,value in Thousands,
2021,October,Ladakh,Total,298,value in Thousands,
2021,October,Ladakh,Male,167,value in Thousands,
2021,October,Ladakh,Female,131,value in Thousands,
2021,October,Kerala,Total,35573,value in Thousands,
2021,October,Kerala,Male,17084,value in Thousands,
2021,October,Kerala,Female,18489,value in Thousands,
2021,October,Karnataka,Total,67092,value in Thousands,
2021,October,Karnataka,Male,34037,value in Thousands,
2021,October,Karnataka,Female,33055,value in Thousands,
2021,October,Jharkhand,Total,38762,value in Thousands,
2021,October,Jharkhand,Male,19845,value in Thousands,
2021,October,Jharkhand,Female,18917,value in Thousands,
2021,October,Jammu and Kashmir,Total,13465,value in Thousands,
2021,October,Jammu and Kashmir,Male,7056,value in Thousands,
2021,October,Jammu and Kashmir,Female,6408,value in Thousands,
2021,October,Himachal Pradesh,Total,7415,value in Thousands,
2021,October,Himachal Pradesh,Male,3760,value in Thousands,
2021,October,Himachal Pradesh,Female,3655,value in Thousands,
2021,October,Haryana,Total,29695,value in Thousands,
2021,October,Haryana,Male,15728,value in Thousands,
2021,October,Haryana,Female,13966,value in Thousands,
2021,October,Gujarat,Total,70289,value in Thousands,
2021,October,Gujarat,Male,36872,value in Thousands,
2021,October,Gujarat,Female,33417,value in Thousands,
2021,October,Goa,Total,1563,value in Thousands,
2021,October,Goa,Male,788,value in Thousands,
2021,October,Goa,Female,775,value in Thousands,
2021,October,Delhi,Total,20801,value in Thousands,
2021,October,Delhi,Male,11080,value in Thousands,
2021,October,Delhi,Female,9721,value in Thousands,
2021,October,Daman and Diu,Total,497,value in Thousands,
2021,October,Daman and Diu,Male,353,value in Thousands,
2021,October,Daman and Diu,Female,144,value in Thousands,
2021,October,Dadra and Nagar Haveli,Total,635,value in Thousands,
2021,October,Dadra and Nagar Haveli,Male,381,value in Thousands,
2021,October,Dadra and Nagar Haveli,Female,254,value in Thousands,
2021,October,Chhattisgarh,Total,29693,value in Thousands,
2021,October,Chhattisgarh,Male,14894,value in Thousands,
2021,October,Chhattisgarh,Female,14799,value in Thousands,
2021,October,Chandigarh,Total,1215,value in Thousands,
2021,October,Chandigarh,Male,657,value in Thousands,
2021,October,Chandigarh,Female,558,value in Thousands,
2021,October,Bihar,Total,124154,value in Thousands,
2021,October,Bihar,Male,64552,value in Thousands,
2021,October,Bihar,Female,59602,value in Thousands,
2021,October,Assam,Total,35239,value in Thousands,
2021,October,Assam,Male,17938,value in Thousands,
2021,October,Assam,Female,17300,value in Thousands,
2021,October,Arunachal Pradesh,Total,1540,value in Thousands,
2021,October,Arunachal Pradesh,Male,792,value in Thousands,
2021,October,Arunachal Pradesh,Female,748,value in Thousands,
2021,October,Andhra Pradesh,Total,52895,value in Thousands,
2021,October,Andhra Pradesh,Male,26453,value in Thousands,
2021,October,Andhra Pradesh,Female,26441,value in Thousands,
2021,October,Andaman and Nicobar Islands,Total,401,value in Thousands,
2021,October,Andaman and Nicobar Islands,Male,212,value in Thousands,
2021,October,Andaman and Nicobar Islands,Female,189,value in Thousands,
2021,October,All India,Total,1370311,value in Thousands,
2021,October,All India,Male,704276,value in Thousands,
2021,October,All India,Female,666035,value in Thousands,
2021,March,West Bengal,Total,98125,value in Thousands,
2021,March,West Bengal,Male,50095,value in Thousands,
2021,March,West Bengal,Female,48029,value in Thousands,
2021,March,Uttarakhand,Total,11399,value in Thousands,
2021,March,Uttarakhand,Male,5840,value in Thousands,
2021,March,Uttarakhand,Female,5560,value in Thousands,
2021,March,Uttar Pradesh,Total,230907,value in Thousands,
2021,March,Uttar Pradesh,Male,120344,value in Thousands,
2021,March,Uttar Pradesh,Female,110563,value in Thousands,
2021,March,Tripura,Total,4071,value in Thousands,
2021,March,Tripura,Male,2071,value in Thousands,
2021,March,Tripura,Female,2000,value in Thousands,
2021,March,Telangana,Total,37725,value in Thousands,
2021,March,Telangana,Male,18978,value in Thousands,
2021,March,Telangana,Female,18747,value in Thousands,
2021,March,Tamil Nadu,Total,76402,value in Thousands,
2021,March,Tamil Nadu,Male,38165,value in Thousands,
2021,March,Tamil Nadu,Female,38237,value in Thousands,
2021,March,Sikkim,Total,677,value in Thousands,
2021,March,Sikkim,Male,357,value in Thousands,
2021,March,Sikkim,Female,320,value in Thousands,
2021,March,Rajasthan,Total,79281,value in Thousands,
2021,March,Rajasthan,Male,40772,value in Thousands,
2021,March,Rajasthan,Female,38509,value in Thousands,
2021,March,Punjab,Total,30339,value in Thousands,
2021,March,Punjab,Male,15943,value in Thousands,
2021,March,Punjab,Female,14395,value in Thousands,
2021,March,Puducherry,Total,1571,value in Thousands,
2021,March,Puducherry,Male,753,value in Thousands,
2021,March,Puducherry,Female,819,value in Thousands,
2021,March,Odisha,Total,45696,value in Thousands,
2021,March,Odisha,Male,23003,value in Thousands,
2021,March,Odisha,Female,22693,value in Thousands,
2021,March,Nagaland,Total,2192,value in Thousands,
2021,March,Nagaland,Male,1132,value in Thousands,
2021,March,Nagaland,Female,1060,value in Thousands,
2021,March,Mizoram,Total,1216,value in Thousands,
2021,March,Mizoram,Male,614,value in Thousands,
2021,March,Mizoram,Female,602,value in Thousands,
2021,March,Meghalaya,Total,3288,value in Thousands,
2021,March,Meghalaya,Male,1648,value in Thousands,
2021,March,Meghalaya,Female,1640,value in Thousands,
2021,March,Manipur,Total,3165,value in Thousands,
2021,March,Manipur,Male,1589,value in Thousands,
2021,March,Manipur,Female,1575,value in Thousands,
2021,March,Maharashtra,Total,124437,value in Thousands,
2021,March,Maharashtra,Male,64702,value in Thousands,
2021,March,Maharashtra,Female,59735,value in Thousands,
2021,March,Madhya Pradesh,Total,84516,value in Thousands,
2021,March,Madhya Pradesh,Male,43609,value in Thousands,
2021,March,Madhya Pradesh,Female,40907,value in Thousands,
2021,March,Lakshadweep,Total,68,value in Thousands,
2021,March,Lakshadweep,Male,35,value in Thousands,
2021,March,Lakshadweep,Female,33,value in Thousands,
2021,March,Ladakh,Total,297,value in Thousands,
2021,March,Ladakh,Male,167,value in Thousands,
2021,March,Ladakh,Female,130,value in Thousands,
2021,March,Kerala,Total,35489,value in Thousands,
2021,March,Kerala,Male,17043,value in Thousands,
2021,March,Kerala,Female,18447,value in Thousands,
2021,March,Karnataka,Total,66845,value in Thousands,
2021,March,Karnataka,Male,33911,value in Thousands,
2021,March,Karnataka,Female,32934,value in Thousands,
2021,March,Jharkhand,Total,38471,value in Thousands,
2021,March,Jharkhand,Male,19701,value in Thousands,
2021,March,Jharkhand,Female,18770,value in Thousands,
2021,March,Jammu and Kashmir,Total,13408,value in Thousands,
2021,March,Jammu and Kashmir,Male,7030,value in Thousands,
2021,March,Jammu and Kashmir,Female,6378,value in Thousands,
2021,March,Himachal Pradesh,Total,7394,value in Thousands,
2021,March,Himachal Pradesh,Male,3750,value in Thousands,
2021,March,Himachal Pradesh,Female,3644,value in Thousands,
2021,March,Haryana,Total,29483,value in Thousands,
2021,March,Haryana,Male,15623,value in Thousands,
2021,March,Haryana,Female,13860,value in Thousands,
2021,March,Gujarat,Total,69788,value in Thousands,
2021,March,Gujarat,Male,36600,value in Thousands,
2021,March,Gujarat,Female,33188,value in Thousands,
2021,March,Goa,Total,1559,value in Thousands,
2021,March,Goa,Male,786,value in Thousands,
2021,March,Goa,Female,773,value in Thousands,
2021,March,Delhi,Total,20571,value in Thousands,
2021,March,Delhi,Male,10963,value in Thousands,
2021,March,Delhi,Female,9609,value in Thousands,
2021,March,Daman and Diu,Total,469,value in Thousands,
2021,March,Daman and Diu,Male,330,value in Thousands,
2021,March,Daman and Diu,Female,140,value in Thousands,
2021,March,Dadra and Nagar Haveli,Total,608,value in Thousands,
2021,March,Dadra and Nagar Haveli,Male,363,value in Thousands,
2021,March,Dadra and Nagar Haveli,Female,245,value in Thousands,
2021,March,Chhattisgarh,Total,29493,value in Thousands,
2021,March,Chhattisgarh,Male,14794,value in Thousands,
2021,March,Chhattisgarh,Female,14698,value in Thousands,
2021,March,Chandigarh,Total,1208,value in Thousands,
2021,March,Chandigarh,Male,654,value in Thousands,
2021,March,Chandigarh,Female,554,value in Thousands,
2021,March,Bihar,Total,123083,value in Thousands,
2021,March,Bihar,Male,64012,value in Thousands,
2021,March,Bihar,Female,59071,value in Thousands,
2021,March,Assam,Total,35043,value in Thousands,
2021,March,Assam,Male,17843,value in Thousands,
2021,March,Assam,Female,17200,value in Thousands,
2021,March,Arunachal Pradesh,Total,1533,value in Thousands,
2021,March,Arunachal Pradesh,Male,789,value in Thousands,
2021,March,Arunachal Pradesh,Female,745,value in Thousands,
2021,March,Andhra Pradesh,Total,52787,value in Thousands,
2021,March,Andhra Pradesh,Male,26403,value in Thousands,
2021,March,Andhra Pradesh,Female,26384,value in Thousands,
2021,March,Andaman and Nicobar Islands,Total,400,value in Thousands,
2021,March,Andaman and Nicobar Islands,Male,211,value in Thousands,
2021,March,Andaman and Nicobar Islands,Female,189,value in Thousands,
2021,March,All India,Total,1363006,value in Thousands,
2021,March,All India,Male,700623,value in Thousands,
2021,March,All India,Female,662383,value in Thousands,
2021,July,West Bengal,Total,98285,value in Thousands,
2021,July,West Bengal,Male,50168,value in Thousands,
2021,July,West Bengal,Female,48117,value in Thousands,
2021,July,Uttarakhand,Total,11439,value in Thousands,
2021,July,Uttarakhand,Male,5860,value in Thousands,
2021,July,Uttarakhand,Female,5578,value in Thousands,
2021,July,Uttar Pradesh,Total,231704,value in Thousands,
2021,July,Uttar Pradesh,Male,120743,value in Thousands,
2021,July,Uttar Pradesh,Female,110961,value in Thousands,
2021,July,Tripura,Total,4081,value in Thousands,
2021,July,Tripura,Male,2075,value in Thousands,
2021,July,Tripura,Female,2005,value in Thousands,
2021,July,Telangana,Total,37771,value in Thousands,
2021,July,Telangana,Male,19000,value in Thousands,
2021,July,Telangana,Female,18771,value in Thousands,
2021,July,Tamil Nadu,Total,76479,value in Thousands,
2021,July,Tamil Nadu,Male,38198,value in Thousands,
2021,July,Tamil Nadu,Female,38281,value in Thousands,
2021,July,Sikkim,Total,678,value in Thousands,
2021,July,Sikkim,Male,358,value in Thousands,
2021,July,Sikkim,Female,320,value in Thousands,
2021,July,Rajasthan,Total,79572,value in Thousands,
2021,July,Rajasthan,Male,40907,value in Thousands,
2021,July,Rajasthan,Female,38665,value in Thousands,
2021,July,Punjab,Total,30404,value in Thousands,
2021,July,Punjab,Male,15975,value in Thousands,
2021,July,Punjab,Female,14429,value in Thousands,
2021,July,Puducherry,Total,1584,value in Thousands,
2021,July,Puducherry,Male,758,value in Thousands,
2021,July,Puducherry,Female,826,value in Thousands,
2021,July,Odisha,Total,45793,value in Thousands,
2021,July,Odisha,Male,23049,value in Thousands,
2021,July,Odisha,Female,22744,value in Thousands,
2021,July,Nagaland,Total,2198,value in Thousands,
2021,July,Nagaland,Male,1135,value in Thousands,
2021,July,Nagaland,Female,1063,value in Thousands,
2021,July,Mizoram,Total,1219,value in Thousands,
2021,July,Mizoram,Male,615,value in Thousands,
2021,July,Mizoram,Female,604,value in Thousands,
2021,July,Meghalaya,Total,3295,value in Thousands,
2021,July,Meghalaya,Male,1652,value in Thousands,
2021,July,Meghalaya,Female,1644,value in Thousands,
2021,July,Manipur,Total,3172,value in Thousands,
2021,July,Manipur,Male,1593,value in Thousands,
2021,July,Manipur,Female,1579,value in Thousands,
2021,July,Maharashtra,Total,124762,value in Thousands,
2021,July,Maharashtra,Male,64875,value in Thousands,
2021,July,Maharashtra,Female,59887,value in Thousands,
2021,July,Madhya Pradesh,Total,84860,value in Thousands,
2021,July,Madhya Pradesh,Male,43779,value in Thousands,
2021,July,Madhya Pradesh,Female,41081,value in Thousands,
2021,July,Lakshadweep,Total,68,value in Thousands,
2021,July,Lakshadweep,Male,35,value in Thousands,
2021,July,Lakshadweep,Female,33,value in Thousands,
2021,July,Ladakh,Total,298,value in Thousands,
2021,July,Ladakh,Male,167,value in Thousands,
2021,July,Ladakh,Female,130,value in Thousands,
2021,July,Kerala,Total,35537,value in Thousands,
2021,July,Kerala,Male,17066,value in Thousands,
2021,July,Kerala,Female,18471,value in Thousands,
2021,July,Karnataka,Total,66986,value in Thousands,
2021,July,Karnataka,Male,33983,value in Thousands,
2021,July,Karnataka,Female,33003,value in Thousands,
2021,July,Jharkhand,Total,38637,value in Thousands,
2021,July,Jharkhand,Male,19783,value in Thousands,
2021,July,Jharkhand,Female,18854,value in Thousands,
2021,July,Jammu and Kashmir,Total,13440,value in Thousands,
2021,July,Jammu and Kashmir,Male,7045,value in Thousands,
2021,July,Jammu and Kashmir,Female,6395,value in Thousands,
2021,July,Himachal Pradesh,Total,7406,value in Thousands,
2021,July,Himachal Pradesh,Male,3756,value in Thousands,
2021,July,Himachal Pradesh,Female,3650,value in Thousands,
2021,July,Haryana,Total,29604,value in Thousands,
2021,July,Haryana,Male,15683,value in Thousands,
2021,July,Haryana,Female,13921,value in Thousands,
2021,July,Gujarat,Total,70075,value in Thousands,
2021,July,Gujarat,Male,36756,value in Thousands,
2021,July,Gujarat,Female,33319,value in Thousands,
2021,July,Goa,Total,1561,value in Thousands,
2021,July,Goa,Male,787,value in Thousands,
2021,July,Goa,Female,774,value in Thousands,
2021,July,Delhi,Total,20703,value in Thousands,
2021,July,Delhi,Male,11030,value in Thousands,
2021,July,Delhi,Female,9673,value in Thousands,
2021,July,Daman and Diu,Total,485,value in Thousands,
2021,July,Daman and Diu,Male,343,value in Thousands,
2021,July,Daman and Diu,Female,142,value in Thousands,
2021,July,Dadra and Nagar Haveli,Total,623,value in Thousands,
2021,July,Dadra and Nagar Haveli,Male,373,value in Thousands,
2021,July,Dadra and Nagar Haveli,Female,250,value in Thousands,
2021,July,Chhattisgarh,Total,29607,value in Thousands,
2021,July,Chhattisgarh,Male,14852,value in Thousands,
2021,July,Chhattisgarh,Female,14756,value in Thousands,
2021,July,Chandigarh,Total,1212,value in Thousands,
2021,July,Chandigarh,Male,656,value in Thousands,
2021,July,Chandigarh,Female,556,value in Thousands,
2021,July,Bihar,Total,123695,value in Thousands,
2021,July,Bihar,Male,64321,value in Thousands,
2021,July,Bihar,Female,59374,value in Thousands,
2021,July,Assam,Total,35155,value in Thousands,
2021,July,Assam,Male,17897,value in Thousands,
2021,July,Assam,Female,17257,value in Thousands,
2021,July,Arunachal Pradesh,Total,1537,value in Thousands,
2021,July,Arunachal Pradesh,Male,791,value in Thousands,
2021,July,Arunachal Pradesh,Female,746,value in Thousands,
2021,July,Andhra Pradesh,Total,52849,value in Thousands,
2021,July,Andhra Pradesh,Male,26432,value in Thousands,
2021,July,Andhra Pradesh,Female,26417,value in Thousands,
2021,July,Andaman and Nicobar Islands,Total,401,value in Thousands,
2021,July,Andaman and Nicobar Islands,Male,212,value in Thousands,
2021,July,Andaman and Nicobar Islands,Female,189,value in Thousands,
2021,July,All India,Total,1367173,value in Thousands,
2021,July,All India,Male,702708,value in Thousands,
2021,July,All India,Female,664465,value in Thousands,
2020,October,West Bengal,Total,97871,value in Thousands,
2020,October,West Bengal,Male,49975,value in Thousands,
2020,October,West Bengal,Female,47896,value in Thousands,
2020,October,Uttarakhand,Total,11346,value in Thousands,
2020,October,Uttarakhand,Male,5811,value in Thousands,
2020,October,Uttarakhand,Female,5535,value in Thousands,
2020,October,Uttar Pradesh,Total,229672,value in Thousands,
2020,October,Uttar Pradesh,Male,119716,value in Thousands,
2020,October,Uttar Pradesh,Female,109956,value in Thousands,
2020,October,Tripura,Total,4051,value in Thousands,
2020,October,Tripura,Male,2061,value in Thousands,
2020,October,Tripura,Female,1990,value in Thousands,
2020,October,Telangana,Total,37599,value in Thousands,
2020,October,Telangana,Male,18915,value in Thousands,
2020,October,Telangana,Female,18684,value in Thousands,
2020,October,Tamil Nadu,Total,76255,value in Thousands,
2020,October,Tamil Nadu,Male,38096,value in Thousands,
2020,October,Tamil Nadu,Female,38159,value in Thousands,
2020,October,Sikkim,Total,673,value in Thousands,
2020,October,Sikkim,Male,355,value in Thousands,
2020,October,Sikkim,Female,318,value in Thousands,
2020,October,Rajasthan,Total,78861,value in Thousands,
2020,October,Rajasthan,Male,40570,value in Thousands,
2020,October,Rajasthan,Female,38291,value in Thousands,
2020,October,Punjab,Total,30239,value in Thousands,
2020,October,Punjab,Male,15894,value in Thousands,
2020,October,Punjab,Female,14345,value in Thousands,
2020,October,Puducherry,Total,1557,value in Thousands,
2020,October,Puducherry,Male,747,value in Thousands,
2020,October,Puducherry,Female,811,value in Thousands,
2020,October,Odisha,Total,45552,value in Thousands,
2020,October,Odisha,Male,22934,value in Thousands,
2020,October,Odisha,Female,22618,value in Thousands,
2020,October,Nagaland,Total,2182,value in Thousands,
2020,October,Nagaland,Male,1127,value in Thousands,
2020,October,Nagaland,Female,1055,value in Thousands,
2020,October,Mizoram,Total,1210,value in Thousands,
2020,October,Mizoram,Male,611,value in Thousands,
2020,October,Mizoram,Female,599,value in Thousands,
2020,October,Meghalaya,Total,3272,value in Thousands,
2020,October,Meghalaya,Male,1641,value in Thousands,
2020,October,Meghalaya,Female,1631,value in Thousands,
2020,October,Manipur,Total,3149,value in Thousands,
2020,October,Manipur,Male,1582,value in Thousands,
2020,October,Manipur,Female,1567,value in Thousands,
2020,October,Maharashtra,Total,123961,value in Thousands,
2020,October,Maharashtra,Male,64448,value in Thousands,
2020,October,Maharashtra,Female,59513,value in Thousands,
2020,October,Madhya Pradesh,Total,84040,value in Thousands,
2020,October,Madhya Pradesh,Male,43370,value in Thousands,
2020,October,Madhya Pradesh,Female,40670,value in Thousands,
2020,October,Lakshadweep,Total,68,value in Thousands,
2020,October,Lakshadweep,Male,35,value in Thousands,
2020,October,Lakshadweep,Female,33,value in Thousands,
2020,October,Ladakh,Total,296,value in Thousands,
2020,October,Ladakh,Male,167,value in Thousands,
2020,October,Ladakh,Female,130,value in Thousands,
2020,October,Kerala,Total,35413,value in Thousands,
2020,October,Kerala,Male,17005,value in Thousands,
2020,October,Kerala,Female,18408,value in Thousands,
2020,October,Karnataka,Total,66627,value in Thousands,
2020,October,Karnataka,Male,33799,value in Thousands,
2020,October,Karnataka,Female,32828,value in Thousands,
2020,October,Jharkhand,Total,38249,value in Thousands,
2020,October,Jharkhand,Male,19590,value in Thousands,
2020,October,Jharkhand,Female,18659,value in Thousands,
2020,October,Jammu and Kashmir,Total,13365,value in Thousands,
2020,October,Jammu and Kashmir,Male,7010,value in Thousands,
2020,October,Jammu and Kashmir,Female,6355,value in Thousands,
2020,October,Himachal Pradesh,Total,7374,value in Thousands,
2020,October,Himachal Pradesh,Male,3740,value in Thousands,
2020,October,Himachal Pradesh,Female,3634,value in Thousands,
2020,October,Haryana,Total,29314,value in Thousands,
2020,October,Haryana,Male,15536,value in Thousands,
2020,October,Haryana,Female,13778,value in Thousands,
2020,October,Gujarat,Total,69402,value in Thousands,
2020,October,Gujarat,Male,36390,value in Thousands,
2020,October,Gujarat,Female,33013,value in Thousands,
2020,October,Goa,Total,1555,value in Thousands,
2020,October,Goa,Male,784,value in Thousands,
2020,October,Goa,Female,771,value in Thousands,
2020,October,Delhi,Total,20414,value in Thousands,
2020,October,Delhi,Male,10881,value in Thousands,
2020,October,Delhi,Female,9533,value in Thousands,
2020,October,Daman and Diu,Total,458,value in Thousands,
2020,October,Daman and Diu,Male,320,value in Thousands,
2020,October,Daman and Diu,Female,137,value in Thousands,
2020,October,Dadra and Nagar Haveli,Total,595,value in Thousands,
2020,October,Dadra and Nagar Haveli,Male,355,value in Thousands,
2020,October,Dadra and Nagar Haveli,Female,240,value in Thousands,
2020,October,Chhattisgarh,Total,29333,value in Thousands,
2020,October,Chhattisgarh,Male,14714,value in Thousands,
2020,October,Chhattisgarh,Female,14618,value in Thousands,
2020,October,Chandigarh,Total,1202,value in Thousands,
2020,October,Chandigarh,Male,651,value in Thousands,
2020,October,Chandigarh,Female,551,value in Thousands,
2020,October,Bihar,Total,122341,value in Thousands,
2020,October,Bihar,Male,63634,value in Thousands,
2020,October,Bihar,Female,58707,value in Thousands,
2020,October,Assam,Total,34887,value in Thousands,
2020,October,Assam,Male,17766,value in Thousands,
2020,October,Assam,Female,17122,value in Thousands,
2020,October,Arunachal Pradesh,Total,1526,value in Thousands,
2020,October,Arunachal Pradesh,Male,785,value in Thousands,
2020,October,Arunachal Pradesh,Female,741,value in Thousands,
2020,October,Andhra Pradesh,Total,52669,value in Thousands,
2020,October,Andhra Pradesh,Male,26345,value in Thousands,
2020,October,Andhra Pradesh,Female,26324,value in Thousands,
2020,October,Andaman and Nicobar Islands,Total,400,value in Thousands,
2020,October,Andaman and Nicobar Islands,Male,211,value in Thousands,
2020,October,Andaman and Nicobar Islands,Female,189,value in Thousands,
2020,October,All India,Total,1356980,value in Thousands,
2020,October,All India,Male,697571,value in Thousands,
2020,October,All India,Female,659409,value in Thousands,
2020,March,West Bengal,Total,97516,value in Thousands,
2020,March,West Bengal,Male,49807,value in Thousands,
2020,March,West Bengal,Female,47708,value in Thousands,
2020,March,Uttarakhand,Total,11270,value in Thousands,
2020,March,Uttarakhand,Male,5771,value in Thousands,
2020,March,Uttarakhand,Female,5499,value in Thousands,
2020,March,Uttar Pradesh,Total,227943,value in Thousands,
2020,March,Uttar Pradesh,Male,118837,value in Thousands,
2020,March,Uttar Pradesh,Female,109106,value in Thousands,
2020,March,Tripura,Total,4032,value in Thousands,
2020,March,Tripura,Male,2052,value in Thousands,
2020,March,Tripura,Female,1980,value in Thousands,
2020,March,Telangana,Total,37473,value in Thousands,
2020,March,Telangana,Male,18852,value in Thousands,
2020,March,Telangana,Female,18621,value in Thousands,
2020,March,Tamil Nadu,Total,76049,value in Thousands,
2020,March,Tamil Nadu,Male,38000,value in Thousands,
2020,March,Tamil Nadu,Female,38049,value in Thousands,
2020,March,Sikkim,Total,670,value in Thousands,
2020,March,Sikkim,Male,354,value in Thousands,
2020,March,Sikkim,Female,316,value in Thousands,
2020,March,Rajasthan,Total,78273,value in Thousands,
2020,March,Rajasthan,Male,40287,value in Thousands,
2020,March,Rajasthan,Female,37985,value in Thousands,
2020,March,Punjab,Total,30099,value in Thousands,
2020,March,Punjab,Male,15824,value in Thousands,
2020,March,Punjab,Female,14275,value in Thousands,
2020,March,Puducherry,Total,1537,value in Thousands,
2020,March,Puducherry,Male,738,value in Thousands,
2020,March,Puducherry,Female,799,value in Thousands,
2020,March,Odisha,Total,45350,value in Thousands,
2020,March,Odisha,Male,22838,value in Thousands,
2020,March,Odisha,Female,22512,value in Thousands,
2020,March,Nagaland,Total,2171,value in Thousands,
2020,March,Nagaland,Male,1121,value in Thousands,
2020,March,Nagaland,Female,1050,value in Thousands,
2020,March,Mizoram,Total,1204,value in Thousands,
2020,March,Mizoram,Male,608,value in Thousands,
2020,March,Mizoram,Female,596,value in Thousands,
2020,March,Meghalaya,Total,3256,value in Thousands,
2020,March,Meghalaya,Male,1633,value in Thousands,
2020,March,Meghalaya,Female,1623,value in Thousands,
2020,March,Manipur,Total,3134,value in Thousands,
2020,March,Manipur,Male,1575,value in Thousands,
2020,March,Manipur,Female,1560,value in Thousands,
2020,March,Maharashtra,Total,123295,value in Thousands,
2020,March,Maharashtra,Male,64091,value in Thousands,
2020,March,Maharashtra,Female,59203,value in Thousands,
2020,March,Madhya Pradesh,Total,83374,value in Thousands,
2020,March,Madhya Pradesh,Male,43035,value in Thousands,
2020,March,Madhya Pradesh,Female,40339,value in Thousands,
2020,March,Lakshadweep,Total,68,value in Thousands,
2020,March,Lakshadweep,Male,35,value in Thousands,
2020,March,Lakshadweep,Female,33,value in Thousands,
2020,March,Ladakh,Total,295,value in Thousands,
2020,March,Ladakh,Male,166,value in Thousands,
2020,March,Ladakh,Female,129,value in Thousands,
2020,March,Kerala,Total,35307,value in Thousands,
2020,March,Kerala,Male,16953,value in Thousands,
2020,March,Kerala,Female,18354,value in Thousands,
2020,March,Karnataka,Total,66322,value in Thousands,
2020,March,Karnataka,Male,33642,value in Thousands,
2020,March,Karnataka,Female,32679,value in Thousands,
2020,March,Jharkhand,Total,37937,value in Thousands,
2020,March,Jharkhand,Male,19433,value in Thousands,
2020,March,Jharkhand,Female,18504,value in Thousands,
2020,March,Jammu and Kashmir,Total,13305,value in Thousands,
2020,March,Jammu and Kashmir,Male,6982,value in Thousands,
2020,March,Jammu and Kashmir,Female,6324,value in Thousands,
2020,March,Himachal Pradesh,Total,7347,value in Thousands,
2020,March,Himachal Pradesh,Male,3726,value in Thousands,
2020,March,Himachal Pradesh,Female,3621,value in Thousands,
2020,March,Haryana,Total,29077,value in Thousands,
2020,March,Haryana,Male,15415,value in Thousands,
2020,March,Haryana,Female,13662,value in Thousands,
2020,March,Gujarat,Total,68862,value in Thousands,
2020,March,Gujarat,Male,36094,value in Thousands,
2020,March,Gujarat,Female,32768,value in Thousands,
2020,March,Goa,Total,1549,value in Thousands,
2020,March,Goa,Male,782,value in Thousands,
2020,March,Goa,Female,768,value in Thousands,
2020,March,Delhi,Total,20193,value in Thousands,
2020,March,Delhi,Male,10766,value in Thousands,
2020,March,Delhi,Female,9426,value in Thousands,
2020,March,Daman and Diu,Total,441,value in Thousands,
2020,March,Daman and Diu,Male,307,value in Thousands,
2020,March,Daman and Diu,Female,134,value in Thousands,
2020,March,Dadra and Nagar Haveli,Total,577,value in Thousands,
2020,March,Dadra and Nagar Haveli,Male,343,value in Thousands,
2020,March,Dadra and Nagar Haveli,Female,234,value in Thousands,
2020,March,Chhattisgarh,Total,29109,value in Thousands,
2020,March,Chhattisgarh,Male,14602,value in Thousands,
2020,March,Chhattisgarh,Female,14506,value in Thousands,
2020,March,Chandigarh,Total,1193,value in Thousands,
2020,March,Chandigarh,Male,647,value in Thousands,
2020,March,Chandigarh,Female,546,value in Thousands,
2020,March,Bihar,Total,121302,value in Thousands,
2020,March,Bihar,Male,63104,value in Thousands,
2020,March,Bihar,Female,58197,value in Thousands,
2020,March,Assam,Total,34668,value in Thousands,
2020,March,Assam,Male,17657,value in Thousands,
2020,March,Assam,Female,17011,value in Thousands,
2020,March,Arunachal Pradesh,Total,1519,value in Thousands,
2020,March,Arunachal Pradesh,Male,781,value in Thousands,
2020,March,Arunachal Pradesh,Female,737,value in Thousands,
2020,March,Andhra Pradesh,Total,52504,value in Thousands,
2020,March,Andhra Pradesh,Male,26265,value in Thousands,
2020,March,Andhra Pradesh,Female,26240,value in Thousands,
2020,March,Andaman and Nicobar Islands,Total,399,value in Thousands,
2020,March,Andaman and Nicobar Islands,Male,211,value in Thousands,
2020,March,Andaman and Nicobar Islands,Female,188,value in Thousands,
2020,March,All India,Total,1348616,value in Thousands,
2020,March,All India,Male,693334,value in Thousands,
2020,March,All India,Female,655282,value in Thousands,
2020,July,West Bengal,Total,97719,value in Thousands,
2020,July,West Bengal,Male,49903,value in Thousands,
2020,July,West Bengal,Female,47815,value in Thousands,
2020,July,Uttarakhand,Total,11313,value in Thousands,
2020,July,Uttarakhand,Male,5794,value in Thousands,
2020,July,Uttarakhand,Female,5519,value in Thousands,
2020,July,Uttar Pradesh,Total,228931,value in Thousands,
2020,July,Uttar Pradesh,Male,119339,value in Thousands,
2020,July,Uttar Pradesh,Female,109592,value in Thousands,
2020,July,Tripura,Total,4042,value in Thousands,
2020,July,Tripura,Male,2056,value in Thousands,
2020,July,Tripura,Female,1985,value in Thousands,
2020,July,Telangana,Total,37536,value in Thousands,
2020,July,Telangana,Male,18883,value in Thousands,
2020,July,Telangana,Female,18653,value in Thousands,
2020,July,Tamil Nadu,Total,76167,value in Thousands,
2020,July,Tamil Nadu,Male,38055,value in Thousands,
2020,July,Tamil Nadu,Female,38111,value in Thousands,
2020,July,Sikkim,Total,672,value in Thousands,
2020,July,Sikkim,Male,354,value in Thousands,
2020,July,Sikkim,Female,317,value in Thousands,
2020,July,Rajasthan,Total,78609,value in Thousands,
2020,July,Rajasthan,Male,40449,value in Thousands,
2020,July,Rajasthan,Female,38160,value in Thousands,
2020,July,Punjab,Total,30179,value in Thousands,
2020,July,Punjab,Male,15864,value in Thousands,
2020,July,Punjab,Female,14315,value in Thousands,
2020,July,Puducherry,Total,1549,value in Thousands,
2020,July,Puducherry,Male,743,value in Thousands,
2020,July,Puducherry,Female,806,value in Thousands,
2020,July,Odisha,Total,45465,value in Thousands,
2020,July,Odisha,Male,22893,value in Thousands,
2020,July,Odisha,Female,22572,value in Thousands,
2020,July,Nagaland,Total,2177,value in Thousands,
2020,July,Nagaland,Male,1124,value in Thousands,
2020,July,Nagaland,Female,1052,value in Thousands,
2020,July,Mizoram,Total,1207,value in Thousands,
2020,July,Mizoram,Male,609,value in Thousands,
2020,July,Mizoram,Female,598,value in Thousands,
2020,July,Meghalaya,Total,3264,value in Thousands,
2020,July,Meghalaya,Male,1637,value in Thousands,
2020,July,Meghalaya,Female,1627,value in Thousands,
2020,July,Manipur,Total,3142,value in Thousands,
2020,July,Manipur,Male,1578,value in Thousands,
2020,July,Manipur,Female,1563,value in Thousands,
2020,July,Maharashtra,Total,123676,value in Thousands,
2020,July,Maharashtra,Male,64295,value in Thousands,
2020,July,Maharashtra,Female,59381,value in Thousands,
2020,July,Madhya Pradesh,Total,83755,value in Thousands,
2020,July,Madhya Pradesh,Male,43226,value in Thousands,
2020,July,Madhya Pradesh,Female,40529,value in Thousands,
2020,July,Lakshadweep,Total,68,value in Thousands,
2020,July,Lakshadweep,Male,35,value in Thousands,
2020,July,Lakshadweep,Female,33,value in Thousands,
2020,July,Ladakh,Total,296,value in Thousands,
2020,July,Ladakh,Male,166,value in Thousands,
2020,July,Ladakh,Female,129,value in Thousands,
2020,July,Kerala,Total,35368,value in Thousands,
2020,July,Kerala,Male,16983,value in Thousands,
2020,July,Kerala,Female,18385,value in Thousands,
2020,July,Karnataka,Total,66496,value in Thousands,
2020,July,Karnataka,Male,33732,value in Thousands,
2020,July,Karnataka,Female,32764,value in Thousands,
2020,July,Jharkhand,Total,38115,value in Thousands,
2020,July,Jharkhand,Male,19523,value in Thousands,
2020,July,Jharkhand,Female,18593,value in Thousands,
2020,July,Jammu and Kashmir,Total,13340,value in Thousands,
2020,July,Jammu and Kashmir,Male,6998,value in Thousands,
2020,July,Jammu and Kashmir,Female,6342,value in Thousands,
2020,July,Himachal Pradesh,Total,7362,value in Thousands,
2020,July,Himachal Pradesh,Male,3734,value in Thousands,
2020,July,Himachal Pradesh,Female,3629,value in Thousands,
2020,July,Haryana,Total,29213,value in Thousands,
2020,July,Haryana,Male,15484,value in Thousands,
2020,July,Haryana,Female,13728,value in Thousands,
2020,July,Gujarat,Total,69171,value in Thousands,
2020,July,Gujarat,Male,36263,value in Thousands,
2020,July,Gujarat,Female,32908,value in Thousands,
2020,July,Goa,Total,1553,value in Thousands,
2020,July,Goa,Male,783,value in Thousands,
2020,July,Goa,Female,769,value in Thousands,
2020,July,Delhi,Total,20319,value in Thousands,
2020,July,Delhi,Male,10832,value in Thousands,
2020,July,Delhi,Female,9487,value in Thousands,
2020,July,Daman and Diu,Total,451,value in Thousands,
2020,July,Daman and Diu,Male,314,value in Thousands,
2020,July,Daman and Diu,Female,136,value in Thousands,
2020,July,Dadra and Nagar Haveli,Total,587,value in Thousands,
2020,July,Dadra and Nagar Haveli,Male,350,value in Thousands,
2020,July,Dadra and Nagar Haveli,Female,238,value in Thousands,
2020,July,Chhattisgarh,Total,29237,value in Thousands,
2020,July,Chhattisgarh,Male,14666,value in Thousands,
2020,July,Chhattisgarh,Female,14570,value in Thousands,
2020,July,Chandigarh,Total,1198,value in Thousands,
2020,July,Chandigarh,Male,649,value in Thousands,
2020,July,Chandigarh,Female,549,value in Thousands,
2020,July,Bihar,Total,121895,value in Thousands,
2020,July,Bihar,Male,63407,value in Thousands,
2020,July,Bihar,Female,58489,value in Thousands,
2020,July,Assam,Total,34793,value in Thousands,
2020,July,Assam,Male,17719,value in Thousands,
2020,July,Assam,Female,17074,value in Thousands,
2020,July,Arunachal Pradesh,Total,1522,value in Thousands,
2020,July,Arunachal Pradesh,Male,783,value in Thousands,
2020,July,Arunachal Pradesh,Female,739,value in Thousands,
2020,July,Andhra Pradesh,Total,52599,value in Thousands,
2020,July,Andhra Pradesh,Male,26311,value in Thousands,
2020,July,Andhra Pradesh,Female,26288,value in Thousands,
2020,July,Andaman and Nicobar Islands,Total,399,value in Thousands,
2020,July,Andaman and Nicobar Islands,Male,211,value in Thousands,
2020,July,Andaman and Nicobar Islands,Female,188,value in Thousands,
2020,July,All India,Total,1353378,value in Thousands,
2020,July,All India,Male,695745,value in Thousands,
2020,July,All India,Female,657633,value in Thousands,
2019,October,West Bengal,Total,97262,value in Thousands,
2019,October,West Bengal,Male,49687,value in Thousands,
2019,October,West Bengal,Female,47574,value in Thousands,
2019,October,Uttarakhand,Total,11217,value in Thousands,
2019,October,Uttarakhand,Male,5742,value in Thousands,
2019,October,Uttarakhand,Female,5474,value in Thousands,
2019,October,Uttar Pradesh,Total,226708,value in Thousands,
2019,October,Uttar Pradesh,Male,118209,value in Thousands,
2019,October,Uttar Pradesh,Female,108499,value in Thousands,
2019,October,Tripura,Total,4012,value in Thousands,
2019,October,Tripura,Male,2042,value in Thousands,
2019,October,Tripura,Female,1970,value in Thousands,
2019,October,Telangana,Total,37346,value in Thousands,
2019,October,Telangana,Male,18788,value in Thousands,
2019,October,Telangana,Female,18558,value in Thousands,
2019,October,Tamil Nadu,Total,75902,value in Thousands,
2019,October,Tamil Nadu,Male,37932,value in Thousands,
2019,October,Tamil Nadu,Female,37970,value in Thousands,
2019,October,Sikkim,Total,667,value in Thousands,
2019,October,Sikkim,Male,352,value in Thousands,
2019,October,Sikkim,Female,315,value in Thousands,
2019,October,Rajasthan,Total,77853,value in Thousands,
2019,October,Rajasthan,Male,40085,value in Thousands,
2019,October,Rajasthan,Female,37767,value in Thousands,
2019,October,Punjab,Total,29999,value in Thousands,
2019,October,Punjab,Male,15775,value in Thousands,
2019,October,Punjab,Female,14224,value in Thousands,
2019,October,Puducherry,Total,1523,value in Thousands,
2019,October,Puducherry,Male,732,value in Thousands,
2019,October,Puducherry,Female,791,value in Thousands,
2019,October,Odisha,Total,45205,value in Thousands,
2019,October,Odisha,Male,22769,value in Thousands,
2019,October,Odisha,Female,22436,value in Thousands,
2019,October,Nagaland,Total,2161,value in Thousands,
2019,October,Nagaland,Male,1116,value in Thousands,
2019,October,Nagaland,Female,1044,value in Thousands,
2019,October,Mizoram,Total,1198,value in Thousands,
2019,October,Mizoram,Male,605,value in Thousands,
2019,October,Mizoram,Female,593,value in Thousands,
2019,October,Meghalaya,Total,3240,value in Thousands,
2019,October,Meghalaya,Male,1625,value in Thousands,
2019,October,Meghalaya,Female,1615,value in Thousands,
2019,October,Manipur,Total,3119,value in Thousands,
2019,October,Manipur,Male,1567,value in Thousands,
2019,October,Manipur,Female,1552,value in Thousands,
2019,October,Maharashtra,Total,122819,value in Thousands,
2019,October,Maharashtra,Male,63837,value in Thousands,
2019,October,Maharashtra,Female,58982,value in Thousands,
2019,October,Madhya Pradesh,Total,82898,value in Thousands,
2019,October,Madhya Pradesh,Male,42795,value in Thousands,
2019,October,Madhya Pradesh,Female,40103,value in Thousands,
2019,October,Lakshadweep,Total,68,value in Thousands,
2019,October,Lakshadweep,Male,35,value in Thousands,
2019,October,Lakshadweep,Female,33,value in Thousands,
2019,October,Ladakh,Total,294,value in Thousands,
2019,October,Ladakh,Male,166,value in Thousands,
2019,October,Ladakh,Female,128,value in Thousands,
2019,October,Kerala,Total,35231,value in Thousands,
2019,October,Kerala,Male,16916,value in Thousands,
2019,October,Kerala,Female,18316,value in Thousands,
2019,October,Karnataka,Total,66104,value in Thousands,
2019,October,Karnataka,Male,33530,value in Thousands,
2019,October,Karnataka,Female,32573,value in Thousands,
2019,October,Jharkhand,Total,37715,value in Thousands,
2019,October,Jharkhand,Male,19321,value in Thousands,
2019,October,Jharkhand,Female,18393,value in Thousands,
2019,October,Jammu and Kashmir,Total,13263,value in Thousands,
2019,October,Jammu and Kashmir,Male,6961,value in Thousands,
2019,October,Jammu and Kashmir,Female,6301,value in Thousands,
2019,October,Himachal Pradesh,Total,7327,value in Thousands,
2019,October,Himachal Pradesh,Male,3716,value in Thousands,
2019,October,Himachal Pradesh,Female,3611,value in Thousands,
2019,October,Haryana,Total,28908,value in Thousands,
2019,October,Haryana,Male,15329,value in Thousands,
2019,October,Haryana,Female,13580,value in Thousands,
2019,October,Gujarat,Total,68476,value in Thousands,
2019,October,Gujarat,Male,35884,value in Thousands,
2019,October,Gujarat,Female,32593,value in Thousands,
2019,October,Goa,Total,1545,value in Thousands,
2019,October,Goa,Male,780,value in Thousands,
2019,October,Goa,Female,766,value in Thousands,
2019,October,Delhi,Total,20035,value in Thousands,
2019,October,Delhi,Male,10684,value in Thousands,
2019,October,Delhi,Female,9350,value in Thousands,
2019,October,Daman and Diu,Total,430,value in Thousands,
2019,October,Daman and Diu,Male,298,value in Thousands,
2019,October,Daman and Diu,Female,132,value in Thousands,
2019,October,Dadra and Nagar Haveli,Total,564,value in Thousands,
2019,October,Dadra and Nagar Haveli,Male,335,value in Thousands,
2019,October,Dadra and Nagar Haveli,Female,229,value in Thousands,
2019,October,Chhattisgarh,Total,28948,value in Thousands,
2019,October,Chhattisgarh,Male,14522,value in Thousands,
2019,October,Chhattisgarh,Female,14426,value in Thousands,
2019,October,Chandigarh,Total,1187,value in Thousands,
2019,October,Chandigarh,Male,644,value in Thousands,
2019,October,Chandigarh,Female,543,value in Thousands,
2019,October,Bihar,Total,120559,value in Thousands,
2019,October,Bihar,Male,62726,value in Thousands,
2019,October,Bihar,Female,57833,value in Thousands,
2019,October,Assam,Total,34512,value in Thousands,
2019,October,Assam,Male,17580,value in Thousands,
2019,October,Assam,Female,16932,value in Thousands,
2019,October,Arunachal Pradesh,Total,1511,value in Thousands,
2019,October,Arunachal Pradesh,Male,778,value in Thousands,
2019,October,Arunachal Pradesh,Female,733,value in Thousands,
2019,October,Andhra Pradesh,Total,52386,value in Thousands,
2019,October,Andhra Pradesh,Male,26207,value in Thousands,
2019,October,Andhra Pradesh,Female,26179,value in Thousands,
2019,October,Andaman and Nicobar Islands,Total,398,value in Thousands,
2019,October,Andaman and Nicobar Islands,Male,210,value in Thousands,
2019,October,Andaman and Nicobar Islands,Female,188,value in Thousands,
2019,October,All India,Total,1342586,value in Thousands,
2019,October,All India,Male,690280,value in Thousands,
2019,October,All India,Female,652306,value in Thousands,
2019,March,West Bengal,Total,96906,value in Thousands,
2019,March,West Bengal,Male,49520,value in Thousands,
2019,March,West Bengal,Female,47387,value in Thousands,
2019,March,Uttarakhand,Total,11141,value in Thousands,
2019,March,Uttarakhand,Male,5702,value in Thousands,
2019,March,Uttarakhand,Female,5439,value in Thousands,
2019,March,Uttar Pradesh,Total,224979,value in Thousands,
2019,March,Uttar Pradesh,Male,117330,value in Thousands,
2019,March,Uttar Pradesh,Female,107649,value in Thousands,
2019,March,Tripura,Total,3992,value in Thousands,
2019,March,Tripura,Male,2032,value in Thousands,
2019,March,Tripura,Female,1960,value in Thousands,
2019,March,Telangana,Total,37220,value in Thousands,
2019,March,Telangana,Male,18725,value in Thousands,
2019,March,Telangana,Female,18495,value in Thousands,
2019,March,Tamil Nadu,Total,75695,value in Thousands,
2019,March,Tamil Nadu,Male,37836,value in Thousands,
2019,March,Tamil Nadu,Female,37860,value in Thousands,
2019,March,Sikkim,Total,664,value in Thousands,
2019,March,Sikkim,Male,350,value in Thousands,
2019,March,Sikkim,Female,313,value in Thousands,
2019,March,Rajasthan,Total,77264,value in Thousands,
2019,March,Rajasthan,Male,39803,value in Thousands,
2019,March,Rajasthan,Female,37462,value in Thousands,
2019,March,Punjab,Total,29859,value in Thousands,
2019,March,Punjab,Male,15705,value in Thousands,
2019,March,Punjab,Female,14154,value in Thousands,
2019,March,Puducherry,Total,1504,value in Thousands,
2019,March,Puducherry,Male,724,value in Thousands,
2019,March,Puducherry,Female,780,value in Thousands,
2019,March,Odisha,Total,45004,value in Thousands,
2019,March,Odisha,Male,22673,value in Thousands,
2019,March,Odisha,Female,22331,value in Thousands,
2019,March,Nagaland,Total,2150,value in Thousands,
2019,March,Nagaland,Male,1111,value in Thousands,
2019,March,Nagaland,Female,1039,value in Thousands,
2019,March,Mizoram,Total,1192,value in Thousands,
2019,March,Mizoram,Male,602,value in Thousands,
2019,March,Mizoram,Female,590,value in Thousands,
2019,March,Meghalaya,Total,3224,value in Thousands,
2019,March,Meghalaya,Male,1617,value in Thousands,
2019,March,Meghalaya,Female,1607,value in Thousands,
2019,March,Manipur,Total,3103,value in Thousands,
2019,March,Manipur,Male,1560,value in Thousands,
2019,March,Manipur,Female,1544,value in Thousands,
2019,March,Maharashtra,Total,122153,value in Thousands,
2019,March,Maharashtra,Male,63481,value in Thousands,
2019,March,Maharashtra,Female,58672,value in Thousands,
2019,March,Madhya Pradesh,Total,82232,value in Thousands,
2019,March,Madhya Pradesh,Male,42460,value in Thousands,
2019,March,Madhya Pradesh,Female,39772,value in Thousands,
2019,March,Lakshadweep,Total,68,value in Thousands,
2019,March,Lakshadweep,Male,35,value in Thousands,
2019,March,Lakshadweep,Female,33,value in Thousands,
2019,March,Ladakh,Total,293,value in Thousands,
2019,March,Ladakh,Male,165,value in Thousands,
2019,March,Ladakh,Female,128,value in Thousands,
2019,March,Kerala,Total,35125,value in Thousands,
2019,March,Kerala,Male,16863,value in Thousands,
2019,March,Kerala,Female,18262,value in Thousands,
2019,March,Karnataka,Total,65798,value in Thousands,
2019,March,Karnataka,Male,33374,value in Thousands,
2019,March,Karnataka,Female,32425,value in Thousands,
2019,March,Jharkhand,Total,37403,value in Thousands,
2019,March,Jharkhand,Male,19165,value in Thousands,
2019,March,Jharkhand,Female,18238,value in Thousands,
2019,March,Jammu and Kashmir,Total,13203,value in Thousands,
2019,March,Jammu and Kashmir,Male,6933,value in Thousands,
2019,March,Jammu and Kashmir,Female,6270,value in Thousands,
2019,March,Himachal Pradesh,Total,7300,value in Thousands,
2019,March,Himachal Pradesh,Male,3702,value in Thousands,
2019,March,Himachal Pradesh,Female,3598,value in Thousands,
2019,March,Haryana,Total,28672,value in Thousands,
2019,March,Haryana,Male,15208,value in Thousands,
2019,March,Haryana,Female,13464,value in Thousands,
2019,March,Gujarat,Total,67936,value in Thousands,
2019,March,Gujarat,Male,35588,value in Thousands,
2019,March,Gujarat,Female,32347,value in Thousands,
2019,March,Goa,Total,1540,value in Thousands,
2019,March,Goa,Male,777,value in Thousands,
2019,March,Goa,Female,763,value in Thousands,
2019,March,Delhi,Total,19814,value in Thousands,
2019,March,Delhi,Male,10570,value in Thousands,
2019,March,Delhi,Female,9244,value in Thousands,
2019,March,Daman and Diu,Total,413,value in Thousands,
2019,March,Daman and Diu,Male,284,value in Thousands,
2019,March,Daman and Diu,Female,129,value in Thousands,
2019,March,Dadra and Nagar Haveli,Total,546,value in Thousands,
2019,March,Dadra and Nagar Haveli,Male,323,value in Thousands,
2019,March,Dadra and Nagar Haveli,Female,223,value in Thousands,
2019,March,Chhattisgarh,Total,28724,value in Thousands,
2019,March,Chhattisgarh,Male,14410,value in Thousands,
2019,March,Chhattisgarh,Female,14314,value in Thousands,
2019,March,Chandigarh,Total,1179,value in Thousands,
2019,March,Chandigarh,Male,640,value in Thousands,
2019,March,Chandigarh,Female,539,value in Thousands,
2019,March,Bihar,Total,119520,value in Thousands,
2019,March,Bihar,Male,62196,value in Thousands,
2019,March,Bihar,Female,57324,value in Thousands,
2019,March,Assam,Total,34293,value in Thousands,
2019,March,Assam,Male,17472,value in Thousands,
2019,March,Assam,Female,16822,value in Thousands,
2019,March,Arunachal Pradesh,Total,1504,value in Thousands,
2019,March,Arunachal Pradesh,Male,774,value in Thousands,
2019,March,Arunachal Pradesh,Female,730,value in Thousands,
2019,March,Andhra Pradesh,Total,52221,value in Thousands,
2019,March,Andhra Pradesh,Male,26126,value in Thousands,
2019,March,Andhra Pradesh,Female,26095,value in Thousands,
2019,March,Andaman and Nicobar Islands,Total,397,value in Thousands,
2019,March,Andaman and Nicobar Islands,Male,210,value in Thousands,
2019,March,Andaman and Nicobar Islands,Female,187,value in Thousands,
2019,March,All India,Total,1334235,value in Thousands,
2019,March,All India,Male,686046,value in Thousands,
2019,March,All India,Female,648189,value in Thousands,
2019,July,West Bengal,Total,97109,value in Thousands,
2019,July,West Bengal,Male,49616,value in Thousands,
2019,July,West Bengal,Female,47494,value in Thousands,
2019,July,Uttarakhand,Total,11184,value in Thousands,
2019,July,Uttarakhand,Male,5725,value in Thousands,
2019,July,Uttarakhand,Female,5459,value in Thousands,
2019,July,Uttar Pradesh,Total,225967,value in Thousands,
2019,July,Uttar Pradesh,Male,117832,value in Thousands,
2019,July,Uttar Pradesh,Female,108135,value in Thousands,
2019,July,Tripura,Total,4002,value in Thousands,
2019,July,Tripura,Male,2037,value in Thousands,
2019,July,Tripura,Female,1965,value in Thousands,
2019,July,Telangana,Total,37283,value in Thousands,
2019,July,Telangana,Male,18757,value in Thousands,
2019,July,Telangana,Female,18526,value in Thousands,
2019,July,Tamil Nadu,Total,75813,value in Thousands,
2019,July,Tamil Nadu,Male,37891,value in Thousands,
2019,July,Tamil Nadu,Female,37923,value in Thousands,
2019,July,Sikkim,Total,665,value in Thousands,
2019,July,Sikkim,Male,351,value in Thousands,
2019,July,Sikkim,Female,314,value in Thousands,
2019,July,Rajasthan,Total,77601,value in Thousands,
2019,July,Rajasthan,Male,39964,value in Thousands,
2019,July,Rajasthan,Female,37636,value in Thousands,
2019,July,Punjab,Total,29939,value in Thousands,
2019,July,Punjab,Male,15745,value in Thousands,
2019,July,Punjab,Female,14194,value in Thousands,
2019,July,Puducherry,Total,1515,value in Thousands,
2019,July,Puducherry,Male,729,value in Thousands,
2019,July,Puducherry,Female,786,value in Thousands,
2019,July,Odisha,Total,45119,value in Thousands,
2019,July,Odisha,Male,22728,value in Thousands,
2019,July,Odisha,Female,22391,value in Thousands,
2019,July,Nagaland,Total,2155,value in Thousands,
2019,July,Nagaland,Male,1114,value in Thousands,
2019,July,Nagaland,Female,1042,value in Thousands,
2019,July,Mizoram,Total,1195,value in Thousands,
2019,July,Mizoram,Male,604,value in Thousands,
2019,July,Mizoram,Female,592,value in Thousands,
2019,July,Meghalaya,Total,3232,value in Thousands,
2019,July,Meghalaya,Male,1621,value in Thousands,
2019,July,Meghalaya,Female,1611,value in Thousands,
2019,July,Manipur,Total,3111,value in Thousands,
2019,July,Manipur,Male,1563,value in Thousands,
2019,July,Manipur,Female,1548,value in Thousands,
2019,July,Maharashtra,Total,122533,value in Thousands,
2019,July,Maharashtra,Male,63684,value in Thousands,
2019,July,Maharashtra,Female,58849,value in Thousands,
2019,July,Madhya Pradesh,Total,82613,value in Thousands,
2019,July,Madhya Pradesh,Male,42652,value in Thousands,
2019,July,Madhya Pradesh,Female,39961,value in Thousands,
2019,July,Lakshadweep,Total,68,value in Thousands,
2019,July,Lakshadweep,Male,35,value in Thousands,
2019,July,Lakshadweep,Female,33,value in Thousands,
2019,July,Ladakh,Total,294,value in Thousands,
2019,July,Ladakh,Male,166,value in Thousands,
2019,July,Ladakh,Female,128,value in Thousands,
2019,July,Kerala,Total,35186,value in Thousands,
2019,July,Kerala,Male,16893,value in Thousands,
2019,July,Kerala,Female,18292,value in Thousands,
2019,July,Karnataka,Total,65973,value in Thousands,
2019,July,Karnataka,Male,33463,value in Thousands,
2019,July,Karnataka,Female,32510,value in Thousands,
2019,July,Jharkhand,Total,37581,value in Thousands,
2019,July,Jharkhand,Male,19254,value in Thousands,
2019,July,Jharkhand,Female,18327,value in Thousands,
2019,July,Jammu and Kashmir,Total,13237,value in Thousands,
2019,July,Jammu and Kashmir,Male,6949,value in Thousands,
2019,July,Jammu and Kashmir,Female,6288,value in Thousands,
2019,July,Himachal Pradesh,Total,7315,value in Thousands,
2019,July,Himachal Pradesh,Male,3710,value in Thousands,
2019,July,Himachal Pradesh,Female,3605,value in Thousands,
2019,July,Haryana,Total,28807,value in Thousands,
2019,July,Haryana,Male,15277,value in Thousands,
2019,July,Haryana,Female,13530,value in Thousands,
2019,July,Gujarat,Total,68245,value in Thousands,
2019,July,Gujarat,Male,35757,value in Thousands,
2019,July,Gujarat,Female,32488,value in Thousands,
2019,July,Goa,Total,1543,value in Thousands,
2019,July,Goa,Male,779,value in Thousands,
2019,July,Goa,Female,764,value in Thousands,
2019,July,Delhi,Total,19940,value in Thousands,
2019,July,Delhi,Male,10635,value in Thousands,
2019,July,Delhi,Female,9305,value in Thousands,
2019,July,Daman and Diu,Total,423,value in Thousands,
2019,July,Daman and Diu,Male,292,value in Thousands,
2019,July,Daman and Diu,Female,131,value in Thousands,
2019,July,Dadra and Nagar Haveli,Total,556,value in Thousands,
2019,July,Dadra and Nagar Haveli,Male,330,value in Thousands,
2019,July,Dadra and Nagar Haveli,Female,227,value in Thousands,
2019,July,Chhattisgarh,Total,28852,value in Thousands,
2019,July,Chhattisgarh,Male,14474,value in Thousands,
2019,July,Chhattisgarh,Female,14378,value in Thousands,
2019,July,Chandigarh,Total,1184,value in Thousands,
2019,July,Chandigarh,Male,642,value in Thousands,
2019,July,Chandigarh,Female,541,value in Thousands,
2019,July,Bihar,Total,120114,value in Thousands,
2019,July,Bihar,Male,62499,value in Thousands,
2019,July,Bihar,Female,57615,value in Thousands,
2019,July,Assam,Total,34418,value in Thousands,
2019,July,Assam,Male,17534,value in Thousands,
2019,July,Assam,Female,16885,value in Thousands,
2019,July,Arunachal Pradesh,Total,1507,value in Thousands,
2019,July,Arunachal Pradesh,Male,776,value in Thousands,
2019,July,Arunachal Pradesh,Female,732,value in Thousands,
2019,July,Andhra Pradesh,Total,52315,value in Thousands,
2019,July,Andhra Pradesh,Male,26172,value in Thousands,
2019,July,Andhra Pradesh,Female,26143,value in Thousands,
2019,July,Andaman and Nicobar Islands,Total,398,value in Thousands,
2019,July,Andaman and Nicobar Islands,Male,210,value in Thousands,
2019,July,Andaman and Nicobar Islands,Female,187,value in Thousands,
2019,July,All India,Total,1338995,value in Thousands,
2019,July,All India,Male,688460,value in Thousands,
2019,July,All India,Female,650535,value in Thousands,
2018,October,West Bengal,Total,96653,value in Thousands,
2018,October,West Bengal,Male,49400,value in Thousands,
2018,October,West Bengal,Female,47253,value in Thousands,
2018,October,Uttarakhand,Total,11088,value in Thousands,
2018,October,Uttarakhand,Male,5674,value in Thousands,
2018,October,Uttarakhand,Female,5414,value in Thousands,
2018,October,Uttar Pradesh,Total,223744,value in Thousands,
2018,October,Uttar Pradesh,Male,116702,value in Thousands,
2018,October,Uttar Pradesh,Female,107042,value in Thousands,
2018,October,Tripura,Total,3973,value in Thousands,
2018,October,Tripura,Male,2022,value in Thousands,
2018,October,Tripura,Female,1950,value in Thousands,
2018,October,Telangana,Total,37093,value in Thousands,
2018,October,Telangana,Male,18662,value in Thousands,
2018,October,Telangana,Female,18432,value in Thousands,
2018,October,Tamil Nadu,Total,75548,value in Thousands,
2018,October,Tamil Nadu,Male,37767,value in Thousands,
2018,October,Tamil Nadu,Female,37781,value in Thousands,
2018,October,Sikkim,Total,660,value in Thousands,
2018,October,Sikkim,Male,349,value in Thousands,
2018,October,Sikkim,Female,312,value in Thousands,
2018,October,Rajasthan,Total,76844,value in Thousands,
2018,October,Rajasthan,Male,39601,value in Thousands,
2018,October,Rajasthan,Female,37243,value in Thousands,
2018,October,Punjab,Total,29759,value in Thousands,
2018,October,Punjab,Male,15655,value in Thousands,
2018,October,Punjab,Female,14104,value in Thousands,
2018,October,Puducherry,Total,1489,value in Thousands,
2018,October,Puducherry,Male,718,value in Thousands,
2018,October,Puducherry,Female,772,value in Thousands,
2018,October,Odisha,Total,44860,value in Thousands,
2018,October,Odisha,Male,22605,value in Thousands,
2018,October,Odisha,Female,22255,value in Thousands,
2018,October,Nagaland,Total,2139,value in Thousands,
2018,October,Nagaland,Male,1106,value in Thousands,
2018,October,Nagaland,Female,1034,value in Thousands,
2018,October,Mizoram,Total,1186,value in Thousands,
2018,October,Mizoram,Male,599,value in Thousands,
2018,October,Mizoram,Female,587,value in Thousands,
2018,October,Meghalaya,Total,3208,value in Thousands,
2018,October,Meghalaya,Male,1610,value in Thousands,
2018,October,Meghalaya,Female,1599,value in Thousands,
2018,October,Manipur,Total,3088,value in Thousands,
2018,October,Manipur,Male,1552,value in Thousands,
2018,October,Manipur,Female,1536,value in Thousands,
2018,October,Maharashtra,Total,121677,value in Thousands,
2018,October,Maharashtra,Male,63226,value in Thousands,
2018,October,Maharashtra,Female,58451,value in Thousands,
2018,October,Madhya Pradesh,Total,81756,value in Thousands,
2018,October,Madhya Pradesh,Male,42221,value in Thousands,
2018,October,Madhya Pradesh,Female,39535,value in Thousands,
2018,October,Lakshadweep,Total,67,value in Thousands,
2018,October,Lakshadweep,Male,35,value in Thousands,
2018,October,Lakshadweep,Female,33,value in Thousands,
2018,October,Ladakh,Total,292,value in Thousands,
2018,October,Ladakh,Male,165,value in Thousands,
2018,October,Ladakh,Female,127,value in Thousands,
2018,October,Kerala,Total,35049,value in Thousands,
2018,October,Kerala,Male,16826,value in Thousands,
2018,October,Kerala,Female,18223,value in Thousands,
2018,October,Karnataka,Total,65580,value in Thousands,
2018,October,Karnataka,Male,33262,value in Thousands,
2018,October,Karnataka,Female,32319,value in Thousands,
2018,October,Jharkhand,Total,37180,value in Thousands,
2018,October,Jharkhand,Male,19053,value in Thousands,
2018,October,Jharkhand,Female,18127,value in Thousands,
2018,October,Jammu and Kashmir,Total,13161,value in Thousands,
2018,October,Jammu and Kashmir,Male,6913,value in Thousands,
2018,October,Jammu and Kashmir,Female,6247,value in Thousands,
2018,October,Himachal Pradesh,Total,7280,value in Thousands,
2018,October,Himachal Pradesh,Male,3692,value in Thousands,
2018,October,Himachal Pradesh,Female,3588,value in Thousands,
2018,October,Haryana,Total,28503,value in Thousands,
2018,October,Haryana,Male,15121,value in Thousands,
2018,October,Haryana,Female,13382,value in Thousands,
2018,October,Gujarat,Total,67550,value in Thousands,
2018,October,Gujarat,Male,35378,value in Thousands,
2018,October,Gujarat,Female,32172,value in Thousands,
2018,October,Goa,Total,1536,value in Thousands,
2018,October,Goa,Male,776,value in Thousands,
2018,October,Goa,Female,760,value in Thousands,
2018,October,Delhi,Total,19656,value in Thousands,
2018,October,Delhi,Male,10488,value in Thousands,
2018,October,Delhi,Female,9168,value in Thousands,
2018,October,Daman and Diu,Total,402,value in Thousands,
2018,October,Daman and Diu,Male,275,value in Thousands,
2018,October,Daman and Diu,Female,127,value in Thousands,
2018,October,Dadra and Nagar Haveli,Total,533,value in Thousands,
2018,October,Dadra and Nagar Haveli,Male,314,value in Thousands,
2018,October,Dadra and Nagar Haveli,Female,218,value in Thousands,
2018,October,Chhattisgarh,Total,28564,value in Thousands,
2018,October,Chhattisgarh,Male,14330,value in Thousands,
2018,October,Chhattisgarh,Female,14234,value in Thousands,
2018,October,Chandigarh,Total,1173,value in Thousands,
2018,October,Chandigarh,Male,637,value in Thousands,
2018,October,Chandigarh,Female,536,value in Thousands,
2018,October,Bihar,Total,118778,value in Thousands,
2018,October,Bihar,Male,61818,value in Thousands,
2018,October,Bihar,Female,56960,value in Thousands,
2018,October,Assam,Total,34137,value in Thousands,
2018,October,Assam,Male,17394,value in Thousands,
2018,October,Assam,Female,16743,value in Thousands,
2018,October,Arunachal Pradesh,Total,1496,value in Thousands,
2018,October,Arunachal Pradesh,Male,770,value in Thousands,
2018,October,Arunachal Pradesh,Female,726,value in Thousands,
2018,October,Andhra Pradesh,Total,52103,value in Thousands,
2018,October,Andhra Pradesh,Male,26068,value in Thousands,
2018,October,Andhra Pradesh,Female,26035,value in Thousands,
2018,October,Andaman and Nicobar Islands,Total,396,value in Thousands,
2018,October,Andaman and Nicobar Islands,Male,210,value in Thousands,
2018,October,Andaman and Nicobar Islands,Female,187,value in Thousands,
2018,October,All India,Total,1328206,value in Thousands,
2018,October,All India,Male,682994,value in Thousands,
2018,October,All India,Female,645212,value in Thousands,
2018,March,West Bengal,Total,96297,value in Thousands,
2018,March,West Bengal,Male,49232,value in Thousands,
2018,March,West Bengal,Female,47066,value in Thousands,
2018,March,Uttarakhand,Total,11013,value in Thousands,
2018,March,Uttarakhand,Male,5634,value in Thousands,
2018,March,Uttarakhand,Female,5379,value in Thousands,
2018,March,Uttar Pradesh,Total,222015,value in Thousands,
2018,March,Uttar Pradesh,Male,115823,value in Thousands,
2018,March,Uttar Pradesh,Female,106192,value in Thousands,
2018,March,Tripura,Total,3953,value in Thousands,
2018,March,Tripura,Male,2013,value in Thousands,
2018,March,Tripura,Female,1940,value in Thousands,
2018,March,Telangana,Total,36967,value in Thousands,
2018,March,Telangana,Male,18599,value in Thousands,
2018,March,Telangana,Female,18368,value in Thousands,
2018,March,Tamil Nadu,Total,75342,value in Thousands,
2018,March,Tamil Nadu,Male,37671,value in Thousands,
2018,March,Tamil Nadu,Female,37671,value in Thousands,
2018,March,Sikkim,Total,657,value in Thousands,
2018,March,Sikkim,Male,347,value in Thousands,
2018,March,Sikkim,Female,310,value in Thousands,
2018,March,Rajasthan,Total,76256,value in Thousands,
2018,March,Rajasthan,Male,39318,value in Thousands,
2018,March,Rajasthan,Female,36938,value in Thousands,
2018,March,Punjab,Total,29619,value in Thousands,
2018,March,Punjab,Male,15586,value in Thousands,
2018,March,Punjab,Female,14034,value in Thousands,
2018,March,Puducherry,Total,1470,value in Thousands,
2018,March,Puducherry,Male,709,value in Thousands,
2018,March,Puducherry,Female,760,value in Thousands,
2018,March,Odisha,Total,44658,value in Thousands,
2018,March,Odisha,Male,22509,value in Thousands,
2018,March,Odisha,Female,22149,value in Thousands,
2018,March,Nagaland,Total,2129,value in Thousands,
2018,March,Nagaland,Male,1100,value in Thousands,
2018,March,Nagaland,Female,1028,value in Thousands,
2018,March,Mizoram,Total,1181,value in Thousands,
2018,March,Mizoram,Male,596,value in Thousands,
2018,March,Mizoram,Female,584,value in Thousands,
2018,March,Meghalaya,Total,3192,value in Thousands,
2018,March,Meghalaya,Male,1602,value in Thousands,
2018,March,Meghalaya,Female,1590,value in Thousands,
2018,March,Manipur,Total,3073,value in Thousands,
2018,March,Manipur,Male,1545,value in Thousands,
2018,March,Manipur,Female,1528,value in Thousands,
2018,March,Maharashtra,Total,121011,value in Thousands,
2018,March,Maharashtra,Male,62870,value in Thousands,
2018,March,Maharashtra,Female,58140,value in Thousands,
2018,March,Madhya Pradesh,Total,81090,value in Thousands,
2018,March,Madhya Pradesh,Male,41886,value in Thousands,
2018,March,Madhya Pradesh,Female,39204,value in Thousands,
2018,March,Lakshadweep,Total,67,value in Thousands,
2018,March,Lakshadweep,Male,35,value in Thousands,
2018,March,Lakshadweep,Female,33,value in Thousands,
2018,March,Ladakh,Total,291,value in Thousands,
2018,March,Ladakh,Male,164,value in Thousands,
2018,March,Ladakh,Female,127,value in Thousands,
2018,March,Kerala,Total,34943,value in Thousands,
2018,March,Kerala,Male,16774,value in Thousands,
2018,March,Kerala,Female,18169,value in Thousands,
2018,March,Karnataka,Total,65275,value in Thousands,
2018,March,Karnataka,Male,33105,value in Thousands,
2018,March,Karnataka,Female,32170,value in Thousands,
2018,March,Jharkhand,Total,36869,value in Thousands,
2018,March,Jharkhand,Male,18897,value in Thousands,
2018,March,Jharkhand,Female,17972,value in Thousands,
2018,March,Jammu and Kashmir,Total,13101,value in Thousands,
2018,March,Jammu and Kashmir,Male,6885,value in Thousands,
2018,March,Jammu and Kashmir,Female,6216,value in Thousands,
2018,March,Himachal Pradesh,Total,7253,value in Thousands,
2018,March,Himachal Pradesh,Male,3678,value in Thousands,
2018,March,Himachal Pradesh,Female,3574,value in Thousands,
2018,March,Haryana,Total,28266,value in Thousands,
2018,March,Haryana,Male,15000,value in Thousands,
2018,March,Haryana,Female,13266,value in Thousands,
2018,March,Gujarat,Total,67010,value in Thousands,
2018,March,Gujarat,Male,35083,value in Thousands,
2018,March,Gujarat,Female,31927,value in Thousands,
2018,March,Goa,Total,1531,value in Thousands,
2018,March,Goa,Male,773,value in Thousands,
2018,March,Goa,Female,758,value in Thousands,
2018,March,Delhi,Total,19435,value in Thousands,
2018,March,Delhi,Male,10373,value in Thousands,
2018,March,Delhi,Female,9061,value in Thousands,
2018,March,Daman and Diu,Total,385,value in Thousands,
2018,March,Daman and Diu,Male,262,value in Thousands,
2018,March,Daman and Diu,Female,124,value in Thousands,
2018,March,Dadra and Nagar Haveli,Total,515,value in Thousands,
2018,March,Dadra and Nagar Haveli,Male,303,value in Thousands,
2018,March,Dadra and Nagar Haveli,Female,212,value in Thousands,
2018,March,Chhattisgarh,Total,28340,value in Thousands,
2018,March,Chhattisgarh,Male,14218,value in Thousands,
2018,March,Chhattisgarh,Female,14122,value in Thousands,
2018,March,Chandigarh,Total,1165,value in Thousands,
2018,March,Chandigarh,Male,633,value in Thousands,
2018,March,Chandigarh,Female,531,value in Thousands,
2018,March,Bihar,Total,117739,value in Thousands,
2018,March,Bihar,Male,61289,value in Thousands,
2018,March,Bihar,Female,56450,value in Thousands,
2018,March,Assam,Total,33918,value in Thousands,
2018,March,Assam,Male,17286,value in Thousands,
2018,March,Assam,Female,16632,value in Thousands,
2018,March,Arunachal Pradesh,Total,1489,value in Thousands,
2018,March,Arunachal Pradesh,Male,767,value in Thousands,
2018,March,Arunachal Pradesh,Female,722,value in Thousands,
2018,March,Andhra Pradesh,Total,51938,value in Thousands,
2018,March,Andhra Pradesh,Male,25987,value in Thousands,
2018,March,Andhra Pradesh,Female,25950,value in Thousands,
2018,March,Andaman and Nicobar Islands,Total,395,value in Thousands,
2018,March,Andaman and Nicobar Islands,Male,209,value in Thousands,
2018,March,Andaman and Nicobar Islands,Female,186,value in Thousands,
2018,March,All India,Total,1319844,value in Thousands,
2018,March,All India,Male,678761,value in Thousands,
2018,March,All India,Female,641083,value in Thousands,
2018,July,West Bengal,Total,96500,value in Thousands,
2018,July,West Bengal,Male,49328,value in Thousands,
2018,July,West Bengal,Female,47173,value in Thousands,
2018,July,Uttarakhand,Total,11055,value in Thousands,
2018,July,Uttarakhand,Male,5657,value in Thousands,
2018,July,Uttarakhand,Female,5399,value in Thousands,
2018,July,Uttar Pradesh,Total,223003,value in Thousands,
2018,July,Uttar Pradesh,Male,116325,value in Thousands,
2018,July,Uttar Pradesh,Female,106678,value in Thousands,
2018,July,Tripura,Total,3963,value in Thousands,
2018,July,Tripura,Male,2018,value in Thousands,
2018,July,Tripura,Female,1945,value in Thousands,
2018,July,Telangana,Total,37030,value in Thousands,
2018,July,Telangana,Male,18630,value in Thousands,
2018,July,Telangana,Female,18400,value in Thousands,
2018,July,Tamil Nadu,Total,75460,value in Thousands,
2018,July,Tamil Nadu,Male,37726,value in Thousands,
2018,July,Tamil Nadu,Female,37734,value in Thousands,
2018,July,Sikkim,Total,659,value in Thousands,
2018,July,Sikkim,Male,348,value in Thousands,
2018,July,Sikkim,Female,311,value in Thousands,
2018,July,Rajasthan,Total,76592,value in Thousands,
2018,July,Rajasthan,Male,39480,value in Thousands,
2018,July,Rajasthan,Female,37112,value in Thousands,
2018,July,Punjab,Total,29699,value in Thousands,
2018,July,Punjab,Male,15626,value in Thousands,
2018,July,Punjab,Female,14074,value in Thousands,
2018,July,Puducherry,Total,1481,value in Thousands,
2018,July,Puducherry,Male,714,value in Thousands,
2018,July,Puducherry,Female,767,value in Thousands,
2018,July,Odisha,Total,44774,value in Thousands,
2018,July,Odisha,Male,22564,value in Thousands,
2018,July,Odisha,Female,22210,value in Thousands,
2018,July,Nagaland,Total,2134,value in Thousands,
2018,July,Nagaland,Male,1103,value in Thousands,
2018,July,Nagaland,Female,1031,value in Thousands,
2018,July,Mizoram,Total,1184,value in Thousands,
2018,July,Mizoram,Male,598,value in Thousands,
2018,July,Mizoram,Female,586,value in Thousands,
2018,July,Meghalaya,Total,3200,value in Thousands,
2018,July,Meghalaya,Male,1606,value in Thousands,
2018,July,Meghalaya,Female,1595,value in Thousands,
2018,July,Manipur,Total,3080,value in Thousands,
2018,July,Manipur,Male,1549,value in Thousands,
2018,July,Manipur,Female,1532,value in Thousands,
2018,July,Maharashtra,Total,121391,value in Thousands,
2018,July,Maharashtra,Male,63074,value in Thousands,
2018,July,Maharashtra,Female,58318,value in Thousands,
2018,July,Madhya Pradesh,Total,81471,value in Thousands,
2018,July,Madhya Pradesh,Male,42077,value in Thousands,
2018,July,Madhya Pradesh,Female,39393,value in Thousands,
2018,July,Lakshadweep,Total,67,value in Thousands,
2018,July,Lakshadweep,Male,35,value in Thousands,
2018,July,Lakshadweep,Female,33,value in Thousands,
2018,July,Ladakh,Total,292,value in Thousands,
2018,July,Ladakh,Male,165,value in Thousands,
2018,July,Ladakh,Female,127,value in Thousands,
2018,July,Kerala,Total,35003,value in Thousands,
2018,July,Kerala,Male,16804,value in Thousands,
2018,July,Kerala,Female,18200,value in Thousands,
2018,July,Karnataka,Total,65450,value in Thousands,
2018,July,Karnataka,Male,33194,value in Thousands,
2018,July,Karnataka,Female,32255,value in Thousands,
2018,July,Jharkhand,Total,37047,value in Thousands,
2018,July,Jharkhand,Male,18986,value in Thousands,
2018,July,Jharkhand,Female,18060,value in Thousands,
2018,July,Jammu and Kashmir,Total,13135,value in Thousands,
2018,July,Jammu and Kashmir,Male,6901,value in Thousands,
2018,July,Jammu and Kashmir,Female,6234,value in Thousands,
2018,July,Himachal Pradesh,Total,7268,value in Thousands,
2018,July,Himachal Pradesh,Male,3686,value in Thousands,
2018,July,Himachal Pradesh,Female,3582,value in Thousands,
2018,July,Haryana,Total,28401,value in Thousands,
2018,July,Haryana,Male,15069,value in Thousands,
2018,July,Haryana,Female,13332,value in Thousands,
2018,July,Gujarat,Total,67319,value in Thousands,
2018,July,Gujarat,Male,35251,value in Thousands,
2018,July,Gujarat,Female,32067,value in Thousands,
2018,July,Goa,Total,1534,value in Thousands,
2018,July,Goa,Male,775,value in Thousands,
2018,July,Goa,Female,759,value in Thousands,
2018,July,Delhi,Total,19561,value in Thousands,
2018,July,Delhi,Male,10439,value in Thousands,
2018,July,Delhi,Female,9122,value in Thousands,
2018,July,Daman and Diu,Total,395,value in Thousands,
2018,July,Daman and Diu,Male,269,value in Thousands,
2018,July,Daman and Diu,Female,125,value in Thousands,
2018,July,Dadra and Nagar Haveli,Total,525,value in Thousands,
2018,July,Dadra and Nagar Haveli,Male,309,value in Thousands,
2018,July,Dadra and Nagar Haveli,Female,216,value in Thousands,
2018,July,Chhattisgarh,Total,28468,value in Thousands,
2018,July,Chhattisgarh,Male,14282,value in Thousands,
2018,July,Chhattisgarh,Female,14186,value in Thousands,
2018,July,Chandigarh,Total,1170,value in Thousands,
2018,July,Chandigarh,Male,636,value in Thousands,
2018,July,Chandigarh,Female,534,value in Thousands,
2018,July,Bihar,Total,118333,value in Thousands,
2018,July,Bihar,Male,61591,value in Thousands,
2018,July,Bihar,Female,56741,value in Thousands,
2018,July,Assam,Total,34043,value in Thousands,
2018,July,Assam,Male,17348,value in Thousands,
2018,July,Assam,Female,16695,value in Thousands,
2018,July,Arunachal Pradesh,Total,1493,value in Thousands,
2018,July,Arunachal Pradesh,Male,768,value in Thousands,
2018,July,Arunachal Pradesh,Female,724,value in Thousands,
2018,July,Andhra Pradesh,Total,52032,value in Thousands,
2018,July,Andhra Pradesh,Male,26034,value in Thousands,
2018,July,Andhra Pradesh,Female,25999,value in Thousands,
2018,July,Andaman and Nicobar Islands,Total,396,value in Thousands,
2018,July,Andaman and Nicobar Islands,Male,209,value in Thousands,
2018,July,Andaman and Nicobar Islands,Female,186,value in Thousands,
2018,July,All India,Total,1324609,value in Thousands,
2018,July,All India,Male,681174,value in Thousands,
2018,July,All India,Female,643435,value in Thousands,
2017,October,West Bengal,Total,96043,value in Thousands,
2017,October,West Bengal,Male,49112,value in Thousands,
2017,October,West Bengal,Female,46932,value in Thousands,
2017,October,Uttarakhand,Total,10959,value in Thousands,
2017,October,Uttarakhand,Male,5605,value in Thousands,
2017,October,Uttarakhand,Female,5354,value in Thousands,
2017,October,Uttar Pradesh,Total,220780,value in Thousands,
2017,October,Uttar Pradesh,Male,115195,value in Thousands,
2017,October,Uttar Pradesh,Female,105585,value in Thousands,
2017,October,Tripura,Total,3933,value in Thousands,
2017,October,Tripura,Male,2003,value in Thousands,
2017,October,Tripura,Female,1930,value in Thousands,
2017,October,Telangana,Total,36841,value in Thousands,
2017,October,Telangana,Male,18536,value in Thousands,
2017,October,Telangana,Female,18305,value in Thousands,
2017,October,Tamil Nadu,Total,75195,value in Thousands,
2017,October,Tamil Nadu,Male,37602,value in Thousands,
2017,October,Tamil Nadu,Female,37592,value in Thousands,
2017,October,Sikkim,Total,654,value in Thousands,
2017,October,Sikkim,Male,345,value in Thousands,
2017,October,Sikkim,Female,308,value in Thousands,
2017,October,Rajasthan,Total,75836,value in Thousands,
2017,October,Rajasthan,Male,39117,value in Thousands,
2017,October,Rajasthan,Female,36720,value in Thousands,
2017,October,Punjab,Total,29520,value in Thousands,
2017,October,Punjab,Male,15536,value in Thousands,
2017,October,Punjab,Female,13983,value in Thousands,
2017,October,Puducherry,Total,1456,value in Thousands,
2017,October,Puducherry,Male,703,value in Thousands,
2017,October,Puducherry,Female,752,value in Thousands,
2017,October,Odisha,Total,44514,value in Thousands,
2017,October,Odisha,Male,22440,value in Thousands,
2017,October,Odisha,Female,22074,value in Thousands,
2017,October,Nagaland,Total,2118,value in Thousands,
2017,October,Nagaland,Male,1095,value in Thousands,
2017,October,Nagaland,Female,1023,value in Thousands,
2017,October,Mizoram,Total,1175,value in Thousands,
2017,October,Mizoram,Male,593,value in Thousands,
2017,October,Mizoram,Female,581,value in Thousands,
2017,October,Meghalaya,Total,3176,value in Thousands,
2017,October,Meghalaya,Male,1594,value in Thousands,
2017,October,Meghalaya,Female,1582,value in Thousands,
2017,October,Manipur,Total,3058,value in Thousands,
2017,October,Manipur,Male,1537,value in Thousands,
2017,October,Manipur,Female,1520,value in Thousands,
2017,October,Maharashtra,Total,120535,value in Thousands,
2017,October,Maharashtra,Male,62616,value in Thousands,
2017,October,Maharashtra,Female,57919,value in Thousands,
2017,October,Madhya Pradesh,Total,80614,value in Thousands,
2017,October,Madhya Pradesh,Male,41647,value in Thousands,
2017,October,Madhya Pradesh,Female,38968,value in Thousands,
2017,October,Lakshadweep,Total,67,value in Thousands,
2017,October,Lakshadweep,Male,34,value in Thousands,
2017,October,Lakshadweep,Female,33,value in Thousands,
2017,October,Ladakh,Total,290,value in Thousands,
2017,October,Ladakh,Male,164,value in Thousands,
2017,October,Ladakh,Female,126,value in Thousands,
2017,October,Kerala,Total,34867,value in Thousands,
2017,October,Kerala,Male,16736,value in Thousands,
2017,October,Kerala,Female,18131,value in Thousands,
2017,October,Karnataka,Total,65057,value in Thousands,
2017,October,Karnataka,Male,32993,value in Thousands,
2017,October,Karnataka,Female,32064,value in Thousands,
2017,October,Jharkhand,Total,36646,value in Thousands,
2017,October,Jharkhand,Male,18785,value in Thousands,
2017,October,Jharkhand,Female,17861,value in Thousands,
2017,October,Jammu and Kashmir,Total,13058,value in Thousands,
2017,October,Jammu and Kashmir,Male,6865,value in Thousands,
2017,October,Jammu and Kashmir,Female,6193,value in Thousands,
2017,October,Himachal Pradesh,Total,7233,value in Thousands,
2017,October,Himachal Pradesh,Male,3668,value in Thousands,
2017,October,Himachal Pradesh,Female,3565,value in Thousands,
2017,October,Haryana,Total,28097,value in Thousands,
2017,October,Haryana,Male,14914,value in Thousands,
2017,October,Haryana,Female,13184,value in Thousands,
2017,October,Gujarat,Total,66624,value in Thousands,
2017,October,Gujarat,Male,34872,value in Thousands,
2017,October,Gujarat,Female,31752,value in Thousands,
2017,October,Goa,Total,1527,value in Thousands,
2017,October,Goa,Male,771,value in Thousands,
2017,October,Goa,Female,755,value in Thousands,
2017,October,Delhi,Total,19277,value in Thousands,
2017,October,Delhi,Male,10292,value in Thousands,
2017,October,Delhi,Female,8985,value in Thousands,
2017,October,Daman and Diu,Total,374,value in Thousands,
2017,October,Daman and Diu,Male,252,value in Thousands,
2017,October,Daman and Diu,Female,121,value in Thousands,
2017,October,Dadra and Nagar Haveli,Total,502,value in Thousands,
2017,October,Dadra and Nagar Haveli,Male,294,value in Thousands,
2017,October,Dadra and Nagar Haveli,Female,208,value in Thousands,
2017,October,Chhattisgarh,Total,28180,value in Thousands,
2017,October,Chhattisgarh,Male,14138,value in Thousands,
2017,October,Chhattisgarh,Female,14042,value in Thousands,
2017,October,Chandigarh,Total,1159,value in Thousands,
2017,October,Chandigarh,Male,631,value in Thousands,
2017,October,Chandigarh,Female,528,value in Thousands,
2017,October,Bihar,Total,116996,value in Thousands,
2017,October,Bihar,Male,60910,value in Thousands,
2017,October,Bihar,Female,56086,value in Thousands,
2017,October,Assam,Total,33762,value in Thousands,
2017,October,Assam,Male,17209,value in Thousands,
2017,October,Assam,Female,16553,value in Thousands,
2017,October,Arunachal Pradesh,Total,1481,value in Thousands,
2017,October,Arunachal Pradesh,Male,763,value in Thousands,
2017,October,Arunachal Pradesh,Female,718,value in Thousands,
2017,October,Andhra Pradesh,Total,51820,value in Thousands,
2017,October,Andhra Pradesh,Male,25930,value in Thousands,
2017,October,Andhra Pradesh,Female,25890,value in Thousands,
2017,October,Andaman and Nicobar Islands,Total,395,value in Thousands,
2017,October,Andaman and Nicobar Islands,Male,209,value in Thousands,
2017,October,Andaman and Nicobar Islands,Female,186,value in Thousands,
2017,October,All India,Total,1313815,value in Thousands,
2017,October,All India,Male,675706,value in Thousands,
2017,October,All India,Female,638109,value in Thousands,
2017,March,West Bengal,Total,95688,value in Thousands,
2017,March,West Bengal,Male,48944,value in Thousands,
2017,March,West Bengal,Female,46744,value in Thousands,
2017,March,Uttarakhand,Total,10884,value in Thousands,
2017,March,Uttarakhand,Male,5565,value in Thousands,
2017,March,Uttarakhand,Female,5319,value in Thousands,
2017,March,Uttar Pradesh,Total,219051,value in Thousands,
2017,March,Uttar Pradesh,Male,114316,value in Thousands,
2017,March,Uttar Pradesh,Female,104735,value in Thousands,
2017,March,Tripura,Total,3914,value in Thousands,
2017,March,Tripura,Male,1993,value in Thousands,
2017,March,Tripura,Female,1920,value in Thousands,
2017,March,Telangana,Total,36714,value in Thousands,
2017,March,Telangana,Male,18472,value in Thousands,
2017,March,Telangana,Female,18242,value in Thousands,
2017,March,Tamil Nadu,Total,74989,value in Thousands,
2017,March,Tamil Nadu,Male,37506,value in Thousands,
2017,March,Tamil Nadu,Female,37482,value in Thousands,
2017,March,Sikkim,Total,650,value in Thousands,
2017,March,Sikkim,Male,344,value in Thousands,
2017,March,Sikkim,Female,307,value in Thousands,
2017,March,Rajasthan,Total,75248,value in Thousands,
2017,March,Rajasthan,Male,38834,value in Thousands,
2017,March,Rajasthan,Female,36414,value in Thousands,
2017,March,Punjab,Total,29380,value in Thousands,
2017,March,Punjab,Male,15467,value in Thousands,
2017,March,Punjab,Female,13913,value in Thousands,
2017,March,Puducherry,Total,1436,value in Thousands,
2017,March,Puducherry,Male,695,value in Thousands,
2017,March,Puducherry,Female,741,value in Thousands,
2017,March,Odisha,Total,44312,value in Thousands,
2017,March,Odisha,Male,22344,value in Thousands,
2017,March,Odisha,Female,21968,value in Thousands,
2017,March,Nagaland,Total,2108,value in Thousands,
2017,March,Nagaland,Male,1090,value in Thousands,
2017,March,Nagaland,Female,1018,value in Thousands,
2017,March,Mizoram,Total,1169,value in Thousands,
2017,March,Mizoram,Male,591,value in Thousands,
2017,March,Mizoram,Female,578,value in Thousands,
2017,March,Meghalaya,Total,3161,value in Thousands,
2017,March,Meghalaya,Male,1587,value in Thousands,
2017,March,Meghalaya,Female,1574,value in Thousands,
2017,March,Manipur,Total,3042,value in Thousands,
2017,March,Manipur,Male,1530,value in Thousands,
2017,March,Manipur,Female,1512,value in Thousands,
2017,March,Maharashtra,Total,119869,value in Thousands,
2017,March,Maharashtra,Male,62260,value in Thousands,
2017,March,Maharashtra,Female,57609,value in Thousands,
2017,March,Madhya Pradesh,Total,79948,value in Thousands,
2017,March,Madhya Pradesh,Male,41312,value in Thousands,
2017,March,Madhya Pradesh,Female,38637,value in Thousands,
2017,March,Lakshadweep,Total,67,value in Thousands,
2017,March,Lakshadweep,Male,34,value in Thousands,
2017,March,Lakshadweep,Female,32,value in Thousands,
2017,March,Ladakh,Total,289,value in Thousands,
2017,March,Ladakh,Male,164,value in Thousands,
2017,March,Ladakh,Female,126,value in Thousands,
2017,March,Kerala,Total,34761,value in Thousands,
2017,March,Kerala,Male,16684,value in Thousands,
2017,March,Kerala,Female,18077,value in Thousands,
2017,March,Karnataka,Total,64752,value in Thousands,
2017,March,Karnataka,Male,32836,value in Thousands,
2017,March,Karnataka,Female,31916,value in Thousands,
2017,March,Jharkhand,Total,36334,value in Thousands,
2017,March,Jharkhand,Male,18629,value in Thousands,
2017,March,Jharkhand,Female,17705,value in Thousands,
2017,March,Jammu and Kashmir,Total,12999,value in Thousands,
2017,March,Jammu and Kashmir,Male,6837,value in Thousands,
2017,March,Jammu and Kashmir,Female,6162,value in Thousands,
2017,March,Himachal Pradesh,Total,7206,value in Thousands,
2017,March,Himachal Pradesh,Male,3654,value in Thousands,
2017,March,Himachal Pradesh,Female,3551,value in Thousands,
2017,March,Haryana,Total,27861,value in Thousands,
2017,March,Haryana,Male,14793,value in Thousands,
2017,March,Haryana,Female,13068,value in Thousands,
2017,March,Gujarat,Total,66084,value in Thousands,
2017,March,Gujarat,Male,34577,value in Thousands,
2017,March,Gujarat,Female,31507,value in Thousands,
2017,March,Goa,Total,1521,value in Thousands,
2017,March,Goa,Male,769,value in Thousands,
2017,March,Goa,Female,753,value in Thousands,
2017,March,Delhi,Total,19056,value in Thousands,
2017,March,Delhi,Male,10177,value in Thousands,
2017,March,Delhi,Female,8879,value in Thousands,
2017,March,Daman and Diu,Total,357,value in Thousands,
2017,March,Daman and Diu,Male,239,value in Thousands,
2017,March,Daman and Diu,Female,118,value in Thousands,
2017,March,Dadra and Nagar Haveli,Total,483,value in Thousands,
2017,March,Dadra and Nagar Haveli,Male,282,value in Thousands,
2017,March,Dadra and Nagar Haveli,Female,201,value in Thousands,
2017,March,Chhattisgarh,Total,27956,value in Thousands,
2017,March,Chhattisgarh,Male,14026,value in Thousands,
2017,March,Chhattisgarh,Female,13930,value in Thousands,
2017,March,Chandigarh,Total,1151,value in Thousands,
2017,March,Chandigarh,Male,627,value in Thousands,
2017,March,Chandigarh,Female,524,value in Thousands,
2017,March,Bihar,Total,115957,value in Thousands,
2017,March,Bihar,Male,60381,value in Thousands,
2017,March,Bihar,Female,55577,value in Thousands,
2017,March,Assam,Total,33543,value in Thousands,
2017,March,Assam,Male,17100,value in Thousands,
2017,March,Assam,Female,16443,value in Thousands,
2017,March,Arunachal Pradesh,Total,1474,value in Thousands,
2017,March,Arunachal Pradesh,Male,759,value in Thousands,
2017,March,Arunachal Pradesh,Female,715,value in Thousands,
2017,March,Andhra Pradesh,Total,51655,value in Thousands,
2017,March,Andhra Pradesh,Male,25849,value in Thousands,
2017,March,Andhra Pradesh,Female,25806,value in Thousands,
2017,March,Andaman and Nicobar Islands,Total,394,value in Thousands,
2017,March,Andaman and Nicobar Islands,Male,208,value in Thousands,
2017,March,Andaman and Nicobar Islands,Female,185,value in Thousands,
2017,March,All India,Total,1305463,value in Thousands,
2017,March,All India,Male,671475,value in Thousands,
2017,March,All India,Female,633988,value in Thousands,
2017,July,West Bengal,Total,95891,value in Thousands,
2017,July,West Bengal,Male,49040,value in Thousands,
2017,July,West Bengal,Female,46852,value in Thousands,
2017,July,Uttarakhand,Total,10927,value in Thousands,
2017,July,Uttarakhand,Male,5588,value in Thousands,
2017,July,Uttarakhand,Female,5339,value in Thousands,
2017,July,Uttar Pradesh,Total,220039,value in Thousands,
2017,July,Uttar Pradesh,Male,114818,value in Thousands,
2017,July,Uttar Pradesh,Female,105221,value in Thousands,
2017,July,Tripura,Total,3924,value in Thousands,
2017,July,Tripura,Male,1998,value in Thousands,
2017,July,Tripura,Female,1925,value in Thousands,
2017,July,Telangana,Total,36778,value in Thousands,
2017,July,Telangana,Male,18504,value in Thousands,
2017,July,Telangana,Female,18274,value in Thousands,
2017,July,Tamil Nadu,Total,75106,value in Thousands,
2017,July,Tamil Nadu,Male,37561,value in Thousands,
2017,July,Tamil Nadu,Female,37545,value in Thousands,
2017,July,Sikkim,Total,652,value in Thousands,
2017,July,Sikkim,Male,344,value in Thousands,
2017,July,Sikkim,Female,308,value in Thousands,
2017,July,Rajasthan,Total,75584,value in Thousands,
2017,July,Rajasthan,Male,38996,value in Thousands,
2017,July,Rajasthan,Female,36589,value in Thousands,
2017,July,Punjab,Total,29460,value in Thousands,
2017,July,Punjab,Male,15506,value in Thousands,
2017,July,Punjab,Female,13953,value in Thousands,
2017,July,Puducherry,Total,1447,value in Thousands,
2017,July,Puducherry,Male,700,value in Thousands,
2017,July,Puducherry,Female,747,value in Thousands,
2017,July,Odisha,Total,44428,value in Thousands,
2017,July,Odisha,Male,22399,value in Thousands,
2017,July,Odisha,Female,22029,value in Thousands,
2017,July,Nagaland,Total,2113,value in Thousands,
2017,July,Nagaland,Male,1092,value in Thousands,
2017,July,Nagaland,Female,1021,value in Thousands,
2017,July,Mizoram,Total,1172,value in Thousands,
2017,July,Mizoram,Male,592,value in Thousands,
2017,July,Mizoram,Female,580,value in Thousands,
2017,July,Meghalaya,Total,3169,value in Thousands,
2017,July,Meghalaya,Male,1590,value in Thousands,
2017,July,Meghalaya,Female,1578,value in Thousands,
2017,July,Manipur,Total,3050,value in Thousands,
2017,July,Manipur,Male,1534,value in Thousands,
2017,July,Manipur,Female,1516,value in Thousands,
2017,July,Maharashtra,Total,120249,value in Thousands,
2017,July,Maharashtra,Male,62463,value in Thousands,
2017,July,Maharashtra,Female,57786,value in Thousands,
2017,July,Madhya Pradesh,Total,80329,value in Thousands,
2017,July,Madhya Pradesh,Male,41503,value in Thousands,
2017,July,Madhya Pradesh,Female,38826,value in Thousands,
2017,July,Lakshadweep,Total,67,value in Thousands,
2017,July,Lakshadweep,Male,34,value in Thousands,
2017,July,Lakshadweep,Female,33,value in Thousands,
2017,July,Ladakh,Total,290,value in Thousands,
2017,July,Ladakh,Male,164,value in Thousands,
2017,July,Ladakh,Female,126,value in Thousands,
2017,July,Kerala,Total,34821,value in Thousands,
2017,July,Kerala,Male,16714,value in Thousands,
2017,July,Kerala,Female,18107,value in Thousands,
2017,July,Karnataka,Total,64926,value in Thousands,
2017,July,Karnataka,Male,32926,value in Thousands,
2017,July,Karnataka,Female,32001,value in Thousands,
2017,July,Jharkhand,Total,36512,value in Thousands,
2017,July,Jharkhand,Male,18718,value in Thousands,
2017,July,Jharkhand,Female,17794,value in Thousands,
2017,July,Jammu and Kashmir,Total,13033,value in Thousands,
2017,July,Jammu and Kashmir,Male,6853,value in Thousands,
2017,July,Jammu and Kashmir,Female,6180,value in Thousands,
2017,July,Himachal Pradesh,Total,7221,value in Thousands,
2017,July,Himachal Pradesh,Male,3662,value in Thousands,
2017,July,Himachal Pradesh,Female,3559,value in Thousands,
2017,July,Haryana,Total,27996,value in Thousands,
2017,July,Haryana,Male,14862,value in Thousands,
2017,July,Haryana,Female,13134,value in Thousands,
2017,July,Gujarat,Total,66393,value in Thousands,
2017,July,Gujarat,Male,34745,value in Thousands,
2017,July,Gujarat,Female,31647,value in Thousands,
2017,July,Goa,Total,1524,value in Thousands,
2017,July,Goa,Male,770,value in Thousands,
2017,July,Goa,Female,754,value in Thousands,
2017,July,Delhi,Total,19182,value in Thousands,
2017,July,Delhi,Male,10242,value in Thousands,
2017,July,Delhi,Female,8940,value in Thousands,
2017,July,Daman and Diu,Total,367,value in Thousands,
2017,July,Daman and Diu,Male,247,value in Thousands,
2017,July,Daman and Diu,Female,120,value in Thousands,
2017,July,Dadra and Nagar Haveli,Total,494,value in Thousands,
2017,July,Dadra and Nagar Haveli,Male,289,value in Thousands,
2017,July,Dadra and Nagar Haveli,Female,205,value in Thousands,
2017,July,Chhattisgarh,Total,28084,value in Thousands,
2017,July,Chhattisgarh,Male,14090,value in Thousands,
2017,July,Chhattisgarh,Female,13994,value in Thousands,
2017,July,Chandigarh,Total,1155,value in Thousands,
2017,July,Chandigarh,Male,629,value in Thousands,
2017,July,Chandigarh,Female,526,value in Thousands,
2017,July,Bihar,Total,116551,value in Thousands,
2017,July,Bihar,Male,60683,value in Thousands,
2017,July,Bihar,Female,55868,value in Thousands,
2017,July,Assam,Total,33668,value in Thousands,
2017,July,Assam,Male,17162,value in Thousands,
2017,July,Assam,Female,16506,value in Thousands,
2017,July,Arunachal Pradesh,Total,1478,value in Thousands,
2017,July,Arunachal Pradesh,Male,761,value in Thousands,
2017,July,Arunachal Pradesh,Female,717,value in Thousands,
2017,July,Andhra Pradesh,Total,51749,value in Thousands,
2017,July,Andhra Pradesh,Male,25895,value in Thousands,
2017,July,Andhra Pradesh,Female,25854,value in Thousands,
2017,July,Andaman and Nicobar Islands,Total,394,value in Thousands,
2017,July,Andaman and Nicobar Islands,Male,209,value in Thousands,
2017,July,Andaman and Nicobar Islands,Female,185,value in Thousands,
2017,July,All India,Total,1310222,value in Thousands,
2017,July,All India,Male,673883,value in Thousands,
2017,July,All India,Female,636339,value in Thousands,
2016,October,West Bengal,Total,95434,value in Thousands,
2016,October,West Bengal,Male,48824,value in Thousands,
2016,October,West Bengal,Female,46611,value in Thousands,
2016,October,Uttarakhand,Total,10830,value in Thousands,
2016,October,Uttarakhand,Male,5536,value in Thousands,
2016,October,Uttarakhand,Female,5294,value in Thousands,
2016,October,Uttar Pradesh,Total,217816,value in Thousands,
2016,October,Uttar Pradesh,Male,113688,value in Thousands,
2016,October,Uttar Pradesh,Female,104128,value in Thousands,
2016,October,Tripura,Total,3894,value in Thousands,
2016,October,Tripura,Male,1984,value in Thousands,
2016,October,Tripura,Female,1910,value in Thousands,
2016,October,Telangana,Total,36588,value in Thousands,
2016,October,Telangana,Male,18409,value in Thousands,
2016,October,Telangana,Female,18179,value in Thousands,
2016,October,Tamil Nadu,Total,74841,value in Thousands,
2016,October,Tamil Nadu,Male,37438,value in Thousands,
2016,October,Tamil Nadu,Female,37404,value in Thousands,
2016,October,Sikkim,Total,647,value in Thousands,
2016,October,Sikkim,Male,342,value in Thousands,
2016,October,Sikkim,Female,305,value in Thousands,
2016,October,Rajasthan,Total,74828,value in Thousands,
2016,October,Rajasthan,Male,38632,value in Thousands,
2016,October,Rajasthan,Female,36196,value in Thousands,
2016,October,Punjab,Total,29280,value in Thousands,
2016,October,Punjab,Male,15417,value in Thousands,
2016,October,Punjab,Female,13863,value in Thousands,
2016,October,Puducherry,Total,1422,value in Thousands,
2016,October,Puducherry,Male,689,value in Thousands,
2016,October,Puducherry,Female,733,value in Thousands,
2016,October,Odisha,Total,44168,value in Thousands,
2016,October,Odisha,Male,22275,value in Thousands,
2016,October,Odisha,Female,21893,value in Thousands,
2016,October,Nagaland,Total,2097,value in Thousands,
2016,October,Nagaland,Male,1084,value in Thousands,
2016,October,Nagaland,Female,1013,value in Thousands,
2016,October,Mizoram,Total,1163,value in Thousands,
2016,October,Mizoram,Male,588,value in Thousands,
2016,October,Mizoram,Female,575,value in Thousands,
2016,October,Meghalaya,Total,3145,value in Thousands,
2016,October,Meghalaya,Male,1579,value in Thousands,
2016,October,Meghalaya,Female,1566,value in Thousands,
2016,October,Manipur,Total,3027,value in Thousands,
2016,October,Manipur,Male,1523,value in Thousands,
2016,October,Manipur,Female,1504,value in Thousands,
2016,October,Maharashtra,Total,119393,value in Thousands,
2016,October,Maharashtra,Male,62005,value in Thousands,
2016,October,Maharashtra,Female,57388,value in Thousands,
2016,October,Madhya Pradesh,Total,79472,value in Thousands,
2016,October,Madhya Pradesh,Male,41072,value in Thousands,
2016,October,Madhya Pradesh,Female,38400,value in Thousands,
2016,October,Lakshadweep,Total,67,value in Thousands,
2016,October,Lakshadweep,Male,34,value in Thousands,
2016,October,Lakshadweep,Female,32,value in Thousands,
2016,October,Ladakh,Total,288,value in Thousands,
2016,October,Ladakh,Male,163,value in Thousands,
2016,October,Ladakh,Female,125,value in Thousands,
2016,October,Kerala,Total,34685,value in Thousands,
2016,October,Kerala,Male,16647,value in Thousands,
2016,October,Kerala,Female,18038,value in Thousands,
2016,October,Karnataka,Total,64534,value in Thousands,
2016,October,Karnataka,Male,32724,value in Thousands,
2016,October,Karnataka,Female,31810,value in Thousands,
2016,October,Jharkhand,Total,36112,value in Thousands,
2016,October,Jharkhand,Male,18517,value in Thousands,
2016,October,Jharkhand,Female,17594,value in Thousands,
2016,October,Jammu and Kashmir,Total,12956,value in Thousands,
2016,October,Jammu and Kashmir,Male,6817,value in Thousands,
2016,October,Jammu and Kashmir,Female,6140,value in Thousands,
2016,October,Himachal Pradesh,Total,7186,value in Thousands,
2016,October,Himachal Pradesh,Male,3644,value in Thousands,
2016,October,Himachal Pradesh,Female,3541,value in Thousands,
2016,October,Haryana,Total,27692,value in Thousands,
2016,October,Haryana,Male,14706,value in Thousands,
2016,October,Haryana,Female,12986,value in Thousands,
2016,October,Gujarat,Total,65698,value in Thousands,
2016,October,Gujarat,Male,34366,value in Thousands,
2016,October,Gujarat,Female,31332,value in Thousands,
2016,October,Goa,Total,1517,value in Thousands,
2016,October,Goa,Male,767,value in Thousands,
2016,October,Goa,Female,750,value in Thousands,
2016,October,Delhi,Total,18898,value in Thousands,
2016,October,Delhi,Male,10095,value in Thousands,
2016,October,Delhi,Female,8803,value in Thousands,
2016,October,Daman and Diu,Total,346,value in Thousands,
2016,October,Daman and Diu,Male,230,value in Thousands,
2016,October,Daman and Diu,Female,116,value in Thousands,
2016,October,Dadra and Nagar Haveli,Total,470,value in Thousands,
2016,October,Dadra and Nagar Haveli,Male,274,value in Thousands,
2016,October,Dadra and Nagar Haveli,Female,197,value in Thousands,
2016,October,Chhattisgarh,Total,27796,value in Thousands,
2016,October,Chhattisgarh,Male,13946,value in Thousands,
2016,October,Chhattisgarh,Female,13850,value in Thousands,
2016,October,Chandigarh,Total,1145,value in Thousands,
2016,October,Chandigarh,Male,624,value in Thousands,
2016,October,Chandigarh,Female,521,value in Thousands,
2016,October,Bihar,Total,115215,value in Thousands,
2016,October,Bihar,Male,60002,value in Thousands,
2016,October,Bihar,Female,55213,value in Thousands,
2016,October,Assam,Total,33387,value in Thousands,
2016,October,Assam,Male,17023,value in Thousands,
2016,October,Assam,Female,16364,value in Thousands,
2016,October,Arunachal Pradesh,Total,1467,value in Thousands,
2016,October,Arunachal Pradesh,Male,756,value in Thousands,
2016,October,Arunachal Pradesh,Female,711,value in Thousands,
2016,October,Andhra Pradesh,Total,51537,value in Thousands,
2016,October,Andhra Pradesh,Male,25791,value in Thousands,
2016,October,Andhra Pradesh,Female,25745,value in Thousands,
2016,October,Andaman and Nicobar Islands,Total,393,value in Thousands,
2016,October,Andaman and Nicobar Islands,Male,208,value in Thousands,
2016,October,Andaman and Nicobar Islands,Female,185,value in Thousands,
2016,October,All India,Total,1299434,value in Thousands,
2016,October,All India,Male,668419,value in Thousands,
2016,October,All India,Female,631015,value in Thousands,
2016,March,West Bengal,Total,95079,value in Thousands,
2016,March,West Bengal,Male,48656,value in Thousands,
2016,March,West Bengal,Female,46423,value in Thousands,
2016,March,Uttarakhand,Total,10755,value in Thousands,
2016,March,Uttarakhand,Male,5496,value in Thousands,
2016,March,Uttarakhand,Female,5258,value in Thousands,
2016,March,Uttar Pradesh,Total,216087,value in Thousands,
2016,March,Uttar Pradesh,Male,112809,value in Thousands,
2016,March,Uttar Pradesh,Female,103278,value in Thousands,
2016,March,Tripura,Total,3874,value in Thousands,
2016,March,Tripura,Male,1974,value in Thousands,
2016,March,Tripura,Female,1900,value in Thousands,
2016,March,Telangana,Total,36462,value in Thousands,
2016,March,Telangana,Male,18346,value in Thousands,
2016,March,Telangana,Female,18116,value in Thousands,
2016,March,Tamil Nadu,Total,74635,value in Thousands,
2016,March,Tamil Nadu,Male,37342,value in Thousands,
2016,March,Tamil Nadu,Female,37294,value in Thousands,
2016,March,Sikkim,Total,644,value in Thousands,
2016,March,Sikkim,Male,340,value in Thousands,
2016,March,Sikkim,Female,304,value in Thousands,
2016,March,Rajasthan,Total,74240,value in Thousands,
2016,March,Rajasthan,Male,38350,value in Thousands,
2016,March,Rajasthan,Female,35890,value in Thousands,
2016,March,Punjab,Total,29140,value in Thousands,
2016,March,Punjab,Male,15347,value in Thousands,
2016,March,Punjab,Female,13793,value in Thousands,
2016,March,Puducherry,Total,1402,value in Thousands,
2016,March,Puducherry,Male,680,value in Thousands,
2016,March,Puducherry,Female,722,value in Thousands,
2016,March,Odisha,Total,43966,value in Thousands,
2016,March,Odisha,Male,22179,value in Thousands,
2016,March,Odisha,Female,21787,value in Thousands,
2016,March,Nagaland,Total,2086,value in Thousands,
2016,March,Nagaland,Male,1079,value in Thousands,
2016,March,Nagaland,Female,1007,value in Thousands,
2016,March,Mizoram,Total,1157,value in Thousands,
2016,March,Mizoram,Male,585,value in Thousands,
2016,March,Mizoram,Female,572,value in Thousands,
2016,March,Meghalaya,Total,3129,value in Thousands,
2016,March,Meghalaya,Male,1571,value in Thousands,
2016,March,Meghalaya,Female,1558,value in Thousands,
2016,March,Manipur,Total,3012,value in Thousands,
2016,March,Manipur,Male,1515,value in Thousands,
2016,March,Manipur,Female,1497,value in Thousands,
2016,March,Maharashtra,Total,118727,value in Thousands,
2016,March,Maharashtra,Male,61649,value in Thousands,
2016,March,Maharashtra,Female,57078,value in Thousands,
2016,March,Madhya Pradesh,Total,78806,value in Thousands,
2016,March,Madhya Pradesh,Male,40737,value in Thousands,
2016,March,Madhya Pradesh,Female,38069,value in Thousands,
2016,March,Lakshadweep,Total,67,value in Thousands,
2016,March,Lakshadweep,Male,34,value in Thousands,
2016,March,Lakshadweep,Female,32,value in Thousands,
2016,March,Ladakh,Total,287,value in Thousands,
2016,March,Ladakh,Male,163,value in Thousands,
2016,March,Ladakh,Female,125,value in Thousands,
2016,March,Kerala,Total,34578,value in Thousands,
2016,March,Kerala,Male,16594,value in Thousands,
2016,March,Kerala,Female,17984,value in Thousands,
2016,March,Karnataka,Total,64229,value in Thousands,
2016,March,Karnataka,Male,32567,value in Thousands,
2016,March,Karnataka,Female,31661,value in Thousands,
2016,March,Jharkhand,Total,35800,value in Thousands,
2016,March,Jharkhand,Male,18361,value in Thousands,
2016,March,Jharkhand,Female,17439,value in Thousands,
2016,March,Jammu and Kashmir,Total,12897,value in Thousands,
2016,March,Jammu and Kashmir,Male,6789,value in Thousands,
2016,March,Jammu and Kashmir,Female,6108,value in Thousands,
2016,March,Himachal Pradesh,Total,7158,value in Thousands,
2016,March,Himachal Pradesh,Male,3631,value in Thousands,
2016,March,Himachal Pradesh,Female,3528,value in Thousands,
2016,March,Haryana,Total,27455,value in Thousands,
2016,March,Haryana,Male,14585,value in Thousands,
2016,March,Haryana,Female,12870,value in Thousands,
2016,March,Gujarat,Total,65158,value in Thousands,
2016,March,Gujarat,Male,34071,value in Thousands,
2016,March,Gujarat,Female,31087,value in Thousands,
2016,March,Goa,Total,1512,value in Thousands,
2016,March,Goa,Male,764,value in Thousands,
2016,March,Goa,Female,748,value in Thousands,
2016,March,Delhi,Total,18677,value in Thousands,
2016,March,Delhi,Male,9980,value in Thousands,
2016,March,Delhi,Female,8697,value in Thousands,
2016,March,Daman and Diu,Total,329,value in Thousands,
2016,March,Daman and Diu,Male,216,value in Thousands,
2016,March,Daman and Diu,Female,113,value in Thousands,
2016,March,Dadra and Nagar Haveli,Total,452,value in Thousands,
2016,March,Dadra and Nagar Haveli,Male,262,value in Thousands,
2016,March,Dadra and Nagar Haveli,Female,190,value in Thousands,
2016,March,Chhattisgarh,Total,27571,value in Thousands,
2016,March,Chhattisgarh,Male,13834,value in Thousands,
2016,March,Chhattisgarh,Female,13738,value in Thousands,
2016,March,Chandigarh,Total,1136,value in Thousands,
2016,March,Chandigarh,Male,620,value in Thousands,
2016,March,Chandigarh,Female,516,value in Thousands,
2016,March,Bihar,Total,114176,value in Thousands,
2016,March,Bihar,Male,59473,value in Thousands,
2016,March,Bihar,Female,54703,value in Thousands,
2016,March,Assam,Total,33168,value in Thousands,
2016,March,Assam,Male,16915,value in Thousands,
2016,March,Assam,Female,16253,value in Thousands,
2016,March,Arunachal Pradesh,Total,1459,value in Thousands,
2016,March,Arunachal Pradesh,Male,752,value in Thousands,
2016,March,Arunachal Pradesh,Female,707,value in Thousands,
2016,March,Andhra Pradesh,Total,51371,value in Thousands,
2016,March,Andhra Pradesh,Male,25710,value in Thousands,
2016,March,Andhra Pradesh,Female,25661,value in Thousands,
2016,March,Andaman and Nicobar Islands,Total,392,value in Thousands,
2016,March,Andaman and Nicobar Islands,Male,208,value in Thousands,
2016,March,Andaman and Nicobar Islands,Female,184,value in Thousands,
2016,March,All India,Total,1291074,value in Thousands,
2016,March,All India,Male,664184,value in Thousands,
2016,March,All India,Female,626890,value in Thousands,
2016,July,West Bengal,Total,95282,value in Thousands,
2016,July,West Bengal,Male,48752,value in Thousands,
2016,July,West Bengal,Female,46530,value in Thousands,
2016,July,Uttarakhand,Total,10798,value in Thousands,
2016,July,Uttarakhand,Male,5519,value in Thousands,
2016,July,Uttarakhand,Female,5278,value in Thousands,
2016,July,Uttar Pradesh,Total,217075,value in Thousands,
2016,July,Uttar Pradesh,Male,113311,value in Thousands,
2016,July,Uttar Pradesh,Female,103763,value in Thousands,
2016,July,Tripura,Total,3884,value in Thousands,
2016,July,Tripura,Male,1979,value in Thousands,
2016,July,Tripura,Female,1905,value in Thousands,
2016,July,Telangana,Total,36525,value in Thousands,
2016,July,Telangana,Male,18377,value in Thousands,
2016,July,Telangana,Female,18147,value in Thousands,
2016,July,Tamil Nadu,Total,74753,value in Thousands,
2016,July,Tamil Nadu,Male,37397,value in Thousands,
2016,July,Tamil Nadu,Female,37356,value in Thousands,
2016,July,Sikkim,Total,646,value in Thousands,
2016,July,Sikkim,Male,341,value in Thousands,
2016,July,Sikkim,Female,304,value in Thousands,
2016,July,Rajasthan,Total,74576,value in Thousands,
2016,July,Rajasthan,Male,38511,value in Thousands,
2016,July,Rajasthan,Female,36065,value in Thousands,
2016,July,Punjab,Total,29220,value in Thousands,
2016,July,Punjab,Male,15387,value in Thousands,
2016,July,Punjab,Female,13833,value in Thousands,
2016,July,Puducherry,Total,1413,value in Thousands,
2016,July,Puducherry,Male,685,value in Thousands,
2016,July,Puducherry,Female,728,value in Thousands,
2016,July,Odisha,Total,44081,value in Thousands,
2016,July,Odisha,Male,22234,value in Thousands,
2016,July,Odisha,Female,21847,value in Thousands,
2016,July,Nagaland,Total,2092,value in Thousands,
2016,July,Nagaland,Male,1082,value in Thousands,
2016,July,Nagaland,Female,1010,value in Thousands,
2016,July,Mizoram,Total,1160,value in Thousands,
2016,July,Mizoram,Male,586,value in Thousands,
2016,July,Mizoram,Female,574,value in Thousands,
2016,July,Meghalaya,Total,3137,value in Thousands,
2016,July,Meghalaya,Male,1575,value in Thousands,
2016,July,Meghalaya,Female,1562,value in Thousands,
2016,July,Manipur,Total,3019,value in Thousands,
2016,July,Manipur,Male,1519,value in Thousands,
2016,July,Manipur,Female,1500,value in Thousands,
2016,July,Maharashtra,Total,119107,value in Thousands,
2016,July,Maharashtra,Male,61853,value in Thousands,
2016,July,Maharashtra,Female,57255,value in Thousands,
2016,July,Madhya Pradesh,Total,79187,value in Thousands,
2016,July,Madhya Pradesh,Male,40929,value in Thousands,
2016,July,Madhya Pradesh,Female,38258,value in Thousands,
2016,July,Lakshadweep,Total,67,value in Thousands,
2016,July,Lakshadweep,Male,34,value in Thousands,
2016,July,Lakshadweep,Female,32,value in Thousands,
2016,July,Ladakh,Total,288,value in Thousands,
2016,July,Ladakh,Male,163,value in Thousands,
2016,July,Ladakh,Female,125,value in Thousands,
2016,July,Kerala,Total,34639,value in Thousands,
2016,July,Kerala,Male,16624,value in Thousands,
2016,July,Kerala,Female,18015,value in Thousands,
2016,July,Karnataka,Total,64403,value in Thousands,
2016,July,Karnataka,Male,32657,value in Thousands,
2016,July,Karnataka,Female,31746,value in Thousands,
2016,July,Jharkhand,Total,35978,value in Thousands,
2016,July,Jharkhand,Male,18450,value in Thousands,
2016,July,Jharkhand,Female,17528,value in Thousands,
2016,July,Jammu and Kashmir,Total,12931,value in Thousands,
2016,July,Jammu and Kashmir,Male,6805,value in Thousands,
2016,July,Jammu and Kashmir,Female,6126,value in Thousands,
2016,July,Himachal Pradesh,Total,7174,value in Thousands,
2016,July,Himachal Pradesh,Male,3639,value in Thousands,
2016,July,Himachal Pradesh,Female,3536,value in Thousands,
2016,July,Haryana,Total,27590,value in Thousands,
2016,July,Haryana,Male,14654,value in Thousands,
2016,July,Haryana,Female,12936,value in Thousands,
2016,July,Gujarat,Total,65467,value in Thousands,
2016,July,Gujarat,Male,34239,value in Thousands,
2016,July,Gujarat,Female,31227,value in Thousands,
2016,July,Goa,Total,1515,value in Thousands,
2016,July,Goa,Male,766,value in Thousands,
2016,July,Goa,Female,749,value in Thousands,
2016,July,Delhi,Total,18803,value in Thousands,
2016,July,Delhi,Male,10046,value in Thousands,
2016,July,Delhi,Female,8757,value in Thousands,
2016,July,Daman and Diu,Total,339,value in Thousands,
2016,July,Daman and Diu,Male,224,value in Thousands,
2016,July,Daman and Diu,Female,115,value in Thousands,
2016,July,Dadra and Nagar Haveli,Total,463,value in Thousands,
2016,July,Dadra and Nagar Haveli,Male,269,value in Thousands,
2016,July,Dadra and Nagar Haveli,Female,194,value in Thousands,
2016,July,Chhattisgarh,Total,27700,value in Thousands,
2016,July,Chhattisgarh,Male,13898,value in Thousands,
2016,July,Chhattisgarh,Female,13802,value in Thousands,
2016,July,Chandigarh,Total,1141,value in Thousands,
2016,July,Chandigarh,Male,622,value in Thousands,
2016,July,Chandigarh,Female,519,value in Thousands,
2016,July,Bihar,Total,114770,value in Thousands,
2016,July,Bihar,Male,59776,value in Thousands,
2016,July,Bihar,Female,54994,value in Thousands,
2016,July,Assam,Total,33293,value in Thousands,
2016,July,Assam,Male,16977,value in Thousands,
2016,July,Assam,Female,16317,value in Thousands,
2016,July,Arunachal Pradesh,Total,1463,value in Thousands,
2016,July,Arunachal Pradesh,Male,754,value in Thousands,
2016,July,Arunachal Pradesh,Female,709,value in Thousands,
2016,July,Andhra Pradesh,Total,51466,value in Thousands,
2016,July,Andhra Pradesh,Male,25757,value in Thousands,
2016,July,Andhra Pradesh,Female,25709,value in Thousands,
2016,July,Andaman and Nicobar Islands,Total,392,value in Thousands,
2016,July,Andaman and Nicobar Islands,Male,208,value in Thousands,
2016,July,Andaman and Nicobar Islands,Female,184,value in Thousands,
2016,July,All India,Total,1295834,value in Thousands,
2016,July,All India,Male,666599,value in Thousands,
2016,July,All India,Female,629235,value in Thousands,
2015,October,West Bengal,Total,94762,value in Thousands,
2015,October,West Bengal,Male,48502,value in Thousands,
2015,October,West Bengal,Female,46260,value in Thousands,
2015,October,Uttarakhand,Total,10699,value in Thousands,
2015,October,Uttarakhand,Male,5466,value in Thousands,
2015,October,Uttarakhand,Female,5233,value in Thousands,
2015,October,Uttar Pradesh,Total,214730,value in Thousands,
2015,October,Uttar Pradesh,Male,112115,value in Thousands,
2015,October,Uttar Pradesh,Female,102616,value in Thousands,
2015,October,Tripura,Total,3854,value in Thousands,
2015,October,Tripura,Male,1964,value in Thousands,
2015,October,Tripura,Female,1890,value in Thousands,
2015,October,Telangana,Total,36316,value in Thousands,
2015,October,Telangana,Male,18272,value in Thousands,
2015,October,Telangana,Female,18043,value in Thousands,
2015,October,Tamil Nadu,Total,74428,value in Thousands,
2015,October,Tamil Nadu,Male,37241,value in Thousands,
2015,October,Tamil Nadu,Female,37186,value in Thousands,
2015,October,Sikkim,Total,641,value in Thousands,
2015,October,Sikkim,Male,339,value in Thousands,
2015,October,Sikkim,Female,302,value in Thousands,
2015,October,Rajasthan,Total,73766,value in Thousands,
2015,October,Rajasthan,Male,38116,value in Thousands,
2015,October,Rajasthan,Female,35649,value in Thousands,
2015,October,Punjab,Total,29024,value in Thousands,
2015,October,Punjab,Male,15288,value in Thousands,
2015,October,Punjab,Female,13735,value in Thousands,
2015,October,Puducherry,Total,1389,value in Thousands,
2015,October,Puducherry,Male,675,value in Thousands,
2015,October,Puducherry,Female,714,value in Thousands,
2015,October,Odisha,Total,43800,value in Thousands,
2015,October,Odisha,Male,22099,value in Thousands,
2015,October,Odisha,Female,21701,value in Thousands,
2015,October,Nagaland,Total,2076,value in Thousands,
2015,October,Nagaland,Male,1074,value in Thousands,
2015,October,Nagaland,Female,1002,value in Thousands,
2015,October,Mizoram,Total,1151,value in Thousands,
2015,October,Mizoram,Male,582,value in Thousands,
2015,October,Mizoram,Female,569,value in Thousands,
2015,October,Meghalaya,Total,3113,value in Thousands,
2015,October,Meghalaya,Male,1563,value in Thousands,
2015,October,Meghalaya,Female,1549,value in Thousands,
2015,October,Manipur,Total,2996,value in Thousands,
2015,October,Manipur,Male,1507,value in Thousands,
2015,October,Manipur,Female,1489,value in Thousands,
2015,October,Maharashtra,Total,118197,value in Thousands,
2015,October,Maharashtra,Male,61365,value in Thousands,
2015,October,Maharashtra,Female,56832,value in Thousands,
2015,October,Madhya Pradesh,Total,78291,value in Thousands,
2015,October,Madhya Pradesh,Male,40477,value in Thousands,
2015,October,Madhya Pradesh,Female,37814,value in Thousands,
2015,October,Lakshadweep,Total,66,value in Thousands,
2015,October,Lakshadweep,Male,34,value in Thousands,
2015,October,Lakshadweep,Female,32,value in Thousands,
2015,October,Ladakh,Total,286,value in Thousands,
2015,October,Ladakh,Male,162,value in Thousands,
2015,October,Ladakh,Female,124,value in Thousands,
2015,October,Kerala,Total,34481,value in Thousands,
2015,October,Kerala,Male,16547,value in Thousands,
2015,October,Kerala,Female,17934,value in Thousands,
2015,October,Karnataka,Total,63968,value in Thousands,
2015,October,Karnataka,Male,32434,value in Thousands,
2015,October,Karnataka,Female,31534,value in Thousands,
2015,October,Jharkhand,Total,35566,value in Thousands,
2015,October,Jharkhand,Male,18242,value in Thousands,
2015,October,Jharkhand,Female,17324,value in Thousands,
2015,October,Jammu and Kashmir,Total,12844,value in Thousands,
2015,October,Jammu and Kashmir,Male,6763,value in Thousands,
2015,October,Jammu and Kashmir,Female,6081,value in Thousands,
2015,October,Himachal Pradesh,Total,7134,value in Thousands,
2015,October,Himachal Pradesh,Male,3618,value in Thousands,
2015,October,Himachal Pradesh,Female,3516,value in Thousands,
2015,October,Haryana,Total,27280,value in Thousands,
2015,October,Haryana,Male,14494,value in Thousands,
2015,October,Haryana,Female,12786,value in Thousands,
2015,October,Gujarat,Total,64765,value in Thousands,
2015,October,Gujarat,Male,33856,value in Thousands,
2015,October,Gujarat,Female,30909,value in Thousands,
2015,October,Goa,Total,1507,value in Thousands,
2015,October,Goa,Male,762,value in Thousands,
2015,October,Goa,Female,745,value in Thousands,
2015,October,Delhi,Total,18520,value in Thousands,
2015,October,Delhi,Male,9898,value in Thousands,
2015,October,Delhi,Female,8622,value in Thousands,
2015,October,Daman and Diu,Total,322,value in Thousands,
2015,October,Daman and Diu,Male,211,value in Thousands,
2015,October,Daman and Diu,Female,111,value in Thousands,
2015,October,Dadra and Nagar Haveli,Total,443,value in Thousands,
2015,October,Dadra and Nagar Haveli,Male,256,value in Thousands,
2015,October,Dadra and Nagar Haveli,Female,187,value in Thousands,
2015,October,Chhattisgarh,Total,27403,value in Thousands,
2015,October,Chhattisgarh,Male,13751,value in Thousands,
2015,October,Chhattisgarh,Female,13652,value in Thousands,
2015,October,Chandigarh,Total,1130,value in Thousands,
2015,October,Chandigarh,Male,617,value in Thousands,
2015,October,Chandigarh,Female,513,value in Thousands,
2015,October,Bihar,Total,113336,value in Thousands,
2015,October,Bihar,Male,59040,value in Thousands,
2015,October,Bihar,Female,54296,value in Thousands,
2015,October,Assam,Total,33005,value in Thousands,
2015,October,Assam,Male,16834,value in Thousands,
2015,October,Assam,Female,16171,value in Thousands,
2015,October,Arunachal Pradesh,Total,1452,value in Thousands,
2015,October,Arunachal Pradesh,Male,748,value in Thousands,
2015,October,Arunachal Pradesh,Female,704,value in Thousands,
2015,October,Andhra Pradesh,Total,51222,value in Thousands,
2015,October,Andhra Pradesh,Male,25637,value in Thousands,
2015,October,Andhra Pradesh,Female,25585,value in Thousands,
2015,October,Andaman and Nicobar Islands,Total,391,value in Thousands,
2015,October,Andaman and Nicobar Islands,Male,207,value in Thousands,
2015,October,Andaman and Nicobar Islands,Female,184,value in Thousands,
2015,October,All India,Total,1284350,value in Thousands,
2015,October,All India,Male,660756,value in Thousands,
2015,October,All India,Female,623594,value in Thousands,
2015,March,West Bengal,Total,94318,value in Thousands,
2015,March,West Bengal,Male,48286,value in Thousands,
2015,March,West Bengal,Female,46032,value in Thousands,
2015,March,Uttarakhand,Total,10621,value in Thousands,
2015,March,Uttarakhand,Male,5425,value in Thousands,
2015,March,Uttarakhand,Female,5196,value in Thousands,
2015,March,Uttar Pradesh,Total,212832,value in Thousands,
2015,March,Uttar Pradesh,Male,111143,value in Thousands,
2015,March,Uttar Pradesh,Female,101689,value in Thousands,
2015,March,Tripura,Total,3834,value in Thousands,
2015,March,Tripura,Male,1954,value in Thousands,
2015,March,Tripura,Female,1880,value in Thousands,
2015,March,Telangana,Total,36170,value in Thousands,
2015,March,Telangana,Male,18199,value in Thousands,
2015,March,Telangana,Female,17971,value in Thousands,
2015,March,Tamil Nadu,Total,74137,value in Thousands,
2015,March,Tamil Nadu,Male,37101,value in Thousands,
2015,March,Tamil Nadu,Female,37037,value in Thousands,
2015,March,Sikkim,Total,637,value in Thousands,
2015,March,Sikkim,Male,337,value in Thousands,
2015,March,Sikkim,Female,300,value in Thousands,
2015,March,Rajasthan,Total,73102,value in Thousands,
2015,March,Rajasthan,Male,37790,value in Thousands,
2015,March,Rajasthan,Female,35312,value in Thousands,
2015,March,Punjab,Total,28861,value in Thousands,
2015,March,Punjab,Male,15206,value in Thousands,
2015,March,Punjab,Female,13655,value in Thousands,
2015,March,Puducherry,Total,1371,value in Thousands,
2015,March,Puducherry,Male,667,value in Thousands,
2015,March,Puducherry,Female,704,value in Thousands,
2015,March,Odisha,Total,43568,value in Thousands,
2015,March,Odisha,Male,21986,value in Thousands,
2015,March,Odisha,Female,21582,value in Thousands,
2015,March,Nagaland,Total,2065,value in Thousands,
2015,March,Nagaland,Male,1068,value in Thousands,
2015,March,Nagaland,Female,997,value in Thousands,
2015,March,Mizoram,Total,1145,value in Thousands,
2015,March,Mizoram,Male,579,value in Thousands,
2015,March,Mizoram,Female,566,value in Thousands,
2015,March,Meghalaya,Total,3096,value in Thousands,
2015,March,Meghalaya,Male,1555,value in Thousands,
2015,March,Meghalaya,Female,1541,value in Thousands,
2015,March,Manipur,Total,2980,value in Thousands,
2015,March,Manipur,Male,1500,value in Thousands,
2015,March,Manipur,Female,1481,value in Thousands,
2015,March,Maharashtra,Total,117456,value in Thousands,
2015,March,Maharashtra,Male,60968,value in Thousands,
2015,March,Maharashtra,Female,56488,value in Thousands,
2015,March,Madhya Pradesh,Total,77570,value in Thousands,
2015,March,Madhya Pradesh,Male,40112,value in Thousands,
2015,March,Madhya Pradesh,Female,37458,value in Thousands,
2015,March,Lakshadweep,Total,66,value in Thousands,
2015,March,Lakshadweep,Male,34,value in Thousands,
2015,March,Lakshadweep,Female,32,value in Thousands,
2015,March,Ladakh,Total,285,value in Thousands,
2015,March,Ladakh,Male,162,value in Thousands,
2015,March,Ladakh,Female,123,value in Thousands,
2015,March,Kerala,Total,34344,value in Thousands,
2015,March,Kerala,Male,16481,value in Thousands,
2015,March,Kerala,Female,17863,value in Thousands,
2015,March,Karnataka,Total,63602,value in Thousands,
2015,March,Karnataka,Male,32247,value in Thousands,
2015,March,Karnataka,Female,31355,value in Thousands,
2015,March,Jharkhand,Total,35238,value in Thousands,
2015,March,Jharkhand,Male,18075,value in Thousands,
2015,March,Jharkhand,Female,17163,value in Thousands,
2015,March,Jammu and Kashmir,Total,12771,value in Thousands,
2015,March,Jammu and Kashmir,Male,6728,value in Thousands,
2015,March,Jammu and Kashmir,Female,6043,value in Thousands,
2015,March,Himachal Pradesh,Total,7100,value in Thousands,
2015,March,Himachal Pradesh,Male,3601,value in Thousands,
2015,March,Himachal Pradesh,Female,3499,value in Thousands,
2015,March,Haryana,Total,27034,value in Thousands,
2015,March,Haryana,Male,14367,value in Thousands,
2015,March,Haryana,Female,12667,value in Thousands,
2015,March,Gujarat,Total,64214,value in Thousands,
2015,March,Gujarat,Male,33555,value in Thousands,
2015,March,Gujarat,Female,30659,value in Thousands,
2015,March,Goa,Total,1501,value in Thousands,
2015,March,Goa,Male,759,value in Thousands,
2015,March,Goa,Female,742,value in Thousands,
2015,March,Delhi,Total,18299,value in Thousands,
2015,March,Delhi,Male,9782,value in Thousands,
2015,March,Delhi,Female,8517,value in Thousands,
2015,March,Daman and Diu,Total,312,value in Thousands,
2015,March,Daman and Diu,Male,203,value in Thousands,
2015,March,Daman and Diu,Female,109,value in Thousands,
2015,March,Dadra and Nagar Haveli,Total,431,value in Thousands,
2015,March,Dadra and Nagar Haveli,Male,248,value in Thousands,
2015,March,Dadra and Nagar Haveli,Female,182,value in Thousands,
2015,March,Chhattisgarh,Total,27166,value in Thousands,
2015,March,Chhattisgarh,Male,13634,value in Thousands,
2015,March,Chhattisgarh,Female,13532,value in Thousands,
2015,March,Chandigarh,Total,1120,value in Thousands,
2015,March,Chandigarh,Male,612,value in Thousands,
2015,March,Chandigarh,Female,508,value in Thousands,
2015,March,Bihar,Total,112161,value in Thousands,
2015,March,Bihar,Male,58434,value in Thousands,
2015,March,Bihar,Female,53727,value in Thousands,
2015,March,Assam,Total,32776,value in Thousands,
2015,March,Assam,Male,16720,value in Thousands,
2015,March,Assam,Female,16056,value in Thousands,
2015,March,Arunachal Pradesh,Total,1444,value in Thousands,
2015,March,Arunachal Pradesh,Male,744,value in Thousands,
2015,March,Arunachal Pradesh,Female,700,value in Thousands,
2015,March,Andhra Pradesh,Total,51012,value in Thousands,
2015,March,Andhra Pradesh,Male,25534,value in Thousands,
2015,March,Andhra Pradesh,Female,25478,value in Thousands,
2015,March,Andaman and Nicobar Islands,Total,390,value in Thousands,
2015,March,Andaman and Nicobar Islands,Male,207,value in Thousands,
2015,March,Andaman and Nicobar Islands,Female,183,value in Thousands,
2015,March,All India,Total,1275030,value in Thousands,
2015,March,All India,Male,656003,value in Thousands,
2015,March,All India,Female,619027,value in Thousands,
2015,July,West Bengal,Total,94572,value in Thousands,
2015,July,West Bengal,Male,48409,value in Thousands,
2015,July,West Bengal,Female,46162,value in Thousands,
2015,July,Uttarakhand,Total,10666,value in Thousands,
2015,July,Uttarakhand,Male,5449,value in Thousands,
2015,July,Uttarakhand,Female,5217,value in Thousands,
2015,July,Uttar Pradesh,Total,213917,value in Thousands,
2015,July,Uttar Pradesh,Male,111698,value in Thousands,
2015,July,Uttar Pradesh,Female,102218,value in Thousands,
2015,July,Tripura,Total,3844,value in Thousands,
2015,July,Tripura,Male,1959,value in Thousands,
2015,July,Tripura,Female,1885,value in Thousands,
2015,July,Telangana,Total,36243,value in Thousands,
2015,July,Telangana,Male,18236,value in Thousands,
2015,July,Telangana,Female,18007,value in Thousands,
2015,July,Tamil Nadu,Total,74303,value in Thousands,
2015,July,Tamil Nadu,Male,37181,value in Thousands,
2015,July,Tamil Nadu,Female,37122,value in Thousands,
2015,July,Sikkim,Total,639,value in Thousands,
2015,July,Sikkim,Male,338,value in Thousands,
2015,July,Sikkim,Female,301,value in Thousands,
2015,July,Rajasthan,Total,73481,value in Thousands,
2015,July,Rajasthan,Male,37976,value in Thousands,
2015,July,Rajasthan,Female,35504,value in Thousands,
2015,July,Punjab,Total,28954,value in Thousands,
2015,July,Punjab,Male,15253,value in Thousands,
2015,July,Punjab,Female,13701,value in Thousands,
2015,July,Puducherry,Total,1381,value in Thousands,
2015,July,Puducherry,Male,671,value in Thousands,
2015,July,Puducherry,Female,710,value in Thousands,
2015,July,Odisha,Total,43700,value in Thousands,
2015,July,Odisha,Male,22050,value in Thousands,
2015,July,Odisha,Female,21650,value in Thousands,
2015,July,Nagaland,Total,2070,value in Thousands,
2015,July,Nagaland,Male,1071,value in Thousands,
2015,July,Nagaland,Female,999,value in Thousands,
2015,July,Mizoram,Total,1148,value in Thousands,
2015,July,Mizoram,Male,580,value in Thousands,
2015,July,Mizoram,Female,568,value in Thousands,
2015,July,Meghalaya,Total,3105,value in Thousands,
2015,July,Meghalaya,Male,1559,value in Thousands,
2015,July,Meghalaya,Female,1545,value in Thousands,
2015,July,Manipur,Total,2988,value in Thousands,
2015,July,Manipur,Male,1504,value in Thousands,
2015,July,Manipur,Female,1485,value in Thousands,
2015,July,Maharashtra,Total,117880,value in Thousands,
2015,July,Maharashtra,Male,61195,value in Thousands,
2015,July,Maharashtra,Female,56685,value in Thousands,
2015,July,Madhya Pradesh,Total,77982,value in Thousands,
2015,July,Madhya Pradesh,Male,40320,value in Thousands,
2015,July,Madhya Pradesh,Female,37662,value in Thousands,
2015,July,Lakshadweep,Total,66,value in Thousands,
2015,July,Lakshadweep,Male,34,value in Thousands,
2015,July,Lakshadweep,Female,32,value in Thousands,
2015,July,Ladakh,Total,286,value in Thousands,
2015,July,Ladakh,Male,162,value in Thousands,
2015,July,Ladakh,Female,124,value in Thousands,
2015,July,Kerala,Total,34422,value in Thousands,
2015,July,Kerala,Male,16519,value in Thousands,
2015,July,Kerala,Female,17903,value in Thousands,
2015,July,Karnataka,Total,63811,value in Thousands,
2015,July,Karnataka,Male,32354,value in Thousands,
2015,July,Karnataka,Female,31457,value in Thousands,
2015,July,Jharkhand,Total,35425,value in Thousands,
2015,July,Jharkhand,Male,18170,value in Thousands,
2015,July,Jharkhand,Female,17255,value in Thousands,
2015,July,Jammu and Kashmir,Total,12813,value in Thousands,
2015,July,Jammu and Kashmir,Male,6748,value in Thousands,
2015,July,Jammu and Kashmir,Female,6065,value in Thousands,
2015,July,Himachal Pradesh,Total,7119,value in Thousands,
2015,July,Himachal Pradesh,Male,3611,value in Thousands,
2015,July,Himachal Pradesh,Female,3509,value in Thousands,
2015,July,Haryana,Total,27175,value in Thousands,
2015,July,Haryana,Male,14440,value in Thousands,
2015,July,Haryana,Female,12735,value in Thousands,
2015,July,Gujarat,Total,64529,value in Thousands,
2015,July,Gujarat,Male,33727,value in Thousands,
2015,July,Gujarat,Female,30802,value in Thousands,
2015,July,Goa,Total,1505,value in Thousands,
2015,July,Goa,Male,761,value in Thousands,
2015,July,Goa,Female,744,value in Thousands,
2015,July,Delhi,Total,18425,value in Thousands,
2015,July,Delhi,Male,9848,value in Thousands,
2015,July,Delhi,Female,8577,value in Thousands,
2015,July,Daman and Diu,Total,318,value in Thousands,
2015,July,Daman and Diu,Male,208,value in Thousands,
2015,July,Daman and Diu,Female,110,value in Thousands,
2015,July,Dadra and Nagar Haveli,Total,438,value in Thousands,
2015,July,Dadra and Nagar Haveli,Male,253,value in Thousands,
2015,July,Dadra and Nagar Haveli,Female,185,value in Thousands,
2015,July,Chhattisgarh,Total,27301,value in Thousands,
2015,July,Chhattisgarh,Male,13700,value in Thousands,
2015,July,Chhattisgarh,Female,13601,value in Thousands,
2015,July,Chandigarh,Total,1125,value in Thousands,
2015,July,Chandigarh,Male,615,value in Thousands,
2015,July,Chandigarh,Female,511,value in Thousands,
2015,July,Bihar,Total,112832,value in Thousands,
2015,July,Bihar,Male,58780,value in Thousands,
2015,July,Bihar,Female,54052,value in Thousands,
2015,July,Assam,Total,32906,value in Thousands,
2015,July,Assam,Male,16785,value in Thousands,
2015,July,Assam,Female,16122,value in Thousands,
2015,July,Arunachal Pradesh,Total,1448,value in Thousands,
2015,July,Arunachal Pradesh,Male,746,value in Thousands,
2015,July,Arunachal Pradesh,Female,702,value in Thousands,
2015,July,Andhra Pradesh,Total,51132,value in Thousands,
2015,July,Andhra Pradesh,Male,25593,value in Thousands,
2015,July,Andhra Pradesh,Female,25539,value in Thousands,
2015,July,Andaman and Nicobar Islands,Total,390,value in Thousands,
2015,July,Andaman and Nicobar Islands,Male,207,value in Thousands,
2015,July,Andaman and Nicobar Islands,Female,183,value in Thousands,
2015,July,All India,Total,1280339,value in Thousands,
2015,July,All India,Male,658710,value in Thousands,
2015,July,All India,Female,621629,value in Thousands,
2014,October,West Bengal,Total,94001,value in Thousands,
2014,October,West Bengal,Male,48132,value in Thousands,
2014,October,West Bengal,Female,45869,value in Thousands,
2014,October,Uttarakhand,Total,10565,value in Thousands,
2014,October,Uttarakhand,Male,5395,value in Thousands,
2014,October,Uttarakhand,Female,5171,value in Thousands,
2014,October,Uttar Pradesh,Total,211476,value in Thousands,
2014,October,Uttar Pradesh,Male,110449,value in Thousands,
2014,October,Uttar Pradesh,Female,101026,value in Thousands,
2014,October,Tripura,Total,3814,value in Thousands,
2014,October,Tripura,Male,1944,value in Thousands,
2014,October,Tripura,Female,1870,value in Thousands,
2014,October,Telangana,Total,36024,value in Thousands,
2014,October,Telangana,Male,18126,value in Thousands,
2014,October,Telangana,Female,17899,value in Thousands,
2014,October,Tamil Nadu,Total,73930,value in Thousands,
2014,October,Tamil Nadu,Male,37001,value in Thousands,
2014,October,Tamil Nadu,Female,36930,value in Thousands,
2014,October,Sikkim,Total,634,value in Thousands,
2014,October,Sikkim,Male,335,value in Thousands,
2014,October,Sikkim,Female,299,value in Thousands,
2014,October,Rajasthan,Total,72627,value in Thousands,
2014,October,Rajasthan,Male,37557,value in Thousands,
2014,October,Rajasthan,Female,35071,value in Thousands,
2014,October,Punjab,Total,28744,value in Thousands,
2014,October,Punjab,Male,15147,value in Thousands,
2014,October,Punjab,Female,13597,value in Thousands,
2014,October,Puducherry,Total,1358,value in Thousands,
2014,October,Puducherry,Male,661,value in Thousands,
2014,October,Puducherry,Female,697,value in Thousands,
2014,October,Odisha,Total,43401,value in Thousands,
2014,October,Odisha,Male,21905,value in Thousands,
2014,October,Odisha,Female,21496,value in Thousands,
2014,October,Nagaland,Total,2054,value in Thousands,
2014,October,Nagaland,Male,1063,value in Thousands,
2014,October,Nagaland,Female,991,value in Thousands,
2014,October,Mizoram,Total,1139,value in Thousands,
2014,October,Mizoram,Male,576,value in Thousands,
2014,October,Mizoram,Female,563,value in Thousands,
2014,October,Meghalaya,Total,3080,value in Thousands,
2014,October,Meghalaya,Male,1547,value in Thousands,
2014,October,Meghalaya,Female,1533,value in Thousands,
2014,October,Manipur,Total,2965,value in Thousands,
2014,October,Manipur,Male,1492,value in Thousands,
2014,October,Manipur,Female,1473,value in Thousands,
2014,October,Maharashtra,Total,116927,value in Thousands,
2014,October,Maharashtra,Male,60684,value in Thousands,
2014,October,Maharashtra,Female,56243,value in Thousands,
2014,October,Madhya Pradesh,Total,77055,value in Thousands,
2014,October,Madhya Pradesh,Male,39852,value in Thousands,
2014,October,Madhya Pradesh,Female,37204,value in Thousands,
2014,October,Lakshadweep,Total,66,value in Thousands,
2014,October,Lakshadweep,Male,34,value in Thousands,
2014,October,Lakshadweep,Female,32,value in Thousands,
2014,October,Ladakh,Total,284,value in Thousands,
2014,October,Ladakh,Male,161,value in Thousands,
2014,October,Ladakh,Female,123,value in Thousands,
2014,October,Kerala,Total,34246,value in Thousands,
2014,October,Kerala,Male,16434,value in Thousands,
2014,October,Kerala,Female,17813,value in Thousands,
2014,October,Karnataka,Total,63341,value in Thousands,
2014,October,Karnataka,Male,32114,value in Thousands,
2014,October,Karnataka,Female,31227,value in Thousands,
2014,October,Jharkhand,Total,35003,value in Thousands,
2014,October,Jharkhand,Male,17956,value in Thousands,
2014,October,Jharkhand,Female,17048,value in Thousands,
2014,October,Jammu and Kashmir,Total,12718,value in Thousands,
2014,October,Jammu and Kashmir,Male,6702,value in Thousands,
2014,October,Jammu and Kashmir,Female,6016,value in Thousands,
2014,October,Himachal Pradesh,Total,7075,value in Thousands,
2014,October,Himachal Pradesh,Male,3588,value in Thousands,
2014,October,Himachal Pradesh,Female,3487,value in Thousands,
2014,October,Haryana,Total,26859,value in Thousands,
2014,October,Haryana,Male,14276,value in Thousands,
2014,October,Haryana,Female,12583,value in Thousands,
2014,October,Gujarat,Total,63821,value in Thousands,
2014,October,Gujarat,Male,33340,value in Thousands,
2014,October,Gujarat,Female,30481,value in Thousands,
2014,October,Goa,Total,1497,value in Thousands,
2014,October,Goa,Male,757,value in Thousands,
2014,October,Goa,Female,740,value in Thousands,
2014,October,Delhi,Total,18142,value in Thousands,
2014,October,Delhi,Male,9699,value in Thousands,
2014,October,Delhi,Female,8443,value in Thousands,
2014,October,Daman and Diu,Total,305,value in Thousands,
2014,October,Daman and Diu,Male,198,value in Thousands,
2014,October,Daman and Diu,Female,107,value in Thousands,
2014,October,Dadra and Nagar Haveli,Total,422,value in Thousands,
2014,October,Dadra and Nagar Haveli,Male,243,value in Thousands,
2014,October,Dadra and Nagar Haveli,Female,179,value in Thousands,
2014,October,Chhattisgarh,Total,26997,value in Thousands,
2014,October,Chhattisgarh,Male,13550,value in Thousands,
2014,October,Chhattisgarh,Female,13447,value in Thousands,
2014,October,Chandigarh,Total,1113,value in Thousands,
2014,October,Chandigarh,Male,609,value in Thousands,
2014,October,Chandigarh,Female,505,value in Thousands,
2014,October,Bihar,Total,111321,value in Thousands,
2014,October,Bihar,Male,58001,value in Thousands,
2014,October,Bihar,Female,53320,value in Thousands,
2014,October,Assam,Total,32612,value in Thousands,
2014,October,Assam,Male,16638,value in Thousands,
2014,October,Assam,Female,15974,value in Thousands,
2014,October,Arunachal Pradesh,Total,1437,value in Thousands,
2014,October,Arunachal Pradesh,Male,740,value in Thousands,
2014,October,Arunachal Pradesh,Female,696,value in Thousands,
2014,October,Andhra Pradesh,Total,50863,value in Thousands,
2014,October,Andhra Pradesh,Male,25461,value in Thousands,
2014,October,Andhra Pradesh,Female,25402,value in Thousands,
2014,October,Andaman and Nicobar Islands,Total,389,value in Thousands,
2014,October,Andaman and Nicobar Islands,Male,206,value in Thousands,
2014,October,Andaman and Nicobar Islands,Female,182,value in Thousands,
2014,October,All India,Total,1268310,value in Thousands,
2014,October,All India,Male,652573,value in Thousands,
2014,October,All India,Female,615737,value in Thousands,
2014,March,West Bengal,Total,93558,value in Thousands,
2014,March,West Bengal,Male,47917,value in Thousands,
2014,March,West Bengal,Female,45641,value in Thousands,
2014,March,Uttarakhand,Total,10487,value in Thousands,
2014,March,Uttarakhand,Male,5353,value in Thousands,
2014,March,Uttarakhand,Female,5134,value in Thousands,
2014,March,Uttar Pradesh,Total,209577,value in Thousands,
2014,March,Uttar Pradesh,Male,109477,value in Thousands,
2014,March,Uttar Pradesh,Female,100099,value in Thousands,
2014,March,Tripura,Total,3794,value in Thousands,
2014,March,Tripura,Male,1934,value in Thousands,
2014,March,Tripura,Female,1860,value in Thousands,
2014,March,Telangana,Total,35878,value in Thousands,
2014,March,Telangana,Male,18052,value in Thousands,
2014,March,Telangana,Female,17826,value in Thousands,
2014,March,Tamil Nadu,Total,73640,value in Thousands,
2014,March,Tamil Nadu,Male,36860,value in Thousands,
2014,March,Tamil Nadu,Female,36780,value in Thousands,
2014,March,Sikkim,Total,631,value in Thousands,
2014,March,Sikkim,Male,333,value in Thousands,
2014,March,Sikkim,Female,297,value in Thousands,
2014,March,Rajasthan,Total,71963,value in Thousands,
2014,March,Rajasthan,Male,37230,value in Thousands,
2014,March,Rajasthan,Female,34733,value in Thousands,
2014,March,Punjab,Total,28581,value in Thousands,
2014,March,Punjab,Male,15064,value in Thousands,
2014,March,Punjab,Female,13517,value in Thousands,
2014,March,Puducherry,Total,1340,value in Thousands,
2014,March,Puducherry,Male,653,value in Thousands,
2014,March,Puducherry,Female,687,value in Thousands,
2014,March,Odisha,Total,43170,value in Thousands,
2014,March,Odisha,Male,21793,value in Thousands,
2014,March,Odisha,Female,21377,value in Thousands,
2014,March,Nagaland,Total,2043,value in Thousands,
2014,March,Nagaland,Male,1057,value in Thousands,
2014,March,Nagaland,Female,986,value in Thousands,
2014,March,Mizoram,Total,1133,value in Thousands,
2014,March,Mizoram,Male,573,value in Thousands,
2014,March,Mizoram,Female,560,value in Thousands,
2014,March,Meghalaya,Total,3064,value in Thousands,
2014,March,Meghalaya,Male,1539,value in Thousands,
2014,March,Meghalaya,Female,1525,value in Thousands,
2014,March,Manipur,Total,2949,value in Thousands,
2014,March,Manipur,Male,1485,value in Thousands,
2014,March,Manipur,Female,1465,value in Thousands,
2014,March,Maharashtra,Total,116186,value in Thousands,
2014,March,Maharashtra,Male,60287,value in Thousands,
2014,March,Maharashtra,Female,55899,value in Thousands,
2014,March,Madhya Pradesh,Total,76334,value in Thousands,
2014,March,Madhya Pradesh,Male,39487,value in Thousands,
2014,March,Madhya Pradesh,Female,36847,value in Thousands,
2014,March,Lakshadweep,Total,66,value in Thousands,
2014,March,Lakshadweep,Male,34,value in Thousands,
2014,March,Lakshadweep,Female,32,value in Thousands,
2014,March,Ladakh,Total,282,value in Thousands,
2014,March,Ladakh,Male,160,value in Thousands,
2014,March,Ladakh,Female,122,value in Thousands,
2014,March,Kerala,Total,34109,value in Thousands,
2014,March,Kerala,Male,16368,value in Thousands,
2014,March,Kerala,Female,17742,value in Thousands,
2014,March,Karnataka,Total,62975,value in Thousands,
2014,March,Karnataka,Male,31927,value in Thousands,
2014,March,Karnataka,Female,31048,value in Thousands,
2014,March,Jharkhand,Total,34675,value in Thousands,
2014,March,Jharkhand,Male,17789,value in Thousands,
2014,March,Jharkhand,Female,16887,value in Thousands,
2014,March,Jammu and Kashmir,Total,12645,value in Thousands,
2014,March,Jammu and Kashmir,Male,6667,value in Thousands,
2014,March,Jammu and Kashmir,Female,5978,value in Thousands,
2014,March,Himachal Pradesh,Total,7041,value in Thousands,
2014,March,Himachal Pradesh,Male,3571,value in Thousands,
2014,March,Himachal Pradesh,Female,3470,value in Thousands,
2014,March,Haryana,Total,26614,value in Thousands,
2014,March,Haryana,Male,14149,value in Thousands,
2014,March,Haryana,Female,12465,value in Thousands,
2014,March,Gujarat,Total,63271,value in Thousands,
2014,March,Gujarat,Male,33039,value in Thousands,
2014,March,Gujarat,Female,30232,value in Thousands,
2014,March,Goa,Total,1491,value in Thousands,
2014,March,Goa,Male,754,value in Thousands,
2014,March,Goa,Female,736,value in Thousands,
2014,March,Delhi,Total,17921,value in Thousands,
2014,March,Delhi,Male,9583,value in Thousands,
2014,March,Delhi,Female,8338,value in Thousands,
2014,March,Daman and Diu,Total,295,value in Thousands,
2014,March,Daman and Diu,Male,190,value in Thousands,
2014,March,Daman and Diu,Female,105,value in Thousands,
2014,March,Dadra and Nagar Haveli,Total,409,value in Thousands,
2014,March,Dadra and Nagar Haveli,Male,235,value in Thousands,
2014,March,Dadra and Nagar Haveli,Female,174,value in Thousands,
2014,March,Chhattisgarh,Total,26761,value in Thousands,
2014,March,Chhattisgarh,Male,13434,value in Thousands,
2014,March,Chhattisgarh,Female,13327,value in Thousands,
2014,March,Chandigarh,Total,1104,value in Thousands,
2014,March,Chandigarh,Male,604,value in Thousands,
2014,March,Chandigarh,Female,500,value in Thousands,
2014,March,Bihar,Total,110145,value in Thousands,
2014,March,Bihar,Male,57395,value in Thousands,
2014,March,Bihar,Female,52750,value in Thousands,
2014,March,Assam,Total,32383,value in Thousands,
2014,March,Assam,Male,16525,value in Thousands,
2014,March,Assam,Female,15858,value in Thousands,
2014,March,Arunachal Pradesh,Total,1429,value in Thousands,
2014,March,Arunachal Pradesh,Male,737,value in Thousands,
2014,March,Arunachal Pradesh,Female,692,value in Thousands,
2014,March,Andhra Pradesh,Total,50654,value in Thousands,
2014,March,Andhra Pradesh,Male,25358,value in Thousands,
2014,March,Andhra Pradesh,Female,25295,value in Thousands,
2014,March,Andaman and Nicobar Islands,Total,387,value in Thousands,
2014,March,Andaman and Nicobar Islands,Male,206,value in Thousands,
2014,March,Andaman and Nicobar Islands,Female,182,value in Thousands,
2014,March,All India,Total,1258985,value in Thousands,
2014,March,All India,Male,647819,value in Thousands,
2014,March,All India,Female,611166,value in Thousands,
2014,July,West Bengal,Total,93811,value in Thousands,
2014,July,West Bengal,Male,48040,value in Thousands,
2014,July,West Bengal,Female,45771,value in Thousands,
2014,July,Uttarakhand,Total,10532,value in Thousands,
2014,July,Uttarakhand,Male,5377,value in Thousands,
2014,July,Uttarakhand,Female,5155,value in Thousands,
2014,July,Uttar Pradesh,Total,210662,value in Thousands,
2014,July,Uttar Pradesh,Male,110033,value in Thousands,
2014,July,Uttar Pradesh,Female,100629,value in Thousands,
2014,July,Tripura,Total,3804,value in Thousands,
2014,July,Tripura,Male,1939,value in Thousands,
2014,July,Tripura,Female,1865,value in Thousands,
2014,July,Telangana,Total,35951,value in Thousands,
2014,July,Telangana,Male,18089,value in Thousands,
2014,July,Telangana,Female,17863,value in Thousands,
2014,July,Tamil Nadu,Total,73806,value in Thousands,
2014,July,Tamil Nadu,Male,36940,value in Thousands,
2014,July,Tamil Nadu,Female,36865,value in Thousands,
2014,July,Sikkim,Total,632,value in Thousands,
2014,July,Sikkim,Male,334,value in Thousands,
2014,July,Sikkim,Female,298,value in Thousands,
2014,July,Rajasthan,Total,72343,value in Thousands,
2014,July,Rajasthan,Male,37417,value in Thousands,
2014,July,Rajasthan,Female,34926,value in Thousands,
2014,July,Punjab,Total,28674,value in Thousands,
2014,July,Punjab,Male,15111,value in Thousands,
2014,July,Punjab,Female,13563,value in Thousands,
2014,July,Puducherry,Total,1351,value in Thousands,
2014,July,Puducherry,Male,658,value in Thousands,
2014,July,Puducherry,Female,693,value in Thousands,
2014,July,Odisha,Total,43302,value in Thousands,
2014,July,Odisha,Male,21857,value in Thousands,
2014,July,Odisha,Female,21445,value in Thousands,
2014,July,Nagaland,Total,2049,value in Thousands,
2014,July,Nagaland,Male,1060,value in Thousands,
2014,July,Nagaland,Female,989,value in Thousands,
2014,July,Mizoram,Total,1136,value in Thousands,
2014,July,Mizoram,Male,575,value in Thousands,
2014,July,Mizoram,Female,562,value in Thousands,
2014,July,Meghalaya,Total,3072,value in Thousands,
2014,July,Meghalaya,Male,1543,value in Thousands,
2014,July,Meghalaya,Female,1529,value in Thousands,
2014,July,Manipur,Total,2957,value in Thousands,
2014,July,Manipur,Male,1488,value in Thousands,
2014,July,Manipur,Female,1469,value in Thousands,
2014,July,Maharashtra,Total,116609,value in Thousands,
2014,July,Maharashtra,Male,60514,value in Thousands,
2014,July,Maharashtra,Female,56095,value in Thousands,
2014,July,Madhya Pradesh,Total,76746,value in Thousands,
2014,July,Madhya Pradesh,Male,39696,value in Thousands,
2014,July,Madhya Pradesh,Female,37051,value in Thousands,
2014,July,Lakshadweep,Total,66,value in Thousands,
2014,July,Lakshadweep,Male,34,value in Thousands,
2014,July,Lakshadweep,Female,32,value in Thousands,
2014,July,Ladakh,Total,283,value in Thousands,
2014,July,Ladakh,Male,161,value in Thousands,
2014,July,Ladakh,Female,122,value in Thousands,
2014,July,Kerala,Total,34188,value in Thousands,
2014,July,Kerala,Male,16405,value in Thousands,
2014,July,Kerala,Female,17782,value in Thousands,
2014,July,Karnataka,Total,63184,value in Thousands,
2014,July,Karnataka,Male,32034,value in Thousands,
2014,July,Karnataka,Female,31151,value in Thousands,
2014,July,Jharkhand,Total,34863,value in Thousands,
2014,July,Jharkhand,Male,17884,value in Thousands,
2014,July,Jharkhand,Female,16979,value in Thousands,
2014,July,Jammu and Kashmir,Total,12687,value in Thousands,
2014,July,Jammu and Kashmir,Male,6687,value in Thousands,
2014,July,Jammu and Kashmir,Female,6000,value in Thousands,
2014,July,Himachal Pradesh,Total,7061,value in Thousands,
2014,July,Himachal Pradesh,Male,3581,value in Thousands,
2014,July,Himachal Pradesh,Female,3480,value in Thousands,
2014,July,Haryana,Total,26754,value in Thousands,
2014,July,Haryana,Male,14222,value in Thousands,
2014,July,Haryana,Female,12532,value in Thousands,
2014,July,Gujarat,Total,63585,value in Thousands,
2014,July,Gujarat,Male,33211,value in Thousands,
2014,July,Gujarat,Female,30374,value in Thousands,
2014,July,Goa,Total,1494,value in Thousands,
2014,July,Goa,Male,756,value in Thousands,
2014,July,Goa,Female,738,value in Thousands,
2014,July,Delhi,Total,18047,value in Thousands,
2014,July,Delhi,Male,9649,value in Thousands,
2014,July,Delhi,Female,8398,value in Thousands,
2014,July,Daman and Diu,Total,301,value in Thousands,
2014,July,Daman and Diu,Male,194,value in Thousands,
2014,July,Daman and Diu,Female,106,value in Thousands,
2014,July,Dadra and Nagar Haveli,Total,416,value in Thousands,
2014,July,Dadra and Nagar Haveli,Male,239,value in Thousands,
2014,July,Dadra and Nagar Haveli,Female,177,value in Thousands,
2014,July,Chhattisgarh,Total,26896,value in Thousands,
2014,July,Chhattisgarh,Male,13500,value in Thousands,
2014,July,Chhattisgarh,Female,13396,value in Thousands,
2014,July,Chandigarh,Total,1109,value in Thousands,
2014,July,Chandigarh,Male,607,value in Thousands,
2014,July,Chandigarh,Female,503,value in Thousands,
2014,July,Bihar,Total,110817,value in Thousands,
2014,July,Bihar,Male,57741,value in Thousands,
2014,July,Bihar,Female,53076,value in Thousands,
2014,July,Assam,Total,32514,value in Thousands,
2014,July,Assam,Male,16590,value in Thousands,
2014,July,Assam,Female,15924,value in Thousands,
2014,July,Arunachal Pradesh,Total,1433,value in Thousands,
2014,July,Arunachal Pradesh,Male,739,value in Thousands,
2014,July,Arunachal Pradesh,Female,694,value in Thousands,
2014,July,Andhra Pradesh,Total,50773,value in Thousands,
2014,July,Andhra Pradesh,Male,25417,value in Thousands,
2014,July,Andhra Pradesh,Female,25356,value in Thousands,
2014,July,Andaman and Nicobar Islands,Total,388,value in Thousands,
2014,July,Andaman and Nicobar Islands,Male,206,value in Thousands,
2014,July,Andaman and Nicobar Islands,Female,182,value in Thousands,
2014,July,All India,Total,1264298,value in Thousands,
2014,July,All India,Male,650528,value in Thousands,
2014,July,All India,Female,613770,value in Thousands,
2013,October,West Bengal,Total,93241,value in Thousands,
2013,October,West Bengal,Male,47763,value in Thousands,
2013,October,West Bengal,Female,45478,value in Thousands,
2013,October,Uttarakhand,Total,10432,value in Thousands,
2013,October,Uttarakhand,Male,5323,value in Thousands,
2013,October,Uttarakhand,Female,5109,value in Thousands,
2013,October,Uttar Pradesh,Total,208221,value in Thousands,
2013,October,Uttar Pradesh,Male,108783,value in Thousands,
2013,October,Uttar Pradesh,Female,99437,value in Thousands,
2013,October,Tripura,Total,3774,value in Thousands,
2013,October,Tripura,Male,1924,value in Thousands,
2013,October,Tripura,Female,1850,value in Thousands,
2013,October,Telangana,Total,35733,value in Thousands,
2013,October,Telangana,Male,17979,value in Thousands,
2013,October,Telangana,Female,17754,value in Thousands,
2013,October,Tamil Nadu,Total,73433,value in Thousands,
2013,October,Tamil Nadu,Male,36760,value in Thousands,
2013,October,Tamil Nadu,Female,36673,value in Thousands,
2013,October,Sikkim,Total,627,value in Thousands,
2013,October,Sikkim,Male,332,value in Thousands,
2013,October,Sikkim,Female,296,value in Thousands,
2013,October,Rajasthan,Total,71489,value in Thousands,
2013,October,Rajasthan,Male,36997,value in Thousands,
2013,October,Rajasthan,Female,34492,value in Thousands,
2013,October,Punjab,Total,28465,value in Thousands,
2013,October,Punjab,Male,15005,value in Thousands,
2013,October,Punjab,Female,13460,value in Thousands,
2013,October,Puducherry,Total,1328,value in Thousands,
2013,October,Puducherry,Male,648,value in Thousands,
2013,October,Puducherry,Female,680,value in Thousands,
2013,October,Odisha,Total,43004,value in Thousands,
2013,October,Odisha,Male,21712,value in Thousands,
2013,October,Odisha,Female,21292,value in Thousands,
2013,October,Nagaland,Total,2032,value in Thousands,
2013,October,Nagaland,Male,1052,value in Thousands,
2013,October,Nagaland,Female,981,value in Thousands,
2013,October,Mizoram,Total,1127,value in Thousands,
2013,October,Mizoram,Male,570,value in Thousands,
2013,October,Mizoram,Female,557,value in Thousands,
2013,October,Meghalaya,Total,3048,value in Thousands,
2013,October,Meghalaya,Male,1532,value in Thousands,
2013,October,Meghalaya,Female,1516,value in Thousands,
2013,October,Manipur,Total,2934,value in Thousands,
2013,October,Manipur,Male,1477,value in Thousands,
2013,October,Manipur,Female,1457,value in Thousands,
2013,October,Maharashtra,Total,115656,value in Thousands,
2013,October,Maharashtra,Male,60003,value in Thousands,
2013,October,Maharashtra,Female,55654,value in Thousands,
2013,October,Madhya Pradesh,Total,75819,value in Thousands,
2013,October,Madhya Pradesh,Male,39227,value in Thousands,
2013,October,Madhya Pradesh,Female,36593,value in Thousands,
2013,October,Lakshadweep,Total,66,value in Thousands,
2013,October,Lakshadweep,Male,34,value in Thousands,
2013,October,Lakshadweep,Female,32,value in Thousands,
2013,October,Ladakh,Total,281,value in Thousands,
2013,October,Ladakh,Male,160,value in Thousands,
2013,October,Ladakh,Female,121,value in Thousands,
2013,October,Kerala,Total,34012,value in Thousands,
2013,October,Kerala,Male,16320,value in Thousands,
2013,October,Kerala,Female,17691,value in Thousands,
2013,October,Karnataka,Total,62714,value in Thousands,
2013,October,Karnataka,Male,31794,value in Thousands,
2013,October,Karnataka,Female,30921,value in Thousands,
2013,October,Jharkhand,Total,34441,value in Thousands,
2013,October,Jharkhand,Male,17669,value in Thousands,
2013,October,Jharkhand,Female,16772,value in Thousands,
2013,October,Jammu and Kashmir,Total,12592,value in Thousands,
2013,October,Jammu and Kashmir,Male,6641,value in Thousands,
2013,October,Jammu and Kashmir,Female,5951,value in Thousands,
2013,October,Himachal Pradesh,Total,7016,value in Thousands,
2013,October,Himachal Pradesh,Male,3559,value in Thousands,
2013,October,Himachal Pradesh,Female,3458,value in Thousands,
2013,October,Haryana,Total,26438,value in Thousands,
2013,October,Haryana,Male,14058,value in Thousands,
2013,October,Haryana,Female,12380,value in Thousands,
2013,October,Gujarat,Total,62877,value in Thousands,
2013,October,Gujarat,Male,32824,value in Thousands,
2013,October,Gujarat,Female,30053,value in Thousands,
2013,October,Goa,Total,1486,value in Thousands,
2013,October,Goa,Male,752,value in Thousands,
2013,October,Goa,Female,734,value in Thousands,
2013,October,Delhi,Total,17764,value in Thousands,
2013,October,Delhi,Male,9500,value in Thousands,
2013,October,Delhi,Female,8264,value in Thousands,
2013,October,Daman and Diu,Total,288,value in Thousands,
2013,October,Daman and Diu,Male,184,value in Thousands,
2013,October,Daman and Diu,Female,103,value in Thousands,
2013,October,Dadra and Nagar Haveli,Total,400,value in Thousands,
2013,October,Dadra and Nagar Haveli,Male,229,value in Thousands,
2013,October,Dadra and Nagar Haveli,Female,171,value in Thousands,
2013,October,Chhattisgarh,Total,26592,value in Thousands,
2013,October,Chhattisgarh,Male,13350,value in Thousands,
2013,October,Chhattisgarh,Female,13242,value in Thousands,
2013,October,Chandigarh,Total,1097,value in Thousands,
2013,October,Chandigarh,Male,601,value in Thousands,
2013,October,Chandigarh,Female,496,value in Thousands,
2013,October,Bihar,Total,109306,value in Thousands,
2013,October,Bihar,Male,56962,value in Thousands,
2013,October,Bihar,Female,52344,value in Thousands,
2013,October,Assam,Total,32220,value in Thousands,
2013,October,Assam,Male,16443,value in Thousands,
2013,October,Assam,Female,15776,value in Thousands,
2013,October,Arunachal Pradesh,Total,1421,value in Thousands,
2013,October,Arunachal Pradesh,Male,733,value in Thousands,
2013,October,Arunachal Pradesh,Female,689,value in Thousands,
2013,October,Andhra Pradesh,Total,50504,value in Thousands,
2013,October,Andhra Pradesh,Male,25285,value in Thousands,
2013,October,Andhra Pradesh,Female,25219,value in Thousands,
2013,October,Andaman and Nicobar Islands,Total,386,value in Thousands,
2013,October,Andaman and Nicobar Islands,Male,205,value in Thousands,
2013,October,Andaman and Nicobar Islands,Female,181,value in Thousands,
2013,October,All India,Total,1252267,value in Thousands,
2013,October,All India,Male,644390,value in Thousands,
2013,October,All India,Female,607877,value in Thousands,
2013,March,West Bengal,Total,92797,value in Thousands,
2013,March,West Bengal,Male,47548,value in Thousands,
2013,March,West Bengal,Female,45250,value in Thousands,
2013,March,Uttarakhand,Total,10354,value in Thousands,
2013,March,Uttarakhand,Male,5281,value in Thousands,
2013,March,Uttarakhand,Female,5072,value in Thousands,
2013,March,Uttar Pradesh,Total,206322,value in Thousands,
2013,March,Uttar Pradesh,Male,107812,value in Thousands,
2013,March,Uttar Pradesh,Female,98510,value in Thousands,
2013,March,Tripura,Total,3754,value in Thousands,
2013,March,Tripura,Male,1914,value in Thousands,
2013,March,Tripura,Female,1840,value in Thousands,
2013,March,Telangana,Total,35587,value in Thousands,
2013,March,Telangana,Male,17905,value in Thousands,
2013,March,Telangana,Female,17682,value in Thousands,
2013,March,Tamil Nadu,Total,73142,value in Thousands,
2013,March,Tamil Nadu,Male,36619,value in Thousands,
2013,March,Tamil Nadu,Female,36523,value in Thousands,
2013,March,Sikkim,Total,624,value in Thousands,
2013,March,Sikkim,Male,330,value in Thousands,
2013,March,Sikkim,Female,294,value in Thousands,
2013,March,Rajasthan,Total,70825,value in Thousands,
2013,March,Rajasthan,Male,36670,value in Thousands,
2013,March,Rajasthan,Female,34155,value in Thousands,
2013,March,Punjab,Total,28302,value in Thousands,
2013,March,Punjab,Male,14923,value in Thousands,
2013,March,Punjab,Female,13379,value in Thousands,
2013,March,Puducherry,Total,1310,value in Thousands,
2013,March,Puducherry,Male,640,value in Thousands,
2013,March,Puducherry,Female,670,value in Thousands,
2013,March,Odisha,Total,42771,value in Thousands,
2013,March,Odisha,Male,21599,value in Thousands,
2013,March,Odisha,Female,21172,value in Thousands,
2013,March,Nagaland,Total,2022,value in Thousands,
2013,March,Nagaland,Male,1046,value in Thousands,
2013,March,Nagaland,Female,975,value in Thousands,
2013,March,Mizoram,Total,1121,value in Thousands,
2013,March,Mizoram,Male,567,value in Thousands,
2013,March,Mizoram,Female,554,value in Thousands,
2013,March,Meghalaya,Total,3032,value in Thousands,
2013,March,Meghalaya,Male,1524,value in Thousands,
2013,March,Meghalaya,Female,1508,value in Thousands,
2013,March,Manipur,Total,2918,value in Thousands,
2013,March,Manipur,Male,1469,value in Thousands,
2013,March,Manipur,Female,1449,value in Thousands,
2013,March,Maharashtra,Total,114915,value in Thousands,
2013,March,Maharashtra,Male,59606,value in Thousands,
2013,March,Maharashtra,Female,55310,value in Thousands,
2013,March,Madhya Pradesh,Total,75099,value in Thousands,
2013,March,Madhya Pradesh,Male,38862,value in Thousands,
2013,March,Madhya Pradesh,Female,36236,value in Thousands,
2013,March,Lakshadweep,Total,65,value in Thousands,
2013,March,Lakshadweep,Male,34,value in Thousands,
2013,March,Lakshadweep,Female,32,value in Thousands,
2013,March,Ladakh,Total,279,value in Thousands,
2013,March,Ladakh,Male,159,value in Thousands,
2013,March,Ladakh,Female,120,value in Thousands,
2013,March,Kerala,Total,33875,value in Thousands,
2013,March,Kerala,Male,16254,value in Thousands,
2013,March,Kerala,Female,17621,value in Thousands,
2013,March,Karnataka,Total,62349,value in Thousands,
2013,March,Karnataka,Male,31607,value in Thousands,
2013,March,Karnataka,Female,30742,value in Thousands,
2013,March,Jharkhand,Total,34113,value in Thousands,
2013,March,Jharkhand,Male,17503,value in Thousands,
2013,March,Jharkhand,Female,16610,value in Thousands,
2013,March,Jammu and Kashmir,Total,12519,value in Thousands,
2013,March,Jammu and Kashmir,Male,6606,value in Thousands,
2013,March,Jammu and Kashmir,Female,5913,value in Thousands,
2013,March,Himachal Pradesh,Total,6982,value in Thousands,
2013,March,Himachal Pradesh,Male,3541,value in Thousands,
2013,March,Himachal Pradesh,Female,3441,value in Thousands,
2013,March,Haryana,Total,26193,value in Thousands,
2013,March,Haryana,Male,13931,value in Thousands,
2013,March,Haryana,Female,12262,value in Thousands,
2013,March,Gujarat,Total,62327,value in Thousands,
2013,March,Gujarat,Male,32523,value in Thousands,
2013,March,Gujarat,Female,29804,value in Thousands,
2013,March,Goa,Total,1480,value in Thousands,
2013,March,Goa,Male,749,value in Thousands,
2013,March,Goa,Female,731,value in Thousands,
2013,March,Delhi,Total,17544,value in Thousands,
2013,March,Delhi,Male,9385,value in Thousands,
2013,March,Delhi,Female,8159,value in Thousands,
2013,March,Daman and Diu,Total,278,value in Thousands,
2013,March,Daman and Diu,Male,177,value in Thousands,
2013,March,Daman and Diu,Female,101,value in Thousands,
2013,March,Dadra and Nagar Haveli,Total,387,value in Thousands,
2013,March,Dadra and Nagar Haveli,Male,221,value in Thousands,
2013,March,Dadra and Nagar Haveli,Female,166,value in Thousands,
2013,March,Chhattisgarh,Total,26356,value in Thousands,
2013,March,Chhattisgarh,Male,13233,value in Thousands,
2013,March,Chhattisgarh,Female,13122,value in Thousands,
2013,March,Chandigarh,Total,1088,value in Thousands,
2013,March,Chandigarh,Male,596,value in Thousands,
2013,March,Chandigarh,Female,491,value in Thousands,
2013,March,Bihar,Total,108130,value in Thousands,
2013,March,Bihar,Male,56356,value in Thousands,
2013,March,Bihar,Female,51774,value in Thousands,
2013,March,Assam,Total,31991,value in Thousands,
2013,March,Assam,Male,16330,value in Thousands,
2013,March,Assam,Female,15661,value in Thousands,
2013,March,Arunachal Pradesh,Total,1414,value in Thousands,
2013,March,Arunachal Pradesh,Male,729,value in Thousands,
2013,March,Arunachal Pradesh,Female,685,value in Thousands,
2013,March,Andhra Pradesh,Total,50295,value in Thousands,
2013,March,Andhra Pradesh,Male,25182,value in Thousands,
2013,March,Andhra Pradesh,Female,25112,value in Thousands,
2013,March,Andaman and Nicobar Islands,Total,385,value in Thousands,
2013,March,Andaman and Nicobar Islands,Male,205,value in Thousands,
2013,March,Andaman and Nicobar Islands,Female,180,value in Thousands,
2013,March,All India,Total,1242942,value in Thousands,
2013,March,All India,Male,639636,value in Thousands,
2013,March,All India,Female,603306,value in Thousands,
2013,July,West Bengal,Total,93051,value in Thousands,
2013,July,West Bengal,Male,47671,value in Thousands,
2013,July,West Bengal,Female,45380,value in Thousands,
2013,July,Uttarakhand,Total,10398,value in Thousands,
2013,July,Uttarakhand,Male,5305,value in Thousands,
2013,July,Uttarakhand,Female,5093,value in Thousands,
2013,July,Uttar Pradesh,Total,207407,value in Thousands,
2013,July,Uttar Pradesh,Male,108367,value in Thousands,
2013,July,Uttar Pradesh,Female,99040,value in Thousands,
2013,July,Tripura,Total,3764,value in Thousands,
2013,July,Tripura,Male,1919,value in Thousands,
2013,July,Tripura,Female,1845,value in Thousands,
2013,July,Telangana,Total,35660,value in Thousands,
2013,July,Telangana,Male,17942,value in Thousands,
2013,July,Telangana,Female,17718,value in Thousands,
2013,July,Tamil Nadu,Total,73308,value in Thousands,
2013,July,Tamil Nadu,Male,36700,value in Thousands,
2013,July,Tamil Nadu,Female,36608,value in Thousands,
2013,July,Sikkim,Total,626,value in Thousands,
2013,July,Sikkim,Male,331,value in Thousands,
2013,July,Sikkim,Female,295,value in Thousands,
2013,July,Rajasthan,Total,71204,value in Thousands,
2013,July,Rajasthan,Male,36857,value in Thousands,
2013,July,Rajasthan,Female,34347,value in Thousands,
2013,July,Punjab,Total,28395,value in Thousands,
2013,July,Punjab,Male,14970,value in Thousands,
2013,July,Punjab,Female,13425,value in Thousands,
2013,July,Puducherry,Total,1320,value in Thousands,
2013,July,Puducherry,Male,644,value in Thousands,
2013,July,Puducherry,Female,676,value in Thousands,
2013,July,Odisha,Total,42904,value in Thousands,
2013,July,Odisha,Male,21664,value in Thousands,
2013,July,Odisha,Female,21240,value in Thousands,
2013,July,Nagaland,Total,2027,value in Thousands,
2013,July,Nagaland,Male,1049,value in Thousands,
2013,July,Nagaland,Female,978,value in Thousands,
2013,July,Mizoram,Total,1124,value in Thousands,
2013,July,Mizoram,Male,569,value in Thousands,
2013,July,Mizoram,Female,556,value in Thousands,
2013,July,Meghalaya,Total,3040,value in Thousands,
2013,July,Meghalaya,Male,1528,value in Thousands,
2013,July,Meghalaya,Female,1512,value in Thousands,
2013,July,Manipur,Total,2926,value in Thousands,
2013,July,Manipur,Male,1473,value in Thousands,
2013,July,Manipur,Female,1453,value in Thousands,
2013,July,Maharashtra,Total,115339,value in Thousands,
2013,July,Maharashtra,Male,59833,value in Thousands,
2013,July,Maharashtra,Female,55506,value in Thousands,
2013,July,Madhya Pradesh,Total,75510,value in Thousands,
2013,July,Madhya Pradesh,Male,39071,value in Thousands,
2013,July,Madhya Pradesh,Female,36440,value in Thousands,
2013,July,Lakshadweep,Total,65,value in Thousands,
2013,July,Lakshadweep,Male,34,value in Thousands,
2013,July,Lakshadweep,Female,32,value in Thousands,
2013,July,Ladakh,Total,280,value in Thousands,
2013,July,Ladakh,Male,160,value in Thousands,
2013,July,Ladakh,Female,121,value in Thousands,
2013,July,Kerala,Total,33953,value in Thousands,
2013,July,Kerala,Male,16292,value in Thousands,
2013,July,Kerala,Female,17661,value in Thousands,
2013,July,Karnataka,Total,62558,value in Thousands,
2013,July,Karnataka,Male,31714,value in Thousands,
2013,July,Karnataka,Female,30844,value in Thousands,
2013,July,Jharkhand,Total,34300,value in Thousands,
2013,July,Jharkhand,Male,17598,value in Thousands,
2013,July,Jharkhand,Female,16702,value in Thousands,
2013,July,Jammu and Kashmir,Total,12561,value in Thousands,
2013,July,Jammu and Kashmir,Male,6626,value in Thousands,
2013,July,Jammu and Kashmir,Female,5935,value in Thousands,
2013,July,Himachal Pradesh,Total,7002,value in Thousands,
2013,July,Himachal Pradesh,Male,3551,value in Thousands,
2013,July,Himachal Pradesh,Female,3450,value in Thousands,
2013,July,Haryana,Total,26333,value in Thousands,
2013,July,Haryana,Male,14004,value in Thousands,
2013,July,Haryana,Female,12330,value in Thousands,
2013,July,Gujarat,Total,62642,value in Thousands,
2013,July,Gujarat,Male,32695,value in Thousands,
2013,July,Gujarat,Female,29947,value in Thousands,
2013,July,Goa,Total,1483,value in Thousands,
2013,July,Goa,Male,751,value in Thousands,
2013,July,Goa,Female,733,value in Thousands,
2013,July,Delhi,Total,17670,value in Thousands,
2013,July,Delhi,Male,9451,value in Thousands,
2013,July,Delhi,Female,8219,value in Thousands,
2013,July,Daman and Diu,Total,283,value in Thousands,
2013,July,Daman and Diu,Male,181,value in Thousands,
2013,July,Daman and Diu,Female,102,value in Thousands,
2013,July,Dadra and Nagar Haveli,Total,394,value in Thousands,
2013,July,Dadra and Nagar Haveli,Male,226,value in Thousands,
2013,July,Dadra and Nagar Haveli,Female,169,value in Thousands,
2013,July,Chhattisgarh,Total,26491,value in Thousands,
2013,July,Chhattisgarh,Male,13300,value in Thousands,
2013,July,Chhattisgarh,Female,13191,value in Thousands,
2013,July,Chandigarh,Total,1093,value in Thousands,
2013,July,Chandigarh,Male,599,value in Thousands,
2013,July,Chandigarh,Female,494,value in Thousands,
2013,July,Bihar,Total,108802,value in Thousands,
2013,July,Bihar,Male,56702,value in Thousands,
2013,July,Bihar,Female,52099,value in Thousands,
2013,July,Assam,Total,32121,value in Thousands,
2013,July,Assam,Male,16395,value in Thousands,
2013,July,Assam,Female,15727,value in Thousands,
2013,July,Arunachal Pradesh,Total,1418,value in Thousands,
2013,July,Arunachal Pradesh,Male,731,value in Thousands,
2013,July,Arunachal Pradesh,Female,687,value in Thousands,
2013,July,Andhra Pradesh,Total,50414,value in Thousands,
2013,July,Andhra Pradesh,Male,25241,value in Thousands,
2013,July,Andhra Pradesh,Female,25173,value in Thousands,
2013,July,Andaman and Nicobar Islands,Total,386,value in Thousands,
2013,July,Andaman and Nicobar Islands,Male,205,value in Thousands,
2013,July,Andaman and Nicobar Islands,Female,181,value in Thousands,
2013,July,All India,Total,1248258,value in Thousands,
2013,July,All India,Male,642349,value in Thousands,
2013,July,All India,Female,605909,value in Thousands,
2012,October,West Bengal,Total,92480,value in Thousands,
2012,October,West Bengal,Male,47394,value in Thousands,
2012,October,West Bengal,Female,45087,value in Thousands,
2012,October,Uttarakhand,Total,10298,value in Thousands,
2012,October,Uttarakhand,Male,5251,value in Thousands,
2012,October,Uttarakhand,Female,5047,value in Thousands,
2012,October,Uttar Pradesh,Total,204966,value in Thousands,
2012,October,Uttar Pradesh,Male,107118,value in Thousands,
2012,October,Uttar Pradesh,Female,97848,value in Thousands,
2012,October,Tripura,Total,3734,value in Thousands,
2012,October,Tripura,Male,1904,value in Thousands,
2012,October,Tripura,Female,1830,value in Thousands,
2012,October,Telangana,Total,35441,value in Thousands,
2012,October,Telangana,Male,17832,value in Thousands,
2012,October,Telangana,Female,17609,value in Thousands,
2012,October,Tamil Nadu,Total,72935,value in Thousands,
2012,October,Tamil Nadu,Male,36519,value in Thousands,
2012,October,Tamil Nadu,Female,36416,value in Thousands,
2012,October,Sikkim,Total,621,value in Thousands,
2012,October,Sikkim,Male,328,value in Thousands,
2012,October,Sikkim,Female,292,value in Thousands,
2012,October,Rajasthan,Total,70351,value in Thousands,
2012,October,Rajasthan,Male,36437,value in Thousands,
2012,October,Rajasthan,Female,33913,value in Thousands,
2012,October,Punjab,Total,28186,value in Thousands,
2012,October,Punjab,Male,14864,value in Thousands,
2012,October,Punjab,Female,13322,value in Thousands,
2012,October,Puducherry,Total,1297,value in Thousands,
2012,October,Puducherry,Male,634,value in Thousands,
2012,October,Puducherry,Female,663,value in Thousands,
2012,October,Odisha,Total,42605,value in Thousands,
2012,October,Odisha,Male,21518,value in Thousands,
2012,October,Odisha,Female,21087,value in Thousands,
2012,October,Nagaland,Total,2011,value in Thousands,
2012,October,Nagaland,Male,1041,value in Thousands,
2012,October,Nagaland,Female,970,value in Thousands,
2012,October,Mizoram,Total,1115,value in Thousands,
2012,October,Mizoram,Male,564,value in Thousands,
2012,October,Mizoram,Female,551,value in Thousands,
2012,October,Meghalaya,Total,3015,value in Thousands,
2012,October,Meghalaya,Male,1516,value in Thousands,
2012,October,Meghalaya,Female,1500,value in Thousands,
2012,October,Manipur,Total,2903,value in Thousands,
2012,October,Manipur,Male,1462,value in Thousands,
2012,October,Manipur,Female,1441,value in Thousands,
2012,October,Maharashtra,Total,114386,value in Thousands,
2012,October,Maharashtra,Male,59322,value in Thousands,
2012,October,Maharashtra,Female,55064,value in Thousands,
2012,October,Madhya Pradesh,Total,74584,value in Thousands,
2012,October,Madhya Pradesh,Male,38602,value in Thousands,
2012,October,Madhya Pradesh,Female,35982,value in Thousands,
2012,October,Lakshadweep,Total,65,value in Thousands,
2012,October,Lakshadweep,Male,33,value in Thousands,
2012,October,Lakshadweep,Female,32,value in Thousands,
2012,October,Ladakh,Total,278,value in Thousands,
2012,October,Ladakh,Male,159,value in Thousands,
2012,October,Ladakh,Female,120,value in Thousands,
2012,October,Kerala,Total,33777,value in Thousands,
2012,October,Kerala,Male,16207,value in Thousands,
2012,October,Kerala,Female,17570,value in Thousands,
2012,October,Karnataka,Total,62088,value in Thousands,
2012,October,Karnataka,Male,31474,value in Thousands,
2012,October,Karnataka,Female,30614,value in Thousands,
2012,October,Jharkhand,Total,33879,value in Thousands,
2012,October,Jharkhand,Male,17383,value in Thousands,
2012,October,Jharkhand,Female,16495,value in Thousands,
2012,October,Jammu and Kashmir,Total,12466,value in Thousands,
2012,October,Jammu and Kashmir,Male,6580,value in Thousands,
2012,October,Jammu and Kashmir,Female,5886,value in Thousands,
2012,October,Himachal Pradesh,Total,6958,value in Thousands,
2012,October,Himachal Pradesh,Male,3529,value in Thousands,
2012,October,Himachal Pradesh,Female,3429,value in Thousands,
2012,October,Haryana,Total,26018,value in Thousands,
2012,October,Haryana,Male,13840,value in Thousands,
2012,October,Haryana,Female,12178,value in Thousands,
2012,October,Gujarat,Total,61934,value in Thousands,
2012,October,Gujarat,Male,32308,value in Thousands,
2012,October,Gujarat,Female,29626,value in Thousands,
2012,October,Goa,Total,1475,value in Thousands,
2012,October,Goa,Male,747,value in Thousands,
2012,October,Goa,Female,728,value in Thousands,
2012,October,Delhi,Total,17386,value in Thousands,
2012,October,Delhi,Male,9302,value in Thousands,
2012,October,Delhi,Female,8084,value in Thousands,
2012,October,Daman and Diu,Total,270,value in Thousands,
2012,October,Daman and Diu,Male,171,value in Thousands,
2012,October,Daman and Diu,Female,99,value in Thousands,
2012,October,Dadra and Nagar Haveli,Total,378,value in Thousands,
2012,October,Dadra and Nagar Haveli,Male,215,value in Thousands,
2012,October,Dadra and Nagar Haveli,Female,163,value in Thousands,
2012,October,Chhattisgarh,Total,26187,value in Thousands,
2012,October,Chhattisgarh,Male,13150,value in Thousands,
2012,October,Chhattisgarh,Female,13037,value in Thousands,
2012,October,Chandigarh,Total,1081,value in Thousands,
2012,October,Chandigarh,Male,593,value in Thousands,
2012,October,Chandigarh,Female,488,value in Thousands,
2012,October,Bihar,Total,107290,value in Thousands,
2012,October,Bihar,Male,55923,value in Thousands,
2012,October,Bihar,Female,51367,value in Thousands,
2012,October,Assam,Total,31827,value in Thousands,
2012,October,Assam,Male,16248,value in Thousands,
2012,October,Assam,Female,15579,value in Thousands,
2012,October,Arunachal Pradesh,Total,1406,value in Thousands,
2012,October,Arunachal Pradesh,Male,725,value in Thousands,
2012,October,Arunachal Pradesh,Female,681,value in Thousands,
2012,October,Andhra Pradesh,Total,50145,value in Thousands,
2012,October,Andhra Pradesh,Male,25109,value in Thousands,
2012,October,Andhra Pradesh,Female,25036,value in Thousands,
2012,October,Andaman and Nicobar Islands,Total,384,value in Thousands,
2012,October,Andaman and Nicobar Islands,Male,204,value in Thousands,
2012,October,Andaman and Nicobar Islands,Female,180,value in Thousands,
2012,October,All India,Total,1236220,value in Thousands,
2012,October,All India,Male,636206,value in Thousands,
2012,October,All India,Female,600014,value in Thousands,
2012,March,West Bengal,Total,92037,value in Thousands,
2012,March,West Bengal,Male,47178,value in Thousands,
2012,March,West Bengal,Female,44858,value in Thousands,
2012,March,Uttarakhand,Total,10220,value in Thousands,
2012,March,Uttarakhand,Male,5209,value in Thousands,
2012,March,Uttarakhand,Female,5010,value in Thousands,
2012,March,Uttar Pradesh,Total,203067,value in Thousands,
2012,March,Uttar Pradesh,Male,106146,value in Thousands,
2012,March,Uttar Pradesh,Female,96921,value in Thousands,
2012,March,Tripura,Total,3714,value in Thousands,
2012,March,Tripura,Male,1894,value in Thousands,
2012,March,Tripura,Female,1820,value in Thousands,
2012,March,Telangana,Total,35295,value in Thousands,
2012,March,Telangana,Male,17758,value in Thousands,
2012,March,Telangana,Female,17537,value in Thousands,
2012,March,Tamil Nadu,Total,72645,value in Thousands,
2012,March,Tamil Nadu,Male,36379,value in Thousands,
2012,March,Tamil Nadu,Female,36266,value in Thousands,
2012,March,Sikkim,Total,617,value in Thousands,
2012,March,Sikkim,Male,327,value in Thousands,
2012,March,Sikkim,Female,291,value in Thousands,
2012,March,Rajasthan,Total,69687,value in Thousands,
2012,March,Rajasthan,Male,36111,value in Thousands,
2012,March,Rajasthan,Female,33576,value in Thousands,
2012,March,Punjab,Total,28023,value in Thousands,
2012,March,Punjab,Male,14781,value in Thousands,
2012,March,Punjab,Female,13242,value in Thousands,
2012,March,Puducherry,Total,1279,value in Thousands,
2012,March,Puducherry,Male,626,value in Thousands,
2012,March,Puducherry,Female,653,value in Thousands,
2012,March,Odisha,Total,42373,value in Thousands,
2012,March,Odisha,Male,21406,value in Thousands,
2012,March,Odisha,Female,20967,value in Thousands,
2012,March,Nagaland,Total,2000,value in Thousands,
2012,March,Nagaland,Male,1036,value in Thousands,
2012,March,Nagaland,Female,965,value in Thousands,
2012,March,Mizoram,Total,1109,value in Thousands,
2012,March,Mizoram,Male,561,value in Thousands,
2012,March,Mizoram,Female,548,value in Thousands,
2012,March,Meghalaya,Total,2999,value in Thousands,
2012,March,Meghalaya,Male,1508,value in Thousands,
2012,March,Meghalaya,Female,1492,value in Thousands,
2012,March,Manipur,Total,2887,value in Thousands,
2012,March,Manipur,Male,1454,value in Thousands,
2012,March,Manipur,Female,1433,value in Thousands,
2012,March,Maharashtra,Total,113645,value in Thousands,
2012,March,Maharashtra,Male,58924,value in Thousands,
2012,March,Maharashtra,Female,54721,value in Thousands,
2012,March,Madhya Pradesh,Total,73863,value in Thousands,
2012,March,Madhya Pradesh,Male,38237,value in Thousands,
2012,March,Madhya Pradesh,Female,35625,value in Thousands,
2012,March,Lakshadweep,Total,65,value in Thousands,
2012,March,Lakshadweep,Male,33,value in Thousands,
2012,March,Lakshadweep,Female,32,value in Thousands,
2012,March,Ladakh,Total,277,value in Thousands,
2012,March,Ladakh,Male,158,value in Thousands,
2012,March,Ladakh,Female,119,value in Thousands,
2012,March,Kerala,Total,33641,value in Thousands,
2012,March,Kerala,Male,16141,value in Thousands,
2012,March,Kerala,Female,17500,value in Thousands,
2012,March,Karnataka,Total,61722,value in Thousands,
2012,March,Karnataka,Male,31287,value in Thousands,
2012,March,Karnataka,Female,30435,value in Thousands,
2012,March,Jharkhand,Total,33551,value in Thousands,
2012,March,Jharkhand,Male,17216,value in Thousands,
2012,March,Jharkhand,Female,16334,value in Thousands,
2012,March,Jammu and Kashmir,Total,12393,value in Thousands,
2012,March,Jammu and Kashmir,Male,6545,value in Thousands,
2012,March,Jammu and Kashmir,Female,5848,value in Thousands,
2012,March,Himachal Pradesh,Total,6923,value in Thousands,
2012,March,Himachal Pradesh,Male,3512,value in Thousands,
2012,March,Himachal Pradesh,Female,3412,value in Thousands,
2012,March,Haryana,Total,25772,value in Thousands,
2012,March,Haryana,Male,13713,value in Thousands,
2012,March,Haryana,Female,12059,value in Thousands,
2012,March,Gujarat,Total,61383,value in Thousands,
2012,March,Gujarat,Male,32007,value in Thousands,
2012,March,Gujarat,Female,29376,value in Thousands,
2012,March,Goa,Total,1469,value in Thousands,
2012,March,Goa,Male,744,value in Thousands,
2012,March,Goa,Female,725,value in Thousands,
2012,March,Delhi,Total,17166,value in Thousands,
2012,March,Delhi,Male,9186,value in Thousands,
2012,March,Delhi,Female,7980,value in Thousands,
2012,March,Daman and Diu,Total,260,value in Thousands,
2012,March,Daman and Diu,Male,164,value in Thousands,
2012,March,Daman and Diu,Female,97,value in Thousands,
2012,March,Dadra and Nagar Haveli,Total,365,value in Thousands,
2012,March,Dadra and Nagar Haveli,Male,207,value in Thousands,
2012,March,Dadra and Nagar Haveli,Female,158,value in Thousands,
2012,March,Chhattisgarh,Total,25950,value in Thousands,
2012,March,Chhattisgarh,Male,13033,value in Thousands,
2012,March,Chhattisgarh,Female,12917,value in Thousands,
2012,March,Chandigarh,Total,1072,value in Thousands,
2012,March,Chandigarh,Male,589,value in Thousands,
2012,March,Chandigarh,Female,483,value in Thousands,
2012,March,Bihar,Total,106115,value in Thousands,
2012,March,Bihar,Male,55317,value in Thousands,
2012,March,Bihar,Female,50798,value in Thousands,
2012,March,Assam,Total,31598,value in Thousands,
2012,March,Assam,Male,16135,value in Thousands,
2012,March,Assam,Female,15464,value in Thousands,
2012,March,Arunachal Pradesh,Total,1399,value in Thousands,
2012,March,Arunachal Pradesh,Male,722,value in Thousands,
2012,March,Arunachal Pradesh,Female,677,value in Thousands,
2012,March,Andhra Pradesh,Total,49936,value in Thousands,
2012,March,Andhra Pradesh,Male,25006,value in Thousands,
2012,March,Andhra Pradesh,Female,24929,value in Thousands,
2012,March,Andaman and Nicobar Islands,Total,383,value in Thousands,
2012,March,Andaman and Nicobar Islands,Male,204,value in Thousands,
2012,March,Andaman and Nicobar Islands,Female,179,value in Thousands,
2012,March,All India,Total,1226901,value in Thousands,
2012,March,All India,Male,631454,value in Thousands,
2012,March,All India,Female,595447,value in Thousands,
2012,July,West Bengal,Total,92290,value in Thousands,
2012,July,West Bengal,Male,47301,value in Thousands,
2012,July,West Bengal,Female,44989,value in Thousands,
2012,July,Uttarakhand,Total,10265,value in Thousands,
2012,July,Uttarakhand,Male,5233,value in Thousands,
2012,July,Uttarakhand,Female,5031,value in Thousands,
2012,July,Uttar Pradesh,Total,204152,value in Thousands,
2012,July,Uttar Pradesh,Male,106701,value in Thousands,
2012,July,Uttar Pradesh,Female,97451,value in Thousands,
2012,July,Tripura,Total,3724,value in Thousands,
2012,July,Tripura,Male,1899,value in Thousands,
2012,July,Tripura,Female,1825,value in Thousands,
2012,July,Telangana,Total,35368,value in Thousands,
2012,July,Telangana,Male,17795,value in Thousands,
2012,July,Telangana,Female,17573,value in Thousands,
2012,July,Tamil Nadu,Total,72811,value in Thousands,
2012,July,Tamil Nadu,Male,36459,value in Thousands,
2012,July,Tamil Nadu,Female,36352,value in Thousands,
2012,July,Sikkim,Total,619,value in Thousands,
2012,July,Sikkim,Male,327,value in Thousands,
2012,July,Sikkim,Female,292,value in Thousands,
2012,July,Rajasthan,Total,70066,value in Thousands,
2012,July,Rajasthan,Male,36297,value in Thousands,
2012,July,Rajasthan,Female,33769,value in Thousands,
2012,July,Punjab,Total,28116,value in Thousands,
2012,July,Punjab,Male,14828,value in Thousands,
2012,July,Punjab,Female,13288,value in Thousands,
2012,July,Puducherry,Total,1289,value in Thousands,
2012,July,Puducherry,Male,631,value in Thousands,
2012,July,Puducherry,Female,658,value in Thousands,
2012,July,Odisha,Total,42505,value in Thousands,
2012,July,Odisha,Male,21470,value in Thousands,
2012,July,Odisha,Female,21035,value in Thousands,
2012,July,Nagaland,Total,2005,value in Thousands,
2012,July,Nagaland,Male,1038,value in Thousands,
2012,July,Nagaland,Female,967,value in Thousands,
2012,July,Mizoram,Total,1112,value in Thousands,
2012,July,Mizoram,Male,563,value in Thousands,
2012,July,Mizoram,Female,549,value in Thousands,
2012,July,Meghalaya,Total,3007,value in Thousands,
2012,July,Meghalaya,Male,1512,value in Thousands,
2012,July,Meghalaya,Female,1496,value in Thousands,
2012,July,Manipur,Total,2895,value in Thousands,
2012,July,Manipur,Male,1458,value in Thousands,
2012,July,Manipur,Female,1437,value in Thousands,
2012,July,Maharashtra,Total,114068,value in Thousands,
2012,July,Maharashtra,Male,59151,value in Thousands,
2012,July,Maharashtra,Female,54917,value in Thousands,
2012,July,Madhya Pradesh,Total,74275,value in Thousands,
2012,July,Madhya Pradesh,Male,38446,value in Thousands,
2012,July,Madhya Pradesh,Female,35829,value in Thousands,
2012,July,Lakshadweep,Total,65,value in Thousands,
2012,July,Lakshadweep,Male,33,value in Thousands,
2012,July,Lakshadweep,Female,32,value in Thousands,
2012,July,Ladakh,Total,278,value in Thousands,
2012,July,Ladakh,Male,158,value in Thousands,
2012,July,Ladakh,Female,119,value in Thousands,
2012,July,Kerala,Total,33719,value in Thousands,
2012,July,Kerala,Male,16179,value in Thousands,
2012,July,Kerala,Female,17540,value in Thousands,
2012,July,Karnataka,Total,61931,value in Thousands,
2012,July,Karnataka,Male,31394,value in Thousands,
2012,July,Karnataka,Female,30537,value in Thousands,
2012,July,Jharkhand,Total,33738,value in Thousands,
2012,July,Jharkhand,Male,17312,value in Thousands,
2012,July,Jharkhand,Female,16426,value in Thousands,
2012,July,Jammu and Kashmir,Total,12435,value in Thousands,
2012,July,Jammu and Kashmir,Male,6565,value in Thousands,
2012,July,Jammu and Kashmir,Female,5870,value in Thousands,
2012,July,Himachal Pradesh,Total,6943,value in Thousands,
2012,July,Himachal Pradesh,Male,3522,value in Thousands,
2012,July,Himachal Pradesh,Female,3421,value in Thousands,
2012,July,Haryana,Total,25912,value in Thousands,
2012,July,Haryana,Male,13785,value in Thousands,
2012,July,Haryana,Female,12127,value in Thousands,
2012,July,Gujarat,Total,61698,value in Thousands,
2012,July,Gujarat,Male,32179,value in Thousands,
2012,July,Gujarat,Female,29519,value in Thousands,
2012,July,Goa,Total,1473,value in Thousands,
2012,July,Goa,Male,746,value in Thousands,
2012,July,Goa,Female,727,value in Thousands,
2012,July,Delhi,Total,17292,value in Thousands,
2012,July,Delhi,Male,9252,value in Thousands,
2012,July,Delhi,Female,8040,value in Thousands,
2012,July,Daman and Diu,Total,266,value in Thousands,
2012,July,Daman and Diu,Male,168,value in Thousands,
2012,July,Daman and Diu,Female,98,value in Thousands,
2012,July,Dadra and Nagar Haveli,Total,373,value in Thousands,
2012,July,Dadra and Nagar Haveli,Male,212,value in Thousands,
2012,July,Dadra and Nagar Haveli,Female,161,value in Thousands,
2012,July,Chhattisgarh,Total,26086,value in Thousands,
2012,July,Chhattisgarh,Male,13100,value in Thousands,
2012,July,Chhattisgarh,Female,12986,value in Thousands,
2012,July,Chandigarh,Total,1077,value in Thousands,
2012,July,Chandigarh,Male,591,value in Thousands,
2012,July,Chandigarh,Female,486,value in Thousands,
2012,July,Bihar,Total,106787,value in Thousands,
2012,July,Bihar,Male,55663,value in Thousands,
2012,July,Bihar,Female,51123,value in Thousands,
2012,July,Assam,Total,31729,value in Thousands,
2012,July,Assam,Male,16200,value in Thousands,
2012,July,Assam,Female,15529,value in Thousands,
2012,July,Arunachal Pradesh,Total,1403,value in Thousands,
2012,July,Arunachal Pradesh,Male,723,value in Thousands,
2012,July,Arunachal Pradesh,Female,679,value in Thousands,
2012,July,Andhra Pradesh,Total,50056,value in Thousands,
2012,July,Andhra Pradesh,Male,25065,value in Thousands,
2012,July,Andhra Pradesh,Female,24990,value in Thousands,
2012,July,Andaman and Nicobar Islands,Total,384,value in Thousands,
2012,July,Andaman and Nicobar Islands,Male,204,value in Thousands,
2012,July,Andaman and Nicobar Islands,Female,179,value in Thousands,
2012,July,All India,Total,1232207,value in Thousands,
2012,July,All India,Male,634160,value in Thousands,
2012,July,All India,Female,598047,value in Thousands,
2011,October,West Bengal,Total,91720,value in Thousands,
2011,October,West Bengal,Male,47024,value in Thousands,
2011,October,West Bengal,Female,44695,value in Thousands,
2011,October,Uttarakhand,Total,10164,value in Thousands,
2011,October,Uttarakhand,Male,5180,value in Thousands,
2011,October,Uttarakhand,Female,4985,value in Thousands,
2011,October,Uttar Pradesh,Total,201711,value in Thousands,
2011,October,Uttar Pradesh,Male,105452,value in Thousands,
2011,October,Uttar Pradesh,Female,96259,value in Thousands,
2011,October,Tripura,Total,3694,value in Thousands,
2011,October,Tripura,Male,1884,value in Thousands,
2011,October,Tripura,Female,1810,value in Thousands,
2011,October,Telangana,Total,35149,value in Thousands,
2011,October,Telangana,Male,17685,value in Thousands,
2011,October,Telangana,Female,17464,value in Thousands,
2011,October,Tamil Nadu,Total,72437,value in Thousands,
2011,October,Tamil Nadu,Male,36278,value in Thousands,
2011,October,Tamil Nadu,Female,36159,value in Thousands,
2011,October,Sikkim,Total,614,value in Thousands,
2011,October,Sikkim,Male,325,value in Thousands,
2011,October,Sikkim,Female,289,value in Thousands,
2011,October,Rajasthan,Total,69212,value in Thousands,
2011,October,Rajasthan,Male,35878,value in Thousands,
2011,October,Rajasthan,Female,33335,value in Thousands,
2011,October,Punjab,Total,27906,value in Thousands,
2011,October,Punjab,Male,14722,value in Thousands,
2011,October,Punjab,Female,13184,value in Thousands,
2011,October,Puducherry,Total,1266,value in Thousands,
2011,October,Puducherry,Male,620,value in Thousands,
2011,October,Puducherry,Female,645,value in Thousands,
2011,October,Odisha,Total,42207,value in Thousands,
2011,October,Odisha,Male,21325,value in Thousands,
2011,October,Odisha,Female,20882,value in Thousands,
2011,October,Nagaland,Total,1989,value in Thousands,
2011,October,Nagaland,Male,1030,value in Thousands,
2011,October,Nagaland,Female,959,value in Thousands,
2011,October,Mizoram,Total,1103,value in Thousands,
2011,October,Mizoram,Male,558,value in Thousands,
2011,October,Mizoram,Female,545,value in Thousands,
2011,October,Meghalaya,Total,2983,value in Thousands,
2011,October,Meghalaya,Male,1500,value in Thousands,
2011,October,Meghalaya,Female,1483,value in Thousands,
2011,October,Manipur,Total,2871,value in Thousands,
2011,October,Manipur,Male,1446,value in Thousands,
2011,October,Manipur,Female,1425,value in Thousands,
2011,October,Maharashtra,Total,113115,value in Thousands,
2011,October,Maharashtra,Male,58640,value in Thousands,
2011,October,Maharashtra,Female,54475,value in Thousands,
2011,October,Madhya Pradesh,Total,73348,value in Thousands,
2011,October,Madhya Pradesh,Male,37977,value in Thousands,
2011,October,Madhya Pradesh,Female,35371,value in Thousands,
2011,October,Lakshadweep,Total,65,value in Thousands,
2011,October,Lakshadweep,Male,33,value in Thousands,
2011,October,Lakshadweep,Female,31,value in Thousands,
2011,October,Ladakh,Total,276,value in Thousands,
2011,October,Ladakh,Male,157,value in Thousands,
2011,October,Ladakh,Female,118,value in Thousands,
2011,October,Kerala,Total,33543,value in Thousands,
2011,October,Kerala,Male,16094,value in Thousands,
2011,October,Kerala,Female,17449,value in Thousands,
2011,October,Karnataka,Total,61461,value in Thousands,
2011,October,Karnataka,Male,31153,value in Thousands,
2011,October,Karnataka,Female,30307,value in Thousands,
2011,October,Jharkhand,Total,33316,value in Thousands,
2011,October,Jharkhand,Male,17097,value in Thousands,
2011,October,Jharkhand,Female,16219,value in Thousands,
2011,October,Jammu and Kashmir,Total,12340,value in Thousands,
2011,October,Jammu and Kashmir,Male,6519,value in Thousands,
2011,October,Jammu and Kashmir,Female,5821,value in Thousands,
2011,October,Himachal Pradesh,Total,6899,value in Thousands,
2011,October,Himachal Pradesh,Male,3499,value in Thousands,
2011,October,Himachal Pradesh,Female,3400,value in Thousands,
2011,October,Haryana,Total,25597,value in Thousands,
2011,October,Haryana,Male,13622,value in Thousands,
2011,October,Haryana,Female,11975,value in Thousands,
2011,October,Gujarat,Total,60990,value in Thousands,
2011,October,Gujarat,Male,31792,value in Thousands,
2011,October,Gujarat,Female,29198,value in Thousands,
2011,October,Goa,Total,1465,value in Thousands,
2011,October,Goa,Male,742,value in Thousands,
2011,October,Goa,Female,723,value in Thousands,
2011,October,Delhi,Total,17008,value in Thousands,
2011,October,Delhi,Male,9103,value in Thousands,
2011,October,Delhi,Female,7905,value in Thousands,
2011,October,Daman and Diu,Total,253,value in Thousands,
2011,October,Daman and Diu,Male,158,value in Thousands,
2011,October,Daman and Diu,Female,95,value in Thousands,
2011,October,Dadra and Nagar Haveli,Total,356,value in Thousands,
2011,October,Dadra and Nagar Haveli,Male,202,value in Thousands,
2011,October,Dadra and Nagar Haveli,Female,155,value in Thousands,
2011,October,Chhattisgarh,Total,25782,value in Thousands,
2011,October,Chhattisgarh,Male,12950,value in Thousands,
2011,October,Chhattisgarh,Female,12832,value in Thousands,
2011,October,Chandigarh,Total,1065,value in Thousands,
2011,October,Chandigarh,Male,585,value in Thousands,
2011,October,Chandigarh,Female,480,value in Thousands,
2011,October,Bihar,Total,105275,value in Thousands,
2011,October,Bihar,Male,54884,value in Thousands,
2011,October,Bihar,Female,50391,value in Thousands,
2011,October,Assam,Total,31435,value in Thousands,
2011,October,Assam,Male,16053,value in Thousands,
2011,October,Assam,Female,15381,value in Thousands,
2011,October,Arunachal Pradesh,Total,1391,value in Thousands,
2011,October,Arunachal Pradesh,Male,718,value in Thousands,
2011,October,Arunachal Pradesh,Female,674,value in Thousands,
2011,October,Andhra Pradesh,Total,49786,value in Thousands,
2011,October,Andhra Pradesh,Male,24933,value in Thousands,
2011,October,Andhra Pradesh,Female,24853,value in Thousands,
2011,October,Andaman and Nicobar Islands,Total,382,value in Thousands,
2011,October,Andaman and Nicobar Islands,Male,203,value in Thousands,
2011,October,Andaman and Nicobar Islands,Female,178,value in Thousands,
2011,October,All India,Total,1220171,value in Thousands,
2011,October,All India,Male,628021,value in Thousands,
2011,October,All India,Female,592150,value in Thousands,
2011,March,West Bengal,Total,91276,value in Thousands,
2011,March,West Bengal,Male,46809,value in Thousands,
2011,March,West Bengal,Female,44467,value in Thousands,
2011,March,Uttarakhand,Total,10086,value in Thousands,
2011,March,Uttarakhand,Male,5138,value in Thousands,
2011,March,Uttarakhand,Female,4949,value in Thousands,
2011,March,Uttar Pradesh,Total,199812,value in Thousands,
2011,March,Uttar Pradesh,Male,104481,value in Thousands,
2011,March,Uttar Pradesh,Female,95331,value in Thousands,
2011,March,Tripura,Total,3674,value in Thousands,
2011,March,Tripura,Male,1874,value in Thousands,
2011,March,Tripura,Female,1800,value in Thousands,
2011,March,Telangana,Total,35004,value in Thousands,
2011,March,Telangana,Male,17612,value in Thousands,
2011,March,Telangana,Female,17392,value in Thousands,
2011,March,Tamil Nadu,Total,72147,value in Thousands,
2011,March,Tamil Nadu,Male,36138,value in Thousands,
2011,March,Tamil Nadu,Female,36009,value in Thousands,
2011,March,Sikkim,Total,611,value in Thousands,
2011,March,Sikkim,Male,323,value in Thousands,
2011,March,Sikkim,Female,288,value in Thousands,
2011,March,Rajasthan,Total,68548,value in Thousands,
2011,March,Rajasthan,Male,35551,value in Thousands,
2011,March,Rajasthan,Female,32997,value in Thousands,
2011,March,Punjab,Total,27743,value in Thousands,
2011,March,Punjab,Male,14639,value in Thousands,
2011,March,Punjab,Female,13104,value in Thousands,
2011,March,Puducherry,Total,1248,value in Thousands,
2011,March,Puducherry,Male,613,value in Thousands,
2011,March,Puducherry,Female,635,value in Thousands,
2011,March,Odisha,Total,41974,value in Thousands,
2011,March,Odisha,Male,21212,value in Thousands,
2011,March,Odisha,Female,20762,value in Thousands,
2011,March,Nagaland,Total,1979,value in Thousands,
2011,March,Nagaland,Male,1025,value in Thousands,
2011,March,Nagaland,Female,954,value in Thousands,
2011,March,Mizoram,Total,1097,value in Thousands,
2011,March,Mizoram,Male,555,value in Thousands,
2011,March,Mizoram,Female,542,value in Thousands,
2011,March,Meghalaya,Total,2967,value in Thousands,
2011,March,Meghalaya,Male,1492,value in Thousands,
2011,March,Meghalaya,Female,1475,value in Thousands,
2011,March,Manipur,Total,2856,value in Thousands,
2011,March,Manipur,Male,1439,value in Thousands,
2011,March,Manipur,Female,1417,value in Thousands,
2011,March,Maharashtra,Total,112374,value in Thousands,
2011,March,Maharashtra,Male,58243,value in Thousands,
2011,March,Maharashtra,Female,54131,value in Thousands,
2011,March,Madhya Pradesh,Total,72627,value in Thousands,
2011,March,Madhya Pradesh,Male,37612,value in Thousands,
2011,March,Madhya Pradesh,Female,35015,value in Thousands,
2011,March,Lakshadweep,Total,64,value in Thousands,
2011,March,Lakshadweep,Male,33,value in Thousands,
2011,March,Lakshadweep,Female,31,value in Thousands,
2011,March,Ladakh,Total,274,value in Thousands,
2011,March,Ladakh,Male,157,value in Thousands,
2011,March,Ladakh,Female,118,value in Thousands,
2011,March,Kerala,Total,33406,value in Thousands,
2011,March,Kerala,Male,16027,value in Thousands,
2011,March,Kerala,Female,17379,value in Thousands,
2011,March,Karnataka,Total,61095,value in Thousands,
2011,March,Karnataka,Male,30967,value in Thousands,
2011,March,Karnataka,Female,30129,value in Thousands,
2011,March,Jharkhand,Total,32988,value in Thousands,
2011,March,Jharkhand,Male,16930,value in Thousands,
2011,March,Jharkhand,Female,16058,value in Thousands,
2011,March,Jammu and Kashmir,Total,12267,value in Thousands,
2011,March,Jammu and Kashmir,Male,6484,value in Thousands,
2011,March,Jammu and Kashmir,Female,5783,value in Thousands,
2011,March,Himachal Pradesh,Total,6865,value in Thousands,
2011,March,Himachal Pradesh,Male,3482,value in Thousands,
2011,March,Himachal Pradesh,Female,3383,value in Thousands,
2011,March,Haryana,Total,25351,value in Thousands,
2011,March,Haryana,Male,13495,value in Thousands,
2011,March,Haryana,Female,11857,value in Thousands,
2011,March,Gujarat,Total,60440,value in Thousands,
2011,March,Gujarat,Male,31491,value in Thousands,
2011,March,Gujarat,Female,28948,value in Thousands,
2011,March,Goa,Total,1459,value in Thousands,
2011,March,Goa,Male,739,value in Thousands,
2011,March,Goa,Female,719,value in Thousands,
2011,March,Delhi,Total,16788,value in Thousands,
2011,March,Delhi,Male,8987,value in Thousands,
2011,March,Delhi,Female,7801,value in Thousands,
2011,March,Daman and Diu,Total,243,value in Thousands,
2011,March,Daman and Diu,Male,150,value in Thousands,
2011,March,Daman and Diu,Female,93,value in Thousands,
2011,March,Dadra and Nagar Haveli,Total,344,value in Thousands,
2011,March,Dadra and Nagar Haveli,Male,194,value in Thousands,
2011,March,Dadra and Nagar Haveli,Female,150,value in Thousands,
2011,March,Chhattisgarh,Total,25545,value in Thousands,
2011,March,Chhattisgarh,Male,12833,value in Thousands,
2011,March,Chhattisgarh,Female,12712,value in Thousands,
2011,March,Chandigarh,Total,1055,value in Thousands,
2011,March,Chandigarh,Male,581,value in Thousands,
2011,March,Chandigarh,Female,475,value in Thousands,
2011,March,Bihar,Total,104099,value in Thousands,
2011,March,Bihar,Male,54278,value in Thousands,
2011,March,Bihar,Female,49821,value in Thousands,
2011,March,Assam,Total,31206,value in Thousands,
2011,March,Assam,Male,15939,value in Thousands,
2011,March,Assam,Female,15266,value in Thousands,
2011,March,Arunachal Pradesh,Total,1384,value in Thousands,
2011,March,Arunachal Pradesh,Male,714,value in Thousands,
2011,March,Arunachal Pradesh,Female,670,value in Thousands,
2011,March,Andhra Pradesh,Total,49577,value in Thousands,
2011,March,Andhra Pradesh,Male,24831,value in Thousands,
2011,March,Andhra Pradesh,Female,24747,value in Thousands,
2011,March,Andaman and Nicobar Islands,Total,381,value in Thousands,
2011,March,Andaman and Nicobar Islands,Male,203,value in Thousands,
2011,March,Andaman and Nicobar Islands,Female,178,value in Thousands,
2011,March,All India,Total,1210855,value in Thousands,
2011,March,All India,Male,623270,value in Thousands,
2011,March,All India,Female,587585,value in Thousands,
2011,July,West Bengal,Total,91530,value in Thousands,
2011,July,West Bengal,Male,46932,value in Thousands,
2011,July,West Bengal,Female,44597,value in Thousands,
2011,July,Uttarakhand,Total,10131,value in Thousands,
2011,July,Uttarakhand,Male,5162,value in Thousands,
2011,July,Uttarakhand,Female,4969,value in Thousands,
2011,July,Uttar Pradesh,Total,200897,value in Thousands,
2011,July,Uttar Pradesh,Male,105036,value in Thousands,
2011,July,Uttar Pradesh,Female,95862,value in Thousands,
2011,July,Tripura,Total,3684,value in Thousands,
2011,July,Tripura,Male,1879,value in Thousands,
2011,July,Tripura,Female,1805,value in Thousands,
2011,July,Telangana,Total,35077,value in Thousands,
2011,July,Telangana,Male,17648,value in Thousands,
2011,July,Telangana,Female,17428,value in Thousands,
2011,July,Tamil Nadu,Total,72313,value in Thousands,
2011,July,Tamil Nadu,Male,36218,value in Thousands,
2011,July,Tamil Nadu,Female,36095,value in Thousands,
2011,July,Sikkim,Total,612,value in Thousands,
2011,July,Sikkim,Male,324,value in Thousands,
2011,July,Sikkim,Female,288,value in Thousands,
2011,July,Rajasthan,Total,68928,value in Thousands,
2011,July,Rajasthan,Male,35738,value in Thousands,
2011,July,Rajasthan,Female,33190,value in Thousands,
2011,July,Punjab,Total,27836,value in Thousands,
2011,July,Punjab,Male,14687,value in Thousands,
2011,July,Punjab,Female,13150,value in Thousands,
2011,July,Puducherry,Total,1258,value in Thousands,
2011,July,Puducherry,Male,617,value in Thousands,
2011,July,Puducherry,Female,641,value in Thousands,
2011,July,Odisha,Total,42107,value in Thousands,
2011,July,Odisha,Male,21277,value in Thousands,
2011,July,Odisha,Female,20830,value in Thousands,
2011,July,Nagaland,Total,1984,value in Thousands,
2011,July,Nagaland,Male,1027,value in Thousands,
2011,July,Nagaland,Female,957,value in Thousands,
2011,July,Mizoram,Total,1100,value in Thousands,
2011,July,Mizoram,Male,557,value in Thousands,
2011,July,Mizoram,Female,543,value in Thousands,
2011,July,Meghalaya,Total,2975,value in Thousands,
2011,July,Meghalaya,Male,1496,value in Thousands,
2011,July,Meghalaya,Female,1479,value in Thousands,
2011,July,Manipur,Total,2864,value in Thousands,
2011,July,Manipur,Male,1442,value in Thousands,
2011,July,Manipur,Female,1421,value in Thousands,
2011,July,Maharashtra,Total,112798,value in Thousands,
2011,July,Maharashtra,Male,58470,value in Thousands,
2011,July,Maharashtra,Female,54328,value in Thousands,
2011,July,Madhya Pradesh,Total,73039,value in Thousands,
2011,July,Madhya Pradesh,Male,37821,value in Thousands,
2011,July,Madhya Pradesh,Female,35218,value in Thousands,
2011,July,Lakshadweep,Total,65,value in Thousands,
2011,July,Lakshadweep,Male,33,value in Thousands,
2011,July,Lakshadweep,Female,31,value in Thousands,
2011,July,Ladakh,Total,275,value in Thousands,
2011,July,Ladakh,Male,157,value in Thousands,
2011,July,Ladakh,Female,118,value in Thousands,
2011,July,Kerala,Total,33484,value in Thousands,
2011,July,Kerala,Male,16065,value in Thousands,
2011,July,Kerala,Female,17419,value in Thousands,
2011,July,Karnataka,Total,61304,value in Thousands,
2011,July,Karnataka,Male,31073,value in Thousands,
2011,July,Karnataka,Female,30231,value in Thousands,
2011,July,Jharkhand,Total,33176,value in Thousands,
2011,July,Jharkhand,Male,17026,value in Thousands,
2011,July,Jharkhand,Female,16150,value in Thousands,
2011,July,Jammu and Kashmir,Total,12309,value in Thousands,
2011,July,Jammu and Kashmir,Male,6504,value in Thousands,
2011,July,Jammu and Kashmir,Female,5805,value in Thousands,
2011,July,Himachal Pradesh,Total,6884,value in Thousands,
2011,July,Himachal Pradesh,Male,3492,value in Thousands,
2011,July,Himachal Pradesh,Female,3392,value in Thousands,
2011,July,Haryana,Total,25492,value in Thousands,
2011,July,Haryana,Male,13567,value in Thousands,
2011,July,Haryana,Female,11924,value in Thousands,
2011,July,Gujarat,Total,60754,value in Thousands,
2011,July,Gujarat,Male,31663,value in Thousands,
2011,July,Gujarat,Female,29091,value in Thousands,
2011,July,Goa,Total,1462,value in Thousands,
2011,July,Goa,Male,741,value in Thousands,
2011,July,Goa,Female,721,value in Thousands,
2011,July,Delhi,Total,16914,value in Thousands,
2011,July,Delhi,Male,9054,value in Thousands,
2011,July,Delhi,Female,7860,value in Thousands,
2011,July,Daman and Diu,Total,249,value in Thousands,
2011,July,Daman and Diu,Male,155,value in Thousands,
2011,July,Daman and Diu,Female,94,value in Thousands,
2011,July,Dadra and Nagar Haveli,Total,351,value in Thousands,
2011,July,Dadra and Nagar Haveli,Male,198,value in Thousands,
2011,July,Dadra and Nagar Haveli,Female,153,value in Thousands,
2011,July,Chhattisgarh,Total,25680,value in Thousands,
2011,July,Chhattisgarh,Male,12900,value in Thousands,
2011,July,Chhattisgarh,Female,12781,value in Thousands,
2011,July,Chandigarh,Total,1061,value in Thousands,
2011,July,Chandigarh,Male,583,value in Thousands,
2011,July,Chandigarh,Female,478,value in Thousands,
2011,July,Bihar,Total,104771,value in Thousands,
2011,July,Bihar,Male,54624,value in Thousands,
2011,July,Bihar,Female,50147,value in Thousands,
2011,July,Assam,Total,31336,value in Thousands,
2011,July,Assam,Male,16004,value in Thousands,
2011,July,Assam,Female,15332,value in Thousands,
2011,July,Arunachal Pradesh,Total,1388,value in Thousands,
2011,July,Arunachal Pradesh,Male,716,value in Thousands,
2011,July,Arunachal Pradesh,Female,672,value in Thousands,
2011,July,Andhra Pradesh,Total,49697,value in Thousands,
2011,July,Andhra Pradesh,Male,24889,value in Thousands,
2011,July,Andhra Pradesh,Female,24808,value in Thousands,
2011,July,Andaman and Nicobar Islands,Total,381,value in Thousands,
2011,July,Andaman and Nicobar Islands,Male,203,value in Thousands,
2011,July,Andaman and Nicobar Islands,Female,178,value in Thousands,
2011,July,All India,Total,1216164,value in Thousands,
2011,July,All India,Male,625978,value in Thousands,
2011,July,All India,Female,590186,value in Thousands,
