fiscal_year,state,area_type,gender,unemployment_rate,units,notes
2023-24,All India,Rural,Male,27,unemployment_rate per 1000 people,
2023-24,All India,Rural,Female,21,unemployment_rate per 1000 people,
2023-24,All India,Rural,Overall,25,unemployment_rate per 1000 people,
2023-24,All India,Urban,Male,44,unemployment_rate per 1000 people,
2023-24,All India,Urban,Female,71,unemployment_rate per 1000 people,
2023-24,All India,Urban,Overall,51,unemployment_rate per 1000 people,
2023-24,Andaman and Nicobar Islands,Rural,Male,69,unemployment_rate per 1000 people,
2023-24,Andaman and Nicobar Islands,Rural,Female,166,unemployment_rate per 1000 people,
2023-24,Andaman and Nicobar Islands,Rural,Overall,106,unemployment_rate per 1000 people,
2023-24,Andaman and Nicobar Islands,Urban,Male,70,unemployment_rate per 1000 people,
2023-24,Andaman and Nicobar Islands,Urban,Female,286,unemployment_rate per 1000 people,
2023-24,Andaman and Nicobar Islands,Urban,Overall,135,unemployment_rate per 1000 people,
2023-24,Andhra Pradesh,Rural,Male,38,unemployment_rate per 1000 people,
2023-24,Andhra Pradesh,Rural,Female,29,unemployment_rate per 1000 people,
2023-24,Andhra Pradesh,Rural,Overall,34,unemployment_rate per 1000 people,
2023-24,Andhra Pradesh,Urban,Male,55,unemployment_rate per 1000 people,
2023-24,Andhra Pradesh,Urban,Female,69,unemployment_rate per 1000 people,
2023-24,Andhra Pradesh,Urban,Overall,59,unemployment_rate per 1000 people,
2023-24,Arunachal Pradesh,Rural,Male,54,unemployment_rate per 1000 people,
2023-24,Arunachal Pradesh,Rural,Female,46,unemployment_rate per 1000 people,
2023-24,Arunachal Pradesh,Rural,Overall,50,unemployment_rate per 1000 people,
2023-24,Arunachal Pradesh,Urban,Male,94,unemployment_rate per 1000 people,
2023-24,Arunachal Pradesh,Urban,Female,181,unemployment_rate per 1000 people,
2023-24,Arunachal Pradesh,Urban,Overall,128,unemployment_rate per 1000 people,
2023-24,Assam,Rural,Male,36,unemployment_rate per 1000 people,
2023-24,Assam,Rural,Female,35,unemployment_rate per 1000 people,
2023-24,Assam,Rural,Overall,35,unemployment_rate per 1000 people,
2023-24,Assam,Urban,Male,57,unemployment_rate per 1000 people,
2023-24,Assam,Urban,Female,118,unemployment_rate per 1000 people,
2023-24,Assam,Urban,Overall,74,unemployment_rate per 1000 people,
2023-24,Bihar,Rural,Male,33,unemployment_rate per 1000 people,
2023-24,Bihar,Rural,Female,9,unemployment_rate per 1000 people,
2023-24,Bihar,Rural,Overall,26,unemployment_rate per 1000 people,
2023-24,Bihar,Urban,Male,69,unemployment_rate per 1000 people,
2023-24,Bihar,Urban,Female,91,unemployment_rate per 1000 people,
2023-24,Bihar,Urban,Overall,73,unemployment_rate per 1000 people,
2023-24,Chandigarh,Rural,Male,,unemployment_rate per 1000 people,
2023-24,Chandigarh,Rural,Female,,unemployment_rate per 1000 people,
2023-24,Chandigarh,Rural,Overall,,unemployment_rate per 1000 people,
2023-24,Chandigarh,Urban,Male,39,unemployment_rate per 1000 people,
2023-24,Chandigarh,Urban,Female,153,unemployment_rate per 1000 people,
2023-24,Chandigarh,Urban,Overall,71,unemployment_rate per 1000 people,
2023-24,Chhattisgarh,Rural,Male,16,unemployment_rate per 1000 people,
2023-24,Chhattisgarh,Rural,Female,13,unemployment_rate per 1000 people,
2023-24,Chhattisgarh,Rural,Overall,15,unemployment_rate per 1000 people,
2023-24,Chhattisgarh,Urban,Male,65,unemployment_rate per 1000 people,
2023-24,Chhattisgarh,Urban,Female,106,unemployment_rate per 1000 people,
2023-24,Chhattisgarh,Urban,Overall,76,unemployment_rate per 1000 people,
2023-24,Dadra and Nagar Haveli,Rural,Male,42,unemployment_rate per 1000 people,
2023-24,Dadra and Nagar Haveli,Rural,Female,0,unemployment_rate per 1000 people,
2023-24,Dadra and Nagar Haveli,Rural,Overall,23,unemployment_rate per 1000 people,
2023-24,Dadra and Nagar Haveli,Urban,Male,20,unemployment_rate per 1000 people,
2023-24,Dadra and Nagar Haveli,Urban,Female,38,unemployment_rate per 1000 people,
2023-24,Dadra and Nagar Haveli,Urban,Overall,23,unemployment_rate per 1000 people,
2023-24,Daman and Diu,Rural,Male,,unemployment_rate per 1000 people,
2023-24,Daman and Diu,Rural,Female,,unemployment_rate per 1000 people,
2023-24,Daman and Diu,Rural,Overall,,unemployment_rate per 1000 people,
2023-24,Daman and Diu,Urban,Male,,unemployment_rate per 1000 people,
2023-24,Daman and Diu,Urban,Female,,unemployment_rate per 1000 people,
2023-24,Daman and Diu,Urban,Overall,,unemployment_rate per 1000 people,
2023-24,Delhi,Rural,Male,36,unemployment_rate per 1000 people,
2023-24,Delhi,Rural,Female,195,unemployment_rate per 1000 people,
2023-24,Delhi,Rural,Overall,60,unemployment_rate per 1000 people,
2023-24,Delhi,Urban,Male,22,unemployment_rate per 1000 people,
2023-24,Delhi,Urban,Female,11,unemployment_rate per 1000 people,
2023-24,Delhi,Urban,Overall,20,unemployment_rate per 1000 people,
2023-24,Goa,Rural,Male,71,unemployment_rate per 1000 people,
2023-24,Goa,Rural,Female,138,unemployment_rate per 1000 people,
2023-24,Goa,Rural,Overall,89,unemployment_rate per 1000 people,
2023-24,Goa,Urban,Male,38,unemployment_rate per 1000 people,
2023-24,Goa,Urban,Female,186,unemployment_rate per 1000 people,
2023-24,Goa,Urban,Overall,82,unemployment_rate per 1000 people,
2023-24,Gujarat,Rural,Male,5,unemployment_rate per 1000 people,
2023-24,Gujarat,Rural,Female,2,unemployment_rate per 1000 people,
2023-24,Gujarat,Rural,Overall,4,unemployment_rate per 1000 people,
2023-24,Gujarat,Urban,Male,20,unemployment_rate per 1000 people,
2023-24,Gujarat,Urban,Female,33,unemployment_rate per 1000 people,
2023-24,Gujarat,Urban,Overall,23,unemployment_rate per 1000 people,
2023-24,Haryana,Rural,Male,36,unemployment_rate per 1000 people,
2023-24,Haryana,Rural,Female,17,unemployment_rate per 1000 people,
2023-24,Haryana,Rural,Overall,31,unemployment_rate per 1000 people,
2023-24,Haryana,Urban,Male,41,unemployment_rate per 1000 people,
2023-24,Haryana,Urban,Female,33,unemployment_rate per 1000 people,
2023-24,Haryana,Urban,Overall,40,unemployment_rate per 1000 people,
2023-24,Himachal Pradesh,Rural,Male,32,unemployment_rate per 1000 people,
2023-24,Himachal Pradesh,Rural,Female,70,unemployment_rate per 1000 people,
2023-24,Himachal Pradesh,Rural,Overall,50,unemployment_rate per 1000 people,
2023-24,Himachal Pradesh,Urban,Male,48,unemployment_rate per 1000 people,
2023-24,Himachal Pradesh,Urban,Female,182,unemployment_rate per 1000 people,
2023-24,Himachal Pradesh,Urban,Overall,90,unemployment_rate per 1000 people,
2023-24,Jammu and Kashmir,Rural,Male,35,unemployment_rate per 1000 people,
2023-24,Jammu and Kashmir,Rural,Female,71,unemployment_rate per 1000 people,
2023-24,Jammu and Kashmir,Rural,Overall,50,unemployment_rate per 1000 people,
2023-24,Jammu and Kashmir,Urban,Male,48,unemployment_rate per 1000 people,
2023-24,Jammu and Kashmir,Urban,Female,272,unemployment_rate per 1000 people,
2023-24,Jammu and Kashmir,Urban,Overall,114,unemployment_rate per 1000 people,
2023-24,Jharkhand,Rural,Male,8,unemployment_rate per 1000 people,
2023-24,Jharkhand,Rural,Female,0,unemployment_rate per 1000 people,
2023-24,Jharkhand,Rural,Overall,5,unemployment_rate per 1000 people,
2023-24,Jharkhand,Urban,Male,58,unemployment_rate per 1000 people,
2023-24,Jharkhand,Urban,Female,58,unemployment_rate per 1000 people,
2023-24,Jharkhand,Urban,Overall,58,unemployment_rate per 1000 people,
2023-24,Karnataka,Rural,Male,25,unemployment_rate per 1000 people,
2023-24,Karnataka,Rural,Female,9,unemployment_rate per 1000 people,
2023-24,Karnataka,Rural,Overall,19,unemployment_rate per 1000 people,
2023-24,Karnataka,Urban,Male,41,unemployment_rate per 1000 people,
2023-24,Karnataka,Urban,Female,44,unemployment_rate per 1000 people,
2023-24,Karnataka,Urban,Overall,42,unemployment_rate per 1000 people,
2023-24,Kerala,Rural,Male,46,unemployment_rate per 1000 people,
2023-24,Kerala,Rural,Female,121,unemployment_rate per 1000 people,
2023-24,Kerala,Rural,Overall,76,unemployment_rate per 1000 people,
2023-24,Kerala,Urban,Male,42,unemployment_rate per 1000 people,
2023-24,Kerala,Urban,Female,109,unemployment_rate per 1000 people,
2023-24,Kerala,Urban,Overall,67,unemployment_rate per 1000 people,
2023-24,Ladakh,Rural,Male,20,unemployment_rate per 1000 people,
2023-24,Ladakh,Rural,Female,66,unemployment_rate per 1000 people,
2023-24,Ladakh,Rural,Overall,39,unemployment_rate per 1000 people,
2023-24,Ladakh,Urban,Male,56,unemployment_rate per 1000 people,
2023-24,Ladakh,Urban,Female,344,unemployment_rate per 1000 people,
2023-24,Ladakh,Urban,Overall,134,unemployment_rate per 1000 people,
2023-24,Lakshadweep,Rural,Male,12,unemployment_rate per 1000 people,
2023-24,Lakshadweep,Rural,Female,491,unemployment_rate per 1000 people,
2023-24,Lakshadweep,Rural,Overall,83,unemployment_rate per 1000 people,
2023-24,Lakshadweep,Urban,Male,111,unemployment_rate per 1000 people,
2023-24,Lakshadweep,Urban,Female,272,unemployment_rate per 1000 people,
2023-24,Lakshadweep,Urban,Overall,138,unemployment_rate per 1000 people,
2023-24,Madhya Pradesh,Rural,Male,6,unemployment_rate per 1000 people,
2023-24,Madhya Pradesh,Rural,Female,3,unemployment_rate per 1000 people,
2023-24,Madhya Pradesh,Rural,Overall,5,unemployment_rate per 1000 people,
2023-24,Madhya Pradesh,Urban,Male,29,unemployment_rate per 1000 people,
2023-24,Madhya Pradesh,Urban,Female,26,unemployment_rate per 1000 people,
2023-24,Madhya Pradesh,Urban,Overall,28,unemployment_rate per 1000 people,
2023-24,Maharashtra,Rural,Male,28,unemployment_rate per 1000 people,
2023-24,Maharashtra,Rural,Female,11,unemployment_rate per 1000 people,
2023-24,Maharashtra,Rural,Overall,22,unemployment_rate per 1000 people,
2023-24,Maharashtra,Urban,Male,49,unemployment_rate per 1000 people,
2023-24,Maharashtra,Urban,Female,60,unemployment_rate per 1000 people,
2023-24,Maharashtra,Urban,Overall,52,unemployment_rate per 1000 people,
2023-24,Manipur,Rural,Male,47,unemployment_rate per 1000 people,
2023-24,Manipur,Rural,Female,66,unemployment_rate per 1000 people,
2023-24,Manipur,Rural,Overall,55,unemployment_rate per 1000 people,
2023-24,Manipur,Urban,Male,56,unemployment_rate per 1000 people,
2023-24,Manipur,Urban,Female,103,unemployment_rate per 1000 people,
2023-24,Manipur,Urban,Overall,75,unemployment_rate per 1000 people,
2023-24,Meghalaya,Rural,Male,37,unemployment_rate per 1000 people,
2023-24,Meghalaya,Rural,Female,66,unemployment_rate per 1000 people,
2023-24,Meghalaya,Rural,Overall,51,unemployment_rate per 1000 people,
2023-24,Meghalaya,Urban,Male,89,unemployment_rate per 1000 people,
2023-24,Meghalaya,Urban,Female,206,unemployment_rate per 1000 people,
2023-24,Meghalaya,Urban,Overall,140,unemployment_rate per 1000 people,
2023-24,Mizoram,Rural,Male,15,unemployment_rate per 1000 people,
2023-24,Mizoram,Rural,Female,10,unemployment_rate per 1000 people,
2023-24,Mizoram,Rural,Overall,13,unemployment_rate per 1000 people,
2023-24,Mizoram,Urban,Male,32,unemployment_rate per 1000 people,
2023-24,Mizoram,Urban,Female,39,unemployment_rate per 1000 people,
2023-24,Mizoram,Urban,Overall,34,unemployment_rate per 1000 people,
2023-24,Nagaland,Rural,Male,55,unemployment_rate per 1000 people,
2023-24,Nagaland,Rural,Female,58,unemployment_rate per 1000 people,
2023-24,Nagaland,Rural,Overall,57,unemployment_rate per 1000 people,
2023-24,Nagaland,Urban,Male,111,unemployment_rate per 1000 people,
2023-24,Nagaland,Urban,Female,116,unemployment_rate per 1000 people,
2023-24,Nagaland,Urban,Overall,113,unemployment_rate per 1000 people,
2023-24,Odisha,Rural,Male,29,unemployment_rate per 1000 people,
2023-24,Odisha,Rural,Female,20,unemployment_rate per 1000 people,
2023-24,Odisha,Rural,Overall,26,unemployment_rate per 1000 people,
2023-24,Odisha,Urban,Male,56,unemployment_rate per 1000 people,
2023-24,Odisha,Urban,Female,97,unemployment_rate per 1000 people,
2023-24,Odisha,Urban,Overall,68,unemployment_rate per 1000 people,
2023-24,Puducherry,Rural,Male,1,unemployment_rate per 1000 people,
2023-24,Puducherry,Rural,Female,47,unemployment_rate per 1000 people,
2023-24,Puducherry,Rural,Overall,19,unemployment_rate per 1000 people,
2023-24,Puducherry,Urban,Male,63,unemployment_rate per 1000 people,
2023-24,Puducherry,Urban,Female,69,unemployment_rate per 1000 people,
2023-24,Puducherry,Urban,Overall,65,unemployment_rate per 1000 people,
2023-24,Punjab,Rural,Male,51,unemployment_rate per 1000 people,
2023-24,Punjab,Rural,Female,62,unemployment_rate per 1000 people,
2023-24,Punjab,Rural,Overall,54,unemployment_rate per 1000 people,
2023-24,Punjab,Urban,Male,48,unemployment_rate per 1000 people,
2023-24,Punjab,Urban,Female,86,unemployment_rate per 1000 people,
2023-24,Punjab,Urban,Overall,56,unemployment_rate per 1000 people,
2023-24,Rajasthan,Rural,Male,35,unemployment_rate per 1000 people,
2023-24,Rajasthan,Rural,Female,27,unemployment_rate per 1000 people,
2023-24,Rajasthan,Rural,Overall,32,unemployment_rate per 1000 people,
2023-24,Rajasthan,Urban,Male,65,unemployment_rate per 1000 people,
2023-24,Rajasthan,Urban,Female,109,unemployment_rate per 1000 people,
2023-24,Rajasthan,Urban,Overall,77,unemployment_rate per 1000 people,
2023-24,Sikkim,Rural,Male,27,unemployment_rate per 1000 people,
2023-24,Sikkim,Rural,Female,16,unemployment_rate per 1000 people,
2023-24,Sikkim,Rural,Overall,22,unemployment_rate per 1000 people,
2023-24,Sikkim,Urban,Male,17,unemployment_rate per 1000 people,
2023-24,Sikkim,Urban,Female,69,unemployment_rate per 1000 people,
2023-24,Sikkim,Urban,Overall,30,unemployment_rate per 1000 people,
2023-24,Tamil Nadu,Rural,Male,35,unemployment_rate per 1000 people,
2023-24,Tamil Nadu,Rural,Female,27,unemployment_rate per 1000 people,
2023-24,Tamil Nadu,Rural,Overall,31,unemployment_rate per 1000 people,
2023-24,Tamil Nadu,Urban,Male,32,unemployment_rate per 1000 people,
2023-24,Tamil Nadu,Urban,Female,60,unemployment_rate per 1000 people,
2023-24,Tamil Nadu,Urban,Overall,41,unemployment_rate per 1000 people,
2023-24,Telangana,Rural,Male,37,unemployment_rate per 1000 people,
2023-24,Telangana,Rural,Female,31,unemployment_rate per 1000 people,
2023-24,Telangana,Rural,Overall,35,unemployment_rate per 1000 people,
2023-24,Telangana,Urban,Male,60,unemployment_rate per 1000 people,
2023-24,Telangana,Urban,Female,104,unemployment_rate per 1000 people,
2023-24,Telangana,Urban,Overall,73,unemployment_rate per 1000 people,
2023-24,Tripura,Rural,Male,16,unemployment_rate per 1000 people,
2023-24,Tripura,Rural,Female,12,unemployment_rate per 1000 people,
2023-24,Tripura,Rural,Overall,14,unemployment_rate per 1000 people,
2023-24,Tripura,Urban,Male,27,unemployment_rate per 1000 people,
2023-24,Tripura,Urban,Female,44,unemployment_rate per 1000 people,
2023-24,Tripura,Urban,Overall,32,unemployment_rate per 1000 people,
2023-24,Uttar Pradesh,Rural,Male,26,unemployment_rate per 1000 people,
2023-24,Uttar Pradesh,Rural,Female,15,unemployment_rate per 1000 people,
2023-24,Uttar Pradesh,Rural,Overall,22,unemployment_rate per 1000 people,
2023-24,Uttar Pradesh,Urban,Male,57,unemployment_rate per 1000 people,
2023-24,Uttar Pradesh,Urban,Female,110,unemployment_rate per 1000 people,
2023-24,Uttar Pradesh,Urban,Overall,67,unemployment_rate per 1000 people,
2023-24,Uttarakhand,Rural,Male,48,unemployment_rate per 1000 people,
2023-24,Uttarakhand,Rural,Female,27,unemployment_rate per 1000 people,
2023-24,Uttarakhand,Rural,Overall,39,unemployment_rate per 1000 people,
2023-24,Uttarakhand,Urban,Male,35,unemployment_rate per 1000 people,
2023-24,Uttarakhand,Urban,Female,130,unemployment_rate per 1000 people,
2023-24,Uttarakhand,Urban,Overall,58,unemployment_rate per 1000 people,
2023-24,West Bengal,Rural,Male,23,unemployment_rate per 1000 people,
2023-24,West Bengal,Rural,Female,23,unemployment_rate per 1000 people,
2023-24,West Bengal,Rural,Overall,23,unemployment_rate per 1000 people,
2023-24,West Bengal,Urban,Male,26,unemployment_rate per 1000 people,
2023-24,West Bengal,Urban,Female,50,unemployment_rate per 1000 people,
2023-24,West Bengal,Urban,Overall,33,unemployment_rate per 1000 people,
2022-23,All India,Rural,Male,28,unemployment_rate per 1000 people,
2022-23,All India,Rural,Female,18,unemployment_rate per 1000 people,
2022-23,All India,Rural,Overall,24,unemployment_rate per 1000 people,
2022-23,All India,Urban,Male,47,unemployment_rate per 1000 people,
2022-23,All India,Urban,Female,75,unemployment_rate per 1000 people,
2022-23,All India,Urban,Overall,54,unemployment_rate per 1000 people,
2022-23,Andaman and Nicobar Islands,Rural,Male,23,unemployment_rate per 1000 people,
2022-23,Andaman and Nicobar Islands,Rural,Female,139,unemployment_rate per 1000 people,
2022-23,Andaman and Nicobar Islands,Rural,Overall,66,unemployment_rate per 1000 people,
2022-23,Andaman and Nicobar Islands,Urban,Male,63,unemployment_rate per 1000 people,
2022-23,Andaman and Nicobar Islands,Urban,Female,281,unemployment_rate per 1000 people,
2022-23,Andaman and Nicobar Islands,Urban,Overall,140,unemployment_rate per 1000 people,
2022-23,Andhra Pradesh,Rural,Male,35,unemployment_rate per 1000 people,
2022-23,Andhra Pradesh,Rural,Female,30,unemployment_rate per 1000 people,
2022-23,Andhra Pradesh,Rural,Overall,33,unemployment_rate per 1000 people,
2022-23,Andhra Pradesh,Urban,Male,60,unemployment_rate per 1000 people,
2022-23,Andhra Pradesh,Urban,Female,75,unemployment_rate per 1000 people,
2022-23,Andhra Pradesh,Urban,Overall,65,unemployment_rate per 1000 people,
2022-23,Arunachal Pradesh,Rural,Male,45,unemployment_rate per 1000 people,
2022-23,Arunachal Pradesh,Rural,Female,31,unemployment_rate per 1000 people,
2022-23,Arunachal Pradesh,Rural,Overall,39,unemployment_rate per 1000 people,
2022-23,Arunachal Pradesh,Urban,Male,79,unemployment_rate per 1000 people,
2022-23,Arunachal Pradesh,Urban,Female,169,unemployment_rate per 1000 people,
2022-23,Arunachal Pradesh,Urban,Overall,109,unemployment_rate per 1000 people,
2022-23,Assam,Rural,Male,12,unemployment_rate per 1000 people,
2022-23,Assam,Rural,Female,27,unemployment_rate per 1000 people,
2022-23,Assam,Rural,Overall,15,unemployment_rate per 1000 people,
2022-23,Assam,Urban,Male,36,unemployment_rate per 1000 people,
2022-23,Assam,Urban,Female,127,unemployment_rate per 1000 people,
2022-23,Assam,Urban,Overall,61,unemployment_rate per 1000 people,
2022-23,Bihar,Rural,Male,44,unemployment_rate per 1000 people,
2022-23,Bihar,Rural,Female,12,unemployment_rate per 1000 people,
2022-23,Bihar,Rural,Overall,36,unemployment_rate per 1000 people,
2022-23,Bihar,Urban,Male,73,unemployment_rate per 1000 people,
2022-23,Bihar,Urban,Female,97,unemployment_rate per 1000 people,
2022-23,Bihar,Urban,Overall,77,unemployment_rate per 1000 people,
2022-23,Chandigarh,Rural,Male,7,unemployment_rate per 1000 people,
2022-23,Chandigarh,Rural,Female,107,unemployment_rate per 1000 people,
2022-23,Chandigarh,Rural,Overall,32,unemployment_rate per 1000 people,
2022-23,Chandigarh,Urban,Male,45,unemployment_rate per 1000 people,
2022-23,Chandigarh,Urban,Female,24,unemployment_rate per 1000 people,
2022-23,Chandigarh,Urban,Overall,40,unemployment_rate per 1000 people,
2022-23,Chhattisgarh,Rural,Male,19,unemployment_rate per 1000 people,
2022-23,Chhattisgarh,Rural,Female,9,unemployment_rate per 1000 people,
2022-23,Chhattisgarh,Rural,Overall,15,unemployment_rate per 1000 people,
2022-23,Chhattisgarh,Urban,Male,68,unemployment_rate per 1000 people,
2022-23,Chhattisgarh,Urban,Female,102,unemployment_rate per 1000 people,
2022-23,Chhattisgarh,Urban,Overall,78,unemployment_rate per 1000 people,
2022-23,Dadra and Nagar Haveli,Rural,Male,31,unemployment_rate per 1000 people,
2022-23,Dadra and Nagar Haveli,Rural,Female,60,unemployment_rate per 1000 people,
2022-23,Dadra and Nagar Haveli,Rural,Overall,41,unemployment_rate per 1000 people,
2022-23,Dadra and Nagar Haveli,Urban,Male,5,unemployment_rate per 1000 people,
2022-23,Dadra and Nagar Haveli,Urban,Female,56,unemployment_rate per 1000 people,
2022-23,Dadra and Nagar Haveli,Urban,Overall,14,unemployment_rate per 1000 people,
2022-23,Daman and Diu,Rural,Male,,unemployment_rate per 1000 people,
2022-23,Daman and Diu,Rural,Female,,unemployment_rate per 1000 people,
2022-23,Daman and Diu,Rural,Overall,,unemployment_rate per 1000 people,
2022-23,Daman and Diu,Urban,Male,,unemployment_rate per 1000 people,
2022-23,Daman and Diu,Urban,Female,,unemployment_rate per 1000 people,
2022-23,Daman and Diu,Urban,Overall,,unemployment_rate per 1000 people,
2022-23,Delhi,Rural,Male,107,unemployment_rate per 1000 people,
2022-23,Delhi,Rural,Female,0,unemployment_rate per 1000 people,
2022-23,Delhi,Rural,Overall,102,unemployment_rate per 1000 people,
2022-23,Delhi,Urban,Male,16,unemployment_rate per 1000 people,
2022-23,Delhi,Urban,Female,22,unemployment_rate per 1000 people,
2022-23,Delhi,Urban,Overall,17,unemployment_rate per 1000 people,
2022-23,Goa,Rural,Male,87,unemployment_rate per 1000 people,
2022-23,Goa,Rural,Female,177,unemployment_rate per 1000 people,
2022-23,Goa,Rural,Overall,113,unemployment_rate per 1000 people,
2022-23,Goa,Urban,Male,71,unemployment_rate per 1000 people,
2022-23,Goa,Urban,Female,127,unemployment_rate per 1000 people,
2022-23,Goa,Urban,Overall,87,unemployment_rate per 1000 people,
2022-23,Gujarat,Rural,Male,19,unemployment_rate per 1000 people,
2022-23,Gujarat,Rural,Female,6,unemployment_rate per 1000 people,
2022-23,Gujarat,Rural,Overall,14,unemployment_rate per 1000 people,
2022-23,Gujarat,Urban,Male,19,unemployment_rate per 1000 people,
2022-23,Gujarat,Urban,Female,33,unemployment_rate per 1000 people,
2022-23,Gujarat,Urban,Overall,22,unemployment_rate per 1000 people,
2022-23,Haryana,Rural,Male,66,unemployment_rate per 1000 people,
2022-23,Haryana,Rural,Female,30,unemployment_rate per 1000 people,
2022-23,Haryana,Rural,Overall,58,unemployment_rate per 1000 people,
2022-23,Haryana,Urban,Male,61,unemployment_rate per 1000 people,
2022-23,Haryana,Urban,Female,82,unemployment_rate per 1000 people,
2022-23,Haryana,Urban,Overall,65,unemployment_rate per 1000 people,
2022-23,Himachal Pradesh,Rural,Male,33,unemployment_rate per 1000 people,
2022-23,Himachal Pradesh,Rural,Female,38,unemployment_rate per 1000 people,
2022-23,Himachal Pradesh,Rural,Overall,35,unemployment_rate per 1000 people,
2022-23,Himachal Pradesh,Urban,Male,63,unemployment_rate per 1000 people,
2022-23,Himachal Pradesh,Urban,Female,306,unemployment_rate per 1000 people,
2022-23,Himachal Pradesh,Urban,Overall,151,unemployment_rate per 1000 people,
2022-23,Jammu and Kashmir,Rural,Male,24,unemployment_rate per 1000 people,
2022-23,Jammu and Kashmir,Rural,Female,47,unemployment_rate per 1000 people,
2022-23,Jammu and Kashmir,Rural,Overall,34,unemployment_rate per 1000 people,
2022-23,Jammu and Kashmir,Urban,Male,55,unemployment_rate per 1000 people,
2022-23,Jammu and Kashmir,Urban,Female,235,unemployment_rate per 1000 people,
2022-23,Jammu and Kashmir,Urban,Overall,102,unemployment_rate per 1000 people,
2022-23,Jharkhand,Rural,Male,15,unemployment_rate per 1000 people,
2022-23,Jharkhand,Rural,Female,1,unemployment_rate per 1000 people,
2022-23,Jharkhand,Rural,Overall,9,unemployment_rate per 1000 people,
2022-23,Jharkhand,Urban,Male,62,unemployment_rate per 1000 people,
2022-23,Jharkhand,Urban,Female,66,unemployment_rate per 1000 people,
2022-23,Jharkhand,Urban,Overall,63,unemployment_rate per 1000 people,
2022-23,Karnataka,Rural,Male,17,unemployment_rate per 1000 people,
2022-23,Karnataka,Rural,Female,13,unemployment_rate per 1000 people,
2022-23,Karnataka,Rural,Overall,15,unemployment_rate per 1000 people,
2022-23,Karnataka,Urban,Male,38,unemployment_rate per 1000 people,
2022-23,Karnataka,Urban,Female,51,unemployment_rate per 1000 people,
2022-23,Karnataka,Urban,Overall,42,unemployment_rate per 1000 people,
2022-23,Kerala,Rural,Male,47,unemployment_rate per 1000 people,
2022-23,Kerala,Rural,Female,92,unemployment_rate per 1000 people,
2022-23,Kerala,Rural,Overall,65,unemployment_rate per 1000 people,
2022-23,Kerala,Urban,Male,48,unemployment_rate per 1000 people,
2022-23,Kerala,Urban,Female,129,unemployment_rate per 1000 people,
2022-23,Kerala,Urban,Overall,76,unemployment_rate per 1000 people,
2022-23,Ladakh,Rural,Male,60,unemployment_rate per 1000 people,
2022-23,Ladakh,Rural,Female,54,unemployment_rate per 1000 people,
2022-23,Ladakh,Rural,Overall,57,unemployment_rate per 1000 people,
2022-23,Ladakh,Urban,Male,88,unemployment_rate per 1000 people,
2022-23,Ladakh,Urban,Female,147,unemployment_rate per 1000 people,
2022-23,Ladakh,Urban,Overall,108,unemployment_rate per 1000 people,
2022-23,Lakshadweep,Rural,Male,30,unemployment_rate per 1000 people,
2022-23,Lakshadweep,Rural,Female,209,unemployment_rate per 1000 people,
2022-23,Lakshadweep,Rural,Overall,56,unemployment_rate per 1000 people,
2022-23,Lakshadweep,Urban,Male,126,unemployment_rate per 1000 people,
2022-23,Lakshadweep,Urban,Female,133,unemployment_rate per 1000 people,
2022-23,Lakshadweep,Urban,Overall,128,unemployment_rate per 1000 people,
2022-23,Madhya Pradesh,Rural,Male,9,unemployment_rate per 1000 people,
2022-23,Madhya Pradesh,Rural,Female,5,unemployment_rate per 1000 people,
2022-23,Madhya Pradesh,Rural,Overall,8,unemployment_rate per 1000 people,
2022-23,Madhya Pradesh,Urban,Male,45,unemployment_rate per 1000 people,
2022-23,Madhya Pradesh,Urban,Female,58,unemployment_rate per 1000 people,
2022-23,Madhya Pradesh,Urban,Overall,48,unemployment_rate per 1000 people,
2022-23,Maharashtra,Rural,Male,31,unemployment_rate per 1000 people,
2022-23,Maharashtra,Rural,Female,7,unemployment_rate per 1000 people,
2022-23,Maharashtra,Rural,Overall,22,unemployment_rate per 1000 people,
2022-23,Maharashtra,Urban,Male,40,unemployment_rate per 1000 people,
2022-23,Maharashtra,Urban,Female,62,unemployment_rate per 1000 people,
2022-23,Maharashtra,Urban,Overall,46,unemployment_rate per 1000 people,
2022-23,Manipur,Rural,Male,43,unemployment_rate per 1000 people,
2022-23,Manipur,Rural,Female,49,unemployment_rate per 1000 people,
2022-23,Manipur,Rural,Overall,45,unemployment_rate per 1000 people,
2022-23,Manipur,Urban,Male,62,unemployment_rate per 1000 people,
2022-23,Manipur,Urban,Female,36,unemployment_rate per 1000 people,
2022-23,Manipur,Urban,Overall,53,unemployment_rate per 1000 people,
2022-23,Meghalaya,Rural,Male,35,unemployment_rate per 1000 people,
2022-23,Meghalaya,Rural,Female,67,unemployment_rate per 1000 people,
2022-23,Meghalaya,Rural,Overall,50,unemployment_rate per 1000 people,
2022-23,Meghalaya,Urban,Male,82,unemployment_rate per 1000 people,
2022-23,Meghalaya,Urban,Female,180,unemployment_rate per 1000 people,
2022-23,Meghalaya,Urban,Overall,123,unemployment_rate per 1000 people,
2022-23,Mizoram,Rural,Male,10,unemployment_rate per 1000 people,
2022-23,Mizoram,Rural,Female,15,unemployment_rate per 1000 people,
2022-23,Mizoram,Rural,Overall,12,unemployment_rate per 1000 people,
2022-23,Mizoram,Urban,Male,26,unemployment_rate per 1000 people,
2022-23,Mizoram,Urban,Female,49,unemployment_rate per 1000 people,
2022-23,Mizoram,Urban,Overall,35,unemployment_rate per 1000 people,
2022-23,Nagaland,Rural,Male,36,unemployment_rate per 1000 people,
2022-23,Nagaland,Rural,Female,20,unemployment_rate per 1000 people,
2022-23,Nagaland,Rural,Overall,29,unemployment_rate per 1000 people,
2022-23,Nagaland,Urban,Male,85,unemployment_rate per 1000 people,
2022-23,Nagaland,Urban,Female,87,unemployment_rate per 1000 people,
2022-23,Nagaland,Urban,Overall,86,unemployment_rate per 1000 people,
2022-23,Odisha,Rural,Male,45,unemployment_rate per 1000 people,
2022-23,Odisha,Rural,Female,20,unemployment_rate per 1000 people,
2022-23,Odisha,Rural,Overall,36,unemployment_rate per 1000 people,
2022-23,Odisha,Urban,Male,60,unemployment_rate per 1000 people,
2022-23,Odisha,Urban,Female,68,unemployment_rate per 1000 people,
2022-23,Odisha,Urban,Overall,62,unemployment_rate per 1000 people,
2022-23,Puducherry,Rural,Male,66,unemployment_rate per 1000 people,
2022-23,Puducherry,Rural,Female,47,unemployment_rate per 1000 people,
2022-23,Puducherry,Rural,Overall,59,unemployment_rate per 1000 people,
2022-23,Puducherry,Urban,Male,47,unemployment_rate per 1000 people,
2022-23,Puducherry,Urban,Female,70,unemployment_rate per 1000 people,
2022-23,Puducherry,Urban,Overall,54,unemployment_rate per 1000 people,
2022-23,Punjab,Rural,Male,53,unemployment_rate per 1000 people,
2022-23,Punjab,Rural,Female,87,unemployment_rate per 1000 people,
2022-23,Punjab,Rural,Overall,62,unemployment_rate per 1000 people,
2022-23,Punjab,Urban,Male,51,unemployment_rate per 1000 people,
2022-23,Punjab,Urban,Female,88,unemployment_rate per 1000 people,
2022-23,Punjab,Urban,Overall,60,unemployment_rate per 1000 people,
2022-23,Rajasthan,Rural,Male,46,unemployment_rate per 1000 people,
2022-23,Rajasthan,Rural,Female,17,unemployment_rate per 1000 people,
2022-23,Rajasthan,Rural,Overall,34,unemployment_rate per 1000 people,
2022-23,Rajasthan,Urban,Male,77,unemployment_rate per 1000 people,
2022-23,Rajasthan,Urban,Female,113,unemployment_rate per 1000 people,
2022-23,Rajasthan,Urban,Overall,85,unemployment_rate per 1000 people,
2022-23,Sikkim,Rural,Male,14,unemployment_rate per 1000 people,
2022-23,Sikkim,Rural,Female,31,unemployment_rate per 1000 people,
2022-23,Sikkim,Rural,Overall,22,unemployment_rate per 1000 people,
2022-23,Sikkim,Urban,Male,17,unemployment_rate per 1000 people,
2022-23,Sikkim,Urban,Female,39,unemployment_rate per 1000 people,
2022-23,Sikkim,Urban,Overall,22,unemployment_rate per 1000 people,
2022-23,Tamil Nadu,Rural,Male,40,unemployment_rate per 1000 people,
2022-23,Tamil Nadu,Rural,Female,37,unemployment_rate per 1000 people,
2022-23,Tamil Nadu,Rural,Overall,38,unemployment_rate per 1000 people,
2022-23,Tamil Nadu,Urban,Male,43,unemployment_rate per 1000 people,
2022-23,Tamil Nadu,Urban,Female,70,unemployment_rate per 1000 people,
2022-23,Tamil Nadu,Urban,Overall,51,unemployment_rate per 1000 people,
2022-23,Telangana,Rural,Male,33,unemployment_rate per 1000 people,
2022-23,Telangana,Rural,Female,21,unemployment_rate per 1000 people,
2022-23,Telangana,Rural,Overall,28,unemployment_rate per 1000 people,
2022-23,Telangana,Urban,Male,71,unemployment_rate per 1000 people,
2022-23,Telangana,Urban,Female,96,unemployment_rate per 1000 people,
2022-23,Telangana,Urban,Overall,78,unemployment_rate per 1000 people,
2022-23,Tripura,Rural,Male,13,unemployment_rate per 1000 people,
2022-23,Tripura,Rural,Female,6,unemployment_rate per 1000 people,
2022-23,Tripura,Rural,Overall,11,unemployment_rate per 1000 people,
2022-23,Tripura,Urban,Male,26,unemployment_rate per 1000 people,
2022-23,Tripura,Urban,Female,38,unemployment_rate per 1000 people,
2022-23,Tripura,Urban,Overall,30,unemployment_rate per 1000 people,
2022-23,Uttar Pradesh,Rural,Male,19,unemployment_rate per 1000 people,
2022-23,Uttar Pradesh,Rural,Female,9,unemployment_rate per 1000 people,
2022-23,Uttar Pradesh,Rural,Overall,16,unemployment_rate per 1000 people,
2022-23,Uttar Pradesh,Urban,Male,58,unemployment_rate per 1000 people,
2022-23,Uttar Pradesh,Urban,Female,106,unemployment_rate per 1000 people,
2022-23,Uttar Pradesh,Urban,Overall,65,unemployment_rate per 1000 people,
2022-23,Uttarakhand,Rural,Male,41,unemployment_rate per 1000 people,
2022-23,Uttarakhand,Rural,Female,35,unemployment_rate per 1000 people,
2022-23,Uttarakhand,Rural,Overall,39,unemployment_rate per 1000 people,
2022-23,Uttarakhand,Urban,Male,62,unemployment_rate per 1000 people,
2022-23,Uttarakhand,Urban,Female,102,unemployment_rate per 1000 people,
2022-23,Uttarakhand,Urban,Overall,69,unemployment_rate per 1000 people,
2022-23,West Bengal,Rural,Male,17,unemployment_rate per 1000 people,
2022-23,West Bengal,Rural,Female,11,unemployment_rate per 1000 people,
2022-23,West Bengal,Rural,Overall,15,unemployment_rate per 1000 people,
2022-23,West Bengal,Urban,Male,35,unemployment_rate per 1000 people,
2022-23,West Bengal,Urban,Female,47,unemployment_rate per 1000 people,
2022-23,West Bengal,Urban,Overall,38,unemployment_rate per 1000 people,
2021-22,All India,Rural,Male,38,unemployment_rate per 1000 people,
2021-22,All India,Rural,Female,21,unemployment_rate per 1000 people,
2021-22,All India,Rural,Overall,33,unemployment_rate per 1000 people,
2021-22,All India,Urban,Male,58,unemployment_rate per 1000 people,
2021-22,All India,Urban,Female,79,unemployment_rate per 1000 people,
2021-22,All India,Urban,Overall,63,unemployment_rate per 1000 people,
2021-22,Andaman and Nicobar Islands,Rural,Male,32,unemployment_rate per 1000 people,
2021-22,Andaman and Nicobar Islands,Rural,Female,103,unemployment_rate per 1000 people,
2021-22,Andaman and Nicobar Islands,Rural,Overall,59,unemployment_rate per 1000 people,
2021-22,Andaman and Nicobar Islands,Urban,Male,55,unemployment_rate per 1000 people,
2021-22,Andaman and Nicobar Islands,Urban,Female,192,unemployment_rate per 1000 people,
2021-22,Andaman and Nicobar Islands,Urban,Overall,99,unemployment_rate per 1000 people,
2021-22,Andhra Pradesh,Rural,Male,41,unemployment_rate per 1000 people,
2021-22,Andhra Pradesh,Rural,Female,25,unemployment_rate per 1000 people,
2021-22,Andhra Pradesh,Rural,Overall,35,unemployment_rate per 1000 people,
2021-22,Andhra Pradesh,Urban,Male,60,unemployment_rate per 1000 people,
2021-22,Andhra Pradesh,Urban,Female,72,unemployment_rate per 1000 people,
2021-22,Andhra Pradesh,Urban,Overall,63,unemployment_rate per 1000 people,
2021-22,Arunachal Pradesh,Rural,Male,65,unemployment_rate per 1000 people,
2021-22,Arunachal Pradesh,Rural,Female,79,unemployment_rate per 1000 people,
2021-22,Arunachal Pradesh,Rural,Overall,69,unemployment_rate per 1000 people,
2021-22,Arunachal Pradesh,Urban,Male,95,unemployment_rate per 1000 people,
2021-22,Arunachal Pradesh,Urban,Female,193,unemployment_rate per 1000 people,
2021-22,Arunachal Pradesh,Urban,Overall,120,unemployment_rate per 1000 people,
2021-22,Assam,Rural,Male,31,unemployment_rate per 1000 people,
2021-22,Assam,Rural,Female,35,unemployment_rate per 1000 people,
2021-22,Assam,Rural,Overall,32,unemployment_rate per 1000 people,
2021-22,Assam,Urban,Male,64,unemployment_rate per 1000 people,
2021-22,Assam,Urban,Female,196,unemployment_rate per 1000 people,
2021-22,Assam,Urban,Overall,94,unemployment_rate per 1000 people,
2021-22,Bihar,Rural,Male,60,unemployment_rate per 1000 people,
2021-22,Bihar,Rural,Female,18,unemployment_rate per 1000 people,
2021-22,Bihar,Rural,Overall,55,unemployment_rate per 1000 people,
2021-22,Bihar,Urban,Male,100,unemployment_rate per 1000 people,
2021-22,Bihar,Urban,Female,128,unemployment_rate per 1000 people,
2021-22,Bihar,Urban,Overall,103,unemployment_rate per 1000 people,
2021-22,Chandigarh,Rural,Male,57,unemployment_rate per 1000 people,
2021-22,Chandigarh,Rural,Female,10,unemployment_rate per 1000 people,
2021-22,Chandigarh,Rural,Overall,50,unemployment_rate per 1000 people,
2021-22,Chandigarh,Urban,Male,59,unemployment_rate per 1000 people,
2021-22,Chandigarh,Urban,Female,82,unemployment_rate per 1000 people,
2021-22,Chandigarh,Urban,Overall,63,unemployment_rate per 1000 people,
2021-22,Chhattisgarh,Rural,Male,19,unemployment_rate per 1000 people,
2021-22,Chhattisgarh,Rural,Female,12,unemployment_rate per 1000 people,
2021-22,Chhattisgarh,Rural,Overall,16,unemployment_rate per 1000 people,
2021-22,Chhattisgarh,Urban,Male,66,unemployment_rate per 1000 people,
2021-22,Chhattisgarh,Urban,Female,87,unemployment_rate per 1000 people,
2021-22,Chhattisgarh,Urban,Overall,72,unemployment_rate per 1000 people,
2021-22,Dadra and Nagar Haveli,Rural,Male,61,unemployment_rate per 1000 people,
2021-22,Dadra and Nagar Haveli,Rural,Female,51,unemployment_rate per 1000 people,
2021-22,Dadra and Nagar Haveli,Rural,Overall,57,unemployment_rate per 1000 people,
2021-22,Dadra and Nagar Haveli,Urban,Male,27,unemployment_rate per 1000 people,
2021-22,Dadra and Nagar Haveli,Urban,Female,137,unemployment_rate per 1000 people,
2021-22,Dadra and Nagar Haveli,Urban,Overall,47,unemployment_rate per 1000 people,
2021-22,Daman and Diu,Rural,Male,,unemployment_rate per 1000 people,
2021-22,Daman and Diu,Rural,Female,,unemployment_rate per 1000 people,
2021-22,Daman and Diu,Rural,Overall,,unemployment_rate per 1000 people,
2021-22,Daman and Diu,Urban,Male,,unemployment_rate per 1000 people,
2021-22,Daman and Diu,Urban,Female,,unemployment_rate per 1000 people,
2021-22,Daman and Diu,Urban,Overall,,unemployment_rate per 1000 people,
2021-22,Delhi,Rural,Male,43,unemployment_rate per 1000 people,
2021-22,Delhi,Rural,Female,0,unemployment_rate per 1000 people,
2021-22,Delhi,Rural,Overall,39,unemployment_rate per 1000 people,
2021-22,Delhi,Urban,Male,52,unemployment_rate per 1000 people,
2021-22,Delhi,Urban,Female,62,unemployment_rate per 1000 people,
2021-22,Delhi,Urban,Overall,53,unemployment_rate per 1000 people,
2021-22,Goa,Rural,Male,107,unemployment_rate per 1000 people,
2021-22,Goa,Rural,Female,190,unemployment_rate per 1000 people,
2021-22,Goa,Rural,Overall,125,unemployment_rate per 1000 people,
2021-22,Goa,Urban,Male,92,unemployment_rate per 1000 people,
2021-22,Goa,Urban,Female,201,unemployment_rate per 1000 people,
2021-22,Goa,Urban,Overall,116,unemployment_rate per 1000 people,
2021-22,Gujarat,Rural,Male,19,unemployment_rate per 1000 people,
2021-22,Gujarat,Rural,Female,7,unemployment_rate per 1000 people,
2021-22,Gujarat,Rural,Overall,15,unemployment_rate per 1000 people,
2021-22,Gujarat,Urban,Male,28,unemployment_rate per 1000 people,
2021-22,Gujarat,Urban,Female,29,unemployment_rate per 1000 people,
2021-22,Gujarat,Urban,Overall,28,unemployment_rate per 1000 people,
2021-22,Haryana,Rural,Male,91,unemployment_rate per 1000 people,
2021-22,Haryana,Rural,Female,88,unemployment_rate per 1000 people,
2021-22,Haryana,Rural,Overall,90,unemployment_rate per 1000 people,
2021-22,Haryana,Urban,Male,87,unemployment_rate per 1000 people,
2021-22,Haryana,Urban,Female,94,unemployment_rate per 1000 people,
2021-22,Haryana,Urban,Overall,89,unemployment_rate per 1000 people,
2021-22,Himachal Pradesh,Rural,Male,45,unemployment_rate per 1000 people,
2021-22,Himachal Pradesh,Rural,Female,26,unemployment_rate per 1000 people,
2021-22,Himachal Pradesh,Rural,Overall,36,unemployment_rate per 1000 people,
2021-22,Himachal Pradesh,Urban,Male,49,unemployment_rate per 1000 people,
2021-22,Himachal Pradesh,Urban,Female,173,unemployment_rate per 1000 people,
2021-22,Himachal Pradesh,Urban,Overall,87,unemployment_rate per 1000 people,
2021-22,Jammu and Kashmir,Rural,Male,24,unemployment_rate per 1000 people,
2021-22,Jammu and Kashmir,Rural,Female,58,unemployment_rate per 1000 people,
2021-22,Jammu and Kashmir,Rural,Overall,37,unemployment_rate per 1000 people,
2021-22,Jammu and Kashmir,Urban,Male,78,unemployment_rate per 1000 people,
2021-22,Jammu and Kashmir,Urban,Female,258,unemployment_rate per 1000 people,
2021-22,Jammu and Kashmir,Urban,Overall,129,unemployment_rate per 1000 people,
2021-22,Jharkhand,Rural,Male,20,unemployment_rate per 1000 people,
2021-22,Jharkhand,Rural,Female,1,unemployment_rate per 1000 people,
2021-22,Jharkhand,Rural,Overall,12,unemployment_rate per 1000 people,
2021-22,Jharkhand,Urban,Male,56,unemployment_rate per 1000 people,
2021-22,Jharkhand,Urban,Female,80,unemployment_rate per 1000 people,
2021-22,Jharkhand,Urban,Overall,61,unemployment_rate per 1000 people,
2021-22,Karnataka,Rural,Male,28,unemployment_rate per 1000 people,
2021-22,Karnataka,Rural,Female,11,unemployment_rate per 1000 people,
2021-22,Karnataka,Rural,Overall,23,unemployment_rate per 1000 people,
2021-22,Karnataka,Urban,Male,46,unemployment_rate per 1000 people,
2021-22,Karnataka,Urban,Female,63,unemployment_rate per 1000 people,
2021-22,Karnataka,Urban,Overall,50,unemployment_rate per 1000 people,
2021-22,Kerala,Rural,Male,69,unemployment_rate per 1000 people,
2021-22,Kerala,Rural,Female,124,unemployment_rate per 1000 people,
2021-22,Kerala,Rural,Overall,90,unemployment_rate per 1000 people,
2021-22,Kerala,Urban,Male,79,unemployment_rate per 1000 people,
2021-22,Kerala,Urban,Female,150,unemployment_rate per 1000 people,
2021-22,Kerala,Urban,Overall,103,unemployment_rate per 1000 people,
2021-22,Ladakh,Rural,Male,41,unemployment_rate per 1000 people,
2021-22,Ladakh,Rural,Female,6,unemployment_rate per 1000 people,
2021-22,Ladakh,Rural,Overall,27,unemployment_rate per 1000 people,
2021-22,Ladakh,Urban,Male,75,unemployment_rate per 1000 people,
2021-22,Ladakh,Urban,Female,137,unemployment_rate per 1000 people,
2021-22,Ladakh,Urban,Overall,97,unemployment_rate per 1000 people,
2021-22,Lakshadweep,Rural,Male,56,unemployment_rate per 1000 people,
2021-22,Lakshadweep,Rural,Female,112,unemployment_rate per 1000 people,
2021-22,Lakshadweep,Rural,Overall,66,unemployment_rate per 1000 people,
2021-22,Lakshadweep,Urban,Male,158,unemployment_rate per 1000 people,
2021-22,Lakshadweep,Urban,Female,439,unemployment_rate per 1000 people,
2021-22,Lakshadweep,Urban,Overall,211,unemployment_rate per 1000 people,
2021-22,Madhya Pradesh,Rural,Male,19,unemployment_rate per 1000 people,
2021-22,Madhya Pradesh,Rural,Female,3,unemployment_rate per 1000 people,
2021-22,Madhya Pradesh,Rural,Overall,13,unemployment_rate per 1000 people,
2021-22,Madhya Pradesh,Urban,Male,49,unemployment_rate per 1000 people,
2021-22,Madhya Pradesh,Urban,Female,48,unemployment_rate per 1000 people,
2021-22,Madhya Pradesh,Urban,Overall,49,unemployment_rate per 1000 people,
2021-22,Maharashtra,Rural,Male,30,unemployment_rate per 1000 people,
2021-22,Maharashtra,Rural,Female,17,unemployment_rate per 1000 people,
2021-22,Maharashtra,Rural,Overall,25,unemployment_rate per 1000 people,
2021-22,Maharashtra,Urban,Male,48,unemployment_rate per 1000 people,
2021-22,Maharashtra,Urban,Female,55,unemployment_rate per 1000 people,
2021-22,Maharashtra,Urban,Overall,50,unemployment_rate per 1000 people,
2021-22,Manipur,Rural,Male,78,unemployment_rate per 1000 people,
2021-22,Manipur,Rural,Female,144,unemployment_rate per 1000 people,
2021-22,Manipur,Rural,Overall,95,unemployment_rate per 1000 people,
2021-22,Manipur,Urban,Male,68,unemployment_rate per 1000 people,
2021-22,Manipur,Urban,Female,98,unemployment_rate per 1000 people,
2021-22,Manipur,Urban,Overall,77,unemployment_rate per 1000 people,
2021-22,Meghalaya,Rural,Male,9,unemployment_rate per 1000 people,
2021-22,Meghalaya,Rural,Female,24,unemployment_rate per 1000 people,
2021-22,Meghalaya,Rural,Overall,15,unemployment_rate per 1000 people,
2021-22,Meghalaya,Urban,Male,69,unemployment_rate per 1000 people,
2021-22,Meghalaya,Urban,Female,123,unemployment_rate per 1000 people,
2021-22,Meghalaya,Urban,Overall,89,unemployment_rate per 1000 people,
2021-22,Mizoram,Rural,Male,29,unemployment_rate per 1000 people,
2021-22,Mizoram,Rural,Female,61,unemployment_rate per 1000 people,
2021-22,Mizoram,Rural,Overall,40,unemployment_rate per 1000 people,
2021-22,Mizoram,Urban,Male,58,unemployment_rate per 1000 people,
2021-22,Mizoram,Urban,Female,101,unemployment_rate per 1000 people,
2021-22,Mizoram,Urban,Overall,72,unemployment_rate per 1000 people,
2021-22,Nagaland,Rural,Male,77,unemployment_rate per 1000 people,
2021-22,Nagaland,Rural,Female,73,unemployment_rate per 1000 people,
2021-22,Nagaland,Rural,Overall,75,unemployment_rate per 1000 people,
2021-22,Nagaland,Urban,Male,118,unemployment_rate per 1000 people,
2021-22,Nagaland,Urban,Female,198,unemployment_rate per 1000 people,
2021-22,Nagaland,Urban,Overall,146,unemployment_rate per 1000 people,
2021-22,Odisha,Rural,Male,64,unemployment_rate per 1000 people,
2021-22,Odisha,Rural,Female,30,unemployment_rate per 1000 people,
2021-22,Odisha,Rural,Overall,54,unemployment_rate per 1000 people,
2021-22,Odisha,Urban,Male,86,unemployment_rate per 1000 people,
2021-22,Odisha,Urban,Female,171,unemployment_rate per 1000 people,
2021-22,Odisha,Urban,Overall,105,unemployment_rate per 1000 people,
2021-22,Puducherry,Rural,Male,109,unemployment_rate per 1000 people,
2021-22,Puducherry,Rural,Female,27,unemployment_rate per 1000 people,
2021-22,Puducherry,Rural,Overall,75,unemployment_rate per 1000 people,
2021-22,Puducherry,Urban,Male,44,unemployment_rate per 1000 people,
2021-22,Puducherry,Urban,Female,48,unemployment_rate per 1000 people,
2021-22,Puducherry,Urban,Overall,45,unemployment_rate per 1000 people,
2021-22,Punjab,Rural,Male,59,unemployment_rate per 1000 people,
2021-22,Punjab,Rural,Female,89,unemployment_rate per 1000 people,
2021-22,Punjab,Rural,Overall,66,unemployment_rate per 1000 people,
2021-22,Punjab,Urban,Male,55,unemployment_rate per 1000 people,
2021-22,Punjab,Urban,Female,82,unemployment_rate per 1000 people,
2021-22,Punjab,Urban,Overall,61,unemployment_rate per 1000 people,
2021-22,Rajasthan,Rural,Male,42,unemployment_rate per 1000 people,
2021-22,Rajasthan,Rural,Female,9,unemployment_rate per 1000 people,
2021-22,Rajasthan,Rural,Overall,29,unemployment_rate per 1000 people,
2021-22,Rajasthan,Urban,Male,102,unemployment_rate per 1000 people,
2021-22,Rajasthan,Urban,Female,131,unemployment_rate per 1000 people,
2021-22,Rajasthan,Urban,Overall,108,unemployment_rate per 1000 people,
2021-22,Sikkim,Rural,Male,9,unemployment_rate per 1000 people,
2021-22,Sikkim,Rural,Female,19,unemployment_rate per 1000 people,
2021-22,Sikkim,Rural,Overall,13,unemployment_rate per 1000 people,
2021-22,Sikkim,Urban,Male,19,unemployment_rate per 1000 people,
2021-22,Sikkim,Urban,Female,57,unemployment_rate per 1000 people,
2021-22,Sikkim,Urban,Overall,30,unemployment_rate per 1000 people,
2021-22,Tamil Nadu,Rural,Male,49,unemployment_rate per 1000 people,
2021-22,Tamil Nadu,Rural,Female,31,unemployment_rate per 1000 people,
2021-22,Tamil Nadu,Rural,Overall,42,unemployment_rate per 1000 people,
2021-22,Tamil Nadu,Urban,Male,56,unemployment_rate per 1000 people,
2021-22,Tamil Nadu,Urban,Female,58,unemployment_rate per 1000 people,
2021-22,Tamil Nadu,Urban,Overall,57,unemployment_rate per 1000 people,
2021-22,Telangana,Rural,Male,31,unemployment_rate per 1000 people,
2021-22,Telangana,Rural,Female,31,unemployment_rate per 1000 people,
2021-22,Telangana,Rural,Overall,31,unemployment_rate per 1000 people,
2021-22,Telangana,Urban,Male,53,unemployment_rate per 1000 people,
2021-22,Telangana,Urban,Female,113,unemployment_rate per 1000 people,
2021-22,Telangana,Urban,Overall,69,unemployment_rate per 1000 people,
2021-22,Tripura,Rural,Male,26,unemployment_rate per 1000 people,
2021-22,Tripura,Rural,Female,45,unemployment_rate per 1000 people,
2021-22,Tripura,Rural,Overall,31,unemployment_rate per 1000 people,
2021-22,Tripura,Urban,Male,41,unemployment_rate per 1000 people,
2021-22,Tripura,Urban,Female,49,unemployment_rate per 1000 people,
2021-22,Tripura,Urban,Overall,43,unemployment_rate per 1000 people,
2021-22,Uttar Pradesh,Rural,Male,25,unemployment_rate per 1000 people,
2021-22,Uttar Pradesh,Rural,Female,10,unemployment_rate per 1000 people,
2021-22,Uttar Pradesh,Rural,Overall,21,unemployment_rate per 1000 people,
2021-22,Uttar Pradesh,Urban,Male,63,unemployment_rate per 1000 people,
2021-22,Uttar Pradesh,Urban,Female,88,unemployment_rate per 1000 people,
2021-22,Uttar Pradesh,Urban,Overall,67,unemployment_rate per 1000 people,
2021-22,Uttarakhand,Rural,Male,92,unemployment_rate per 1000 people,
2021-22,Uttarakhand,Rural,Female,28,unemployment_rate per 1000 people,
2021-22,Uttarakhand,Rural,Overall,70,unemployment_rate per 1000 people,
2021-22,Uttarakhand,Urban,Male,92,unemployment_rate per 1000 people,
2021-22,Uttarakhand,Urban,Female,164,unemployment_rate per 1000 people,
2021-22,Uttarakhand,Urban,Overall,106,unemployment_rate per 1000 people,
2021-22,West Bengal,Rural,Male,37,unemployment_rate per 1000 people,
2021-22,West Bengal,Rural,Female,13,unemployment_rate per 1000 people,
2021-22,West Bengal,Rural,Overall,31,unemployment_rate per 1000 people,
2021-22,West Bengal,Urban,Male,48,unemployment_rate per 1000 people,
2021-22,West Bengal,Urban,Female,35,unemployment_rate per 1000 people,
2021-22,West Bengal,Urban,Overall,44,unemployment_rate per 1000 people,
2020-21,All India,Rural,Male,39,unemployment_rate per 1000 people,
2020-21,All India,Rural,Female,21,unemployment_rate per 1000 people,
2020-21,All India,Rural,Overall,33,unemployment_rate per 1000 people,
2020-21,All India,Urban,Male,61,unemployment_rate per 1000 people,
2020-21,All India,Urban,Female,86,unemployment_rate per 1000 people,
2020-21,All India,Urban,Overall,67,unemployment_rate per 1000 people,
2020-21,Andaman and Nicobar Islands,Rural,Male,32,unemployment_rate per 1000 people,
2020-21,Andaman and Nicobar Islands,Rural,Female,153,unemployment_rate per 1000 people,
2020-21,Andaman and Nicobar Islands,Rural,Overall,79,unemployment_rate per 1000 people,
2020-21,Andaman and Nicobar Islands,Urban,Male,46,unemployment_rate per 1000 people,
2020-21,Andaman and Nicobar Islands,Urban,Female,247,unemployment_rate per 1000 people,
2020-21,Andaman and Nicobar Islands,Urban,Overall,106,unemployment_rate per 1000 people,
2020-21,Andhra Pradesh,Rural,Male,47,unemployment_rate per 1000 people,
2020-21,Andhra Pradesh,Rural,Female,13,unemployment_rate per 1000 people,
2020-21,Andhra Pradesh,Rural,Overall,33,unemployment_rate per 1000 people,
2020-21,Andhra Pradesh,Urban,Male,55,unemployment_rate per 1000 people,
2020-21,Andhra Pradesh,Urban,Female,72,unemployment_rate per 1000 people,
2020-21,Andhra Pradesh,Urban,Overall,60,unemployment_rate per 1000 people,
2020-21,Arunachal Pradesh,Rural,Male,35,unemployment_rate per 1000 people,
2020-21,Arunachal Pradesh,Rural,Female,83,unemployment_rate per 1000 people,
2020-21,Arunachal Pradesh,Rural,Overall,48,unemployment_rate per 1000 people,
2020-21,Arunachal Pradesh,Urban,Male,95,unemployment_rate per 1000 people,
2020-21,Arunachal Pradesh,Urban,Female,140,unemployment_rate per 1000 people,
2020-21,Arunachal Pradesh,Urban,Overall,106,unemployment_rate per 1000 people,
2020-21,Assam,Rural,Male,30,unemployment_rate per 1000 people,
2020-21,Assam,Rural,Female,57,unemployment_rate per 1000 people,
2020-21,Assam,Rural,Overall,36,unemployment_rate per 1000 people,
2020-21,Assam,Urban,Male,55,unemployment_rate per 1000 people,
2020-21,Assam,Urban,Female,169,unemployment_rate per 1000 people,
2020-21,Assam,Urban,Overall,78,unemployment_rate per 1000 people,
2020-21,Bihar,Rural,Male,45,unemployment_rate per 1000 people,
2020-21,Bihar,Rural,Female,19,unemployment_rate per 1000 people,
2020-21,Bihar,Rural,Overall,42,unemployment_rate per 1000 people,
2020-21,Bihar,Urban,Male,90,unemployment_rate per 1000 people,
2020-21,Bihar,Urban,Female,170,unemployment_rate per 1000 people,
2020-21,Bihar,Urban,Overall,96,unemployment_rate per 1000 people,
2020-21,Chandigarh,Rural,Male,8,unemployment_rate per 1000 people,
2020-21,Chandigarh,Rural,Female,48,unemployment_rate per 1000 people,
2020-21,Chandigarh,Rural,Overall,15,unemployment_rate per 1000 people,
2020-21,Chandigarh,Urban,Male,90,unemployment_rate per 1000 people,
2020-21,Chandigarh,Urban,Female,40,unemployment_rate per 1000 people,
2020-21,Chandigarh,Urban,Overall,77,unemployment_rate per 1000 people,
2020-21,Chhattisgarh,Rural,Male,27,unemployment_rate per 1000 people,
2020-21,Chhattisgarh,Rural,Female,7,unemployment_rate per 1000 people,
2020-21,Chhattisgarh,Rural,Overall,18,unemployment_rate per 1000 people,
2020-21,Chhattisgarh,Urban,Male,60,unemployment_rate per 1000 people,
2020-21,Chhattisgarh,Urban,Female,70,unemployment_rate per 1000 people,
2020-21,Chhattisgarh,Urban,Overall,63,unemployment_rate per 1000 people,
2020-21,Dadra and Nagar Haveli,Rural,Male,81,unemployment_rate per 1000 people,
2020-21,Dadra and Nagar Haveli,Rural,Female,0,unemployment_rate per 1000 people,
2020-21,Dadra and Nagar Haveli,Rural,Overall,52,unemployment_rate per 1000 people,
2020-21,Dadra and Nagar Haveli,Urban,Male,30,unemployment_rate per 1000 people,
2020-21,Dadra and Nagar Haveli,Urban,Female,58,unemployment_rate per 1000 people,
2020-21,Dadra and Nagar Haveli,Urban,Overall,34,unemployment_rate per 1000 people,
2020-21,Daman and Diu,Rural,Male,,unemployment_rate per 1000 people,
2020-21,Daman and Diu,Rural,Female,,unemployment_rate per 1000 people,
2020-21,Daman and Diu,Rural,Overall,,unemployment_rate per 1000 people,
2020-21,Daman and Diu,Urban,Male,,unemployment_rate per 1000 people,
2020-21,Daman and Diu,Urban,Female,,unemployment_rate per 1000 people,
2020-21,Daman and Diu,Urban,Overall,,unemployment_rate per 1000 people,
2020-21,Delhi,Rural,Male,63,unemployment_rate per 1000 people,
2020-21,Delhi,Rural,Female,11,unemployment_rate per 1000 people,
2020-21,Delhi,Rural,Overall,58,unemployment_rate per 1000 people,
2020-21,Delhi,Urban,Male,62,unemployment_rate per 1000 people,
2020-21,Delhi,Urban,Female,65,unemployment_rate per 1000 people,
2020-21,Delhi,Urban,Overall,63,unemployment_rate per 1000 people,
2020-21,Goa,Rural,Male,76,unemployment_rate per 1000 people,
2020-21,Goa,Rural,Female,156,unemployment_rate per 1000 people,
2020-21,Goa,Rural,Overall,100,unemployment_rate per 1000 people,
2020-21,Goa,Urban,Male,102,unemployment_rate per 1000 people,
2020-21,Goa,Urban,Female,128,unemployment_rate per 1000 people,
2020-21,Goa,Urban,Overall,109,unemployment_rate per 1000 people,
2020-21,Gujarat,Rural,Male,10,unemployment_rate per 1000 people,
2020-21,Gujarat,Rural,Female,3,unemployment_rate per 1000 people,
2020-21,Gujarat,Rural,Overall,8,unemployment_rate per 1000 people,
2020-21,Gujarat,Urban,Male,40,unemployment_rate per 1000 people,
2020-21,Gujarat,Urban,Female,71,unemployment_rate per 1000 people,
2020-21,Gujarat,Urban,Overall,46,unemployment_rate per 1000 people,
2020-21,Haryana,Rural,Male,59,unemployment_rate per 1000 people,
2020-21,Haryana,Rural,Female,32,unemployment_rate per 1000 people,
2020-21,Haryana,Rural,Overall,54,unemployment_rate per 1000 people,
2020-21,Haryana,Urban,Male,78,unemployment_rate per 1000 people,
2020-21,Haryana,Urban,Female,95,unemployment_rate per 1000 people,
2020-21,Haryana,Urban,Overall,81,unemployment_rate per 1000 people,
2020-21,Himachal Pradesh,Rural,Male,38,unemployment_rate per 1000 people,
2020-21,Himachal Pradesh,Rural,Female,21,unemployment_rate per 1000 people,
2020-21,Himachal Pradesh,Rural,Overall,30,unemployment_rate per 1000 people,
2020-21,Himachal Pradesh,Urban,Male,63,unemployment_rate per 1000 people,
2020-21,Himachal Pradesh,Urban,Female,85,unemployment_rate per 1000 people,
2020-21,Himachal Pradesh,Urban,Overall,69,unemployment_rate per 1000 people,
2020-21,Jammu and Kashmir,Rural,Male,35,unemployment_rate per 1000 people,
2020-21,Jammu and Kashmir,Rural,Female,55,unemployment_rate per 1000 people,
2020-21,Jammu and Kashmir,Rural,Overall,43,unemployment_rate per 1000 people,
2020-21,Jammu and Kashmir,Urban,Male,94,unemployment_rate per 1000 people,
2020-21,Jammu and Kashmir,Urban,Female,245,unemployment_rate per 1000 people,
2020-21,Jammu and Kashmir,Urban,Overall,133,unemployment_rate per 1000 people,
2020-21,Jharkhand,Rural,Male,29,unemployment_rate per 1000 people,
2020-21,Jharkhand,Rural,Female,1,unemployment_rate per 1000 people,
2020-21,Jharkhand,Rural,Overall,18,unemployment_rate per 1000 people,
2020-21,Jharkhand,Urban,Male,99,unemployment_rate per 1000 people,
2020-21,Jharkhand,Urban,Female,68,unemployment_rate per 1000 people,
2020-21,Jharkhand,Urban,Overall,93,unemployment_rate per 1000 people,
2020-21,Karnataka,Rural,Male,23,unemployment_rate per 1000 people,
2020-21,Karnataka,Rural,Female,20,unemployment_rate per 1000 people,
2020-21,Karnataka,Rural,Overall,22,unemployment_rate per 1000 people,
2020-21,Karnataka,Urban,Male,34,unemployment_rate per 1000 people,
2020-21,Karnataka,Urban,Female,50,unemployment_rate per 1000 people,
2020-21,Karnataka,Urban,Overall,38,unemployment_rate per 1000 people,
2020-21,Kerala,Rural,Male,64,unemployment_rate per 1000 people,
2020-21,Kerala,Rural,Female,134,unemployment_rate per 1000 people,
2020-21,Kerala,Rural,Overall,89,unemployment_rate per 1000 people,
2020-21,Kerala,Urban,Male,87,unemployment_rate per 1000 people,
2020-21,Kerala,Urban,Female,173,unemployment_rate per 1000 people,
2020-21,Kerala,Urban,Overall,116,unemployment_rate per 1000 people,
2020-21,Ladakh,Rural,Male,0,unemployment_rate per 1000 people,
2020-21,Ladakh,Rural,Female,41,unemployment_rate per 1000 people,
2020-21,Ladakh,Rural,Overall,19,unemployment_rate per 1000 people,
2020-21,Ladakh,Urban,Male,74,unemployment_rate per 1000 people,
2020-21,Ladakh,Urban,Female,117,unemployment_rate per 1000 people,
2020-21,Ladakh,Urban,Overall,86,unemployment_rate per 1000 people,
2020-21,Lakshadweep,Rural,Male,0,unemployment_rate per 1000 people,
2020-21,Lakshadweep,Rural,Female,133,unemployment_rate per 1000 people,
2020-21,Lakshadweep,Rural,Overall,32,unemployment_rate per 1000 people,
2020-21,Lakshadweep,Urban,Male,96,unemployment_rate per 1000 people,
2020-21,Lakshadweep,Urban,Female,429,unemployment_rate per 1000 people,
2020-21,Lakshadweep,Urban,Overall,164,unemployment_rate per 1000 people,
2020-21,Madhya Pradesh,Rural,Male,16,unemployment_rate per 1000 people,
2020-21,Madhya Pradesh,Rural,Female,3,unemployment_rate per 1000 people,
2020-21,Madhya Pradesh,Rural,Overall,11,unemployment_rate per 1000 people,
2020-21,Madhya Pradesh,Urban,Male,49,unemployment_rate per 1000 people,
2020-21,Madhya Pradesh,Urban,Female,41,unemployment_rate per 1000 people,
2020-21,Madhya Pradesh,Urban,Overall,47,unemployment_rate per 1000 people,
2020-21,Maharashtra,Rural,Male,29,unemployment_rate per 1000 people,
2020-21,Maharashtra,Rural,Female,9,unemployment_rate per 1000 people,
2020-21,Maharashtra,Rural,Overall,22,unemployment_rate per 1000 people,
2020-21,Maharashtra,Urban,Male,61,unemployment_rate per 1000 people,
2020-21,Maharashtra,Urban,Female,74,unemployment_rate per 1000 people,
2020-21,Maharashtra,Urban,Overall,65,unemployment_rate per 1000 people,
2020-21,Manipur,Rural,Male,38,unemployment_rate per 1000 people,
2020-21,Manipur,Rural,Female,38,unemployment_rate per 1000 people,
2020-21,Manipur,Rural,Overall,38,unemployment_rate per 1000 people,
2020-21,Manipur,Urban,Male,102,unemployment_rate per 1000 people,
2020-21,Manipur,Urban,Female,93,unemployment_rate per 1000 people,
2020-21,Manipur,Urban,Overall,99,unemployment_rate per 1000 people,
2020-21,Meghalaya,Rural,Male,7,unemployment_rate per 1000 people,
2020-21,Meghalaya,Rural,Female,5,unemployment_rate per 1000 people,
2020-21,Meghalaya,Rural,Overall,7,unemployment_rate per 1000 people,
2020-21,Meghalaya,Urban,Male,49,unemployment_rate per 1000 people,
2020-21,Meghalaya,Urban,Female,110,unemployment_rate per 1000 people,
2020-21,Meghalaya,Urban,Overall,71,unemployment_rate per 1000 people,
2020-21,Mizoram,Rural,Male,25,unemployment_rate per 1000 people,
2020-21,Mizoram,Rural,Female,32,unemployment_rate per 1000 people,
2020-21,Mizoram,Rural,Overall,27,unemployment_rate per 1000 people,
2020-21,Mizoram,Urban,Male,46,unemployment_rate per 1000 people,
2020-21,Mizoram,Urban,Female,42,unemployment_rate per 1000 people,
2020-21,Mizoram,Urban,Overall,44,unemployment_rate per 1000 people,
2020-21,Nagaland,Rural,Male,187,unemployment_rate per 1000 people,
2020-21,Nagaland,Rural,Female,166,unemployment_rate per 1000 people,
2020-21,Nagaland,Rural,Overall,178,unemployment_rate per 1000 people,
2020-21,Nagaland,Urban,Male,205,unemployment_rate per 1000 people,
2020-21,Nagaland,Urban,Female,318,unemployment_rate per 1000 people,
2020-21,Nagaland,Urban,Overall,240,unemployment_rate per 1000 people,
2020-21,Odisha,Rural,Male,61,unemployment_rate per 1000 people,
2020-21,Odisha,Rural,Female,23,unemployment_rate per 1000 people,
2020-21,Odisha,Rural,Overall,50,unemployment_rate per 1000 people,
2020-21,Odisha,Urban,Male,76,unemployment_rate per 1000 people,
2020-21,Odisha,Urban,Female,86,unemployment_rate per 1000 people,
2020-21,Odisha,Urban,Overall,78,unemployment_rate per 1000 people,
2020-21,Puducherry,Rural,Male,45,unemployment_rate per 1000 people,
2020-21,Puducherry,Rural,Female,94,unemployment_rate per 1000 people,
2020-21,Puducherry,Rural,Overall,60,unemployment_rate per 1000 people,
2020-21,Puducherry,Urban,Male,72,unemployment_rate per 1000 people,
2020-21,Puducherry,Urban,Female,73,unemployment_rate per 1000 people,
2020-21,Puducherry,Urban,Overall,72,unemployment_rate per 1000 people,
2020-21,Punjab,Rural,Male,58,unemployment_rate per 1000 people,
2020-21,Punjab,Rural,Female,74,unemployment_rate per 1000 people,
2020-21,Punjab,Rural,Overall,62,unemployment_rate per 1000 people,
2020-21,Punjab,Urban,Male,50,unemployment_rate per 1000 people,
2020-21,Punjab,Urban,Female,103,unemployment_rate per 1000 people,
2020-21,Punjab,Urban,Overall,61,unemployment_rate per 1000 people,
2020-21,Rajasthan,Rural,Male,52,unemployment_rate per 1000 people,
2020-21,Rajasthan,Rural,Female,9,unemployment_rate per 1000 people,
2020-21,Rajasthan,Rural,Overall,36,unemployment_rate per 1000 people,
2020-21,Rajasthan,Urban,Male,93,unemployment_rate per 1000 people,
2020-21,Rajasthan,Urban,Female,141,unemployment_rate per 1000 people,
2020-21,Rajasthan,Urban,Overall,102,unemployment_rate per 1000 people,
2020-21,Sikkim,Rural,Male,7,unemployment_rate per 1000 people,
2020-21,Sikkim,Rural,Female,4,unemployment_rate per 1000 people,
2020-21,Sikkim,Rural,Overall,5,unemployment_rate per 1000 people,
2020-21,Sikkim,Urban,Male,28,unemployment_rate per 1000 people,
2020-21,Sikkim,Urban,Female,35,unemployment_rate per 1000 people,
2020-21,Sikkim,Urban,Overall,30,unemployment_rate per 1000 people,
2020-21,Tamil Nadu,Rural,Male,54,unemployment_rate per 1000 people,
2020-21,Tamil Nadu,Rural,Female,38,unemployment_rate per 1000 people,
2020-21,Tamil Nadu,Rural,Overall,48,unemployment_rate per 1000 people,
2020-21,Tamil Nadu,Urban,Male,51,unemployment_rate per 1000 people,
2020-21,Tamil Nadu,Urban,Female,75,unemployment_rate per 1000 people,
2020-21,Tamil Nadu,Urban,Overall,58,unemployment_rate per 1000 people,
2020-21,Telangana,Rural,Male,43,unemployment_rate per 1000 people,
2020-21,Telangana,Rural,Female,22,unemployment_rate per 1000 people,
2020-21,Telangana,Rural,Overall,34,unemployment_rate per 1000 people,
2020-21,Telangana,Urban,Male,65,unemployment_rate per 1000 people,
2020-21,Telangana,Urban,Female,111,unemployment_rate per 1000 people,
2020-21,Telangana,Urban,Overall,77,unemployment_rate per 1000 people,
2020-21,Tripura,Rural,Male,32,unemployment_rate per 1000 people,
2020-21,Tripura,Rural,Female,23,unemployment_rate per 1000 people,
2020-21,Tripura,Rural,Overall,29,unemployment_rate per 1000 people,
2020-21,Tripura,Urban,Male,43,unemployment_rate per 1000 people,
2020-21,Tripura,Urban,Female,57,unemployment_rate per 1000 people,
2020-21,Tripura,Urban,Overall,46,unemployment_rate per 1000 people,
2020-21,Uttar Pradesh,Rural,Male,38,unemployment_rate per 1000 people,
2020-21,Uttar Pradesh,Rural,Female,15,unemployment_rate per 1000 people,
2020-21,Uttar Pradesh,Rural,Overall,32,unemployment_rate per 1000 people,
2020-21,Uttar Pradesh,Urban,Male,72,unemployment_rate per 1000 people,
2020-21,Uttar Pradesh,Urban,Female,131,unemployment_rate per 1000 people,
2020-21,Uttar Pradesh,Urban,Overall,80,unemployment_rate per 1000 people,
2020-21,Uttarakhand,Rural,Male,66,unemployment_rate per 1000 people,
2020-21,Uttarakhand,Rural,Female,33,unemployment_rate per 1000 people,
2020-21,Uttarakhand,Rural,Overall,55,unemployment_rate per 1000 people,
2020-21,Uttarakhand,Urban,Male,100,unemployment_rate per 1000 people,
2020-21,Uttarakhand,Urban,Female,125,unemployment_rate per 1000 people,
2020-21,Uttarakhand,Urban,Overall,105,unemployment_rate per 1000 people,
2020-21,West Bengal,Rural,Male,37,unemployment_rate per 1000 people,
2020-21,West Bengal,Rural,Female,17,unemployment_rate per 1000 people,
2020-21,West Bengal,Rural,Overall,32,unemployment_rate per 1000 people,
2020-21,West Bengal,Urban,Male,46,unemployment_rate per 1000 people,
2020-21,West Bengal,Urban,Female,35,unemployment_rate per 1000 people,
2020-21,West Bengal,Urban,Overall,44,unemployment_rate per 1000 people,
2019-20,All India,Rural,Male,45,unemployment_rate per 1000 people,
2019-20,All India,Rural,Female,26,unemployment_rate per 1000 people,
2019-20,All India,Rural,Overall,40,unemployment_rate per 1000 people,
2019-20,All India,Urban,Male,64,unemployment_rate per 1000 people,
2019-20,All India,Urban,Female,89,unemployment_rate per 1000 people,
2019-20,All India,Urban,Overall,70,unemployment_rate per 1000 people,
2019-20,Andaman and Nicobar Islands,Rural,Male,63,unemployment_rate per 1000 people,
2019-20,Andaman and Nicobar Islands,Rural,Female,265,unemployment_rate per 1000 people,
2019-20,Andaman and Nicobar Islands,Rural,Overall,127,unemployment_rate per 1000 people,
2019-20,Andaman and Nicobar Islands,Urban,Male,63,unemployment_rate per 1000 people,
2019-20,Andaman and Nicobar Islands,Urban,Female,286,unemployment_rate per 1000 people,
2019-20,Andaman and Nicobar Islands,Urban,Overall,124,unemployment_rate per 1000 people,
2019-20,Andhra Pradesh,Rural,Male,44,unemployment_rate per 1000 people,
2019-20,Andhra Pradesh,Rural,Female,30,unemployment_rate per 1000 people,
2019-20,Andhra Pradesh,Rural,Overall,39,unemployment_rate per 1000 people,
2019-20,Andhra Pradesh,Urban,Male,63,unemployment_rate per 1000 people,
2019-20,Andhra Pradesh,Urban,Female,78,unemployment_rate per 1000 people,
2019-20,Andhra Pradesh,Urban,Overall,67,unemployment_rate per 1000 people,
2019-20,Arunachal Pradesh,Rural,Male,54,unemployment_rate per 1000 people,
2019-20,Arunachal Pradesh,Rural,Female,92,unemployment_rate per 1000 people,
2019-20,Arunachal Pradesh,Rural,Overall,63,unemployment_rate per 1000 people,
2019-20,Arunachal Pradesh,Urban,Male,84,unemployment_rate per 1000 people,
2019-20,Arunachal Pradesh,Urban,Female,114,unemployment_rate per 1000 people,
2019-20,Arunachal Pradesh,Urban,Overall,90,unemployment_rate per 1000 people,
2019-20,Assam,Rural,Male,68,unemployment_rate per 1000 people,
2019-20,Assam,Rural,Female,129,unemployment_rate per 1000 people,
2019-20,Assam,Rural,Overall,78,unemployment_rate per 1000 people,
2019-20,Assam,Urban,Male,63,unemployment_rate per 1000 people,
2019-20,Assam,Urban,Female,183,unemployment_rate per 1000 people,
2019-20,Assam,Urban,Overall,87,unemployment_rate per 1000 people,
2019-20,Bihar,Rural,Male,54,unemployment_rate per 1000 people,
2019-20,Bihar,Rural,Female,5,unemployment_rate per 1000 people,
2019-20,Bihar,Rural,Overall,48,unemployment_rate per 1000 people,
2019-20,Bihar,Urban,Male,81,unemployment_rate per 1000 people,
2019-20,Bihar,Urban,Female,124,unemployment_rate per 1000 people,
2019-20,Bihar,Urban,Overall,86,unemployment_rate per 1000 people,
2019-20,Chandigarh,Rural,Male,31,unemployment_rate per 1000 people,
2019-20,Chandigarh,Rural,Female,365,unemployment_rate per 1000 people,
2019-20,Chandigarh,Rural,Overall,99,unemployment_rate per 1000 people,
2019-20,Chandigarh,Urban,Male,61,unemployment_rate per 1000 people,
2019-20,Chandigarh,Urban,Female,60,unemployment_rate per 1000 people,
2019-20,Chandigarh,Urban,Overall,61,unemployment_rate per 1000 people,
2019-20,Chhattisgarh,Rural,Male,32,unemployment_rate per 1000 people,
2019-20,Chhattisgarh,Rural,Female,11,unemployment_rate per 1000 people,
2019-20,Chhattisgarh,Rural,Overall,23,unemployment_rate per 1000 people,
2019-20,Chhattisgarh,Urban,Male,86,unemployment_rate per 1000 people,
2019-20,Chhattisgarh,Urban,Female,94,unemployment_rate per 1000 people,
2019-20,Chhattisgarh,Urban,Overall,88,unemployment_rate per 1000 people,
2019-20,Dadra and Nagar Haveli,Rural,Male,17,unemployment_rate per 1000 people,
2019-20,Dadra and Nagar Haveli,Rural,Female,0,unemployment_rate per 1000 people,
2019-20,Dadra and Nagar Haveli,Rural,Overall,10,unemployment_rate per 1000 people,
2019-20,Dadra and Nagar Haveli,Urban,Male,57,unemployment_rate per 1000 people,
2019-20,Dadra and Nagar Haveli,Urban,Female,3,unemployment_rate per 1000 people,
2019-20,Dadra and Nagar Haveli,Urban,Overall,50,unemployment_rate per 1000 people,
2019-20,Daman and Diu,Rural,Male,43,unemployment_rate per 1000 people,
2019-20,Daman and Diu,Rural,Female,0,unemployment_rate per 1000 people,
2019-20,Daman and Diu,Rural,Overall,32,unemployment_rate per 1000 people,
2019-20,Daman and Diu,Urban,Male,26,unemployment_rate per 1000 people,
2019-20,Daman and Diu,Urban,Female,34,unemployment_rate per 1000 people,
2019-20,Daman and Diu,Urban,Overall,28,unemployment_rate per 1000 people,
2019-20,Delhi,Rural,Male,25,unemployment_rate per 1000 people,
2019-20,Delhi,Rural,Female,0,unemployment_rate per 1000 people,
2019-20,Delhi,Rural,Overall,20,unemployment_rate per 1000 people,
2019-20,Delhi,Urban,Male,87,unemployment_rate per 1000 people,
2019-20,Delhi,Urban,Female,102,unemployment_rate per 1000 people,
2019-20,Delhi,Urban,Overall,89,unemployment_rate per 1000 people,
2019-20,Goa,Rural,Male,57,unemployment_rate per 1000 people,
2019-20,Goa,Rural,Female,125,unemployment_rate per 1000 people,
2019-20,Goa,Rural,Overall,76,unemployment_rate per 1000 people,
2019-20,Goa,Urban,Male,71,unemployment_rate per 1000 people,
2019-20,Goa,Urban,Female,116,unemployment_rate per 1000 people,
2019-20,Goa,Urban,Overall,84,unemployment_rate per 1000 people,
2019-20,Gujarat,Rural,Male,20,unemployment_rate per 1000 people,
2019-20,Gujarat,Rural,Female,1,unemployment_rate per 1000 people,
2019-20,Gujarat,Rural,Overall,14,unemployment_rate per 1000 people,
2019-20,Gujarat,Urban,Male,29,unemployment_rate per 1000 people,
2019-20,Gujarat,Urban,Female,34,unemployment_rate per 1000 people,
2019-20,Gujarat,Urban,Overall,30,unemployment_rate per 1000 people,
2019-20,Haryana,Rural,Male,68,unemployment_rate per 1000 people,
2019-20,Haryana,Rural,Female,49,unemployment_rate per 1000 people,
2019-20,Haryana,Rural,Overall,65,unemployment_rate per 1000 people,
2019-20,Haryana,Urban,Male,60,unemployment_rate per 1000 people,
2019-20,Haryana,Urban,Female,84,unemployment_rate per 1000 people,
2019-20,Haryana,Urban,Overall,65,unemployment_rate per 1000 people,
2019-20,Himachal Pradesh,Rural,Male,44,unemployment_rate per 1000 people,
2019-20,Himachal Pradesh,Rural,Female,23,unemployment_rate per 1000 people,
2019-20,Himachal Pradesh,Rural,Overall,34,unemployment_rate per 1000 people,
2019-20,Himachal Pradesh,Urban,Male,41,unemployment_rate per 1000 people,
2019-20,Himachal Pradesh,Urban,Female,97,unemployment_rate per 1000 people,
2019-20,Himachal Pradesh,Urban,Overall,59,unemployment_rate per 1000 people,
2019-20,Jammu and Kashmir,Rural,Male,35,unemployment_rate per 1000 people,
2019-20,Jammu and Kashmir,Rural,Female,84,unemployment_rate per 1000 people,
2019-20,Jammu and Kashmir,Rural,Overall,52,unemployment_rate per 1000 people,
2019-20,Jammu and Kashmir,Urban,Male,72,unemployment_rate per 1000 people,
2019-20,Jammu and Kashmir,Urban,Female,299,unemployment_rate per 1000 people,
2019-20,Jammu and Kashmir,Urban,Overall,132,unemployment_rate per 1000 people,
2019-20,Jharkhand,Rural,Male,45,unemployment_rate per 1000 people,
2019-20,Jharkhand,Rural,Female,4,unemployment_rate per 1000 people,
2019-20,Jharkhand,Rural,Overall,30,unemployment_rate per 1000 people,
2019-20,Jharkhand,Urban,Male,96,unemployment_rate per 1000 people,
2019-20,Jharkhand,Urban,Female,95,unemployment_rate per 1000 people,
2019-20,Jharkhand,Urban,Overall,96,unemployment_rate per 1000 people,
2019-20,Karnataka,Rural,Male,30,unemployment_rate per 1000 people,
2019-20,Karnataka,Rural,Female,22,unemployment_rate per 1000 people,
2019-20,Karnataka,Rural,Overall,27,unemployment_rate per 1000 people,
2019-20,Karnataka,Urban,Male,39,unemployment_rate per 1000 people,
2019-20,Karnataka,Urban,Female,154,unemployment_rate per 1000 people,
2019-20,Karnataka,Urban,Overall,68,unemployment_rate per 1000 people,
2019-20,Kerala,Rural,Male,73,unemployment_rate per 1000 people,
2019-20,Kerala,Rural,Female,138,unemployment_rate per 1000 people,
2019-20,Kerala,Rural,Overall,97,unemployment_rate per 1000 people,
2019-20,Kerala,Urban,Male,75,unemployment_rate per 1000 people,
2019-20,Kerala,Urban,Female,167,unemployment_rate per 1000 people,
2019-20,Kerala,Urban,Overall,104,unemployment_rate per 1000 people,
2019-20,Ladakh,Rural,Male,0,unemployment_rate per 1000 people,
2019-20,Ladakh,Rural,Female,0,unemployment_rate per 1000 people,
2019-20,Ladakh,Rural,Overall,0,unemployment_rate per 1000 people,
2019-20,Ladakh,Urban,Male,15,unemployment_rate per 1000 people,
2019-20,Ladakh,Urban,Female,0,unemployment_rate per 1000 people,
2019-20,Ladakh,Urban,Overall,10,unemployment_rate per 1000 people,
2019-20,Lakshadweep,Rural,Male,7,unemployment_rate per 1000 people,
2019-20,Lakshadweep,Rural,Female,367,unemployment_rate per 1000 people,
2019-20,Lakshadweep,Rural,Overall,107,unemployment_rate per 1000 people,
2019-20,Lakshadweep,Urban,Male,139,unemployment_rate per 1000 people,
2019-20,Lakshadweep,Urban,Female,170,unemployment_rate per 1000 people,
2019-20,Lakshadweep,Urban,Overall,147,unemployment_rate per 1000 people,
2019-20,Madhya Pradesh,Rural,Male,23,unemployment_rate per 1000 people,
2019-20,Madhya Pradesh,Rural,Female,5,unemployment_rate per 1000 people,
2019-20,Madhya Pradesh,Rural,Overall,17,unemployment_rate per 1000 people,
2019-20,Madhya Pradesh,Urban,Male,74,unemployment_rate per 1000 people,
2019-20,Madhya Pradesh,Urban,Female,55,unemployment_rate per 1000 people,
2019-20,Madhya Pradesh,Urban,Overall,70,unemployment_rate per 1000 people,
2019-20,Maharashtra,Rural,Male,32,unemployment_rate per 1000 people,
2019-20,Maharashtra,Rural,Female,11,unemployment_rate per 1000 people,
2019-20,Maharashtra,Rural,Overall,25,unemployment_rate per 1000 people,
2019-20,Maharashtra,Urban,Male,40,unemployment_rate per 1000 people,
2019-20,Maharashtra,Urban,Female,56,unemployment_rate per 1000 people,
2019-20,Maharashtra,Urban,Overall,44,unemployment_rate per 1000 people,
2019-20,Manipur,Rural,Male,84,unemployment_rate per 1000 people,
2019-20,Manipur,Rural,Female,123,unemployment_rate per 1000 people,
2019-20,Manipur,Rural,Overall,95,unemployment_rate per 1000 people,
2019-20,Manipur,Urban,Male,110,unemployment_rate per 1000 people,
2019-20,Manipur,Urban,Female,88,unemployment_rate per 1000 people,
2019-20,Manipur,Urban,Overall,102,unemployment_rate per 1000 people,
2019-20,Meghalaya,Rural,Male,10,unemployment_rate per 1000 people,
2019-20,Meghalaya,Rural,Female,14,unemployment_rate per 1000 people,
2019-20,Meghalaya,Rural,Overall,11,unemployment_rate per 1000 people,
2019-20,Meghalaya,Urban,Male,75,unemployment_rate per 1000 people,
2019-20,Meghalaya,Urban,Female,183,unemployment_rate per 1000 people,
2019-20,Meghalaya,Urban,Overall,109,unemployment_rate per 1000 people,
2019-20,Mizoram,Rural,Male,48,unemployment_rate per 1000 people,
2019-20,Mizoram,Rural,Female,28,unemployment_rate per 1000 people,
2019-20,Mizoram,Rural,Overall,42,unemployment_rate per 1000 people,
2019-20,Mizoram,Urban,Male,71,unemployment_rate per 1000 people,
2019-20,Mizoram,Urban,Female,88,unemployment_rate per 1000 people,
2019-20,Mizoram,Urban,Overall,77,unemployment_rate per 1000 people,
2019-20,Nagaland,Rural,Male,252,unemployment_rate per 1000 people,
2019-20,Nagaland,Rural,Female,269,unemployment_rate per 1000 people,
2019-20,Nagaland,Rural,Overall,258,unemployment_rate per 1000 people,
2019-20,Nagaland,Urban,Male,234,unemployment_rate per 1000 people,
2019-20,Nagaland,Urban,Female,309,unemployment_rate per 1000 people,
2019-20,Nagaland,Urban,Overall,257,unemployment_rate per 1000 people,
2019-20,Odisha,Rural,Male,73,unemployment_rate per 1000 people,
2019-20,Odisha,Rural,Female,36,unemployment_rate per 1000 people,
2019-20,Odisha,Rural,Overall,61,unemployment_rate per 1000 people,
2019-20,Odisha,Urban,Male,76,unemployment_rate per 1000 people,
2019-20,Odisha,Urban,Female,80,unemployment_rate per 1000 people,
2019-20,Odisha,Urban,Overall,77,unemployment_rate per 1000 people,
2019-20,Puducherry,Rural,Male,68,unemployment_rate per 1000 people,
2019-20,Puducherry,Rural,Female,92,unemployment_rate per 1000 people,
2019-20,Puducherry,Rural,Overall,76,unemployment_rate per 1000 people,
2019-20,Puducherry,Urban,Male,62,unemployment_rate per 1000 people,
2019-20,Puducherry,Urban,Female,110,unemployment_rate per 1000 people,
2019-20,Puducherry,Urban,Overall,76,unemployment_rate per 1000 people,
2019-20,Punjab,Rural,Male,74,unemployment_rate per 1000 people,
2019-20,Punjab,Rural,Female,64,unemployment_rate per 1000 people,
2019-20,Punjab,Rural,Overall,72,unemployment_rate per 1000 people,
2019-20,Punjab,Urban,Male,66,unemployment_rate per 1000 people,
2019-20,Punjab,Urban,Female,116,unemployment_rate per 1000 people,
2019-20,Punjab,Urban,Overall,77,unemployment_rate per 1000 people,
2019-20,Rajasthan,Rural,Male,41,unemployment_rate per 1000 people,
2019-20,Rajasthan,Rural,Female,18,unemployment_rate per 1000 people,
2019-20,Rajasthan,Rural,Overall,32,unemployment_rate per 1000 people,
2019-20,Rajasthan,Urban,Male,94,unemployment_rate per 1000 people,
2019-20,Rajasthan,Urban,Female,74,unemployment_rate per 1000 people,
2019-20,Rajasthan,Urban,Overall,90,unemployment_rate per 1000 people,
2019-20,Sikkim,Rural,Male,25,unemployment_rate per 1000 people,
2019-20,Sikkim,Rural,Female,14,unemployment_rate per 1000 people,
2019-20,Sikkim,Rural,Overall,20,unemployment_rate per 1000 people,
2019-20,Sikkim,Urban,Male,28,unemployment_rate per 1000 people,
2019-20,Sikkim,Urban,Female,30,unemployment_rate per 1000 people,
2019-20,Sikkim,Urban,Overall,29,unemployment_rate per 1000 people,
2019-20,Tamil Nadu,Rural,Male,60,unemployment_rate per 1000 people,
2019-20,Tamil Nadu,Rural,Female,34,unemployment_rate per 1000 people,
2019-20,Tamil Nadu,Rural,Overall,50,unemployment_rate per 1000 people,
2019-20,Tamil Nadu,Urban,Male,53,unemployment_rate per 1000 people,
2019-20,Tamil Nadu,Urban,Female,69,unemployment_rate per 1000 people,
2019-20,Tamil Nadu,Urban,Overall,58,unemployment_rate per 1000 people,
2019-20,Telangana,Rural,Male,63,unemployment_rate per 1000 people,
2019-20,Telangana,Rural,Female,37,unemployment_rate per 1000 people,
2019-20,Telangana,Rural,Overall,52,unemployment_rate per 1000 people,
2019-20,Telangana,Urban,Male,97,unemployment_rate per 1000 people,
2019-20,Telangana,Urban,Female,120,unemployment_rate per 1000 people,
2019-20,Telangana,Urban,Overall,103,unemployment_rate per 1000 people,
2019-20,Tripura,Rural,Male,30,unemployment_rate per 1000 people,
2019-20,Tripura,Rural,Female,25,unemployment_rate per 1000 people,
2019-20,Tripura,Rural,Overall,28,unemployment_rate per 1000 people,
2019-20,Tripura,Urban,Male,47,unemployment_rate per 1000 people,
2019-20,Tripura,Urban,Female,42,unemployment_rate per 1000 people,
2019-20,Tripura,Urban,Overall,46,unemployment_rate per 1000 people,
2019-20,Uttar Pradesh,Rural,Male,38,unemployment_rate per 1000 people,
2019-20,Uttar Pradesh,Rural,Female,11,unemployment_rate per 1000 people,
2019-20,Uttar Pradesh,Rural,Overall,32,unemployment_rate per 1000 people,
2019-20,Uttar Pradesh,Urban,Male,85,unemployment_rate per 1000 people,
2019-20,Uttar Pradesh,Urban,Female,102,unemployment_rate per 1000 people,
2019-20,Uttar Pradesh,Urban,Overall,88,unemployment_rate per 1000 people,
2019-20,Uttarakhand,Rural,Male,78,unemployment_rate per 1000 people,
2019-20,Uttarakhand,Rural,Female,39,unemployment_rate per 1000 people,
2019-20,Uttarakhand,Rural,Overall,65,unemployment_rate per 1000 people,
2019-20,Uttarakhand,Urban,Male,76,unemployment_rate per 1000 people,
2019-20,Uttarakhand,Urban,Female,155,unemployment_rate per 1000 people,
2019-20,Uttarakhand,Urban,Overall,91,unemployment_rate per 1000 people,
2019-20,West Bengal,Rural,Male,48,unemployment_rate per 1000 people,
2019-20,West Bengal,Rural,Female,28,unemployment_rate per 1000 people,
2019-20,West Bengal,Rural,Overall,44,unemployment_rate per 1000 people,
2019-20,West Bengal,Urban,Male,53,unemployment_rate per 1000 people,
2019-20,West Bengal,Urban,Female,49,unemployment_rate per 1000 people,
2019-20,West Bengal,Urban,Overall,52,unemployment_rate per 1000 people,
2018-19,All India,Rural,Male,56,unemployment_rate per 1000 people,
2018-19,All India,Rural,Female,35,unemployment_rate per 1000 people,
2018-19,All India,Rural,Overall,50,unemployment_rate per 1000 people,
2018-19,All India,Urban,Male,71,unemployment_rate per 1000 people,
2018-19,All India,Urban,Female,99,unemployment_rate per 1000 people,
2018-19,All India,Urban,Overall,77,unemployment_rate per 1000 people,
2018-19,Andaman and Nicobar Islands,Rural,Male,67,unemployment_rate per 1000 people,
2018-19,Andaman and Nicobar Islands,Rural,Female,342,unemployment_rate per 1000 people,
2018-19,Andaman and Nicobar Islands,Rural,Overall,146,unemployment_rate per 1000 people,
2018-19,Andaman and Nicobar Islands,Urban,Male,35,unemployment_rate per 1000 people,
2018-19,Andaman and Nicobar Islands,Urban,Female,382,unemployment_rate per 1000 people,
2018-19,Andaman and Nicobar Islands,Urban,Overall,120,unemployment_rate per 1000 people,
2018-19,Andhra Pradesh,Rural,Male,49,unemployment_rate per 1000 people,
2018-19,Andhra Pradesh,Rural,Female,39,unemployment_rate per 1000 people,
2018-19,Andhra Pradesh,Rural,Overall,45,unemployment_rate per 1000 people,
2018-19,Andhra Pradesh,Urban,Male,62,unemployment_rate per 1000 people,
2018-19,Andhra Pradesh,Urban,Female,102,unemployment_rate per 1000 people,
2018-19,Andhra Pradesh,Urban,Overall,73,unemployment_rate per 1000 people,
2018-19,Arunachal Pradesh,Rural,Male,61,unemployment_rate per 1000 people,
2018-19,Arunachal Pradesh,Rural,Female,127,unemployment_rate per 1000 people,
2018-19,Arunachal Pradesh,Rural,Overall,73,unemployment_rate per 1000 people,
2018-19,Arunachal Pradesh,Urban,Male,74,unemployment_rate per 1000 people,
2018-19,Arunachal Pradesh,Urban,Female,290,unemployment_rate per 1000 people,
2018-19,Arunachal Pradesh,Urban,Overall,111,unemployment_rate per 1000 people,
2018-19,Assam,Rural,Male,62,unemployment_rate per 1000 people,
2018-19,Assam,Rural,Female,68,unemployment_rate per 1000 people,
2018-19,Assam,Rural,Overall,63,unemployment_rate per 1000 people,
2018-19,Assam,Urban,Male,99,unemployment_rate per 1000 people,
2018-19,Assam,Urban,Female,155,unemployment_rate per 1000 people,
2018-19,Assam,Urban,Overall,107,unemployment_rate per 1000 people,
2018-19,Bihar,Rural,Male,106,unemployment_rate per 1000 people,
2018-19,Bihar,Rural,Female,17,unemployment_rate per 1000 people,
2018-19,Bihar,Rural,Overall,102,unemployment_rate per 1000 people,
2018-19,Bihar,Urban,Male,104,unemployment_rate per 1000 people,
2018-19,Bihar,Urban,Female,123,unemployment_rate per 1000 people,
2018-19,Bihar,Urban,Overall,105,unemployment_rate per 1000 people,
2018-19,Chandigarh,Rural,Male,0,unemployment_rate per 1000 people,
2018-19,Chandigarh,Rural,Female,91,unemployment_rate per 1000 people,
2018-19,Chandigarh,Rural,Overall,16,unemployment_rate per 1000 people,
2018-19,Chandigarh,Urban,Male,77,unemployment_rate per 1000 people,
2018-19,Chandigarh,Urban,Female,97,unemployment_rate per 1000 people,
2018-19,Chandigarh,Urban,Overall,82,unemployment_rate per 1000 people,
2018-19,Chhattisgarh,Rural,Male,26,unemployment_rate per 1000 people,
2018-19,Chhattisgarh,Rural,Female,7,unemployment_rate per 1000 people,
2018-19,Chhattisgarh,Rural,Overall,18,unemployment_rate per 1000 people,
2018-19,Chhattisgarh,Urban,Male,46,unemployment_rate per 1000 people,
2018-19,Chhattisgarh,Urban,Female,78,unemployment_rate per 1000 people,
2018-19,Chhattisgarh,Urban,Overall,55,unemployment_rate per 1000 people,
2018-19,Dadra and Nagar Haveli,Rural,Male,18,unemployment_rate per 1000 people,
2018-19,Dadra and Nagar Haveli,Rural,Female,0,unemployment_rate per 1000 people,
2018-19,Dadra and Nagar Haveli,Rural,Overall,11,unemployment_rate per 1000 people,
2018-19,Dadra and Nagar Haveli,Urban,Male,13,unemployment_rate per 1000 people,
2018-19,Dadra and Nagar Haveli,Urban,Female,54,unemployment_rate per 1000 people,
2018-19,Dadra and Nagar Haveli,Urban,Overall,18,unemployment_rate per 1000 people,
2018-19,Daman and Diu,Rural,Male,0,unemployment_rate per 1000 people,
2018-19,Daman and Diu,Rural,Female,0,unemployment_rate per 1000 people,
2018-19,Daman and Diu,Rural,Overall,0,unemployment_rate per 1000 people,
2018-19,Daman and Diu,Urban,Male,0,unemployment_rate per 1000 people,
2018-19,Daman and Diu,Urban,Female,0,unemployment_rate per 1000 people,
2018-19,Daman and Diu,Urban,Overall,0,unemployment_rate per 1000 people,
2018-19,Delhi,Rural,Male,6,unemployment_rate per 1000 people,
2018-19,Delhi,Rural,Female,0,unemployment_rate per 1000 people,
2018-19,Delhi,Rural,Overall,5,unemployment_rate per 1000 people,
2018-19,Delhi,Urban,Male,109,unemployment_rate per 1000 people,
2018-19,Delhi,Urban,Female,99,unemployment_rate per 1000 people,
2018-19,Delhi,Urban,Overall,108,unemployment_rate per 1000 people,
2018-19,Goa,Rural,Male,24,unemployment_rate per 1000 people,
2018-19,Goa,Rural,Female,197,unemployment_rate per 1000 people,
2018-19,Goa,Rural,Overall,80,unemployment_rate per 1000 people,
2018-19,Goa,Urban,Male,69,unemployment_rate per 1000 people,
2018-19,Goa,Urban,Female,144,unemployment_rate per 1000 people,
2018-19,Goa,Urban,Overall,91,unemployment_rate per 1000 people,
2018-19,Gujarat,Rural,Male,38,unemployment_rate per 1000 people,
2018-19,Gujarat,Rural,Female,18,unemployment_rate per 1000 people,
2018-19,Gujarat,Rural,Overall,33,unemployment_rate per 1000 people,
2018-19,Gujarat,Urban,Male,34,unemployment_rate per 1000 people,
2018-19,Gujarat,Urban,Female,25,unemployment_rate per 1000 people,
2018-19,Gujarat,Urban,Overall,32,unemployment_rate per 1000 people,
2018-19,Haryana,Rural,Male,100,unemployment_rate per 1000 people,
2018-19,Haryana,Rural,Female,67,unemployment_rate per 1000 people,
2018-19,Haryana,Rural,Overall,95,unemployment_rate per 1000 people,
2018-19,Haryana,Urban,Male,86,unemployment_rate per 1000 people,
2018-19,Haryana,Urban,Female,89,unemployment_rate per 1000 people,
2018-19,Haryana,Urban,Overall,87,unemployment_rate per 1000 people,
2018-19,Himachal Pradesh,Rural,Male,53,unemployment_rate per 1000 people,
2018-19,Himachal Pradesh,Rural,Female,43,unemployment_rate per 1000 people,
2018-19,Himachal Pradesh,Rural,Overall,48,unemployment_rate per 1000 people,
2018-19,Himachal Pradesh,Urban,Male,65,unemployment_rate per 1000 people,
2018-19,Himachal Pradesh,Urban,Female,149,unemployment_rate per 1000 people,
2018-19,Himachal Pradesh,Urban,Overall,88,unemployment_rate per 1000 people,
2018-19,Jammu and Kashmir,Rural,Male,29,unemployment_rate per 1000 people,
2018-19,Jammu and Kashmir,Rural,Female,60,unemployment_rate per 1000 people,
2018-19,Jammu and Kashmir,Rural,Overall,39,unemployment_rate per 1000 people,
2018-19,Jammu and Kashmir,Urban,Male,56,unemployment_rate per 1000 people,
2018-19,Jammu and Kashmir,Urban,Female,272,unemployment_rate per 1000 people,
2018-19,Jammu and Kashmir,Urban,Overall,101,unemployment_rate per 1000 people,
2018-19,Jharkhand,Rural,Male,58,unemployment_rate per 1000 people,
2018-19,Jharkhand,Rural,Female,6,unemployment_rate per 1000 people,
2018-19,Jharkhand,Rural,Overall,45,unemployment_rate per 1000 people,
2018-19,Jharkhand,Urban,Male,87,unemployment_rate per 1000 people,
2018-19,Jharkhand,Urban,Female,84,unemployment_rate per 1000 people,
2018-19,Jharkhand,Urban,Overall,87,unemployment_rate per 1000 people,
2018-19,Karnataka,Rural,Male,32,unemployment_rate per 1000 people,
2018-19,Karnataka,Rural,Female,14,unemployment_rate per 1000 people,
2018-19,Karnataka,Rural,Overall,27,unemployment_rate per 1000 people,
2018-19,Karnataka,Urban,Male,50,unemployment_rate per 1000 people,
2018-19,Karnataka,Urban,Female,61,unemployment_rate per 1000 people,
2018-19,Karnataka,Urban,Overall,52,unemployment_rate per 1000 people,
2018-19,Kerala,Rural,Male,47,unemployment_rate per 1000 people,
2018-19,Kerala,Rural,Female,156,unemployment_rate per 1000 people,
2018-19,Kerala,Rural,Overall,84,unemployment_rate per 1000 people,
2018-19,Kerala,Urban,Male,52,unemployment_rate per 1000 people,
2018-19,Kerala,Urban,Female,188,unemployment_rate per 1000 people,
2018-19,Kerala,Urban,Overall,97,unemployment_rate per 1000 people,
2018-19,Ladakh,Rural,Male,,unemployment_rate per 1000 people,
2018-19,Ladakh,Rural,Female,,unemployment_rate per 1000 people,
2018-19,Ladakh,Rural,Overall,,unemployment_rate per 1000 people,
2018-19,Ladakh,Urban,Male,,unemployment_rate per 1000 people,
2018-19,Ladakh,Urban,Female,,unemployment_rate per 1000 people,
2018-19,Ladakh,Urban,Overall,,unemployment_rate per 1000 people,
2018-19,Lakshadweep,Rural,Male,392,unemployment_rate per 1000 people,
2018-19,Lakshadweep,Rural,Female,456,unemployment_rate per 1000 people,
2018-19,Lakshadweep,Rural,Overall,400,unemployment_rate per 1000 people,
2018-19,Lakshadweep,Urban,Male,218,unemployment_rate per 1000 people,
2018-19,Lakshadweep,Urban,Female,487,unemployment_rate per 1000 people,
2018-19,Lakshadweep,Urban,Overall,286,unemployment_rate per 1000 people,
2018-19,Madhya Pradesh,Rural,Male,30,unemployment_rate per 1000 people,
2018-19,Madhya Pradesh,Rural,Female,7,unemployment_rate per 1000 people,
2018-19,Madhya Pradesh,Rural,Overall,24,unemployment_rate per 1000 people,
2018-19,Madhya Pradesh,Urban,Male,77,unemployment_rate per 1000 people,
2018-19,Madhya Pradesh,Urban,Female,62,unemployment_rate per 1000 people,
2018-19,Madhya Pradesh,Urban,Overall,74,unemployment_rate per 1000 people,
2018-19,Maharashtra,Rural,Male,46,unemployment_rate per 1000 people,
2018-19,Maharashtra,Rural,Female,33,unemployment_rate per 1000 people,
2018-19,Maharashtra,Rural,Overall,42,unemployment_rate per 1000 people,
2018-19,Maharashtra,Urban,Male,52,unemployment_rate per 1000 people,
2018-19,Maharashtra,Urban,Female,106,unemployment_rate per 1000 people,
2018-19,Maharashtra,Urban,Overall,64,unemployment_rate per 1000 people,
2018-19,Manipur,Rural,Male,77,unemployment_rate per 1000 people,
2018-19,Manipur,Rural,Female,156,unemployment_rate per 1000 people,
2018-19,Manipur,Rural,Overall,98,unemployment_rate per 1000 people,
2018-19,Manipur,Urban,Male,98,unemployment_rate per 1000 people,
2018-19,Manipur,Urban,Female,77,unemployment_rate per 1000 people,
2018-19,Manipur,Urban,Overall,92,unemployment_rate per 1000 people,
2018-19,Meghalaya,Rural,Male,19,unemployment_rate per 1000 people,
2018-19,Meghalaya,Rural,Female,21,unemployment_rate per 1000 people,
2018-19,Meghalaya,Rural,Overall,20,unemployment_rate per 1000 people,
2018-19,Meghalaya,Urban,Male,46,unemployment_rate per 1000 people,
2018-19,Meghalaya,Urban,Female,133,unemployment_rate per 1000 people,
2018-19,Meghalaya,Urban,Overall,75,unemployment_rate per 1000 people,
2018-19,Mizoram,Rural,Male,42,unemployment_rate per 1000 people,
2018-19,Mizoram,Rural,Female,81,unemployment_rate per 1000 people,
2018-19,Mizoram,Rural,Overall,52,unemployment_rate per 1000 people,
2018-19,Mizoram,Urban,Male,74,unemployment_rate per 1000 people,
2018-19,Mizoram,Urban,Female,127,unemployment_rate per 1000 people,
2018-19,Mizoram,Urban,Overall,91,unemployment_rate per 1000 people,
2018-19,Nagaland,Rural,Male,144,unemployment_rate per 1000 people,
2018-19,Nagaland,Rural,Female,214,unemployment_rate per 1000 people,
2018-19,Nagaland,Rural,Overall,162,unemployment_rate per 1000 people,
2018-19,Nagaland,Urban,Male,154,unemployment_rate per 1000 people,
2018-19,Nagaland,Urban,Female,429,unemployment_rate per 1000 people,
2018-19,Nagaland,Urban,Overall,211,unemployment_rate per 1000 people,
2018-19,Odisha,Rural,Male,66,unemployment_rate per 1000 people,
2018-19,Odisha,Rural,Female,42,unemployment_rate per 1000 people,
2018-19,Odisha,Rural,Overall,61,unemployment_rate per 1000 people,
2018-19,Odisha,Urban,Male,101,unemployment_rate per 1000 people,
2018-19,Odisha,Urban,Female,219,unemployment_rate per 1000 people,
2018-19,Odisha,Urban,Overall,127,unemployment_rate per 1000 people,
2018-19,Puducherry,Rural,Male,125,unemployment_rate per 1000 people,
2018-19,Puducherry,Rural,Female,100,unemployment_rate per 1000 people,
2018-19,Puducherry,Rural,Overall,116,unemployment_rate per 1000 people,
2018-19,Puducherry,Urban,Male,63,unemployment_rate per 1000 people,
2018-19,Puducherry,Urban,Female,52,unemployment_rate per 1000 people,
2018-19,Puducherry,Urban,Overall,60,unemployment_rate per 1000 people,
2018-19,Punjab,Rural,Male,76,unemployment_rate per 1000 people,
2018-19,Punjab,Rural,Female,83,unemployment_rate per 1000 people,
2018-19,Punjab,Rural,Overall,77,unemployment_rate per 1000 people,
2018-19,Punjab,Urban,Male,61,unemployment_rate per 1000 people,
2018-19,Punjab,Urban,Female,113,unemployment_rate per 1000 people,
2018-19,Punjab,Urban,Overall,70,unemployment_rate per 1000 people,
2018-19,Rajasthan,Rural,Male,59,unemployment_rate per 1000 people,
2018-19,Rajasthan,Rural,Female,21,unemployment_rate per 1000 people,
2018-19,Rajasthan,Rural,Overall,46,unemployment_rate per 1000 people,
2018-19,Rajasthan,Urban,Male,85,unemployment_rate per 1000 people,
2018-19,Rajasthan,Urban,Female,142,unemployment_rate per 1000 people,
2018-19,Rajasthan,Urban,Overall,95,unemployment_rate per 1000 people,
2018-19,Sikkim,Rural,Male,30,unemployment_rate per 1000 people,
2018-19,Sikkim,Rural,Female,18,unemployment_rate per 1000 people,
2018-19,Sikkim,Rural,Overall,25,unemployment_rate per 1000 people,
2018-19,Sikkim,Urban,Male,39,unemployment_rate per 1000 people,
2018-19,Sikkim,Urban,Female,75,unemployment_rate per 1000 people,
2018-19,Sikkim,Urban,Overall,49,unemployment_rate per 1000 people,
2018-19,Tamil Nadu,Rural,Male,70,unemployment_rate per 1000 people,
2018-19,Tamil Nadu,Rural,Female,55,unemployment_rate per 1000 people,
2018-19,Tamil Nadu,Rural,Overall,64,unemployment_rate per 1000 people,
2018-19,Tamil Nadu,Urban,Male,60,unemployment_rate per 1000 people,
2018-19,Tamil Nadu,Urban,Female,84,unemployment_rate per 1000 people,
2018-19,Tamil Nadu,Urban,Overall,67,unemployment_rate per 1000 people,
2018-19,Telangana,Rural,Male,82,unemployment_rate per 1000 people,
2018-19,Telangana,Rural,Female,47,unemployment_rate per 1000 people,
2018-19,Telangana,Rural,Overall,68,unemployment_rate per 1000 people,
2018-19,Telangana,Urban,Male,90,unemployment_rate per 1000 people,
2018-19,Telangana,Urban,Female,177,unemployment_rate per 1000 people,
2018-19,Telangana,Urban,Overall,112,unemployment_rate per 1000 people,
2018-19,Tripura,Rural,Male,55,unemployment_rate per 1000 people,
2018-19,Tripura,Rural,Female,283,unemployment_rate per 1000 people,
2018-19,Tripura,Rural,Overall,93,unemployment_rate per 1000 people,
2018-19,Tripura,Urban,Male,87,unemployment_rate per 1000 people,
2018-19,Tripura,Urban,Female,301,unemployment_rate per 1000 people,
2018-19,Tripura,Urban,Overall,135,unemployment_rate per 1000 people,
2018-19,Uttar Pradesh,Rural,Male,48,unemployment_rate per 1000 people,
2018-19,Uttar Pradesh,Rural,Female,18,unemployment_rate per 1000 people,
2018-19,Uttar Pradesh,Rural,Overall,43,unemployment_rate per 1000 people,
2018-19,Uttar Pradesh,Urban,Male,112,unemployment_rate per 1000 people,
2018-19,Uttar Pradesh,Urban,Female,61,unemployment_rate per 1000 people,
2018-19,Uttar Pradesh,Urban,Overall,106,unemployment_rate per 1000 people,
2018-19,Uttarakhand,Rural,Male,53,unemployment_rate per 1000 people,
2018-19,Uttarakhand,Rural,Female,133,unemployment_rate per 1000 people,
2018-19,Uttarakhand,Rural,Overall,72,unemployment_rate per 1000 people,
2018-19,Uttarakhand,Urban,Male,102,unemployment_rate per 1000 people,
2018-19,Uttarakhand,Urban,Female,300,unemployment_rate per 1000 people,
2018-19,Uttarakhand,Urban,Overall,134,unemployment_rate per 1000 people,
2018-19,West Bengal,Rural,Male,40,unemployment_rate per 1000 people,
2018-19,West Bengal,Rural,Female,14,unemployment_rate per 1000 people,
2018-19,West Bengal,Rural,Overall,35,unemployment_rate per 1000 people,
2018-19,West Bengal,Urban,Male,53,unemployment_rate per 1000 people,
2018-19,West Bengal,Urban,Female,37,unemployment_rate per 1000 people,
2018-19,West Bengal,Urban,Overall,49,unemployment_rate per 1000 people,
2017-18,All India,Rural,Male,58,unemployment_rate per 1000 people,
2017-18,All India,Rural,Female,38,unemployment_rate per 1000 people,
2017-18,All India,Rural,Overall,53,unemployment_rate per 1000 people,
2017-18,All India,Urban,Male,71,unemployment_rate per 1000 people,
2017-18,All India,Urban,Female,108,unemployment_rate per 1000 people,
2017-18,All India,Urban,Overall,78,unemployment_rate per 1000 people,
2017-18,Andaman and Nicobar Islands,Rural,Male,65,unemployment_rate per 1000 people,
2017-18,Andaman and Nicobar Islands,Rural,Female,390,unemployment_rate per 1000 people,
2017-18,Andaman and Nicobar Islands,Rural,Overall,147,unemployment_rate per 1000 people,
2017-18,Andaman and Nicobar Islands,Urban,Male,34,unemployment_rate per 1000 people,
2017-18,Andaman and Nicobar Islands,Urban,Female,471,unemployment_rate per 1000 people,
2017-18,Andaman and Nicobar Islands,Urban,Overall,174,unemployment_rate per 1000 people,
2017-18,Andhra Pradesh,Rural,Male,45,unemployment_rate per 1000 people,
2017-18,Andhra Pradesh,Rural,Female,23,unemployment_rate per 1000 people,
2017-18,Andhra Pradesh,Rural,Overall,36,unemployment_rate per 1000 people,
2017-18,Andhra Pradesh,Urban,Male,54,unemployment_rate per 1000 people,
2017-18,Andhra Pradesh,Urban,Female,91,unemployment_rate per 1000 people,
2017-18,Andhra Pradesh,Urban,Overall,66,unemployment_rate per 1000 people,
2017-18,Arunachal Pradesh,Rural,Male,43,unemployment_rate per 1000 people,
2017-18,Arunachal Pradesh,Rural,Female,107,unemployment_rate per 1000 people,
2017-18,Arunachal Pradesh,Rural,Overall,53,unemployment_rate per 1000 people,
2017-18,Arunachal Pradesh,Urban,Male,82,unemployment_rate per 1000 people,
2017-18,Arunachal Pradesh,Urban,Female,206,unemployment_rate per 1000 people,
2017-18,Arunachal Pradesh,Urban,Overall,99,unemployment_rate per 1000 people,
2017-18,Assam,Rural,Male,74,unemployment_rate per 1000 people,
2017-18,Assam,Rural,Female,143,unemployment_rate per 1000 people,
2017-18,Assam,Rural,Overall,83,unemployment_rate per 1000 people,
2017-18,Assam,Urban,Male,53,unemployment_rate per 1000 people,
2017-18,Assam,Urban,Female,114,unemployment_rate per 1000 people,
2017-18,Assam,Urban,Overall,63,unemployment_rate per 1000 people,
2017-18,Bihar,Rural,Male,72,unemployment_rate per 1000 people,
2017-18,Bihar,Rural,Female,23,unemployment_rate per 1000 people,
2017-18,Bihar,Rural,Overall,70,unemployment_rate per 1000 people,
2017-18,Bihar,Urban,Male,92,unemployment_rate per 1000 people,
2017-18,Bihar,Urban,Female,62,unemployment_rate per 1000 people,
2017-18,Bihar,Urban,Overall,90,unemployment_rate per 1000 people,
2017-18,Chandigarh,Rural,Male,39,unemployment_rate per 1000 people,
2017-18,Chandigarh,Rural,Female,13,unemployment_rate per 1000 people,
2017-18,Chandigarh,Rural,Overall,35,unemployment_rate per 1000 people,
2017-18,Chandigarh,Urban,Male,52,unemployment_rate per 1000 people,
2017-18,Chandigarh,Urban,Female,212,unemployment_rate per 1000 people,
2017-18,Chandigarh,Urban,Overall,92,unemployment_rate per 1000 people,
2017-18,Chhattisgarh,Rural,Male,27,unemployment_rate per 1000 people,
2017-18,Chhattisgarh,Rural,Female,21,unemployment_rate per 1000 people,
2017-18,Chhattisgarh,Rural,Overall,25,unemployment_rate per 1000 people,
2017-18,Chhattisgarh,Urban,Male,59,unemployment_rate per 1000 people,
2017-18,Chhattisgarh,Urban,Female,114,unemployment_rate per 1000 people,
2017-18,Chhattisgarh,Urban,Overall,75,unemployment_rate per 1000 people,
2017-18,Dadra and Nagar Haveli,Rural,Male,12,unemployment_rate per 1000 people,
2017-18,Dadra and Nagar Haveli,Rural,Female,,unemployment_rate per 1000 people,
2017-18,Dadra and Nagar Haveli,Rural,Overall,7,unemployment_rate per 1000 people,
2017-18,Dadra and Nagar Haveli,Urban,Male,1,unemployment_rate per 1000 people,
2017-18,Dadra and Nagar Haveli,Urban,Female,,unemployment_rate per 1000 people,
2017-18,Dadra and Nagar Haveli,Urban,Overall,1,unemployment_rate per 1000 people,
2017-18,Daman and Diu,Rural,Male,83,unemployment_rate per 1000 people,
2017-18,Daman and Diu,Rural,Female,,unemployment_rate per 1000 people,
2017-18,Daman and Diu,Rural,Overall,62,unemployment_rate per 1000 people,
2017-18,Daman and Diu,Urban,Male,23,unemployment_rate per 1000 people,
2017-18,Daman and Diu,Urban,Female,43,unemployment_rate per 1000 people,
2017-18,Daman and Diu,Urban,Overall,26,unemployment_rate per 1000 people,
2017-18,Delhi,Rural,Male,36,unemployment_rate per 1000 people,
2017-18,Delhi,Rural,Female,,unemployment_rate per 1000 people,
2017-18,Delhi,Rural,Overall,35,unemployment_rate per 1000 people,
2017-18,Delhi,Urban,Male,96,unemployment_rate per 1000 people,
2017-18,Delhi,Urban,Female,114,unemployment_rate per 1000 people,
2017-18,Delhi,Urban,Overall,98,unemployment_rate per 1000 people,
2017-18,Goa,Rural,Male,107,unemployment_rate per 1000 people,
2017-18,Goa,Rural,Female,210,unemployment_rate per 1000 people,
2017-18,Goa,Rural,Overall,139,unemployment_rate per 1000 people,
2017-18,Goa,Urban,Male,60,unemployment_rate per 1000 people,
2017-18,Goa,Urban,Female,298,unemployment_rate per 1000 people,
2017-18,Goa,Urban,Overall,138,unemployment_rate per 1000 people,
2017-18,Gujarat,Rural,Male,55,unemployment_rate per 1000 people,
2017-18,Gujarat,Rural,Female,40,unemployment_rate per 1000 people,
2017-18,Gujarat,Rural,Overall,52,unemployment_rate per 1000 people,
2017-18,Gujarat,Urban,Male,43,unemployment_rate per 1000 people,
2017-18,Gujarat,Urban,Female,43,unemployment_rate per 1000 people,
2017-18,Gujarat,Urban,Overall,43,unemployment_rate per 1000 people,
2017-18,Haryana,Rural,Male,90,unemployment_rate per 1000 people,
2017-18,Haryana,Rural,Female,110,unemployment_rate per 1000 people,
2017-18,Haryana,Rural,Overall,93,unemployment_rate per 1000 people,
2017-18,Haryana,Urban,Male,65,unemployment_rate per 1000 people,
2017-18,Haryana,Urban,Female,120,unemployment_rate per 1000 people,
2017-18,Haryana,Urban,Overall,73,unemployment_rate per 1000 people,
2017-18,Himachal Pradesh,Rural,Male,62,unemployment_rate per 1000 people,
2017-18,Himachal Pradesh,Rural,Female,39,unemployment_rate per 1000 people,
2017-18,Himachal Pradesh,Rural,Overall,52,unemployment_rate per 1000 people,
2017-18,Himachal Pradesh,Urban,Male,74,unemployment_rate per 1000 people,
2017-18,Himachal Pradesh,Urban,Female,137,unemployment_rate per 1000 people,
2017-18,Himachal Pradesh,Urban,Overall,87,unemployment_rate per 1000 people,
2017-18,Jammu and Kashmir,Rural,Male,37,unemployment_rate per 1000 people,
2017-18,Jammu and Kashmir,Rural,Female,54,unemployment_rate per 1000 people,
2017-18,Jammu and Kashmir,Rural,Overall,42,unemployment_rate per 1000 people,
2017-18,Jammu and Kashmir,Urban,Male,61,unemployment_rate per 1000 people,
2017-18,Jammu and Kashmir,Urban,Female,229,unemployment_rate per 1000 people,
2017-18,Jammu and Kashmir,Urban,Overall,100,unemployment_rate per 1000 people,
2017-18,Jharkhand,Rural,Male,78,unemployment_rate per 1000 people,
2017-18,Jharkhand,Rural,Female,37,unemployment_rate per 1000 people,
2017-18,Jharkhand,Rural,Overall,71,unemployment_rate per 1000 people,
2017-18,Jharkhand,Urban,Male,104,unemployment_rate per 1000 people,
2017-18,Jharkhand,Urban,Female,115,unemployment_rate per 1000 people,
2017-18,Jharkhand,Urban,Overall,105,unemployment_rate per 1000 people,
2017-18,Karnataka,Rural,Male,40,unemployment_rate per 1000 people,
2017-18,Karnataka,Rural,Female,34,unemployment_rate per 1000 people,
2017-18,Karnataka,Rural,Overall,39,unemployment_rate per 1000 people,
2017-18,Karnataka,Urban,Male,63,unemployment_rate per 1000 people,
2017-18,Karnataka,Urban,Female,72,unemployment_rate per 1000 people,
2017-18,Karnataka,Urban,Overall,65,unemployment_rate per 1000 people,
2017-18,Kerala,Rural,Male,59,unemployment_rate per 1000 people,
2017-18,Kerala,Rural,Female,196,unemployment_rate per 1000 people,
2017-18,Kerala,Rural,Overall,100,unemployment_rate per 1000 people,
2017-18,Kerala,Urban,Male,66,unemployment_rate per 1000 people,
2017-18,Kerala,Urban,Female,275,unemployment_rate per 1000 people,
2017-18,Kerala,Urban,Overall,132,unemployment_rate per 1000 people,
2017-18,Ladakh,Rural,Male,,unemployment_rate per 1000 people,
2017-18,Ladakh,Rural,Female,,unemployment_rate per 1000 people,
2017-18,Ladakh,Rural,Overall,,unemployment_rate per 1000 people,
2017-18,Ladakh,Urban,Male,,unemployment_rate per 1000 people,
2017-18,Ladakh,Urban,Female,,unemployment_rate per 1000 people,
2017-18,Ladakh,Urban,Overall,,unemployment_rate per 1000 people,
2017-18,Lakshadweep,Rural,Male,112,unemployment_rate per 1000 people,
2017-18,Lakshadweep,Rural,Female,266,unemployment_rate per 1000 people,
2017-18,Lakshadweep,Rural,Overall,133,unemployment_rate per 1000 people,
2017-18,Lakshadweep,Urban,Male,132,unemployment_rate per 1000 people,
2017-18,Lakshadweep,Urban,Female,565,unemployment_rate per 1000 people,
2017-18,Lakshadweep,Urban,Overall,253,unemployment_rate per 1000 people,
2017-18,Madhya Pradesh,Rural,Male,45,unemployment_rate per 1000 people,
2017-18,Madhya Pradesh,Rural,Female,12,unemployment_rate per 1000 people,
2017-18,Madhya Pradesh,Rural,Overall,36,unemployment_rate per 1000 people,
2017-18,Madhya Pradesh,Urban,Male,79,unemployment_rate per 1000 people,
2017-18,Madhya Pradesh,Urban,Female,69,unemployment_rate per 1000 people,
2017-18,Madhya Pradesh,Urban,Overall,77,unemployment_rate per 1000 people,
2017-18,Maharashtra,Rural,Male,35,unemployment_rate per 1000 people,
2017-18,Maharashtra,Rural,Female,28,unemployment_rate per 1000 people,
2017-18,Maharashtra,Rural,Overall,33,unemployment_rate per 1000 people,
2017-18,Maharashtra,Urban,Male,62,unemployment_rate per 1000 people,
2017-18,Maharashtra,Urban,Female,115,unemployment_rate per 1000 people,
2017-18,Maharashtra,Urban,Overall,74,unemployment_rate per 1000 people,
2017-18,Manipur,Rural,Male,99,unemployment_rate per 1000 people,
2017-18,Manipur,Rural,Female,178,unemployment_rate per 1000 people,
2017-18,Manipur,Rural,Overall,116,unemployment_rate per 1000 people,
2017-18,Manipur,Urban,Male,111,unemployment_rate per 1000 people,
2017-18,Manipur,Urban,Female,123,unemployment_rate per 1000 people,
2017-18,Manipur,Urban,Overall,114,unemployment_rate per 1000 people,
2017-18,Meghalaya,Rural,Male,3,unemployment_rate per 1000 people,
2017-18,Meghalaya,Rural,Female,9,unemployment_rate per 1000 people,
2017-18,Meghalaya,Rural,Overall,6,unemployment_rate per 1000 people,
2017-18,Meghalaya,Urban,Male,56,unemployment_rate per 1000 people,
2017-18,Meghalaya,Urban,Female,89,unemployment_rate per 1000 people,
2017-18,Meghalaya,Urban,Overall,67,unemployment_rate per 1000 people,
2017-18,Mizoram,Rural,Male,59,unemployment_rate per 1000 people,
2017-18,Mizoram,Rural,Female,83,unemployment_rate per 1000 people,
2017-18,Mizoram,Rural,Overall,65,unemployment_rate per 1000 people,
2017-18,Mizoram,Urban,Male,127,unemployment_rate per 1000 people,
2017-18,Mizoram,Urban,Female,177,unemployment_rate per 1000 people,
2017-18,Mizoram,Urban,Overall,144,unemployment_rate per 1000 people,
2017-18,Nagaland,Rural,Male,190,unemployment_rate per 1000 people,
2017-18,Nagaland,Rural,Female,334,unemployment_rate per 1000 people,
2017-18,Nagaland,Rural,Overall,216,unemployment_rate per 1000 people,
2017-18,Nagaland,Urban,Male,165,unemployment_rate per 1000 people,
2017-18,Nagaland,Urban,Female,364,unemployment_rate per 1000 people,
2017-18,Nagaland,Urban,Overall,211,unemployment_rate per 1000 people,
2017-18,Odisha,Rural,Male,74,unemployment_rate per 1000 people,
2017-18,Odisha,Rural,Female,53,unemployment_rate per 1000 people,
2017-18,Odisha,Rural,Overall,69,unemployment_rate per 1000 people,
2017-18,Odisha,Urban,Male,73,unemployment_rate per 1000 people,
2017-18,Odisha,Urban,Female,127,unemployment_rate per 1000 people,
2017-18,Odisha,Urban,Overall,83,unemployment_rate per 1000 people,
2017-18,Puducherry,Rural,Male,58,unemployment_rate per 1000 people,
2017-18,Puducherry,Rural,Female,373,unemployment_rate per 1000 people,
2017-18,Puducherry,Rural,Overall,104,unemployment_rate per 1000 people,
2017-18,Puducherry,Urban,Male,80,unemployment_rate per 1000 people,
2017-18,Puducherry,Urban,Female,176,unemployment_rate per 1000 people,
2017-18,Puducherry,Urban,Overall,103,unemployment_rate per 1000 people,
2017-18,Punjab,Rural,Male,74,unemployment_rate per 1000 people,
2017-18,Punjab,Rural,Female,103,unemployment_rate per 1000 people,
2017-18,Punjab,Rural,Overall,78,unemployment_rate per 1000 people,
2017-18,Punjab,Urban,Male,65,unemployment_rate per 1000 people,
2017-18,Punjab,Urban,Female,135,unemployment_rate per 1000 people,
2017-18,Punjab,Urban,Overall,77,unemployment_rate per 1000 people,
2017-18,Rajasthan,Rural,Male,58,unemployment_rate per 1000 people,
2017-18,Rajasthan,Rural,Female,12,unemployment_rate per 1000 people,
2017-18,Rajasthan,Rural,Overall,45,unemployment_rate per 1000 people,
2017-18,Rajasthan,Urban,Male,68,unemployment_rate per 1000 people,
2017-18,Rajasthan,Urban,Female,99,unemployment_rate per 1000 people,
2017-18,Rajasthan,Urban,Overall,72,unemployment_rate per 1000 people,
2017-18,Sikkim,Rural,Male,20,unemployment_rate per 1000 people,
2017-18,Sikkim,Rural,Female,39,unemployment_rate per 1000 people,
2017-18,Sikkim,Rural,Overall,27,unemployment_rate per 1000 people,
2017-18,Sikkim,Urban,Male,42,unemployment_rate per 1000 people,
2017-18,Sikkim,Urban,Female,99,unemployment_rate per 1000 people,
2017-18,Sikkim,Urban,Overall,58,unemployment_rate per 1000 people,
2017-18,Tamil Nadu,Rural,Male,88,unemployment_rate per 1000 people,
2017-18,Tamil Nadu,Rural,Female,61,unemployment_rate per 1000 people,
2017-18,Tamil Nadu,Rural,Overall,79,unemployment_rate per 1000 people,
2017-18,Tamil Nadu,Urban,Male,65,unemployment_rate per 1000 people,
2017-18,Tamil Nadu,Urban,Female,90,unemployment_rate per 1000 people,
2017-18,Tamil Nadu,Urban,Overall,72,unemployment_rate per 1000 people,
2017-18,Telangana,Rural,Male,72,unemployment_rate per 1000 people,
2017-18,Telangana,Rural,Female,50,unemployment_rate per 1000 people,
2017-18,Telangana,Rural,Overall,65,unemployment_rate per 1000 people,
2017-18,Telangana,Urban,Male,85,unemployment_rate per 1000 people,
2017-18,Telangana,Urban,Female,126,unemployment_rate per 1000 people,
2017-18,Telangana,Urban,Overall,94,unemployment_rate per 1000 people,
2017-18,Tripura,Rural,Male,61,unemployment_rate per 1000 people,
2017-18,Tripura,Rural,Female,79,unemployment_rate per 1000 people,
2017-18,Tripura,Rural,Overall,63,unemployment_rate per 1000 people,
2017-18,Tripura,Urban,Male,60,unemployment_rate per 1000 people,
2017-18,Tripura,Urban,Female,197,unemployment_rate per 1000 people,
2017-18,Tripura,Urban,Overall,87,unemployment_rate per 1000 people,
2017-18,Uttar Pradesh,Rural,Male,62,unemployment_rate per 1000 people,
2017-18,Uttar Pradesh,Rural,Female,15,unemployment_rate per 1000 people,
2017-18,Uttar Pradesh,Rural,Overall,55,unemployment_rate per 1000 people,
2017-18,Uttar Pradesh,Urban,Male,96,unemployment_rate per 1000 people,
2017-18,Uttar Pradesh,Urban,Female,105,unemployment_rate per 1000 people,
2017-18,Uttar Pradesh,Urban,Overall,97,unemployment_rate per 1000 people,
2017-18,Uttarakhand,Rural,Male,67,unemployment_rate per 1000 people,
2017-18,Uttarakhand,Rural,Female,76,unemployment_rate per 1000 people,
2017-18,Uttarakhand,Rural,Overall,69,unemployment_rate per 1000 people,
2017-18,Uttarakhand,Urban,Male,71,unemployment_rate per 1000 people,
2017-18,Uttarakhand,Urban,Female,238,unemployment_rate per 1000 people,
2017-18,Uttarakhand,Urban,Overall,95,unemployment_rate per 1000 people,
2017-18,West Bengal,Rural,Male,43,unemployment_rate per 1000 people,
2017-18,West Bengal,Rural,Female,17,unemployment_rate per 1000 people,
2017-18,West Bengal,Rural,Overall,38,unemployment_rate per 1000 people,
2017-18,West Bengal,Urban,Male,67,unemployment_rate per 1000 people,
2017-18,West Bengal,Urban,Female,60,unemployment_rate per 1000 people,
2017-18,West Bengal,Urban,Overall,65,unemployment_rate per 1000 people,
2011-12,All India,Rural,Male,17,unemployment_rate per 1000 people,
2011-12,All India,Rural,Female,17,unemployment_rate per 1000 people,
2011-12,All India,Rural,Overall,17,unemployment_rate per 1000 people,
2011-12,All India,Urban,Male,30,unemployment_rate per 1000 people,
2011-12,All India,Urban,Female,52,unemployment_rate per 1000 people,
2011-12,All India,Urban,Overall,34,unemployment_rate per 1000 people,
2011-12,Andaman and Nicobar Islands,Rural,Male,18,unemployment_rate per 1000 people,
2011-12,Andaman and Nicobar Islands,Rural,Female,128,unemployment_rate per 1000 people,
2011-12,Andaman and Nicobar Islands,Rural,Overall,54,unemployment_rate per 1000 people,
2011-12,Andaman and Nicobar Islands,Urban,Male,40,unemployment_rate per 1000 people,
2011-12,Andaman and Nicobar Islands,Urban,Female,197,unemployment_rate per 1000 people,
2011-12,Andaman and Nicobar Islands,Urban,Overall,86,unemployment_rate per 1000 people,
2011-12,Andhra Pradesh,Rural,Male,17,unemployment_rate per 1000 people,
2011-12,Andhra Pradesh,Rural,Female,5,unemployment_rate per 1000 people,
2011-12,Andhra Pradesh,Rural,Overall,12,unemployment_rate per 1000 people,
2011-12,Andhra Pradesh,Urban,Male,39,unemployment_rate per 1000 people,
2011-12,Andhra Pradesh,Urban,Female,54,unemployment_rate per 1000 people,
2011-12,Andhra Pradesh,Urban,Overall,43,unemployment_rate per 1000 people,
2011-12,Arunachal Pradesh,Rural,Male,17,unemployment_rate per 1000 people,
2011-12,Arunachal Pradesh,Rural,Female,16,unemployment_rate per 1000 people,
2011-12,Arunachal Pradesh,Rural,Overall,17,unemployment_rate per 1000 people,
2011-12,Arunachal Pradesh,Urban,Male,36,unemployment_rate per 1000 people,
2011-12,Arunachal Pradesh,Urban,Female,87,unemployment_rate per 1000 people,
2011-12,Arunachal Pradesh,Urban,Overall,48,unemployment_rate per 1000 people,
2011-12,Assam,Rural,Male,43,unemployment_rate per 1000 people,
2011-12,Assam,Rural,Female,57,unemployment_rate per 1000 people,
2011-12,Assam,Rural,Overall,45,unemployment_rate per 1000 people,
2011-12,Assam,Urban,Male,54,unemployment_rate per 1000 people,
2011-12,Assam,Urban,Female,70,unemployment_rate per 1000 people,
2011-12,Assam,Urban,Overall,56,unemployment_rate per 1000 people,
2011-12,Bihar,Rural,Male,27,unemployment_rate per 1000 people,
2011-12,Bihar,Rural,Female,82,unemployment_rate per 1000 people,
2011-12,Bihar,Rural,Overall,32,unemployment_rate per 1000 people,
2011-12,Bihar,Urban,Male,45,unemployment_rate per 1000 people,
2011-12,Bihar,Urban,Female,165,unemployment_rate per 1000 people,
2011-12,Bihar,Urban,Overall,56,unemployment_rate per 1000 people,
2011-12,Chandigarh,Rural,Male,,unemployment_rate per 1000 people,
2011-12,Chandigarh,Rural,Female,,unemployment_rate per 1000 people,
2011-12,Chandigarh,Rural,Overall,,unemployment_rate per 1000 people,
2011-12,Chandigarh,Urban,Male,57,unemployment_rate per 1000 people,
2011-12,Chandigarh,Urban,Female,104,unemployment_rate per 1000 people,
2011-12,Chandigarh,Urban,Overall,64,unemployment_rate per 1000 people,
2011-12,Chhattisgarh,Rural,Male,11,unemployment_rate per 1000 people,
2011-12,Chhattisgarh,Rural,Female,3,unemployment_rate per 1000 people,
2011-12,Chhattisgarh,Rural,Overall,8,unemployment_rate per 1000 people,
2011-12,Chhattisgarh,Urban,Male,41,unemployment_rate per 1000 people,
2011-12,Chhattisgarh,Urban,Female,47,unemployment_rate per 1000 people,
2011-12,Chhattisgarh,Urban,Overall,43,unemployment_rate per 1000 people,
2011-12,Dadra and Nagar Haveli,Rural,Male,,unemployment_rate per 1000 people,
2011-12,Dadra and Nagar Haveli,Rural,Female,,unemployment_rate per 1000 people,
2011-12,Dadra and Nagar Haveli,Rural,Overall,,unemployment_rate per 1000 people,
2011-12,Dadra and Nagar Haveli,Urban,Male,,unemployment_rate per 1000 people,
2011-12,Dadra and Nagar Haveli,Urban,Female,,unemployment_rate per 1000 people,
2011-12,Dadra and Nagar Haveli,Urban,Overall,,unemployment_rate per 1000 people,
2011-12,Daman and Diu,Rural,Male,,unemployment_rate per 1000 people,
2011-12,Daman and Diu,Rural,Female,,unemployment_rate per 1000 people,
2011-12,Daman and Diu,Rural,Overall,,unemployment_rate per 1000 people,
2011-12,Daman and Diu,Urban,Male,,unemployment_rate per 1000 people,
2011-12,Daman and Diu,Urban,Female,22,unemployment_rate per 1000 people,
2011-12,Daman and Diu,Urban,Overall,5,unemployment_rate per 1000 people,
2011-12,Delhi,Rural,Male,94,unemployment_rate per 1000 people,
2011-12,Delhi,Rural,Female,,unemployment_rate per 1000 people,
2011-12,Delhi,Rural,Overall,78,unemployment_rate per 1000 people,
2011-12,Delhi,Urban,Male,33,unemployment_rate per 1000 people,
2011-12,Delhi,Urban,Female,46,unemployment_rate per 1000 people,
2011-12,Delhi,Urban,Overall,35,unemployment_rate per 1000 people,
2011-12,Goa,Rural,Male,66,unemployment_rate per 1000 people,
2011-12,Goa,Rural,Female,8,unemployment_rate per 1000 people,
2011-12,Goa,Rural,Overall,51,unemployment_rate per 1000 people,
2011-12,Goa,Urban,Male,29,unemployment_rate per 1000 people,
2011-12,Goa,Urban,Female,97,unemployment_rate per 1000 people,
2011-12,Goa,Urban,Overall,46,unemployment_rate per 1000 people,
2011-12,Gujarat,Rural,Male,4,unemployment_rate per 1000 people,
2011-12,Gujarat,Rural,Female,2,unemployment_rate per 1000 people,
2011-12,Gujarat,Rural,Overall,3,unemployment_rate per 1000 people,
2011-12,Gujarat,Urban,Male,6,unemployment_rate per 1000 people,
2011-12,Gujarat,Urban,Female,17,unemployment_rate per 1000 people,
2011-12,Gujarat,Urban,Overall,8,unemployment_rate per 1000 people,
2011-12,Haryana,Rural,Male,26,unemployment_rate per 1000 people,
2011-12,Haryana,Rural,Female,17,unemployment_rate per 1000 people,
2011-12,Haryana,Rural,Overall,24,unemployment_rate per 1000 people,
2011-12,Haryana,Urban,Male,40,unemployment_rate per 1000 people,
2011-12,Haryana,Urban,Female,50,unemployment_rate per 1000 people,
2011-12,Haryana,Urban,Overall,42,unemployment_rate per 1000 people,
2011-12,Himachal Pradesh,Rural,Male,11,unemployment_rate per 1000 people,
2011-12,Himachal Pradesh,Rural,Female,8,unemployment_rate per 1000 people,
2011-12,Himachal Pradesh,Rural,Overall,10,unemployment_rate per 1000 people,
2011-12,Himachal Pradesh,Urban,Male,19,unemployment_rate per 1000 people,
2011-12,Himachal Pradesh,Urban,Female,99,unemployment_rate per 1000 people,
2011-12,Himachal Pradesh,Urban,Overall,40,unemployment_rate per 1000 people,
2011-12,Jammu and Kashmir,Rural,Male,22,unemployment_rate per 1000 people,
2011-12,Jammu and Kashmir,Rural,Female,30,unemployment_rate per 1000 people,
2011-12,Jammu and Kashmir,Rural,Overall,25,unemployment_rate per 1000 people,
2011-12,Jammu and Kashmir,Urban,Male,41,unemployment_rate per 1000 people,
2011-12,Jammu and Kashmir,Urban,Female,190,unemployment_rate per 1000 people,
2011-12,Jammu and Kashmir,Urban,Overall,70,unemployment_rate per 1000 people,
2011-12,Jharkhand,Rural,Male,18,unemployment_rate per 1000 people,
2011-12,Jharkhand,Rural,Female,28,unemployment_rate per 1000 people,
2011-12,Jharkhand,Rural,Overall,21,unemployment_rate per 1000 people,
2011-12,Jharkhand,Urban,Male,46,unemployment_rate per 1000 people,
2011-12,Jharkhand,Urban,Female,89,unemployment_rate per 1000 people,
2011-12,Jharkhand,Urban,Overall,51,unemployment_rate per 1000 people,
2011-12,Karnataka,Rural,Male,12,unemployment_rate per 1000 people,
2011-12,Karnataka,Rural,Female,4,unemployment_rate per 1000 people,
2011-12,Karnataka,Rural,Overall,9,unemployment_rate per 1000 people,
2011-12,Karnataka,Urban,Male,24,unemployment_rate per 1000 people,
2011-12,Karnataka,Urban,Female,44,unemployment_rate per 1000 people,
2011-12,Karnataka,Urban,Overall,29,unemployment_rate per 1000 people,
2011-12,Kerala,Rural,Male,31,unemployment_rate per 1000 people,
2011-12,Kerala,Rural,Female,142,unemployment_rate per 1000 people,
2011-12,Kerala,Rural,Overall,68,unemployment_rate per 1000 people,
2011-12,Kerala,Urban,Male,27,unemployment_rate per 1000 people,
2011-12,Kerala,Urban,Female,139,unemployment_rate per 1000 people,
2011-12,Kerala,Urban,Overall,61,unemployment_rate per 1000 people,
2011-12,Ladakh,Rural,Male,,unemployment_rate per 1000 people,
2011-12,Ladakh,Rural,Female,,unemployment_rate per 1000 people,
2011-12,Ladakh,Rural,Overall,,unemployment_rate per 1000 people,
2011-12,Ladakh,Urban,Male,,unemployment_rate per 1000 people,
2011-12,Ladakh,Urban,Female,,unemployment_rate per 1000 people,
2011-12,Ladakh,Urban,Overall,,unemployment_rate per 1000 people,
2011-12,Lakshadweep,Rural,Male,79,unemployment_rate per 1000 people,
2011-12,Lakshadweep,Rural,Female,435,unemployment_rate per 1000 people,
2011-12,Lakshadweep,Rural,Overall,160,unemployment_rate per 1000 people,
2011-12,Lakshadweep,Urban,Male,53,unemployment_rate per 1000 people,
2011-12,Lakshadweep,Urban,Female,350,unemployment_rate per 1000 people,
2011-12,Lakshadweep,Urban,Overall,115,unemployment_rate per 1000 people,
2011-12,Madhya Pradesh,Rural,Male,6,unemployment_rate per 1000 people,
2011-12,Madhya Pradesh,Rural,Female,,unemployment_rate per 1000 people,
2011-12,Madhya Pradesh,Rural,Overall,4,unemployment_rate per 1000 people,
2011-12,Madhya Pradesh,Urban,Male,24,unemployment_rate per 1000 people,
2011-12,Madhya Pradesh,Urban,Female,35,unemployment_rate per 1000 people,
2011-12,Madhya Pradesh,Urban,Overall,26,unemployment_rate per 1000 people,
2011-12,Maharashtra,Rural,Male,9,unemployment_rate per 1000 people,
2011-12,Maharashtra,Rural,Female,3,unemployment_rate per 1000 people,
2011-12,Maharashtra,Rural,Overall,7,unemployment_rate per 1000 people,
2011-12,Maharashtra,Urban,Male,18,unemployment_rate per 1000 people,
2011-12,Maharashtra,Urban,Female,38,unemployment_rate per 1000 people,
2011-12,Maharashtra,Urban,Overall,23,unemployment_rate per 1000 people,
2011-12,Manipur,Rural,Male,24,unemployment_rate per 1000 people,
2011-12,Manipur,Rural,Female,30,unemployment_rate per 1000 people,
2011-12,Manipur,Rural,Overall,26,unemployment_rate per 1000 people,
2011-12,Manipur,Urban,Male,56,unemployment_rate per 1000 people,
2011-12,Manipur,Urban,Female,108,unemployment_rate per 1000 people,
2011-12,Manipur,Urban,Overall,71,unemployment_rate per 1000 people,
2011-12,Meghalaya,Rural,Male,4,unemployment_rate per 1000 people,
2011-12,Meghalaya,Rural,Female,4,unemployment_rate per 1000 people,
2011-12,Meghalaya,Rural,Overall,4,unemployment_rate per 1000 people,
2011-12,Meghalaya,Urban,Male,24,unemployment_rate per 1000 people,
2011-12,Meghalaya,Urban,Female,37,unemployment_rate per 1000 people,
2011-12,Meghalaya,Urban,Overall,28,unemployment_rate per 1000 people,
2011-12,Mizoram,Rural,Male,13,unemployment_rate per 1000 people,
2011-12,Mizoram,Rural,Female,27,unemployment_rate per 1000 people,
2011-12,Mizoram,Rural,Overall,18,unemployment_rate per 1000 people,
2011-12,Mizoram,Urban,Male,40,unemployment_rate per 1000 people,
2011-12,Mizoram,Urban,Female,67,unemployment_rate per 1000 people,
2011-12,Mizoram,Urban,Overall,50,unemployment_rate per 1000 people,
2011-12,Nagaland,Rural,Male,146,unemployment_rate per 1000 people,
2011-12,Nagaland,Rural,Female,159,unemployment_rate per 1000 people,
2011-12,Nagaland,Rural,Overall,151,unemployment_rate per 1000 people,
2011-12,Nagaland,Urban,Male,191,unemployment_rate per 1000 people,
2011-12,Nagaland,Urban,Female,360,unemployment_rate per 1000 people,
2011-12,Nagaland,Urban,Overall,238,unemployment_rate per 1000 people,
2011-12,Odisha,Rural,Male,23,unemployment_rate per 1000 people,
2011-12,Odisha,Rural,Female,20,unemployment_rate per 1000 people,
2011-12,Odisha,Rural,Overall,22,unemployment_rate per 1000 people,
2011-12,Odisha,Urban,Male,39,unemployment_rate per 1000 people,
2011-12,Odisha,Urban,Female,20,unemployment_rate per 1000 people,
2011-12,Odisha,Urban,Overall,35,unemployment_rate per 1000 people,
2011-12,Puducherry,Rural,Male,6,unemployment_rate per 1000 people,
2011-12,Puducherry,Rural,Female,10,unemployment_rate per 1000 people,
2011-12,Puducherry,Rural,Overall,8,unemployment_rate per 1000 people,
2011-12,Puducherry,Urban,Male,27,unemployment_rate per 1000 people,
2011-12,Puducherry,Urban,Female,37,unemployment_rate per 1000 people,
2011-12,Puducherry,Urban,Overall,29,unemployment_rate per 1000 people,
2011-12,Punjab,Rural,Male,22,unemployment_rate per 1000 people,
2011-12,Punjab,Rural,Female,13,unemployment_rate per 1000 people,
2011-12,Punjab,Rural,Overall,19,unemployment_rate per 1000 people,
2011-12,Punjab,Urban,Male,26,unemployment_rate per 1000 people,
2011-12,Punjab,Urban,Female,36,unemployment_rate per 1000 people,
2011-12,Punjab,Urban,Overall,28,unemployment_rate per 1000 people,
2011-12,Rajasthan,Rural,Male,9,unemployment_rate per 1000 people,
2011-12,Rajasthan,Rural,Female,4,unemployment_rate per 1000 people,
2011-12,Rajasthan,Rural,Overall,7,unemployment_rate per 1000 people,
2011-12,Rajasthan,Urban,Male,32,unemployment_rate per 1000 people,
2011-12,Rajasthan,Urban,Female,25,unemployment_rate per 1000 people,
2011-12,Rajasthan,Urban,Overall,31,unemployment_rate per 1000 people,
2011-12,Sikkim,Rural,Male,9,unemployment_rate per 1000 people,
2011-12,Sikkim,Rural,Female,10,unemployment_rate per 1000 people,
2011-12,Sikkim,Rural,Overall,10,unemployment_rate per 1000 people,
2011-12,Sikkim,Urban,Male,32,unemployment_rate per 1000 people,
2011-12,Sikkim,Urban,Female,,unemployment_rate per 1000 people,
2011-12,Sikkim,Urban,Overall,23,unemployment_rate per 1000 people,
2011-12,Tamil Nadu,Rural,Male,21,unemployment_rate per 1000 people,
2011-12,Tamil Nadu,Rural,Female,19,unemployment_rate per 1000 people,
2011-12,Tamil Nadu,Rural,Overall,20,unemployment_rate per 1000 people,
2011-12,Tamil Nadu,Urban,Male,21,unemployment_rate per 1000 people,
2011-12,Tamil Nadu,Urban,Female,45,unemployment_rate per 1000 people,
2011-12,Tamil Nadu,Urban,Overall,27,unemployment_rate per 1000 people,
2011-12,Telangana,Rural,Male,,unemployment_rate per 1000 people,
2011-12,Telangana,Rural,Female,,unemployment_rate per 1000 people,
2011-12,Telangana,Rural,Overall,,unemployment_rate per 1000 people,
2011-12,Telangana,Urban,Male,,unemployment_rate per 1000 people,
2011-12,Telangana,Urban,Female,,unemployment_rate per 1000 people,
2011-12,Telangana,Urban,Overall,,unemployment_rate per 1000 people,
2011-12,Tripura,Rural,Male,62,unemployment_rate per 1000 people,
2011-12,Tripura,Rural,Female,203,unemployment_rate per 1000 people,
2011-12,Tripura,Rural,Overall,105,unemployment_rate per 1000 people,
2011-12,Tripura,Urban,Male,115,unemployment_rate per 1000 people,
2011-12,Tripura,Urban,Female,564,unemployment_rate per 1000 people,
2011-12,Tripura,Urban,Overall,252,unemployment_rate per 1000 people,
2011-12,Uttar Pradesh,Rural,Male,10,unemployment_rate per 1000 people,
2011-12,Uttar Pradesh,Rural,Female,7,unemployment_rate per 1000 people,
2011-12,Uttar Pradesh,Rural,Overall,9,unemployment_rate per 1000 people,
2011-12,Uttar Pradesh,Urban,Male,42,unemployment_rate per 1000 people,
2011-12,Uttar Pradesh,Urban,Female,37,unemployment_rate per 1000 people,
2011-12,Uttar Pradesh,Urban,Overall,41,unemployment_rate per 1000 people,
2011-12,Uttarakhand,Rural,Male,27,unemployment_rate per 1000 people,
2011-12,Uttarakhand,Rural,Female,21,unemployment_rate per 1000 people,
2011-12,Uttarakhand,Rural,Overall,25,unemployment_rate per 1000 people,
2011-12,Uttarakhand,Urban,Male,25,unemployment_rate per 1000 people,
2011-12,Uttarakhand,Urban,Female,200,unemployment_rate per 1000 people,
2011-12,Uttarakhand,Urban,Overall,53,unemployment_rate per 1000 people,
2011-12,West Bengal,Rural,Male,28,unemployment_rate per 1000 people,
2011-12,West Bengal,Rural,Female,24,unemployment_rate per 1000 people,
2011-12,West Bengal,Rural,Overall,27,unemployment_rate per 1000 people,
2011-12,West Bengal,Urban,Male,43,unemployment_rate per 1000 people,
2011-12,West Bengal,Urban,Female,64,unemployment_rate per 1000 people,
2011-12,West Bengal,Urban,Overall,48,unemployment_rate per 1000 people,
2009-10,All India,Rural,Male,16,unemployment_rate per 1000 people,
2009-10,All India,Rural,Female,16,unemployment_rate per 1000 people,
2009-10,All India,Rural,Overall,16,unemployment_rate per 1000 people,
2009-10,All India,Urban,Male,28,unemployment_rate per 1000 people,
2009-10,All India,Urban,Female,57,unemployment_rate per 1000 people,
2009-10,All India,Urban,Overall,34,unemployment_rate per 1000 people,
2009-10,Andaman and Nicobar Islands,Rural,Male,42,unemployment_rate per 1000 people,
2009-10,Andaman and Nicobar Islands,Rural,Female,190,unemployment_rate per 1000 people,
2009-10,Andaman and Nicobar Islands,Rural,Overall,80,unemployment_rate per 1000 people,
2009-10,Andaman and Nicobar Islands,Urban,Male,42,unemployment_rate per 1000 people,
2009-10,Andaman and Nicobar Islands,Urban,Female,205,unemployment_rate per 1000 people,
2009-10,Andaman and Nicobar Islands,Urban,Overall,84,unemployment_rate per 1000 people,
2009-10,Andhra Pradesh,Rural,Male,13,unemployment_rate per 1000 people,
2009-10,Andhra Pradesh,Rural,Female,9,unemployment_rate per 1000 people,
2009-10,Andhra Pradesh,Rural,Overall,12,unemployment_rate per 1000 people,
2009-10,Andhra Pradesh,Urban,Male,25,unemployment_rate per 1000 people,
2009-10,Andhra Pradesh,Urban,Female,51,unemployment_rate per 1000 people,
2009-10,Andhra Pradesh,Urban,Overall,31,unemployment_rate per 1000 people,
2009-10,Arunachal Pradesh,Rural,Male,15,unemployment_rate per 1000 people,
2009-10,Arunachal Pradesh,Rural,Female,8,unemployment_rate per 1000 people,
2009-10,Arunachal Pradesh,Rural,Overall,13,unemployment_rate per 1000 people,
2009-10,Arunachal Pradesh,Urban,Male,34,unemployment_rate per 1000 people,
2009-10,Arunachal Pradesh,Urban,Female,32,unemployment_rate per 1000 people,
2009-10,Arunachal Pradesh,Urban,Overall,34,unemployment_rate per 1000 people,
2009-10,Assam,Rural,Male,34,unemployment_rate per 1000 people,
2009-10,Assam,Rural,Female,56,unemployment_rate per 1000 people,
2009-10,Assam,Rural,Overall,39,unemployment_rate per 1000 people,
2009-10,Assam,Urban,Male,40,unemployment_rate per 1000 people,
2009-10,Assam,Urban,Female,125,unemployment_rate per 1000 people,
2009-10,Assam,Urban,Overall,52,unemployment_rate per 1000 people,
2009-10,Bihar,Rural,Male,21,unemployment_rate per 1000 people,
2009-10,Bihar,Rural,Female,13,unemployment_rate per 1000 people,
2009-10,Bihar,Rural,Overall,20,unemployment_rate per 1000 people,
2009-10,Bihar,Urban,Male,63,unemployment_rate per 1000 people,
2009-10,Bihar,Urban,Female,160,unemployment_rate per 1000 people,
2009-10,Bihar,Urban,Overall,73,unemployment_rate per 1000 people,
2009-10,Chandigarh,Rural,Male,164,unemployment_rate per 1000 people,
2009-10,Chandigarh,Rural,Female,511,unemployment_rate per 1000 people,
2009-10,Chandigarh,Rural,Overall,247,unemployment_rate per 1000 people,
2009-10,Chandigarh,Urban,Male,30,unemployment_rate per 1000 people,
2009-10,Chandigarh,Urban,Female,51,unemployment_rate per 1000 people,
2009-10,Chandigarh,Urban,Overall,34,unemployment_rate per 1000 people,
2009-10,Chhattisgarh,Rural,Male,9,unemployment_rate per 1000 people,
2009-10,Chhattisgarh,Rural,Female,1,unemployment_rate per 1000 people,
2009-10,Chhattisgarh,Rural,Overall,6,unemployment_rate per 1000 people,
2009-10,Chhattisgarh,Urban,Male,31,unemployment_rate per 1000 people,
2009-10,Chhattisgarh,Urban,Female,21,unemployment_rate per 1000 people,
2009-10,Chhattisgarh,Urban,Overall,29,unemployment_rate per 1000 people,
2009-10,Dadra and Nagar Haveli,Rural,Male,51,unemployment_rate per 1000 people,
2009-10,Dadra and Nagar Haveli,Rural,Female,,unemployment_rate per 1000 people,
2009-10,Dadra and Nagar Haveli,Rural,Overall,48,unemployment_rate per 1000 people,
2009-10,Dadra and Nagar Haveli,Urban,Male,42,unemployment_rate per 1000 people,
2009-10,Dadra and Nagar Haveli,Urban,Female,600,unemployment_rate per 1000 people,
2009-10,Dadra and Nagar Haveli,Urban,Overall,53,unemployment_rate per 1000 people,
2009-10,Daman and Diu,Rural,Male,45,unemployment_rate per 1000 people,
2009-10,Daman and Diu,Rural,Female,23,unemployment_rate per 1000 people,
2009-10,Daman and Diu,Rural,Overall,40,unemployment_rate per 1000 people,
2009-10,Daman and Diu,Urban,Male,27,unemployment_rate per 1000 people,
2009-10,Daman and Diu,Urban,Female,,unemployment_rate per 1000 people,
2009-10,Daman and Diu,Urban,Overall,24,unemployment_rate per 1000 people,
2009-10,Delhi,Rural,Male,18,unemployment_rate per 1000 people,
2009-10,Delhi,Rural,Female,,unemployment_rate per 1000 people,
2009-10,Delhi,Rural,Overall,17,unemployment_rate per 1000 people,
2009-10,Delhi,Urban,Male,26,unemployment_rate per 1000 people,
2009-10,Delhi,Urban,Female,22,unemployment_rate per 1000 people,
2009-10,Delhi,Urban,Overall,26,unemployment_rate per 1000 people,
2009-10,Goa,Rural,Male,35,unemployment_rate per 1000 people,
2009-10,Goa,Rural,Female,99,unemployment_rate per 1000 people,
2009-10,Goa,Rural,Overall,47,unemployment_rate per 1000 people,
2009-10,Goa,Urban,Male,35,unemployment_rate per 1000 people,
2009-10,Goa,Urban,Female,72,unemployment_rate per 1000 people,
2009-10,Goa,Urban,Overall,41,unemployment_rate per 1000 people,
2009-10,Gujarat,Rural,Male,8,unemployment_rate per 1000 people,
2009-10,Gujarat,Rural,Female,7,unemployment_rate per 1000 people,
2009-10,Gujarat,Rural,Overall,8,unemployment_rate per 1000 people,
2009-10,Gujarat,Urban,Male,15,unemployment_rate per 1000 people,
2009-10,Gujarat,Urban,Female,31,unemployment_rate per 1000 people,
2009-10,Gujarat,Urban,Overall,18,unemployment_rate per 1000 people,
2009-10,Haryana,Rural,Male,21,unemployment_rate per 1000 people,
2009-10,Haryana,Rural,Female,11,unemployment_rate per 1000 people,
2009-10,Haryana,Rural,Overall,18,unemployment_rate per 1000 people,
2009-10,Haryana,Urban,Male,22,unemployment_rate per 1000 people,
2009-10,Haryana,Urban,Female,38,unemployment_rate per 1000 people,
2009-10,Haryana,Urban,Overall,25,unemployment_rate per 1000 people,
2009-10,Himachal Pradesh,Rural,Male,19,unemployment_rate per 1000 people,
2009-10,Himachal Pradesh,Rural,Female,12,unemployment_rate per 1000 people,
2009-10,Himachal Pradesh,Rural,Overall,16,unemployment_rate per 1000 people,
2009-10,Himachal Pradesh,Urban,Male,31,unemployment_rate per 1000 people,
2009-10,Himachal Pradesh,Urban,Female,106,unemployment_rate per 1000 people,
2009-10,Himachal Pradesh,Urban,Overall,49,unemployment_rate per 1000 people,
2009-10,Jammu and Kashmir,Rural,Male,18,unemployment_rate per 1000 people,
2009-10,Jammu and Kashmir,Rural,Female,38,unemployment_rate per 1000 people,
2009-10,Jammu and Kashmir,Rural,Overall,25,unemployment_rate per 1000 people,
2009-10,Jammu and Kashmir,Urban,Male,47,unemployment_rate per 1000 people,
2009-10,Jammu and Kashmir,Urban,Female,109,unemployment_rate per 1000 people,
2009-10,Jammu and Kashmir,Urban,Overall,60,unemployment_rate per 1000 people,
2009-10,Jharkhand,Rural,Male,46,unemployment_rate per 1000 people,
2009-10,Jharkhand,Rural,Female,12,unemployment_rate per 1000 people,
2009-10,Jharkhand,Rural,Overall,39,unemployment_rate per 1000 people,
2009-10,Jharkhand,Urban,Male,53,unemployment_rate per 1000 people,
2009-10,Jharkhand,Urban,Female,121,unemployment_rate per 1000 people,
2009-10,Jharkhand,Urban,Overall,63,unemployment_rate per 1000 people,
2009-10,Karnataka,Rural,Male,5,unemployment_rate per 1000 people,
2009-10,Karnataka,Rural,Female,4,unemployment_rate per 1000 people,
2009-10,Karnataka,Rural,Overall,5,unemployment_rate per 1000 people,
2009-10,Karnataka,Urban,Male,24,unemployment_rate per 1000 people,
2009-10,Karnataka,Urban,Female,40,unemployment_rate per 1000 people,
2009-10,Karnataka,Urban,Overall,27,unemployment_rate per 1000 people,
2009-10,Kerala,Rural,Male,32,unemployment_rate per 1000 people,
2009-10,Kerala,Rural,Female,161,unemployment_rate per 1000 people,
2009-10,Kerala,Rural,Overall,75,unemployment_rate per 1000 people,
2009-10,Kerala,Urban,Male,29,unemployment_rate per 1000 people,
2009-10,Kerala,Urban,Female,168,unemployment_rate per 1000 people,
2009-10,Kerala,Urban,Overall,73,unemployment_rate per 1000 people,
2009-10,Ladakh,Rural,Male,,unemployment_rate per 1000 people,
2009-10,Ladakh,Rural,Female,,unemployment_rate per 1000 people,
2009-10,Ladakh,Rural,Overall,,unemployment_rate per 1000 people,
2009-10,Ladakh,Urban,Male,,unemployment_rate per 1000 people,
2009-10,Ladakh,Urban,Female,,unemployment_rate per 1000 people,
2009-10,Ladakh,Urban,Overall,,unemployment_rate per 1000 people,
2009-10,Lakshadweep,Rural,Male,24,unemployment_rate per 1000 people,
2009-10,Lakshadweep,Rural,Female,256,unemployment_rate per 1000 people,
2009-10,Lakshadweep,Rural,Overall,97,unemployment_rate per 1000 people,
2009-10,Lakshadweep,Urban,Male,87,unemployment_rate per 1000 people,
2009-10,Lakshadweep,Urban,Female,28,unemployment_rate per 1000 people,
2009-10,Lakshadweep,Urban,Overall,57,unemployment_rate per 1000 people,
2009-10,Madhya Pradesh,Rural,Male,8,unemployment_rate per 1000 people,
2009-10,Madhya Pradesh,Rural,Female,4,unemployment_rate per 1000 people,
2009-10,Madhya Pradesh,Rural,Overall,7,unemployment_rate per 1000 people,
2009-10,Madhya Pradesh,Urban,Male,27,unemployment_rate per 1000 people,
2009-10,Madhya Pradesh,Urban,Female,36,unemployment_rate per 1000 people,
2009-10,Madhya Pradesh,Urban,Overall,29,unemployment_rate per 1000 people,
2009-10,Maharashtra,Rural,Male,7,unemployment_rate per 1000 people,
2009-10,Maharashtra,Rural,Female,4,unemployment_rate per 1000 people,
2009-10,Maharashtra,Rural,Overall,6,unemployment_rate per 1000 people,
2009-10,Maharashtra,Urban,Male,28,unemployment_rate per 1000 people,
2009-10,Maharashtra,Urban,Female,50,unemployment_rate per 1000 people,
2009-10,Maharashtra,Urban,Overall,32,unemployment_rate per 1000 people,
2009-10,Manipur,Rural,Male,38,unemployment_rate per 1000 people,
2009-10,Manipur,Rural,Female,37,unemployment_rate per 1000 people,
2009-10,Manipur,Rural,Overall,38,unemployment_rate per 1000 people,
2009-10,Manipur,Urban,Male,50,unemployment_rate per 1000 people,
2009-10,Manipur,Urban,Female,41,unemployment_rate per 1000 people,
2009-10,Manipur,Urban,Overall,48,unemployment_rate per 1000 people,
2009-10,Meghalaya,Rural,Male,3,unemployment_rate per 1000 people,
2009-10,Meghalaya,Rural,Female,5,unemployment_rate per 1000 people,
2009-10,Meghalaya,Rural,Overall,4,unemployment_rate per 1000 people,
2009-10,Meghalaya,Urban,Male,30,unemployment_rate per 1000 people,
2009-10,Meghalaya,Urban,Female,90,unemployment_rate per 1000 people,
2009-10,Meghalaya,Urban,Overall,51,unemployment_rate per 1000 people,
2009-10,Mizoram,Rural,Male,13,unemployment_rate per 1000 people,
2009-10,Mizoram,Rural,Female,15,unemployment_rate per 1000 people,
2009-10,Mizoram,Rural,Overall,13,unemployment_rate per 1000 people,
2009-10,Mizoram,Urban,Male,25,unemployment_rate per 1000 people,
2009-10,Mizoram,Urban,Female,34,unemployment_rate per 1000 people,
2009-10,Mizoram,Urban,Overall,28,unemployment_rate per 1000 people,
2009-10,Nagaland,Rural,Male,98,unemployment_rate per 1000 people,
2009-10,Nagaland,Rural,Female,119,unemployment_rate per 1000 people,
2009-10,Nagaland,Rural,Overall,106,unemployment_rate per 1000 people,
2009-10,Nagaland,Urban,Male,61,unemployment_rate per 1000 people,
2009-10,Nagaland,Urban,Female,190,unemployment_rate per 1000 people,
2009-10,Nagaland,Urban,Overall,92,unemployment_rate per 1000 people,
2009-10,Odisha,Rural,Male,31,unemployment_rate per 1000 people,
2009-10,Odisha,Rural,Female,27,unemployment_rate per 1000 people,
2009-10,Odisha,Rural,Overall,30,unemployment_rate per 1000 people,
2009-10,Odisha,Urban,Male,40,unemployment_rate per 1000 people,
2009-10,Odisha,Urban,Female,54,unemployment_rate per 1000 people,
2009-10,Odisha,Urban,Overall,42,unemployment_rate per 1000 people,
2009-10,Puducherry,Rural,Male,41,unemployment_rate per 1000 people,
2009-10,Puducherry,Rural,Female,13,unemployment_rate per 1000 people,
2009-10,Puducherry,Rural,Overall,30,unemployment_rate per 1000 people,
2009-10,Puducherry,Urban,Male,20,unemployment_rate per 1000 people,
2009-10,Puducherry,Urban,Female,60,unemployment_rate per 1000 people,
2009-10,Puducherry,Urban,Overall,31,unemployment_rate per 1000 people,
2009-10,Punjab,Rural,Male,28,unemployment_rate per 1000 people,
2009-10,Punjab,Rural,Female,22,unemployment_rate per 1000 people,
2009-10,Punjab,Rural,Overall,26,unemployment_rate per 1000 people,
2009-10,Punjab,Urban,Male,44,unemployment_rate per 1000 people,
2009-10,Punjab,Urban,Female,66,unemployment_rate per 1000 people,
2009-10,Punjab,Urban,Overall,48,unemployment_rate per 1000 people,
2009-10,Rajasthan,Rural,Male,6,unemployment_rate per 1000 people,
2009-10,Rajasthan,Rural,Female,1,unemployment_rate per 1000 people,
2009-10,Rajasthan,Rural,Overall,4,unemployment_rate per 1000 people,
2009-10,Rajasthan,Urban,Male,17,unemployment_rate per 1000 people,
2009-10,Rajasthan,Urban,Female,44,unemployment_rate per 1000 people,
2009-10,Rajasthan,Urban,Overall,22,unemployment_rate per 1000 people,
2009-10,Sikkim,Rural,Male,47,unemployment_rate per 1000 people,
2009-10,Sikkim,Rural,Female,34,unemployment_rate per 1000 people,
2009-10,Sikkim,Rural,Overall,43,unemployment_rate per 1000 people,
2009-10,Sikkim,Urban,Male,,unemployment_rate per 1000 people,
2009-10,Sikkim,Urban,Female,,unemployment_rate per 1000 people,
2009-10,Sikkim,Urban,Overall,,unemployment_rate per 1000 people,
2009-10,Tamil Nadu,Rural,Male,15,unemployment_rate per 1000 people,
2009-10,Tamil Nadu,Rural,Female,15,unemployment_rate per 1000 people,
2009-10,Tamil Nadu,Rural,Overall,15,unemployment_rate per 1000 people,
2009-10,Tamil Nadu,Urban,Male,24,unemployment_rate per 1000 people,
2009-10,Tamil Nadu,Urban,Female,54,unemployment_rate per 1000 people,
2009-10,Tamil Nadu,Urban,Overall,32,unemployment_rate per 1000 people,
2009-10,Telangana,Rural,Male,,unemployment_rate per 1000 people,
2009-10,Telangana,Rural,Female,,unemployment_rate per 1000 people,
2009-10,Telangana,Rural,Overall,,unemployment_rate per 1000 people,
2009-10,Telangana,Urban,Male,,unemployment_rate per 1000 people,
2009-10,Telangana,Urban,Female,,unemployment_rate per 1000 people,
2009-10,Telangana,Urban,Overall,,unemployment_rate per 1000 people,
2009-10,Tripura,Rural,Male,53,unemployment_rate per 1000 people,
2009-10,Tripura,Rural,Female,198,unemployment_rate per 1000 people,
2009-10,Tripura,Rural,Overall,92,unemployment_rate per 1000 people,
2009-10,Tripura,Urban,Male,93,unemployment_rate per 1000 people,
2009-10,Tripura,Urban,Female,418,unemployment_rate per 1000 people,
2009-10,Tripura,Urban,Overall,171,unemployment_rate per 1000 people,
2009-10,Uttar Pradesh,Rural,Male,12,unemployment_rate per 1000 people,
2009-10,Uttar Pradesh,Rural,Female,5,unemployment_rate per 1000 people,
2009-10,Uttar Pradesh,Rural,Overall,10,unemployment_rate per 1000 people,
2009-10,Uttar Pradesh,Urban,Male,29,unemployment_rate per 1000 people,
2009-10,Uttar Pradesh,Urban,Female,34,unemployment_rate per 1000 people,
2009-10,Uttar Pradesh,Urban,Overall,29,unemployment_rate per 1000 people,
2009-10,Uttarakhand,Rural,Male,26,unemployment_rate per 1000 people,
2009-10,Uttarakhand,Rural,Female,2,unemployment_rate per 1000 people,
2009-10,Uttarakhand,Rural,Overall,16,unemployment_rate per 1000 people,
2009-10,Uttarakhand,Urban,Male,29,unemployment_rate per 1000 people,
2009-10,Uttarakhand,Urban,Female,31,unemployment_rate per 1000 people,
2009-10,Uttarakhand,Urban,Overall,29,unemployment_rate per 1000 people,
2009-10,West Bengal,Rural,Male,17,unemployment_rate per 1000 people,
2009-10,West Bengal,Rural,Female,28,unemployment_rate per 1000 people,
2009-10,West Bengal,Rural,Overall,19,unemployment_rate per 1000 people,
2009-10,West Bengal,Urban,Male,35,unemployment_rate per 1000 people,
2009-10,West Bengal,Urban,Female,65,unemployment_rate per 1000 people,
2009-10,West Bengal,Urban,Overall,40,unemployment_rate per 1000 people,
2004-05,All India,Rural,Male,16,unemployment_rate per 1000 people,
2004-05,All India,Rural,Female,18,unemployment_rate per 1000 people,
2004-05,All India,Rural,Overall,17,unemployment_rate per 1000 people,
2004-05,All India,Urban,Male,38,unemployment_rate per 1000 people,
2004-05,All India,Urban,Female,69,unemployment_rate per 1000 people,
2004-05,All India,Urban,Overall,45,unemployment_rate per 1000 people,
2004-05,Andaman and Nicobar Islands,Rural,Male,37,unemployment_rate per 1000 people,
2004-05,Andaman and Nicobar Islands,Rural,Female,123,unemployment_rate per 1000 people,
2004-05,Andaman and Nicobar Islands,Rural,Overall,62,unemployment_rate per 1000 people,
2004-05,Andaman and Nicobar Islands,Urban,Male,65,unemployment_rate per 1000 people,
2004-05,Andaman and Nicobar Islands,Urban,Female,172,unemployment_rate per 1000 people,
2004-05,Andaman and Nicobar Islands,Urban,Overall,88,unemployment_rate per 1000 people,
2004-05,Andhra Pradesh,Rural,Male,10,unemployment_rate per 1000 people,
2004-05,Andhra Pradesh,Rural,Female,4,unemployment_rate per 1000 people,
2004-05,Andhra Pradesh,Rural,Overall,7,unemployment_rate per 1000 people,
2004-05,Andhra Pradesh,Urban,Male,36,unemployment_rate per 1000 people,
2004-05,Andhra Pradesh,Urban,Female,38,unemployment_rate per 1000 people,
2004-05,Andhra Pradesh,Urban,Overall,36,unemployment_rate per 1000 people,
2004-05,Arunachal Pradesh,Rural,Male,11,unemployment_rate per 1000 people,
2004-05,Arunachal Pradesh,Rural,Female,6,unemployment_rate per 1000 people,
2004-05,Arunachal Pradesh,Rural,Overall,9,unemployment_rate per 1000 people,
2004-05,Arunachal Pradesh,Urban,Male,11,unemployment_rate per 1000 people,
2004-05,Arunachal Pradesh,Urban,Female,28,unemployment_rate per 1000 people,
2004-05,Arunachal Pradesh,Urban,Overall,12,unemployment_rate per 1000 people,
2004-05,Assam,Rural,Male,24,unemployment_rate per 1000 people,
2004-05,Assam,Rural,Female,31,unemployment_rate per 1000 people,
2004-05,Assam,Rural,Overall,26,unemployment_rate per 1000 people,
2004-05,Assam,Urban,Male,69,unemployment_rate per 1000 people,
2004-05,Assam,Urban,Female,91,unemployment_rate per 1000 people,
2004-05,Assam,Urban,Overall,72,unemployment_rate per 1000 people,
2004-05,Bihar,Rural,Male,18,unemployment_rate per 1000 people,
2004-05,Bihar,Rural,Female,2,unemployment_rate per 1000 people,
2004-05,Bihar,Rural,Overall,15,unemployment_rate per 1000 people,
2004-05,Bihar,Urban,Male,67,unemployment_rate per 1000 people,
2004-05,Bihar,Urban,Female,41,unemployment_rate per 1000 people,
2004-05,Bihar,Urban,Overall,64,unemployment_rate per 1000 people,
2004-05,Chandigarh,Rural,Male,25,unemployment_rate per 1000 people,
2004-05,Chandigarh,Rural,Female,48,unemployment_rate per 1000 people,
2004-05,Chandigarh,Rural,Overall,26,unemployment_rate per 1000 people,
2004-05,Chandigarh,Urban,Male,31,unemployment_rate per 1000 people,
2004-05,Chandigarh,Urban,Female,75,unemployment_rate per 1000 people,
2004-05,Chandigarh,Urban,Overall,40,unemployment_rate per 1000 people,
2004-05,Chhattisgarh,Rural,Male,8,unemployment_rate per 1000 people,
2004-05,Chhattisgarh,Rural,Female,3,unemployment_rate per 1000 people,
2004-05,Chhattisgarh,Rural,Overall,6,unemployment_rate per 1000 people,
2004-05,Chhattisgarh,Urban,Male,38,unemployment_rate per 1000 people,
2004-05,Chhattisgarh,Urban,Female,24,unemployment_rate per 1000 people,
2004-05,Chhattisgarh,Urban,Overall,35,unemployment_rate per 1000 people,
2004-05,Dadra and Nagar Haveli,Rural,Male,31,unemployment_rate per 1000 people,
2004-05,Dadra and Nagar Haveli,Rural,Female,36,unemployment_rate per 1000 people,
2004-05,Dadra and Nagar Haveli,Rural,Overall,33,unemployment_rate per 1000 people,
2004-05,Dadra and Nagar Haveli,Urban,Male,13,unemployment_rate per 1000 people,
2004-05,Dadra and Nagar Haveli,Urban,Female,91,unemployment_rate per 1000 people,
2004-05,Dadra and Nagar Haveli,Urban,Overall,30,unemployment_rate per 1000 people,
2004-05,Daman and Diu,Rural,Male,4,unemployment_rate per 1000 people,
2004-05,Daman and Diu,Rural,Female,,unemployment_rate per 1000 people,
2004-05,Daman and Diu,Rural,Overall,3,unemployment_rate per 1000 people,
2004-05,Daman and Diu,Urban,Male,28,unemployment_rate per 1000 people,
2004-05,Daman and Diu,Urban,Female,33,unemployment_rate per 1000 people,
2004-05,Daman and Diu,Urban,Overall,30,unemployment_rate per 1000 people,
2004-05,Delhi,Rural,Male,20,unemployment_rate per 1000 people,
2004-05,Delhi,Rural,Female,,unemployment_rate per 1000 people,
2004-05,Delhi,Rural,Overall,19,unemployment_rate per 1000 people,
2004-05,Delhi,Urban,Male,46,unemployment_rate per 1000 people,
2004-05,Delhi,Urban,Female,64,unemployment_rate per 1000 people,
2004-05,Delhi,Urban,Overall,48,unemployment_rate per 1000 people,
2004-05,Goa,Rural,Male,91,unemployment_rate per 1000 people,
2004-05,Goa,Rural,Female,157,unemployment_rate per 1000 people,
2004-05,Goa,Rural,Overall,111,unemployment_rate per 1000 people,
2004-05,Goa,Urban,Male,76,unemployment_rate per 1000 people,
2004-05,Goa,Urban,Female,118,unemployment_rate per 1000 people,
2004-05,Goa,Urban,Overall,87,unemployment_rate per 1000 people,
2004-05,Gujarat,Rural,Male,8,unemployment_rate per 1000 people,
2004-05,Gujarat,Rural,Female,2,unemployment_rate per 1000 people,
2004-05,Gujarat,Rural,Overall,5,unemployment_rate per 1000 people,
2004-05,Gujarat,Urban,Male,23,unemployment_rate per 1000 people,
2004-05,Gujarat,Urban,Female,29,unemployment_rate per 1000 people,
2004-05,Gujarat,Urban,Overall,24,unemployment_rate per 1000 people,
2004-05,Haryana,Rural,Male,28,unemployment_rate per 1000 people,
2004-05,Haryana,Rural,Female,10,unemployment_rate per 1000 people,
2004-05,Haryana,Rural,Overall,22,unemployment_rate per 1000 people,
2004-05,Haryana,Urban,Male,32,unemployment_rate per 1000 people,
2004-05,Haryana,Urban,Female,75,unemployment_rate per 1000 people,
2004-05,Haryana,Urban,Overall,40,unemployment_rate per 1000 people,
2004-05,Himachal Pradesh,Rural,Male,16,unemployment_rate per 1000 people,
2004-05,Himachal Pradesh,Rural,Female,20,unemployment_rate per 1000 people,
2004-05,Himachal Pradesh,Rural,Overall,18,unemployment_rate per 1000 people,
2004-05,Himachal Pradesh,Urban,Male,17,unemployment_rate per 1000 people,
2004-05,Himachal Pradesh,Urban,Female,101,unemployment_rate per 1000 people,
2004-05,Himachal Pradesh,Urban,Overall,38,unemployment_rate per 1000 people,
2004-05,Jammu and Kashmir,Rural,Male,17,unemployment_rate per 1000 people,
2004-05,Jammu and Kashmir,Rural,Female,13,unemployment_rate per 1000 people,
2004-05,Jammu and Kashmir,Rural,Overall,15,unemployment_rate per 1000 people,
2004-05,Jammu and Kashmir,Urban,Male,37,unemployment_rate per 1000 people,
2004-05,Jammu and Kashmir,Urban,Female,109,unemployment_rate per 1000 people,
2004-05,Jammu and Kashmir,Urban,Overall,49,unemployment_rate per 1000 people,
2004-05,Jharkhand,Rural,Male,20,unemployment_rate per 1000 people,
2004-05,Jharkhand,Rural,Female,1,unemployment_rate per 1000 people,
2004-05,Jharkhand,Rural,Overall,14,unemployment_rate per 1000 people,
2004-05,Jharkhand,Urban,Male,75,unemployment_rate per 1000 people,
2004-05,Jharkhand,Urban,Female,23,unemployment_rate per 1000 people,
2004-05,Jharkhand,Urban,Overall,65,unemployment_rate per 1000 people,
2004-05,Karnataka,Rural,Male,7,unemployment_rate per 1000 people,
2004-05,Karnataka,Rural,Female,8,unemployment_rate per 1000 people,
2004-05,Karnataka,Rural,Overall,7,unemployment_rate per 1000 people,
2004-05,Karnataka,Urban,Male,19,unemployment_rate per 1000 people,
2004-05,Karnataka,Urban,Female,57,unemployment_rate per 1000 people,
2004-05,Karnataka,Urban,Overall,28,unemployment_rate per 1000 people,
2004-05,Kerala,Rural,Male,51,unemployment_rate per 1000 people,
2004-05,Kerala,Rural,Female,201,unemployment_rate per 1000 people,
2004-05,Kerala,Rural,Overall,107,unemployment_rate per 1000 people,
2004-05,Kerala,Urban,Male,62,unemployment_rate per 1000 people,
2004-05,Kerala,Urban,Female,334,unemployment_rate per 1000 people,
2004-05,Kerala,Urban,Overall,156,unemployment_rate per 1000 people,
2004-05,Ladakh,Rural,Male,,unemployment_rate per 1000 people,
2004-05,Ladakh,Rural,Female,,unemployment_rate per 1000 people,
2004-05,Ladakh,Rural,Overall,,unemployment_rate per 1000 people,
2004-05,Ladakh,Urban,Male,,unemployment_rate per 1000 people,
2004-05,Ladakh,Urban,Female,,unemployment_rate per 1000 people,
2004-05,Ladakh,Urban,Overall,,unemployment_rate per 1000 people,
2004-05,Lakshadweep,Rural,Male,9,unemployment_rate per 1000 people,
2004-05,Lakshadweep,Rural,Female,571,unemployment_rate per 1000 people,
2004-05,Lakshadweep,Rural,Overall,75,unemployment_rate per 1000 people,
2004-05,Lakshadweep,Urban,Male,111,unemployment_rate per 1000 people,
2004-05,Lakshadweep,Urban,Female,515,unemployment_rate per 1000 people,
2004-05,Lakshadweep,Urban,Overall,250,unemployment_rate per 1000 people,
2004-05,Madhya Pradesh,Rural,Male,7,unemployment_rate per 1000 people,
2004-05,Madhya Pradesh,Rural,Female,1,unemployment_rate per 1000 people,
2004-05,Madhya Pradesh,Rural,Overall,5,unemployment_rate per 1000 people,
2004-05,Madhya Pradesh,Urban,Male,31,unemployment_rate per 1000 people,
2004-05,Madhya Pradesh,Urban,Female,16,unemployment_rate per 1000 people,
2004-05,Madhya Pradesh,Urban,Overall,28,unemployment_rate per 1000 people,
2004-05,Maharashtra,Rural,Male,15,unemployment_rate per 1000 people,
2004-05,Maharashtra,Rural,Female,3,unemployment_rate per 1000 people,
2004-05,Maharashtra,Rural,Overall,10,unemployment_rate per 1000 people,
2004-05,Maharashtra,Urban,Male,35,unemployment_rate per 1000 people,
2004-05,Maharashtra,Urban,Female,41,unemployment_rate per 1000 people,
2004-05,Maharashtra,Urban,Overall,36,unemployment_rate per 1000 people,
2004-05,Manipur,Rural,Male,14,unemployment_rate per 1000 people,
2004-05,Manipur,Rural,Female,7,unemployment_rate per 1000 people,
2004-05,Manipur,Rural,Overall,11,unemployment_rate per 1000 people,
2004-05,Manipur,Urban,Male,52,unemployment_rate per 1000 people,
2004-05,Manipur,Urban,Female,63,unemployment_rate per 1000 people,
2004-05,Manipur,Urban,Overall,55,unemployment_rate per 1000 people,
2004-05,Meghalaya,Rural,Male,1,unemployment_rate per 1000 people,
2004-05,Meghalaya,Rural,Female,5,unemployment_rate per 1000 people,
2004-05,Meghalaya,Rural,Overall,3,unemployment_rate per 1000 people,
2004-05,Meghalaya,Urban,Male,35,unemployment_rate per 1000 people,
2004-05,Meghalaya,Urban,Female,35,unemployment_rate per 1000 people,
2004-05,Meghalaya,Urban,Overall,35,unemployment_rate per 1000 people,
2004-05,Mizoram,Rural,Male,5,unemployment_rate per 1000 people,
2004-05,Mizoram,Rural,Female,1,unemployment_rate per 1000 people,
2004-05,Mizoram,Rural,Overall,3,unemployment_rate per 1000 people,
2004-05,Mizoram,Urban,Male,16,unemployment_rate per 1000 people,
2004-05,Mizoram,Urban,Female,26,unemployment_rate per 1000 people,
2004-05,Mizoram,Urban,Overall,19,unemployment_rate per 1000 people,
2004-05,Nagaland,Rural,Male,22,unemployment_rate per 1000 people,
2004-05,Nagaland,Rural,Female,14,unemployment_rate per 1000 people,
2004-05,Nagaland,Rural,Overall,18,unemployment_rate per 1000 people,
2004-05,Nagaland,Urban,Male,46,unemployment_rate per 1000 people,
2004-05,Nagaland,Urban,Female,72,unemployment_rate per 1000 people,
2004-05,Nagaland,Urban,Overall,55,unemployment_rate per 1000 people,
2004-05,Odisha,Rural,Male,31,unemployment_rate per 1000 people,
2004-05,Odisha,Rural,Female,83,unemployment_rate per 1000 people,
2004-05,Odisha,Rural,Overall,50,unemployment_rate per 1000 people,
2004-05,Odisha,Urban,Male,90,unemployment_rate per 1000 people,
2004-05,Odisha,Urban,Female,266,unemployment_rate per 1000 people,
2004-05,Odisha,Urban,Overall,134,unemployment_rate per 1000 people,
2004-05,Puducherry,Rural,Male,94,unemployment_rate per 1000 people,
2004-05,Puducherry,Rural,Female,32,unemployment_rate per 1000 people,
2004-05,Puducherry,Rural,Overall,70,unemployment_rate per 1000 people,
2004-05,Puducherry,Urban,Male,41,unemployment_rate per 1000 people,
2004-05,Puducherry,Urban,Female,195,unemployment_rate per 1000 people,
2004-05,Puducherry,Urban,Overall,81,unemployment_rate per 1000 people,
2004-05,Punjab,Rural,Male,33,unemployment_rate per 1000 people,
2004-05,Punjab,Rural,Female,49,unemployment_rate per 1000 people,
2004-05,Punjab,Rural,Overall,38,unemployment_rate per 1000 people,
2004-05,Punjab,Urban,Male,29,unemployment_rate per 1000 people,
2004-05,Punjab,Urban,Female,140,unemployment_rate per 1000 people,
2004-05,Punjab,Urban,Overall,50,unemployment_rate per 1000 people,
2004-05,Rajasthan,Rural,Male,12,unemployment_rate per 1000 people,
2004-05,Rajasthan,Rural,Female,1,unemployment_rate per 1000 people,
2004-05,Rajasthan,Rural,Overall,7,unemployment_rate per 1000 people,
2004-05,Rajasthan,Urban,Male,28,unemployment_rate per 1000 people,
2004-05,Rajasthan,Urban,Female,29,unemployment_rate per 1000 people,
2004-05,Rajasthan,Urban,Overall,29,unemployment_rate per 1000 people,
2004-05,Sikkim,Rural,Male,28,unemployment_rate per 1000 people,
2004-05,Sikkim,Rural,Female,15,unemployment_rate per 1000 people,
2004-05,Sikkim,Rural,Overall,24,unemployment_rate per 1000 people,
2004-05,Sikkim,Urban,Male,36,unemployment_rate per 1000 people,
2004-05,Sikkim,Urban,Female,43,unemployment_rate per 1000 people,
2004-05,Sikkim,Urban,Overall,37,unemployment_rate per 1000 people,
2004-05,Tamil Nadu,Rural,Male,12,unemployment_rate per 1000 people,
2004-05,Tamil Nadu,Rural,Female,11,unemployment_rate per 1000 people,
2004-05,Tamil Nadu,Rural,Overall,12,unemployment_rate per 1000 people,
2004-05,Tamil Nadu,Urban,Male,29,unemployment_rate per 1000 people,
2004-05,Tamil Nadu,Urban,Female,48,unemployment_rate per 1000 people,
2004-05,Tamil Nadu,Urban,Overall,35,unemployment_rate per 1000 people,
2004-05,Telangana,Rural,Male,,unemployment_rate per 1000 people,
2004-05,Telangana,Rural,Female,,unemployment_rate per 1000 people,
2004-05,Telangana,Rural,Overall,,unemployment_rate per 1000 people,
2004-05,Telangana,Urban,Male,,unemployment_rate per 1000 people,
2004-05,Telangana,Urban,Female,,unemployment_rate per 1000 people,
2004-05,Telangana,Urban,Overall,,unemployment_rate per 1000 people,
2004-05,Tripura,Rural,Male,96,unemployment_rate per 1000 people,
2004-05,Tripura,Rural,Female,320,unemployment_rate per 1000 people,
2004-05,Tripura,Rural,Overall,133,unemployment_rate per 1000 people,
2004-05,Tripura,Urban,Male,166,unemployment_rate per 1000 people,
2004-05,Tripura,Urban,Female,568,unemployment_rate per 1000 people,
2004-05,Tripura,Urban,Overall,280,unemployment_rate per 1000 people,
2004-05,Uttar Pradesh,Rural,Male,7,unemployment_rate per 1000 people,
2004-05,Uttar Pradesh,Rural,Female,3,unemployment_rate per 1000 people,
2004-05,Uttar Pradesh,Rural,Overall,6,unemployment_rate per 1000 people,
2004-05,Uttar Pradesh,Urban,Male,35,unemployment_rate per 1000 people,
2004-05,Uttar Pradesh,Urban,Female,25,unemployment_rate per 1000 people,
2004-05,Uttar Pradesh,Urban,Overall,33,unemployment_rate per 1000 people,
2004-05,Uttarakhand,Rural,Male,20,unemployment_rate per 1000 people,
2004-05,Uttarakhand,Rural,Female,4,unemployment_rate per 1000 people,
2004-05,Uttarakhand,Rural,Overall,13,unemployment_rate per 1000 people,
2004-05,Uttarakhand,Urban,Male,42,unemployment_rate per 1000 people,
2004-05,Uttarakhand,Urban,Female,102,unemployment_rate per 1000 people,
2004-05,Uttarakhand,Urban,Overall,54,unemployment_rate per 1000 people,
2004-05,West Bengal,Rural,Male,22,unemployment_rate per 1000 people,
2004-05,West Bengal,Rural,Female,33,unemployment_rate per 1000 people,
2004-05,West Bengal,Rural,Overall,25,unemployment_rate per 1000 people,
2004-05,West Bengal,Urban,Male,56,unemployment_rate per 1000 people,
2004-05,West Bengal,Urban,Female,84,unemployment_rate per 1000 people,
2004-05,West Bengal,Urban,Overall,62,unemployment_rate per 1000 people,
1999-00,All India,Rural,Male,17,unemployment_rate per 1000 people,
1999-00,All India,Rural,Female,10,unemployment_rate per 1000 people,
1999-00,All India,Rural,Overall,15,unemployment_rate per 1000 people,
1999-00,All India,Urban,Male,45,unemployment_rate per 1000 people,
1999-00,All India,Urban,Female,57,unemployment_rate per 1000 people,
1999-00,All India,Urban,Overall,47,unemployment_rate per 1000 people,
1999-00,Andaman and Nicobar Islands,Rural,Male,23,unemployment_rate per 1000 people,
1999-00,Andaman and Nicobar Islands,Rural,Female,68,unemployment_rate per 1000 people,
1999-00,Andaman and Nicobar Islands,Rural,Overall,34,unemployment_rate per 1000 people,
1999-00,Andaman and Nicobar Islands,Urban,Male,30,unemployment_rate per 1000 people,
1999-00,Andaman and Nicobar Islands,Urban,Female,173,unemployment_rate per 1000 people,
1999-00,Andaman and Nicobar Islands,Urban,Overall,69,unemployment_rate per 1000 people,
1999-00,Andhra Pradesh,Rural,Male,10,unemployment_rate per 1000 people,
1999-00,Andhra Pradesh,Rural,Female,5,unemployment_rate per 1000 people,
1999-00,Andhra Pradesh,Rural,Overall,8,unemployment_rate per 1000 people,
1999-00,Andhra Pradesh,Urban,Male,40,unemployment_rate per 1000 people,
1999-00,Andhra Pradesh,Urban,Female,37,unemployment_rate per 1000 people,
1999-00,Andhra Pradesh,Urban,Overall,39,unemployment_rate per 1000 people,
1999-00,Arunachal Pradesh,Rural,Male,8,unemployment_rate per 1000 people,
1999-00,Arunachal Pradesh,Rural,Female,1,unemployment_rate per 1000 people,
1999-00,Arunachal Pradesh,Rural,Overall,5,unemployment_rate per 1000 people,
1999-00,Arunachal Pradesh,Urban,Male,14,unemployment_rate per 1000 people,
1999-00,Arunachal Pradesh,Urban,Female,100,unemployment_rate per 1000 people,
1999-00,Arunachal Pradesh,Urban,Overall,29,unemployment_rate per 1000 people,
1999-00,Assam,Rural,Male,32,unemployment_rate per 1000 people,
1999-00,Assam,Rural,Female,66,unemployment_rate per 1000 people,
1999-00,Assam,Rural,Overall,39,unemployment_rate per 1000 people,
1999-00,Assam,Urban,Male,77,unemployment_rate per 1000 people,
1999-00,Assam,Urban,Female,189,unemployment_rate per 1000 people,
1999-00,Assam,Urban,Overall,97,unemployment_rate per 1000 people,
1999-00,Bihar,Rural,Male,22,unemployment_rate per 1000 people,
1999-00,Bihar,Rural,Female,5,unemployment_rate per 1000 people,
1999-00,Bihar,Rural,Overall,18,unemployment_rate per 1000 people,
1999-00,Bihar,Urban,Male,73,unemployment_rate per 1000 people,
1999-00,Bihar,Urban,Female,81,unemployment_rate per 1000 people,
1999-00,Bihar,Urban,Overall,74,unemployment_rate per 1000 people,
1999-00,Chandigarh,Rural,Male,7,unemployment_rate per 1000 people,
1999-00,Chandigarh,Rural,Female,,unemployment_rate per 1000 people,
1999-00,Chandigarh,Rural,Overall,7,unemployment_rate per 1000 people,
1999-00,Chandigarh,Urban,Male,32,unemployment_rate per 1000 people,
1999-00,Chandigarh,Urban,Female,109,unemployment_rate per 1000 people,
1999-00,Chandigarh,Urban,Overall,48,unemployment_rate per 1000 people,
1999-00,Chhattisgarh,Rural,Male,,unemployment_rate per 1000 people,
1999-00,Chhattisgarh,Rural,Female,,unemployment_rate per 1000 people,
1999-00,Chhattisgarh,Rural,Overall,,unemployment_rate per 1000 people,
1999-00,Chhattisgarh,Urban,Male,,unemployment_rate per 1000 people,
1999-00,Chhattisgarh,Urban,Female,,unemployment_rate per 1000 people,
1999-00,Chhattisgarh,Urban,Overall,,unemployment_rate per 1000 people,
1999-00,Dadra and Nagar Haveli,Rural,Male,16,unemployment_rate per 1000 people,
1999-00,Dadra and Nagar Haveli,Rural,Female,,unemployment_rate per 1000 people,
1999-00,Dadra and Nagar Haveli,Rural,Overall,10,unemployment_rate per 1000 people,
1999-00,Dadra and Nagar Haveli,Urban,Male,16,unemployment_rate per 1000 people,
1999-00,Dadra and Nagar Haveli,Urban,Female,,unemployment_rate per 1000 people,
1999-00,Dadra and Nagar Haveli,Urban,Overall,14,unemployment_rate per 1000 people,
1999-00,Daman and Diu,Rural,Male,13,unemployment_rate per 1000 people,
1999-00,Daman and Diu,Rural,Female,,unemployment_rate per 1000 people,
1999-00,Daman and Diu,Rural,Overall,10,unemployment_rate per 1000 people,
1999-00,Daman and Diu,Urban,Male,14,unemployment_rate per 1000 people,
1999-00,Daman and Diu,Urban,Female,80,unemployment_rate per 1000 people,
1999-00,Daman and Diu,Urban,Overall,30,unemployment_rate per 1000 people,
1999-00,Delhi,Rural,Male,39,unemployment_rate per 1000 people,
1999-00,Delhi,Rural,Female,210,unemployment_rate per 1000 people,
1999-00,Delhi,Rural,Overall,47,unemployment_rate per 1000 people,
1999-00,Delhi,Urban,Male,32,unemployment_rate per 1000 people,
1999-00,Delhi,Urban,Female,39,unemployment_rate per 1000 people,
1999-00,Delhi,Urban,Overall,33,unemployment_rate per 1000 people,
1999-00,Goa,Rural,Male,69,unemployment_rate per 1000 people,
1999-00,Goa,Rural,Female,159,unemployment_rate per 1000 people,
1999-00,Goa,Rural,Overall,93,unemployment_rate per 1000 people,
1999-00,Goa,Urban,Male,147,unemployment_rate per 1000 people,
1999-00,Goa,Urban,Female,333,unemployment_rate per 1000 people,
1999-00,Goa,Urban,Overall,185,unemployment_rate per 1000 people,
1999-00,Gujarat,Rural,Male,6,unemployment_rate per 1000 people,
1999-00,Gujarat,Rural,Female,1,unemployment_rate per 1000 people,
1999-00,Gujarat,Rural,Overall,4,unemployment_rate per 1000 people,
1999-00,Gujarat,Urban,Male,20,unemployment_rate per 1000 people,
1999-00,Gujarat,Urban,Female,20,unemployment_rate per 1000 people,
1999-00,Gujarat,Urban,Overall,20,unemployment_rate per 1000 people,
1999-00,Haryana,Rural,Male,11,unemployment_rate per 1000 people,
1999-00,Haryana,Rural,Female,1,unemployment_rate per 1000 people,
1999-00,Haryana,Rural,Overall,8,unemployment_rate per 1000 people,
1999-00,Haryana,Urban,Male,27,unemployment_rate per 1000 people,
1999-00,Haryana,Urban,Female,28,unemployment_rate per 1000 people,
1999-00,Haryana,Urban,Overall,27,unemployment_rate per 1000 people,
1999-00,Himachal Pradesh,Rural,Male,18,unemployment_rate per 1000 people,
1999-00,Himachal Pradesh,Rural,Female,5,unemployment_rate per 1000 people,
1999-00,Himachal Pradesh,Rural,Overall,12,unemployment_rate per 1000 people,
1999-00,Himachal Pradesh,Urban,Male,62,unemployment_rate per 1000 people,
1999-00,Himachal Pradesh,Urban,Female,79,unemployment_rate per 1000 people,
1999-00,Himachal Pradesh,Urban,Overall,66,unemployment_rate per 1000 people,
1999-00,Jammu and Kashmir,Rural,Male,12,unemployment_rate per 1000 people,
1999-00,Jammu and Kashmir,Rural,Female,11,unemployment_rate per 1000 people,
1999-00,Jammu and Kashmir,Rural,Overall,11,unemployment_rate per 1000 people,
1999-00,Jammu and Kashmir,Urban,Male,45,unemployment_rate per 1000 people,
1999-00,Jammu and Kashmir,Urban,Female,89,unemployment_rate per 1000 people,
1999-00,Jammu and Kashmir,Urban,Overall,50,unemployment_rate per 1000 people,
1999-00,Jharkhand,Rural,Male,,unemployment_rate per 1000 people,
1999-00,Jharkhand,Rural,Female,,unemployment_rate per 1000 people,
1999-00,Jharkhand,Rural,Overall,,unemployment_rate per 1000 people,
1999-00,Jharkhand,Urban,Male,,unemployment_rate per 1000 people,
1999-00,Jharkhand,Urban,Female,,unemployment_rate per 1000 people,
1999-00,Jharkhand,Urban,Overall,,unemployment_rate per 1000 people,
1999-00,Karnataka,Rural,Male,10,unemployment_rate per 1000 people,
1999-00,Karnataka,Rural,Female,3,unemployment_rate per 1000 people,
1999-00,Karnataka,Rural,Overall,7,unemployment_rate per 1000 people,
1999-00,Karnataka,Urban,Male,30,unemployment_rate per 1000 people,
1999-00,Karnataka,Urban,Female,44,unemployment_rate per 1000 people,
1999-00,Karnataka,Urban,Overall,33,unemployment_rate per 1000 people,
1999-00,Kerala,Rural,Male,57,unemployment_rate per 1000 people,
1999-00,Kerala,Rural,Female,130,unemployment_rate per 1000 people,
1999-00,Kerala,Rural,Overall,82,unemployment_rate per 1000 people,
1999-00,Kerala,Urban,Male,56,unemployment_rate per 1000 people,
1999-00,Kerala,Urban,Female,200,unemployment_rate per 1000 people,
1999-00,Kerala,Urban,Overall,102,unemployment_rate per 1000 people,
1999-00,Ladakh,Rural,Male,,unemployment_rate per 1000 people,
1999-00,Ladakh,Rural,Female,,unemployment_rate per 1000 people,
1999-00,Ladakh,Rural,Overall,,unemployment_rate per 1000 people,
1999-00,Ladakh,Urban,Male,,unemployment_rate per 1000 people,
1999-00,Ladakh,Urban,Female,,unemployment_rate per 1000 people,
1999-00,Ladakh,Urban,Overall,,unemployment_rate per 1000 people,
1999-00,Lakshadweep,Rural,Male,109,unemployment_rate per 1000 people,
1999-00,Lakshadweep,Rural,Female,429,unemployment_rate per 1000 people,
1999-00,Lakshadweep,Rural,Overall,194,unemployment_rate per 1000 people,
1999-00,Lakshadweep,Urban,Male,65,unemployment_rate per 1000 people,
1999-00,Lakshadweep,Urban,Female,179,unemployment_rate per 1000 people,
1999-00,Lakshadweep,Urban,Overall,100,unemployment_rate per 1000 people,
1999-00,Madhya Pradesh,Rural,Male,6,unemployment_rate per 1000 people,
1999-00,Madhya Pradesh,Rural,Female,2,unemployment_rate per 1000 people,
1999-00,Madhya Pradesh,Rural,Overall,5,unemployment_rate per 1000 people,
1999-00,Madhya Pradesh,Urban,Male,41,unemployment_rate per 1000 people,
1999-00,Madhya Pradesh,Urban,Female,14,unemployment_rate per 1000 people,
1999-00,Madhya Pradesh,Urban,Overall,35,unemployment_rate per 1000 people,
1999-00,Maharashtra,Rural,Male,19,unemployment_rate per 1000 people,
1999-00,Maharashtra,Rural,Female,7,unemployment_rate per 1000 people,
1999-00,Maharashtra,Rural,Overall,14,unemployment_rate per 1000 people,
1999-00,Maharashtra,Urban,Male,56,unemployment_rate per 1000 people,
1999-00,Maharashtra,Urban,Female,66,unemployment_rate per 1000 people,
1999-00,Maharashtra,Urban,Overall,58,unemployment_rate per 1000 people,
1999-00,Manipur,Rural,Male,21,unemployment_rate per 1000 people,
1999-00,Manipur,Rural,Female,15,unemployment_rate per 1000 people,
1999-00,Manipur,Rural,Overall,19,unemployment_rate per 1000 people,
1999-00,Manipur,Urban,Male,69,unemployment_rate per 1000 people,
1999-00,Manipur,Urban,Female,62,unemployment_rate per 1000 people,
1999-00,Manipur,Urban,Overall,67,unemployment_rate per 1000 people,
1999-00,Meghalaya,Rural,Male,5,unemployment_rate per 1000 people,
1999-00,Meghalaya,Rural,Female,3,unemployment_rate per 1000 people,
1999-00,Meghalaya,Rural,Overall,4,unemployment_rate per 1000 people,
1999-00,Meghalaya,Urban,Male,34,unemployment_rate per 1000 people,
1999-00,Meghalaya,Urban,Female,68,unemployment_rate per 1000 people,
1999-00,Meghalaya,Urban,Overall,46,unemployment_rate per 1000 people,
1999-00,Mizoram,Rural,Male,14,unemployment_rate per 1000 people,
1999-00,Mizoram,Rural,Female,3,unemployment_rate per 1000 people,
1999-00,Mizoram,Rural,Overall,9,unemployment_rate per 1000 people,
1999-00,Mizoram,Urban,Male,34,unemployment_rate per 1000 people,
1999-00,Mizoram,Urban,Female,24,unemployment_rate per 1000 people,
1999-00,Mizoram,Urban,Overall,30,unemployment_rate per 1000 people,
1999-00,Nagaland,Rural,Male,26,unemployment_rate per 1000 people,
1999-00,Nagaland,Rural,Female,20,unemployment_rate per 1000 people,
1999-00,Nagaland,Rural,Overall,24,unemployment_rate per 1000 people,
1999-00,Nagaland,Urban,Male,93,unemployment_rate per 1000 people,
1999-00,Nagaland,Urban,Female,87,unemployment_rate per 1000 people,
1999-00,Nagaland,Urban,Overall,91,unemployment_rate per 1000 people,
1999-00,Odisha,Rural,Male,24,unemployment_rate per 1000 people,
1999-00,Odisha,Rural,Female,11,unemployment_rate per 1000 people,
1999-00,Odisha,Rural,Overall,19,unemployment_rate per 1000 people,
1999-00,Odisha,Urban,Male,70,unemployment_rate per 1000 people,
1999-00,Odisha,Urban,Female,53,unemployment_rate per 1000 people,
1999-00,Odisha,Urban,Overall,67,unemployment_rate per 1000 people,
1999-00,Puducherry,Rural,Male,47,unemployment_rate per 1000 people,
1999-00,Puducherry,Rural,Female,26,unemployment_rate per 1000 people,
1999-00,Puducherry,Rural,Overall,40,unemployment_rate per 1000 people,
1999-00,Puducherry,Urban,Male,33,unemployment_rate per 1000 people,
1999-00,Puducherry,Urban,Female,64,unemployment_rate per 1000 people,
1999-00,Puducherry,Urban,Overall,41,unemployment_rate per 1000 people,
1999-00,Punjab,Rural,Male,23,unemployment_rate per 1000 people,
1999-00,Punjab,Rural,Female,9,unemployment_rate per 1000 people,
1999-00,Punjab,Rural,Overall,18,unemployment_rate per 1000 people,
1999-00,Punjab,Urban,Male,28,unemployment_rate per 1000 people,
1999-00,Punjab,Urban,Female,21,unemployment_rate per 1000 people,
1999-00,Punjab,Urban,Overall,27,unemployment_rate per 1000 people,
1999-00,Rajasthan,Rural,Male,6,unemployment_rate per 1000 people,
1999-00,Rajasthan,Rural,Female,1,unemployment_rate per 1000 people,
1999-00,Rajasthan,Rural,Overall,4,unemployment_rate per 1000 people,
1999-00,Rajasthan,Urban,Male,26,unemployment_rate per 1000 people,
1999-00,Rajasthan,Urban,Female,21,unemployment_rate per 1000 people,
1999-00,Rajasthan,Urban,Overall,25,unemployment_rate per 1000 people,
1999-00,Sikkim,Rural,Male,32,unemployment_rate per 1000 people,
1999-00,Sikkim,Rural,Female,19,unemployment_rate per 1000 people,
1999-00,Sikkim,Rural,Overall,28,unemployment_rate per 1000 people,
1999-00,Sikkim,Urban,Male,67,unemployment_rate per 1000 people,
1999-00,Sikkim,Urban,Female,100,unemployment_rate per 1000 people,
1999-00,Sikkim,Urban,Overall,75,unemployment_rate per 1000 people,
1999-00,Tamil Nadu,Rural,Male,27,unemployment_rate per 1000 people,
1999-00,Tamil Nadu,Rural,Female,10,unemployment_rate per 1000 people,
1999-00,Tamil Nadu,Rural,Overall,20,unemployment_rate per 1000 people,
1999-00,Tamil Nadu,Urban,Male,36,unemployment_rate per 1000 people,
1999-00,Tamil Nadu,Urban,Female,51,unemployment_rate per 1000 people,
1999-00,Tamil Nadu,Urban,Overall,40,unemployment_rate per 1000 people,
1999-00,Telangana,Rural,Male,,unemployment_rate per 1000 people,
1999-00,Telangana,Rural,Female,,unemployment_rate per 1000 people,
1999-00,Telangana,Rural,Overall,,unemployment_rate per 1000 people,
1999-00,Telangana,Urban,Male,,unemployment_rate per 1000 people,
1999-00,Telangana,Urban,Female,,unemployment_rate per 1000 people,
1999-00,Telangana,Urban,Overall,,unemployment_rate per 1000 people,
1999-00,Tripura,Rural,Male,7,unemployment_rate per 1000 people,
1999-00,Tripura,Rural,Female,44,unemployment_rate per 1000 people,
1999-00,Tripura,Rural,Overall,12,unemployment_rate per 1000 people,
1999-00,Tripura,Urban,Male,54,unemployment_rate per 1000 people,
1999-00,Tripura,Urban,Female,85,unemployment_rate per 1000 people,
1999-00,Tripura,Urban,Overall,58,unemployment_rate per 1000 people,
1999-00,Uttar Pradesh,Rural,Male,10,unemployment_rate per 1000 people,
1999-00,Uttar Pradesh,Rural,Female,3,unemployment_rate per 1000 people,
1999-00,Uttar Pradesh,Rural,Overall,8,unemployment_rate per 1000 people,
1999-00,Uttar Pradesh,Urban,Male,43,unemployment_rate per 1000 people,
1999-00,Uttar Pradesh,Urban,Female,33,unemployment_rate per 1000 people,
1999-00,Uttar Pradesh,Urban,Overall,41,unemployment_rate per 1000 people,
1999-00,Uttarakhand,Rural,Male,,unemployment_rate per 1000 people,
1999-00,Uttarakhand,Rural,Female,,unemployment_rate per 1000 people,
1999-00,Uttarakhand,Rural,Overall,,unemployment_rate per 1000 people,
1999-00,Uttarakhand,Urban,Male,,unemployment_rate per 1000 people,
1999-00,Uttarakhand,Urban,Female,,unemployment_rate per 1000 people,
1999-00,Uttarakhand,Urban,Overall,,unemployment_rate per 1000 people,
1999-00,West Bengal,Rural,Male,28,unemployment_rate per 1000 people,
1999-00,West Bengal,Rural,Female,28,unemployment_rate per 1000 people,
1999-00,West Bengal,Rural,Overall,28,unemployment_rate per 1000 people,
1999-00,West Bengal,Urban,Male,72,unemployment_rate per 1000 people,
1999-00,West Bengal,Urban,Female,95,unemployment_rate per 1000 people,
1999-00,West Bengal,Urban,Overall,76,unemployment_rate per 1000 people,
1993-94,All India,Rural,Male,14,unemployment_rate per 1000 people,
1993-94,All India,Rural,Female,8,unemployment_rate per 1000 people,
1993-94,All India,Rural,Overall,12,unemployment_rate per 1000 people,
1993-94,All India,Urban,Male,40,unemployment_rate per 1000 people,
1993-94,All India,Urban,Female,62,unemployment_rate per 1000 people,
1993-94,All India,Urban,Overall,45,unemployment_rate per 1000 people,
1993-94,Andaman and Nicobar Islands,Rural,Male,23,unemployment_rate per 1000 people,
1993-94,Andaman and Nicobar Islands,Rural,Female,17,unemployment_rate per 1000 people,
1993-94,Andaman and Nicobar Islands,Rural,Overall,21,unemployment_rate per 1000 people,
1993-94,Andaman and Nicobar Islands,Urban,Male,39,unemployment_rate per 1000 people,
1993-94,Andaman and Nicobar Islands,Urban,Female,96,unemployment_rate per 1000 people,
1993-94,Andaman and Nicobar Islands,Urban,Overall,54,unemployment_rate per 1000 people,
1993-94,Andhra Pradesh,Rural,Male,7,unemployment_rate per 1000 people,
1993-94,Andhra Pradesh,Rural,Female,1,unemployment_rate per 1000 people,
1993-94,Andhra Pradesh,Rural,Overall,4,unemployment_rate per 1000 people,
1993-94,Andhra Pradesh,Urban,Male,28,unemployment_rate per 1000 people,
1993-94,Andhra Pradesh,Urban,Female,35,unemployment_rate per 1000 people,
1993-94,Andhra Pradesh,Urban,Overall,30,unemployment_rate per 1000 people,
1993-94,Arunachal Pradesh,Rural,Male,16,unemployment_rate per 1000 people,
1993-94,Arunachal Pradesh,Rural,Female,2,unemployment_rate per 1000 people,
1993-94,Arunachal Pradesh,Rural,Overall,10,unemployment_rate per 1000 people,
1993-94,Arunachal Pradesh,Urban,Male,17,unemployment_rate per 1000 people,
1993-94,Arunachal Pradesh,Urban,Female,73,unemployment_rate per 1000 people,
1993-94,Arunachal Pradesh,Urban,Overall,26,unemployment_rate per 1000 people,
1993-94,Assam,Rural,Male,46,unemployment_rate per 1000 people,
1993-94,Assam,Rural,Female,77,unemployment_rate per 1000 people,
1993-94,Assam,Rural,Overall,52,unemployment_rate per 1000 people,
1993-94,Assam,Urban,Male,55,unemployment_rate per 1000 people,
1993-94,Assam,Urban,Female,256,unemployment_rate per 1000 people,
1993-94,Assam,Urban,Overall,89,unemployment_rate per 1000 people,
1993-94,Bihar,Rural,Male,19,unemployment_rate per 1000 people,
1993-94,Bihar,Rural,Female,6,unemployment_rate per 1000 people,
1993-94,Bihar,Rural,Overall,16,unemployment_rate per 1000 people,
1993-94,Bihar,Urban,Male,68,unemployment_rate per 1000 people,
1993-94,Bihar,Urban,Female,92,unemployment_rate per 1000 people,
1993-94,Bihar,Urban,Overall,71,unemployment_rate per 1000 people,
1993-94,Chandigarh,Rural,Male,29,unemployment_rate per 1000 people,
1993-94,Chandigarh,Rural,Female,28,unemployment_rate per 1000 people,
1993-94,Chandigarh,Rural,Overall,29,unemployment_rate per 1000 people,
1993-94,Chandigarh,Urban,Male,33,unemployment_rate per 1000 people,
1993-94,Chandigarh,Urban,Female,222,unemployment_rate per 1000 people,
1993-94,Chandigarh,Urban,Overall,72,unemployment_rate per 1000 people,
1993-94,Chhattisgarh,Rural,Male,,unemployment_rate per 1000 people,
1993-94,Chhattisgarh,Rural,Female,,unemployment_rate per 1000 people,
1993-94,Chhattisgarh,Rural,Overall,,unemployment_rate per 1000 people,
1993-94,Chhattisgarh,Urban,Male,,unemployment_rate per 1000 people,
1993-94,Chhattisgarh,Urban,Female,,unemployment_rate per 1000 people,
1993-94,Chhattisgarh,Urban,Overall,,unemployment_rate per 1000 people,
1993-94,Dadra and Nagar Haveli,Rural,Male,9,unemployment_rate per 1000 people,
1993-94,Dadra and Nagar Haveli,Rural,Female,7,unemployment_rate per 1000 people,
1993-94,Dadra and Nagar Haveli,Rural,Overall,8,unemployment_rate per 1000 people,
1993-94,Dadra and Nagar Haveli,Urban,Male,,unemployment_rate per 1000 people,
1993-94,Dadra and Nagar Haveli,Urban,Female,,unemployment_rate per 1000 people,
1993-94,Dadra and Nagar Haveli,Urban,Overall,,unemployment_rate per 1000 people,
1993-94,Daman and Diu,Rural,Male,17,unemployment_rate per 1000 people,
1993-94,Daman and Diu,Rural,Female,,unemployment_rate per 1000 people,
1993-94,Daman and Diu,Rural,Overall,12,unemployment_rate per 1000 people,
1993-94,Daman and Diu,Urban,Male,49,unemployment_rate per 1000 people,
1993-94,Daman and Diu,Urban,Female,136,unemployment_rate per 1000 people,
1993-94,Daman and Diu,Urban,Overall,58,unemployment_rate per 1000 people,
1993-94,Delhi,Rural,Male,,unemployment_rate per 1000 people,
1993-94,Delhi,Rural,Female,,unemployment_rate per 1000 people,
1993-94,Delhi,Rural,Overall,,unemployment_rate per 1000 people,
1993-94,Delhi,Urban,Male,9,unemployment_rate per 1000 people,
1993-94,Delhi,Urban,Female,62,unemployment_rate per 1000 people,
1993-94,Delhi,Urban,Overall,15,unemployment_rate per 1000 people,
1993-94,Goa,Rural,Male,70,unemployment_rate per 1000 people,
1993-94,Goa,Rural,Female,129,unemployment_rate per 1000 people,
1993-94,Goa,Rural,Overall,90,unemployment_rate per 1000 people,
1993-94,Goa,Urban,Male,80,unemployment_rate per 1000 people,
1993-94,Goa,Urban,Female,154,unemployment_rate per 1000 people,
1993-94,Goa,Urban,Overall,101,unemployment_rate per 1000 people,
1993-94,Gujarat,Rural,Male,13,unemployment_rate per 1000 people,
1993-94,Gujarat,Rural,Female,3,unemployment_rate per 1000 people,
1993-94,Gujarat,Rural,Overall,9,unemployment_rate per 1000 people,
1993-94,Gujarat,Urban,Male,30,unemployment_rate per 1000 people,
1993-94,Gujarat,Urban,Female,44,unemployment_rate per 1000 people,
1993-94,Gujarat,Urban,Overall,33,unemployment_rate per 1000 people,
1993-94,Haryana,Rural,Male,15,unemployment_rate per 1000 people,
1993-94,Haryana,Rural,Female,4,unemployment_rate per 1000 people,
1993-94,Haryana,Rural,Overall,11,unemployment_rate per 1000 people,
1993-94,Haryana,Urban,Male,25,unemployment_rate per 1000 people,
1993-94,Haryana,Urban,Female,33,unemployment_rate per 1000 people,
1993-94,Haryana,Urban,Overall,26,unemployment_rate per 1000 people,
1993-94,Himachal Pradesh,Rural,Male,9,unemployment_rate per 1000 people,
1993-94,Himachal Pradesh,Rural,Female,1,unemployment_rate per 1000 people,
1993-94,Himachal Pradesh,Rural,Overall,5,unemployment_rate per 1000 people,
1993-94,Himachal Pradesh,Urban,Male,33,unemployment_rate per 1000 people,
1993-94,Himachal Pradesh,Urban,Female,3,unemployment_rate per 1000 people,
1993-94,Himachal Pradesh,Urban,Overall,26,unemployment_rate per 1000 people,
1993-94,Jammu and Kashmir,Rural,Male,9,unemployment_rate per 1000 people,
1993-94,Jammu and Kashmir,Rural,Female,4,unemployment_rate per 1000 people,
1993-94,Jammu and Kashmir,Rural,Overall,7,unemployment_rate per 1000 people,
1993-94,Jammu and Kashmir,Urban,Male,59,unemployment_rate per 1000 people,
1993-94,Jammu and Kashmir,Urban,Female,92,unemployment_rate per 1000 people,
1993-94,Jammu and Kashmir,Urban,Overall,66,unemployment_rate per 1000 people,
1993-94,Jharkhand,Rural,Male,,unemployment_rate per 1000 people,
1993-94,Jharkhand,Rural,Female,,unemployment_rate per 1000 people,
1993-94,Jharkhand,Rural,Overall,,unemployment_rate per 1000 people,
1993-94,Jharkhand,Urban,Male,,unemployment_rate per 1000 people,
1993-94,Jharkhand,Urban,Female,,unemployment_rate per 1000 people,
1993-94,Jharkhand,Urban,Overall,,unemployment_rate per 1000 people,
1993-94,Karnataka,Rural,Male,9,unemployment_rate per 1000 people,
1993-94,Karnataka,Rural,Female,4,unemployment_rate per 1000 people,
1993-94,Karnataka,Rural,Overall,7,unemployment_rate per 1000 people,
1993-94,Karnataka,Urban,Male,29,unemployment_rate per 1000 people,
1993-94,Karnataka,Urban,Female,56,unemployment_rate per 1000 people,
1993-94,Karnataka,Urban,Overall,36,unemployment_rate per 1000 people,
1993-94,Kerala,Rural,Male,55,unemployment_rate per 1000 people,
1993-94,Kerala,Rural,Female,97,unemployment_rate per 1000 people,
1993-94,Kerala,Rural,Overall,69,unemployment_rate per 1000 people,
1993-94,Kerala,Urban,Male,66,unemployment_rate per 1000 people,
1993-94,Kerala,Urban,Female,187,unemployment_rate per 1000 people,
1993-94,Kerala,Urban,Overall,103,unemployment_rate per 1000 people,
1993-94,Ladakh,Rural,Male,,unemployment_rate per 1000 people,
1993-94,Ladakh,Rural,Female,,unemployment_rate per 1000 people,
1993-94,Ladakh,Rural,Overall,,unemployment_rate per 1000 people,
1993-94,Ladakh,Urban,Male,,unemployment_rate per 1000 people,
1993-94,Ladakh,Urban,Female,,unemployment_rate per 1000 people,
1993-94,Ladakh,Urban,Overall,,unemployment_rate per 1000 people,
1993-94,Lakshadweep,Rural,Male,68,unemployment_rate per 1000 people,
1993-94,Lakshadweep,Rural,Female,428,unemployment_rate per 1000 people,
1993-94,Lakshadweep,Rural,Overall,169,unemployment_rate per 1000 people,
1993-94,Lakshadweep,Urban,Male,140,unemployment_rate per 1000 people,
1993-94,Lakshadweep,Urban,Female,333,unemployment_rate per 1000 people,
1993-94,Lakshadweep,Urban,Overall,200,unemployment_rate per 1000 people,
1993-94,Madhya Pradesh,Rural,Male,7,unemployment_rate per 1000 people,
1993-94,Madhya Pradesh,Rural,Female,1,unemployment_rate per 1000 people,
1993-94,Madhya Pradesh,Rural,Overall,5,unemployment_rate per 1000 people,
1993-94,Madhya Pradesh,Urban,Male,53,unemployment_rate per 1000 people,
1993-94,Madhya Pradesh,Urban,Female,39,unemployment_rate per 1000 people,
1993-94,Madhya Pradesh,Urban,Overall,50,unemployment_rate per 1000 people,
1993-94,Maharashtra,Rural,Male,12,unemployment_rate per 1000 people,
1993-94,Maharashtra,Rural,Female,3,unemployment_rate per 1000 people,
1993-94,Maharashtra,Rural,Overall,8,unemployment_rate per 1000 people,
1993-94,Maharashtra,Urban,Male,43,unemployment_rate per 1000 people,
1993-94,Maharashtra,Urban,Female,47,unemployment_rate per 1000 people,
1993-94,Maharashtra,Urban,Overall,44,unemployment_rate per 1000 people,
1993-94,Manipur,Rural,Male,12,unemployment_rate per 1000 people,
1993-94,Manipur,Rural,Female,7,unemployment_rate per 1000 people,
1993-94,Manipur,Rural,Overall,10,unemployment_rate per 1000 people,
1993-94,Manipur,Urban,Male,48,unemployment_rate per 1000 people,
1993-94,Manipur,Urban,Female,32,unemployment_rate per 1000 people,
1993-94,Manipur,Urban,Overall,42,unemployment_rate per 1000 people,
1993-94,Meghalaya,Rural,Male,4,unemployment_rate per 1000 people,
1993-94,Meghalaya,Rural,Female,,unemployment_rate per 1000 people,
1993-94,Meghalaya,Rural,Overall,2,unemployment_rate per 1000 people,
1993-94,Meghalaya,Urban,Male,10,unemployment_rate per 1000 people,
1993-94,Meghalaya,Urban,Female,31,unemployment_rate per 1000 people,
1993-94,Meghalaya,Urban,Overall,17,unemployment_rate per 1000 people,
1993-94,Mizoram,Rural,Male,14,unemployment_rate per 1000 people,
1993-94,Mizoram,Rural,Female,4,unemployment_rate per 1000 people,
1993-94,Mizoram,Rural,Overall,10,unemployment_rate per 1000 people,
1993-94,Mizoram,Urban,Male,5,unemployment_rate per 1000 people,
1993-94,Mizoram,Urban,Female,5,unemployment_rate per 1000 people,
1993-94,Mizoram,Urban,Overall,5,unemployment_rate per 1000 people,
1993-94,Nagaland,Rural,Male,21,unemployment_rate per 1000 people,
1993-94,Nagaland,Rural,Female,,unemployment_rate per 1000 people,
1993-94,Nagaland,Rural,Overall,14,unemployment_rate per 1000 people,
1993-94,Nagaland,Urban,Male,69,unemployment_rate per 1000 people,
1993-94,Nagaland,Urban,Female,64,unemployment_rate per 1000 people,
1993-94,Nagaland,Urban,Overall,68,unemployment_rate per 1000 people,
1993-94,Odisha,Rural,Male,18,unemployment_rate per 1000 people,
1993-94,Odisha,Rural,Female,8,unemployment_rate per 1000 people,
1993-94,Odisha,Rural,Overall,14,unemployment_rate per 1000 people,
1993-94,Odisha,Urban,Male,67,unemployment_rate per 1000 people,
1993-94,Odisha,Urban,Female,60,unemployment_rate per 1000 people,
1993-94,Odisha,Urban,Overall,65,unemployment_rate per 1000 people,
1993-94,Puducherry,Rural,Male,35,unemployment_rate per 1000 people,
1993-94,Puducherry,Rural,Female,,unemployment_rate per 1000 people,
1993-94,Puducherry,Rural,Overall,24,unemployment_rate per 1000 people,
1993-94,Puducherry,Urban,Male,57,unemployment_rate per 1000 people,
1993-94,Puducherry,Urban,Female,99,unemployment_rate per 1000 people,
1993-94,Puducherry,Urban,Overall,68,unemployment_rate per 1000 people,
1993-94,Punjab,Rural,Male,13,unemployment_rate per 1000 people,
1993-94,Punjab,Rural,Female,12,unemployment_rate per 1000 people,
1993-94,Punjab,Rural,Overall,13,unemployment_rate per 1000 people,
1993-94,Punjab,Urban,Male,31,unemployment_rate per 1000 people,
1993-94,Punjab,Urban,Female,53,unemployment_rate per 1000 people,
1993-94,Punjab,Urban,Overall,34,unemployment_rate per 1000 people,
1993-94,Rajasthan,Rural,Male,4,unemployment_rate per 1000 people,
1993-94,Rajasthan,Rural,Female,1,unemployment_rate per 1000 people,
1993-94,Rajasthan,Rural,Overall,3,unemployment_rate per 1000 people,
1993-94,Rajasthan,Urban,Male,17,unemployment_rate per 1000 people,
1993-94,Rajasthan,Urban,Female,6,unemployment_rate per 1000 people,
1993-94,Rajasthan,Urban,Overall,14,unemployment_rate per 1000 people,
1993-94,Sikkim,Rural,Male,6,unemployment_rate per 1000 people,
1993-94,Sikkim,Rural,Female,16,unemployment_rate per 1000 people,
1993-94,Sikkim,Rural,Overall,7,unemployment_rate per 1000 people,
1993-94,Sikkim,Urban,Male,12,unemployment_rate per 1000 people,
1993-94,Sikkim,Urban,Female,62,unemployment_rate per 1000 people,
1993-94,Sikkim,Urban,Overall,31,unemployment_rate per 1000 people,
1993-94,Tamil Nadu,Rural,Male,18,unemployment_rate per 1000 people,
1993-94,Tamil Nadu,Rural,Female,6,unemployment_rate per 1000 people,
1993-94,Tamil Nadu,Rural,Overall,13,unemployment_rate per 1000 people,
1993-94,Tamil Nadu,Urban,Male,43,unemployment_rate per 1000 people,
1993-94,Tamil Nadu,Urban,Female,68,unemployment_rate per 1000 people,
1993-94,Tamil Nadu,Urban,Overall,50,unemployment_rate per 1000 people,
1993-94,Telangana,Rural,Male,,unemployment_rate per 1000 people,
1993-94,Telangana,Rural,Female,,unemployment_rate per 1000 people,
1993-94,Telangana,Rural,Overall,,unemployment_rate per 1000 people,
1993-94,Telangana,Urban,Male,,unemployment_rate per 1000 people,
1993-94,Telangana,Urban,Female,,unemployment_rate per 1000 people,
1993-94,Telangana,Urban,Overall,,unemployment_rate per 1000 people,
1993-94,Tripura,Rural,Male,14,unemployment_rate per 1000 people,
1993-94,Tripura,Rural,Female,58,unemployment_rate per 1000 people,
1993-94,Tripura,Rural,Overall,23,unemployment_rate per 1000 people,
1993-94,Tripura,Urban,Male,60,unemployment_rate per 1000 people,
1993-94,Tripura,Urban,Female,174,unemployment_rate per 1000 people,
1993-94,Tripura,Urban,Overall,85,unemployment_rate per 1000 people,
1993-94,Uttar Pradesh,Rural,Male,9,unemployment_rate per 1000 people,
1993-94,Uttar Pradesh,Rural,Female,3,unemployment_rate per 1000 people,
1993-94,Uttar Pradesh,Rural,Overall,7,unemployment_rate per 1000 people,
1993-94,Uttar Pradesh,Urban,Male,32,unemployment_rate per 1000 people,
1993-94,Uttar Pradesh,Urban,Female,11,unemployment_rate per 1000 people,
1993-94,Uttar Pradesh,Urban,Overall,29,unemployment_rate per 1000 people,
1993-94,Uttarakhand,Rural,Male,,unemployment_rate per 1000 people,
1993-94,Uttarakhand,Rural,Female,,unemployment_rate per 1000 people,
1993-94,Uttarakhand,Rural,Overall,,unemployment_rate per 1000 people,
1993-94,Uttarakhand,Urban,Male,,unemployment_rate per 1000 people,
1993-94,Uttarakhand,Urban,Female,,unemployment_rate per 1000 people,
1993-94,Uttarakhand,Urban,Overall,,unemployment_rate per 1000 people,
1993-94,West Bengal,Rural,Male,18,unemployment_rate per 1000 people,
1993-94,West Bengal,Rural,Female,17,unemployment_rate per 1000 people,
1993-94,West Bengal,Rural,Overall,18,unemployment_rate per 1000 people,
1993-94,West Bengal,Urban,Male,63,unemployment_rate per 1000 people,
1993-94,West Bengal,Urban,Female,142,unemployment_rate per 1000 people,
1993-94,West Bengal,Urban,Overall,79,unemployment_rate per 1000 people,