year,month,state,gender,value,unit,note
2036,October,West Bengal,Total,42.67,value in Percentage,
2036,October,West Bengal,Male,43.40,value in Percentage,
2036,October,West Bengal,Female,41.93,value in Percentage,
2036,October,Uttarakhand,Total,42.27,value in Percentage,
2036,October,Uttarakhand,Male,43.67,value in Percentage,
2036,October,Uttarakhand,Female,40.79,value in Percentage,
2036,October,Uttar Pradesh,Total,25.98,value in Percentage,
2036,October,Uttar Pradesh,Male,26.50,value in Percentage,
2036,October,Uttar Pradesh,Female,25.43,value in Percentage,
2036,October,Tripura,Total,54.57,value in Percentage,
2036,October,Tripura,Male,54.76,value in Percentage,
2036,October,Tripura,Female,54.38,value in Percentage,
2036,October,Telangana,Total,57.77,value in Percentage,
2036,October,Telangana,Male,58.05,value in Percentage,
2036,October,Telangana,Female,57.50,value in Percentage,
2036,October,Tamil Nadu,Total,59.91,value in Percentage,
2036,October,Tamil Nadu,Male,60.38,value in Percentage,
2036,October,Tamil Nadu,Female,59.44,value in Percentage,
2036,October,Sikkim,Total,75.69,value in Percentage,
2036,October,Sikkim,Male,75.53,value in Percentage,
2036,October,Sikkim,Female,75.93,value in Percentage,
2036,October,Rajasthan,Total,28.53,value in Percentage,
2036,October,Rajasthan,Male,29.32,value in Percentage,
2036,October,Rajasthan,Female,27.72,value in Percentage,
2036,October,Punjab,Total,46.84,value in Percentage,
2036,October,Punjab,Male,47.85,value in Percentage,
2036,October,Punjab,Female,45.74,value in Percentage,
2036,October,Puducherry,Total,71.86,value in Percentage,
2036,October,Puducherry,Male,77.39,value in Percentage,
2036,October,Puducherry,Female,67.26,value in Percentage,
2036,October,Odisha,Total,21.40,value in Percentage,
2036,October,Odisha,Male,22.13,value in Percentage,
2036,October,Odisha,Female,20.66,value in Percentage,
2036,October,Nagaland,Total,65.14,value in Percentage,
2036,October,Nagaland,Male,66.59,value in Percentage,
2036,October,Nagaland,Female,63.64,value in Percentage,
2036,October,Mizoram,Total,58.18,value in Percentage,
2036,October,Mizoram,Male,58.11,value in Percentage,
2036,October,Mizoram,Female,58.24,value in Percentage,
2036,October,Meghalaya,Total,21.31,value in Percentage,
2036,October,Meghalaya,Male,21.39,value in Percentage,
2036,October,Meghalaya,Female,21.22,value in Percentage,
2036,October,Manipur,Total,36.08,value in Percentage,
2036,October,Manipur,Male,35.71,value in Percentage,
2036,October,Manipur,Female,36.44,value in Percentage,
2036,October,Maharashtra,Total,52.24,value in Percentage,
2036,October,Maharashtra,Male,52.72,value in Percentage,
2036,October,Maharashtra,Female,51.71,value in Percentage,
2036,October,Madhya Pradesh,Total,30.46,value in Percentage,
2036,October,Madhya Pradesh,Male,31.03,value in Percentage,
2036,October,Madhya Pradesh,Female,29.86,value in Percentage,
2036,October,Lakshadweep,Total,100.0,value in Percentage,
2036,October,Lakshadweep,Male,100.0,value in Percentage,
2036,October,Lakshadweep,Female,100.0,value in Percentage,
2036,October,Ladakh,Total,41.28,value in Percentage,
2036,October,Ladakh,Male,49.26,value in Percentage,
2036,October,Ladakh,Female,31.57,value in Percentage,
2036,October,Kerala,Total,97.09,value in Percentage,
2036,October,Kerala,Male,96.51,value in Percentage,
2036,October,Kerala,Female,97.63,value in Percentage,
2036,October,Karnataka,Total,51.03,value in Percentage,
2036,October,Karnataka,Male,51.27,value in Percentage,
2036,October,Karnataka,Female,50.79,value in Percentage,
2036,October,Jharkhand,Total,28.48,value in Percentage,
2036,October,Jharkhand,Male,29.33,value in Percentage,
2036,October,Jharkhand,Female,27.60,value in Percentage,
2036,October,Jammu and Kashmir,Total,34.09,value in Percentage,
2036,October,Jammu and Kashmir,Male,35.67,value in Percentage,
2036,October,Jammu and Kashmir,Female,32.40,value in Percentage,
2036,October,Himachal Pradesh,Total,10.64,value in Percentage,
2036,October,Himachal Pradesh,Male,11.33,value in Percentage,
2036,October,Himachal Pradesh,Female,9.93,value in Percentage,
2036,October,Haryana,Total,49.92,value in Percentage,
2036,October,Haryana,Male,50.88,value in Percentage,
2036,October,Haryana,Female,48.85,value in Percentage,
2036,October,Gujarat,Total,55.26,value in Percentage,
2036,October,Gujarat,Male,55.84,value in Percentage,
2036,October,Gujarat,Female,54.62,value in Percentage,
2036,October,Goa,Total,88.71,value in Percentage,
2036,October,Goa,Male,90.59,value in Percentage,
2036,October,Goa,Female,86.84,value in Percentage,
2036,October,Delhi,Total,100.0,value in Percentage,
2036,October,Delhi,Male,100.0,value in Percentage,
2036,October,Delhi,Female,100.0,value in Percentage,
2036,October,Daman and Diu,Total,99.35,value in Percentage,
2036,October,Daman and Diu,Male,99.35,value in Percentage,
2036,October,Daman and Diu,Female,99.36,value in Percentage,
2036,October,Dadra and Nagar Haveli,Total,80.95,value in Percentage,
2036,October,Dadra and Nagar Haveli,Male,72.42,value in Percentage,
2036,October,Dadra and Nagar Haveli,Female,97.85,value in Percentage,
2036,October,Chhattisgarh,Total,31.46,value in Percentage,
2036,October,Chhattisgarh,Male,32.11,value in Percentage,
2036,October,Chhattisgarh,Female,30.82,value in Percentage,
2036,October,Chandigarh,Total,100.0,value in Percentage,
2036,October,Chandigarh,Male,100.0,value in Percentage,
2036,October,Chandigarh,Female,100.0,value in Percentage,
2036,October,Bihar,Total,13.33,value in Percentage,
2036,October,Bihar,Male,13.61,value in Percentage,
2036,October,Bihar,Female,13.03,value in Percentage,
2036,October,Assam,Total,17.23,value in Percentage,
2036,October,Assam,Male,17.51,value in Percentage,
2036,October,Assam,Female,16.96,value in Percentage,
2036,October,Arunachal Pradesh,Total,28.70,value in Percentage,
2036,October,Arunachal Pradesh,Male,29.73,value in Percentage,
2036,October,Arunachal Pradesh,Female,27.64,value in Percentage,
2036,October,Andhra Pradesh,Total,45.13,value in Percentage,
2036,October,Andhra Pradesh,Male,45.59,value in Percentage,
2036,October,Andhra Pradesh,Female,44.66,value in Percentage,
2036,October,Andaman and Nicobar Islands,Total,51.83,value in Percentage,
2036,October,Andaman and Nicobar Islands,Male,52.76,value in Percentage,
2036,October,Andaman and Nicobar Islands,Female,50.81,value in Percentage,
2036,October,All India,Total,39.22,value in Percentage,
2036,October,All India,Male,39.76,value in Percentage,
2036,October,All India,Female,38.66,value in Percentage,
2036,March,West Bengal,Total,42.41,value in Percentage,
2036,March,West Bengal,Male,43.12,value in Percentage,
2036,March,West Bengal,Female,41.69,value in Percentage,
2036,March,Uttarakhand,Total,42.00,value in Percentage,
2036,March,Uttarakhand,Male,43.39,value in Percentage,
2036,March,Uttarakhand,Female,40.52,value in Percentage,
2036,March,Uttar Pradesh,Total,25.90,value in Percentage,
2036,March,Uttar Pradesh,Male,26.41,value in Percentage,
2036,March,Uttar Pradesh,Female,25.36,value in Percentage,
2036,March,Tripura,Total,53.89,value in Percentage,
2036,March,Tripura,Male,54.06,value in Percentage,
2036,March,Tripura,Female,53.72,value in Percentage,
2036,March,Telangana,Total,57.32,value in Percentage,
2036,March,Telangana,Male,57.59,value in Percentage,
2036,March,Telangana,Female,57.06,value in Percentage,
2036,March,Tamil Nadu,Total,59.63,value in Percentage,
2036,March,Tamil Nadu,Male,60.09,value in Percentage,
2036,March,Tamil Nadu,Female,59.19,value in Percentage,
2036,March,Sikkim,Total,74.61,value in Percentage,
2036,March,Sikkim,Male,74.43,value in Percentage,
2036,March,Sikkim,Female,74.87,value in Percentage,
2036,March,Rajasthan,Total,28.45,value in Percentage,
2036,March,Rajasthan,Male,29.23,value in Percentage,
2036,March,Rajasthan,Female,27.64,value in Percentage,
2036,March,Punjab,Total,46.63,value in Percentage,
2036,March,Punjab,Male,47.62,value in Percentage,
2036,March,Punjab,Female,45.54,value in Percentage,
2036,March,Puducherry,Total,71.81,value in Percentage,
2036,March,Puducherry,Male,77.18,value in Percentage,
2036,March,Puducherry,Female,67.32,value in Percentage,
2036,March,Odisha,Total,21.28,value in Percentage,
2036,March,Odisha,Male,22.01,value in Percentage,
2036,March,Odisha,Female,20.56,value in Percentage,
2036,March,Nagaland,Total,64.32,value in Percentage,
2036,March,Nagaland,Male,65.73,value in Percentage,
2036,March,Nagaland,Female,62.85,value in Percentage,
2036,March,Mizoram,Total,58.02,value in Percentage,
2036,March,Mizoram,Male,57.94,value in Percentage,
2036,March,Mizoram,Female,58.10,value in Percentage,
2036,March,Meghalaya,Total,21.27,value in Percentage,
2036,March,Meghalaya,Male,21.35,value in Percentage,
2036,March,Meghalaya,Female,21.19,value in Percentage,
2036,March,Manipur,Total,35.91,value in Percentage,
2036,March,Manipur,Male,35.53,value in Percentage,
2036,March,Manipur,Female,36.27,value in Percentage,
2036,March,Maharashtra,Total,52.08,value in Percentage,
2036,March,Maharashtra,Male,52.56,value in Percentage,
2036,March,Maharashtra,Female,51.55,value in Percentage,
2036,March,Madhya Pradesh,Total,30.40,value in Percentage,
2036,March,Madhya Pradesh,Male,30.96,value in Percentage,
2036,March,Madhya Pradesh,Female,29.81,value in Percentage,
2036,March,Lakshadweep,Total,100.0,value in Percentage,
2036,March,Lakshadweep,Male,100.0,value in Percentage,
2036,March,Lakshadweep,Female,100.0,value in Percentage,
2036,March,Ladakh,Total,40.85,value in Percentage,
2036,March,Ladakh,Male,48.69,value in Percentage,
2036,March,Ladakh,Female,31.27,value in Percentage,
2036,March,Kerala,Total,96.43,value in Percentage,
2036,March,Kerala,Male,95.86,value in Percentage,
2036,March,Kerala,Female,96.96,value in Percentage,
2036,March,Karnataka,Total,50.75,value in Percentage,
2036,March,Karnataka,Male,50.98,value in Percentage,
2036,March,Karnataka,Female,50.50,value in Percentage,
2036,March,Jharkhand,Total,28.38,value in Percentage,
2036,March,Jharkhand,Male,29.22,value in Percentage,
2036,March,Jharkhand,Female,27.51,value in Percentage,
2036,March,Jammu and Kashmir,Total,33.94,value in Percentage,
2036,March,Jammu and Kashmir,Male,35.49,value in Percentage,
2036,March,Jammu and Kashmir,Female,32.27,value in Percentage,
2036,March,Himachal Pradesh,Total,10.62,value in Percentage,
2036,March,Himachal Pradesh,Male,11.31,value in Percentage,
2036,March,Himachal Pradesh,Female,9.91,value in Percentage,
2036,March,Haryana,Total,49.59,value in Percentage,
2036,March,Haryana,Male,50.53,value in Percentage,
2036,March,Haryana,Female,48.56,value in Percentage,
2036,March,Gujarat,Total,54.99,value in Percentage,
2036,March,Gujarat,Male,55.57,value in Percentage,
2036,March,Gujarat,Female,54.34,value in Percentage,
2036,March,Goa,Total,88.23,value in Percentage,
2036,March,Goa,Male,90.07,value in Percentage,
2036,March,Goa,Female,86.39,value in Percentage,
2036,March,Delhi,Total,100.0,value in Percentage,
2036,March,Delhi,Male,100.0,value in Percentage,
2036,March,Delhi,Female,100.0,value in Percentage,
2036,March,Daman and Diu,Total,99.31,value in Percentage,
2036,March,Daman and Diu,Male,99.31,value in Percentage,
2036,March,Daman and Diu,Female,99.31,value in Percentage,
2036,March,Dadra and Nagar Haveli,Total,80.70,value in Percentage,
2036,March,Dadra and Nagar Haveli,Male,72.40,value in Percentage,
2036,March,Dadra and Nagar Haveli,Female,97.01,value in Percentage,
2036,March,Chhattisgarh,Total,31.28,value in Percentage,
2036,March,Chhattisgarh,Male,31.92,value in Percentage,
2036,March,Chhattisgarh,Female,30.64,value in Percentage,
2036,March,Chandigarh,Total,100.0,value in Percentage,
2036,March,Chandigarh,Male,100.0,value in Percentage,
2036,March,Chandigarh,Female,100.0,value in Percentage,
2036,March,Bihar,Total,13.29,value in Percentage,
2036,March,Bihar,Male,13.56,value in Percentage,
2036,March,Bihar,Female,12.99,value in Percentage,
2036,March,Assam,Total,17.16,value in Percentage,
2036,March,Assam,Male,17.43,value in Percentage,
2036,March,Assam,Female,16.89,value in Percentage,
2036,March,Arunachal Pradesh,Total,28.56,value in Percentage,
2036,March,Arunachal Pradesh,Male,29.58,value in Percentage,
2036,March,Arunachal Pradesh,Female,27.51,value in Percentage,
2036,March,Andhra Pradesh,Total,44.74,value in Percentage,
2036,March,Andhra Pradesh,Male,45.19,value in Percentage,
2036,March,Andhra Pradesh,Female,44.29,value in Percentage,
2036,March,Andaman and Nicobar Islands,Total,51.55,value in Percentage,
2036,March,Andaman and Nicobar Islands,Male,52.46,value in Percentage,
2036,March,Andaman and Nicobar Islands,Female,50.54,value in Percentage,
2036,March,All India,Total,39.06,value in Percentage,
2036,March,All India,Male,39.58,value in Percentage,
2036,March,All India,Female,38.50,value in Percentage,
2036,July,West Bengal,Total,42.56,value in Percentage,
2036,July,West Bengal,Male,43.28,value in Percentage,
2036,July,West Bengal,Female,41.83,value in Percentage,
2036,July,Uttarakhand,Total,42.14,value in Percentage,
2036,July,Uttarakhand,Male,43.54,value in Percentage,
2036,July,Uttarakhand,Female,40.67,value in Percentage,
2036,July,Uttar Pradesh,Total,25.95,value in Percentage,
2036,July,Uttar Pradesh,Male,26.46,value in Percentage,
2036,July,Uttar Pradesh,Female,25.40,value in Percentage,
2036,July,Tripura,Total,54.29,value in Percentage,
2036,July,Tripura,Male,54.47,value in Percentage,
2036,July,Tripura,Female,54.11,value in Percentage,
2036,July,Telangana,Total,57.58,value in Percentage,
2036,July,Telangana,Male,57.85,value in Percentage,
2036,July,Telangana,Female,57.31,value in Percentage,
2036,July,Tamil Nadu,Total,59.79,value in Percentage,
2036,July,Tamil Nadu,Male,60.25,value in Percentage,
2036,July,Tamil Nadu,Female,59.33,value in Percentage,
2036,July,Sikkim,Total,75.25,value in Percentage,
2036,July,Sikkim,Male,75.08,value in Percentage,
2036,July,Sikkim,Female,75.49,value in Percentage,
2036,July,Rajasthan,Total,28.50,value in Percentage,
2036,July,Rajasthan,Male,29.28,value in Percentage,
2036,July,Rajasthan,Female,27.68,value in Percentage,
2036,July,Punjab,Total,46.75,value in Percentage,
2036,July,Punjab,Male,47.75,value in Percentage,
2036,July,Punjab,Female,45.65,value in Percentage,
2036,July,Puducherry,Total,71.84,value in Percentage,
2036,July,Puducherry,Male,77.30,value in Percentage,
2036,July,Puducherry,Female,67.28,value in Percentage,
2036,July,Odisha,Total,21.35,value in Percentage,
2036,July,Odisha,Male,22.07,value in Percentage,
2036,July,Odisha,Female,20.62,value in Percentage,
2036,July,Nagaland,Total,64.80,value in Percentage,
2036,July,Nagaland,Male,66.23,value in Percentage,
2036,July,Nagaland,Female,63.32,value in Percentage,
2036,July,Mizoram,Total,58.16,value in Percentage,
2036,July,Mizoram,Male,58.08,value in Percentage,
2036,July,Mizoram,Female,58.23,value in Percentage,
2036,July,Meghalaya,Total,21.31,value in Percentage,
2036,July,Meghalaya,Male,21.39,value in Percentage,
2036,July,Meghalaya,Female,21.22,value in Percentage,
2036,July,Manipur,Total,36.01,value in Percentage,
2036,July,Manipur,Male,35.64,value in Percentage,
2036,July,Manipur,Female,36.38,value in Percentage,
2036,July,Maharashtra,Total,52.17,value in Percentage,
2036,July,Maharashtra,Male,52.65,value in Percentage,
2036,July,Maharashtra,Female,51.64,value in Percentage,
2036,July,Madhya Pradesh,Total,30.43,value in Percentage,
2036,July,Madhya Pradesh,Male,31.00,value in Percentage,
2036,July,Madhya Pradesh,Female,29.84,value in Percentage,
2036,July,Lakshadweep,Total,100.0,value in Percentage,
2036,July,Lakshadweep,Male,100.0,value in Percentage,
2036,July,Lakshadweep,Female,100.0,value in Percentage,
2036,July,Ladakh,Total,41.23,value in Percentage,
2036,July,Ladakh,Male,49.18,value in Percentage,
2036,July,Ladakh,Female,31.54,value in Percentage,
2036,July,Kerala,Total,96.86,value in Percentage,
2036,July,Kerala,Male,96.28,value in Percentage,
2036,July,Kerala,Female,97.39,value in Percentage,
2036,July,Karnataka,Total,50.91,value in Percentage,
2036,July,Karnataka,Male,51.15,value in Percentage,
2036,July,Karnataka,Female,50.66,value in Percentage,
2036,July,Jharkhand,Total,28.44,value in Percentage,
2036,July,Jharkhand,Male,29.28,value in Percentage,
2036,July,Jharkhand,Female,27.56,value in Percentage,
2036,July,Jammu and Kashmir,Total,34.02,value in Percentage,
2036,July,Jammu and Kashmir,Male,35.59,value in Percentage,
2036,July,Jammu and Kashmir,Female,32.34,value in Percentage,
2036,July,Himachal Pradesh,Total,10.64,value in Percentage,
2036,July,Himachal Pradesh,Male,11.33,value in Percentage,
2036,July,Himachal Pradesh,Female,9.93,value in Percentage,
2036,July,Haryana,Total,49.77,value in Percentage,
2036,July,Haryana,Male,50.73,value in Percentage,
2036,July,Haryana,Female,48.72,value in Percentage,
2036,July,Gujarat,Total,55.14,value in Percentage,
2036,July,Gujarat,Male,55.72,value in Percentage,
2036,July,Gujarat,Female,54.50,value in Percentage,
2036,July,Goa,Total,88.51,value in Percentage,
2036,July,Goa,Male,90.36,value in Percentage,
2036,July,Goa,Female,86.64,value in Percentage,
2036,July,Delhi,Total,100.0,value in Percentage,
2036,July,Delhi,Male,100.0,value in Percentage,
2036,July,Delhi,Female,100.0,value in Percentage,
2036,July,Daman and Diu,Total,99.36,value in Percentage,
2036,July,Daman and Diu,Male,99.35,value in Percentage,
2036,July,Daman and Diu,Female,99.36,value in Percentage,
2036,July,Dadra and Nagar Haveli,Total,80.82,value in Percentage,
2036,July,Dadra and Nagar Haveli,Male,72.39,value in Percentage,
2036,July,Dadra and Nagar Haveli,Female,97.46,value in Percentage,
2036,July,Chhattisgarh,Total,31.38,value in Percentage,
2036,July,Chhattisgarh,Male,32.02,value in Percentage,
2036,July,Chhattisgarh,Female,30.74,value in Percentage,
2036,July,Chandigarh,Total,100.0,value in Percentage,
2036,July,Chandigarh,Male,100.0,value in Percentage,
2036,July,Chandigarh,Female,100.0,value in Percentage,
2036,July,Bihar,Total,13.31,value in Percentage,
2036,July,Bihar,Male,13.59,value in Percentage,
2036,July,Bihar,Female,13.01,value in Percentage,
2036,July,Assam,Total,17.20,value in Percentage,
2036,July,Assam,Male,17.47,value in Percentage,
2036,July,Assam,Female,16.93,value in Percentage,
2036,July,Arunachal Pradesh,Total,28.67,value in Percentage,
2036,July,Arunachal Pradesh,Male,29.70,value in Percentage,
2036,July,Arunachal Pradesh,Female,27.61,value in Percentage,
2036,July,Andhra Pradesh,Total,44.96,value in Percentage,
2036,July,Andhra Pradesh,Male,45.42,value in Percentage,
2036,July,Andhra Pradesh,Female,44.50,value in Percentage,
2036,July,Andaman and Nicobar Islands,Total,51.61,value in Percentage,
2036,July,Andaman and Nicobar Islands,Male,52.53,value in Percentage,
2036,July,Andaman and Nicobar Islands,Female,50.59,value in Percentage,
2036,July,All India,Total,39.15,value in Percentage,
2036,July,All India,Male,39.68,value in Percentage,
2036,July,All India,Female,38.59,value in Percentage,
2035,October,West Bengal,Total,42.23,value in Percentage,
2035,October,West Bengal,Male,42.92,value in Percentage,
2035,October,West Bengal,Female,41.52,value in Percentage,
2035,October,Uttarakhand,Total,41.80,value in Percentage,
2035,October,Uttarakhand,Male,43.19,value in Percentage,
2035,October,Uttarakhand,Female,40.33,value in Percentage,
2035,October,Uttar Pradesh,Total,25.84,value in Percentage,
2035,October,Uttar Pradesh,Male,26.34,value in Percentage,
2035,October,Uttar Pradesh,Female,25.30,value in Percentage,
2035,October,Tripura,Total,53.45,value in Percentage,
2035,October,Tripura,Male,53.60,value in Percentage,
2035,October,Tripura,Female,53.29,value in Percentage,
2035,October,Telangana,Total,57.01,value in Percentage,
2035,October,Telangana,Male,57.26,value in Percentage,
2035,October,Telangana,Female,56.76,value in Percentage,
2035,October,Tamil Nadu,Total,59.44,value in Percentage,
2035,October,Tamil Nadu,Male,59.88,value in Percentage,
2035,October,Tamil Nadu,Female,59.00,value in Percentage,
2035,October,Sikkim,Total,73.89,value in Percentage,
2035,October,Sikkim,Male,73.70,value in Percentage,
2035,October,Sikkim,Female,74.17,value in Percentage,
2035,October,Rajasthan,Total,28.39,value in Percentage,
2035,October,Rajasthan,Male,29.17,value in Percentage,
2035,October,Rajasthan,Female,27.58,value in Percentage,
2035,October,Punjab,Total,46.47,value in Percentage,
2035,October,Punjab,Male,47.45,value in Percentage,
2035,October,Punjab,Female,45.40,value in Percentage,
2035,October,Puducherry,Total,71.77,value in Percentage,
2035,October,Puducherry,Male,77.03,value in Percentage,
2035,October,Puducherry,Female,67.36,value in Percentage,
2035,October,Odisha,Total,21.20,value in Percentage,
2035,October,Odisha,Male,21.92,value in Percentage,
2035,October,Odisha,Female,20.48,value in Percentage,
2035,October,Nagaland,Total,63.77,value in Percentage,
2035,October,Nagaland,Male,65.16,value in Percentage,
2035,October,Nagaland,Female,62.34,value in Percentage,
2035,October,Mizoram,Total,57.98,value in Percentage,
2035,October,Mizoram,Male,57.88,value in Percentage,
2035,October,Mizoram,Female,58.07,value in Percentage,
2035,October,Meghalaya,Total,21.26,value in Percentage,
2035,October,Meghalaya,Male,21.34,value in Percentage,
2035,October,Meghalaya,Female,21.19,value in Percentage,
2035,October,Manipur,Total,35.81,value in Percentage,
2035,October,Manipur,Male,35.42,value in Percentage,
2035,October,Manipur,Female,36.19,value in Percentage,
2035,October,Maharashtra,Total,51.96,value in Percentage,
2035,October,Maharashtra,Male,52.45,value in Percentage,
2035,October,Maharashtra,Female,51.44,value in Percentage,
2035,October,Madhya Pradesh,Total,30.35,value in Percentage,
2035,October,Madhya Pradesh,Male,30.90,value in Percentage,
2035,October,Madhya Pradesh,Female,29.77,value in Percentage,
2035,October,Lakshadweep,Total,100.0,value in Percentage,
2035,October,Lakshadweep,Male,100.0,value in Percentage,
2035,October,Lakshadweep,Female,100.0,value in Percentage,
2035,October,Ladakh,Total,40.63,value in Percentage,
2035,October,Ladakh,Male,48.40,value in Percentage,
2035,October,Ladakh,Female,31.12,value in Percentage,
2035,October,Kerala,Total,95.99,value in Percentage,
2035,October,Kerala,Male,95.44,value in Percentage,
2035,October,Kerala,Female,96.51,value in Percentage,
2035,October,Karnataka,Total,50.54,value in Percentage,
2035,October,Karnataka,Male,50.77,value in Percentage,
2035,October,Karnataka,Female,50.30,value in Percentage,
2035,October,Jharkhand,Total,28.31,value in Percentage,
2035,October,Jharkhand,Male,29.14,value in Percentage,
2035,October,Jharkhand,Female,27.45,value in Percentage,
2035,October,Jammu and Kashmir,Total,33.83,value in Percentage,
2035,October,Jammu and Kashmir,Male,35.36,value in Percentage,
2035,October,Jammu and Kashmir,Female,32.18,value in Percentage,
2035,October,Himachal Pradesh,Total,10.62,value in Percentage,
2035,October,Himachal Pradesh,Male,11.30,value in Percentage,
2035,October,Himachal Pradesh,Female,9.91,value in Percentage,
2035,October,Haryana,Total,49.36,value in Percentage,
2035,October,Haryana,Male,50.27,value in Percentage,
2035,October,Haryana,Female,48.34,value in Percentage,
2035,October,Gujarat,Total,54.80,value in Percentage,
2035,October,Gujarat,Male,55.38,value in Percentage,
2035,October,Gujarat,Female,54.15,value in Percentage,
2035,October,Goa,Total,87.88,value in Percentage,
2035,October,Goa,Male,89.70,value in Percentage,
2035,October,Goa,Female,86.06,value in Percentage,
2035,October,Delhi,Total,100.0,value in Percentage,
2035,October,Delhi,Male,100.0,value in Percentage,
2035,October,Delhi,Female,100.0,value in Percentage,
2035,October,Daman and Diu,Total,99.29,value in Percentage,
2035,October,Daman and Diu,Male,99.29,value in Percentage,
2035,October,Daman and Diu,Female,99.29,value in Percentage,
2035,October,Dadra and Nagar Haveli,Total,80.49,value in Percentage,
2035,October,Dadra and Nagar Haveli,Male,72.36,value in Percentage,
2035,October,Dadra and Nagar Haveli,Female,96.36,value in Percentage,
2035,October,Chhattisgarh,Total,31.14,value in Percentage,
2035,October,Chhattisgarh,Male,31.78,value in Percentage,
2035,October,Chhattisgarh,Female,30.51,value in Percentage,
2035,October,Chandigarh,Total,100.0,value in Percentage,
2035,October,Chandigarh,Male,100.0,value in Percentage,
2035,October,Chandigarh,Female,100.0,value in Percentage,
2035,October,Bihar,Total,13.26,value in Percentage,
2035,October,Bihar,Male,13.53,value in Percentage,
2035,October,Bihar,Female,12.96,value in Percentage,
2035,October,Assam,Total,17.11,value in Percentage,
2035,October,Assam,Male,17.37,value in Percentage,
2035,October,Assam,Female,16.84,value in Percentage,
2035,October,Arunachal Pradesh,Total,28.50,value in Percentage,
2035,October,Arunachal Pradesh,Male,29.50,value in Percentage,
2035,October,Arunachal Pradesh,Female,27.45,value in Percentage,
2035,October,Andhra Pradesh,Total,44.46,value in Percentage,
2035,October,Andhra Pradesh,Male,44.91,value in Percentage,
2035,October,Andhra Pradesh,Female,44.02,value in Percentage,
2035,October,Andaman and Nicobar Islands,Total,51.28,value in Percentage,
2035,October,Andaman and Nicobar Islands,Male,52.18,value in Percentage,
2035,October,Andaman and Nicobar Islands,Female,50.28,value in Percentage,
2035,October,All India,Total,38.93,value in Percentage,
2035,October,All India,Male,39.44,value in Percentage,
2035,October,All India,Female,38.38,value in Percentage,
2035,March,West Bengal,Total,41.97,value in Percentage,
2035,March,West Bengal,Male,42.64,value in Percentage,
2035,March,West Bengal,Female,41.28,value in Percentage,
2035,March,Uttarakhand,Total,41.52,value in Percentage,
2035,March,Uttarakhand,Male,42.91,value in Percentage,
2035,March,Uttarakhand,Female,40.06,value in Percentage,
2035,March,Uttar Pradesh,Total,25.75,value in Percentage,
2035,March,Uttar Pradesh,Male,26.25,value in Percentage,
2035,March,Uttar Pradesh,Female,25.22,value in Percentage,
2035,March,Tripura,Total,52.76,value in Percentage,
2035,March,Tripura,Male,52.90,value in Percentage,
2035,March,Tripura,Female,52.61,value in Percentage,
2035,March,Telangana,Total,56.55,value in Percentage,
2035,March,Telangana,Male,56.80,value in Percentage,
2035,March,Telangana,Female,56.31,value in Percentage,
2035,March,Tamil Nadu,Total,59.16,value in Percentage,
2035,March,Tamil Nadu,Male,59.59,value in Percentage,
2035,March,Tamil Nadu,Female,58.74,value in Percentage,
2035,March,Sikkim,Total,72.80,value in Percentage,
2035,March,Sikkim,Male,72.59,value in Percentage,
2035,March,Sikkim,Female,73.09,value in Percentage,
2035,March,Rajasthan,Total,28.31,value in Percentage,
2035,March,Rajasthan,Male,29.08,value in Percentage,
2035,March,Rajasthan,Female,27.51,value in Percentage,
2035,March,Punjab,Total,46.25,value in Percentage,
2035,March,Punjab,Male,47.21,value in Percentage,
2035,March,Punjab,Female,45.19,value in Percentage,
2035,March,Puducherry,Total,71.72,value in Percentage,
2035,March,Puducherry,Male,76.82,value in Percentage,
2035,March,Puducherry,Female,67.42,value in Percentage,
2035,March,Odisha,Total,21.09,value in Percentage,
2035,March,Odisha,Male,21.80,value in Percentage,
2035,March,Odisha,Female,20.38,value in Percentage,
2035,March,Nagaland,Total,62.94,value in Percentage,
2035,March,Nagaland,Male,64.28,value in Percentage,
2035,March,Nagaland,Female,61.54,value in Percentage,
2035,March,Mizoram,Total,57.85,value in Percentage,
2035,March,Mizoram,Male,57.74,value in Percentage,
2035,March,Mizoram,Female,57.96,value in Percentage,
2035,March,Meghalaya,Total,21.23,value in Percentage,
2035,March,Meghalaya,Male,21.30,value in Percentage,
2035,March,Meghalaya,Female,21.16,value in Percentage,
2035,March,Manipur,Total,35.64,value in Percentage,
2035,March,Manipur,Male,35.24,value in Percentage,
2035,March,Manipur,Female,36.02,value in Percentage,
2035,March,Maharashtra,Total,51.80,value in Percentage,
2035,March,Maharashtra,Male,52.28,value in Percentage,
2035,March,Maharashtra,Female,51.28,value in Percentage,
2035,March,Madhya Pradesh,Total,30.29,value in Percentage,
2035,March,Madhya Pradesh,Male,30.83,value in Percentage,
2035,March,Madhya Pradesh,Female,29.72,value in Percentage,
2035,March,Lakshadweep,Total,100.0,value in Percentage,
2035,March,Lakshadweep,Male,100.0,value in Percentage,
2035,March,Lakshadweep,Female,100.0,value in Percentage,
2035,March,Ladakh,Total,40.32,value in Percentage,
2035,March,Ladakh,Male,47.99,value in Percentage,
2035,March,Ladakh,Female,30.92,value in Percentage,
2035,March,Kerala,Total,95.38,value in Percentage,
2035,March,Kerala,Male,94.83,value in Percentage,
2035,March,Kerala,Female,95.88,value in Percentage,
2035,March,Karnataka,Total,50.25,value in Percentage,
2035,March,Karnataka,Male,50.48,value in Percentage,
2035,March,Karnataka,Female,50.01,value in Percentage,
2035,March,Jharkhand,Total,28.21,value in Percentage,
2035,March,Jharkhand,Male,29.03,value in Percentage,
2035,March,Jharkhand,Female,27.36,value in Percentage,
2035,March,Jammu and Kashmir,Total,33.67,value in Percentage,
2035,March,Jammu and Kashmir,Male,35.18,value in Percentage,
2035,March,Jammu and Kashmir,Female,32.04,value in Percentage,
2035,March,Himachal Pradesh,Total,10.60,value in Percentage,
2035,March,Himachal Pradesh,Male,11.29,value in Percentage,
2035,March,Himachal Pradesh,Female,9.90,value in Percentage,
2035,March,Haryana,Total,49.02,value in Percentage,
2035,March,Haryana,Male,49.91,value in Percentage,
2035,March,Haryana,Female,48.04,value in Percentage,
2035,March,Gujarat,Total,54.52,value in Percentage,
2035,March,Gujarat,Male,55.10,value in Percentage,
2035,March,Gujarat,Female,53.87,value in Percentage,
2035,March,Goa,Total,87.40,value in Percentage,
2035,March,Goa,Male,89.18,value in Percentage,
2035,March,Goa,Female,85.61,value in Percentage,
2035,March,Delhi,Total,100.0,value in Percentage,
2035,March,Delhi,Male,100.0,value in Percentage,
2035,March,Delhi,Female,100.0,value in Percentage,
2035,March,Daman and Diu,Total,99.26,value in Percentage,
2035,March,Daman and Diu,Male,99.26,value in Percentage,
2035,March,Daman and Diu,Female,99.26,value in Percentage,
2035,March,Dadra and Nagar Haveli,Total,80.18,value in Percentage,
2035,March,Dadra and Nagar Haveli,Male,72.31,value in Percentage,
2035,March,Dadra and Nagar Haveli,Female,95.40,value in Percentage,
2035,March,Chhattisgarh,Total,30.95,value in Percentage,
2035,March,Chhattisgarh,Male,31.58,value in Percentage,
2035,March,Chhattisgarh,Female,30.32,value in Percentage,
2035,March,Chandigarh,Total,100.0,value in Percentage,
2035,March,Chandigarh,Male,100.0,value in Percentage,
2035,March,Chandigarh,Female,100.0,value in Percentage,
2035,March,Bihar,Total,13.21,value in Percentage,
2035,March,Bihar,Male,13.48,value in Percentage,
2035,March,Bihar,Female,12.92,value in Percentage,
2035,March,Assam,Total,17.04,value in Percentage,
2035,March,Assam,Male,17.30,value in Percentage,
2035,March,Assam,Female,16.77,value in Percentage,
2035,March,Arunachal Pradesh,Total,28.38,value in Percentage,
2035,March,Arunachal Pradesh,Male,29.37,value in Percentage,
2035,March,Arunachal Pradesh,Female,27.34,value in Percentage,
2035,March,Andhra Pradesh,Total,44.07,value in Percentage,
2035,March,Andhra Pradesh,Male,44.50,value in Percentage,
2035,March,Andhra Pradesh,Female,43.64,value in Percentage,
2035,March,Andaman and Nicobar Islands,Total,50.89,value in Percentage,
2035,March,Andaman and Nicobar Islands,Male,51.78,value in Percentage,
2035,March,Andaman and Nicobar Islands,Female,49.91,value in Percentage,
2035,March,All India,Total,38.76,value in Percentage,
2035,March,All India,Male,39.27,value in Percentage,
2035,March,All India,Female,38.23,value in Percentage,
2035,July,West Bengal,Total,42.12,value in Percentage,
2035,July,West Bengal,Male,42.80,value in Percentage,
2035,July,West Bengal,Female,41.41,value in Percentage,
2035,July,Uttarakhand,Total,41.68,value in Percentage,
2035,July,Uttarakhand,Male,43.07,value in Percentage,
2035,July,Uttarakhand,Female,40.22,value in Percentage,
2035,July,Uttar Pradesh,Total,25.80,value in Percentage,
2035,July,Uttar Pradesh,Male,26.30,value in Percentage,
2035,July,Uttar Pradesh,Female,25.27,value in Percentage,
2035,July,Tripura,Total,53.16,value in Percentage,
2035,July,Tripura,Male,53.31,value in Percentage,
2035,July,Tripura,Female,53.01,value in Percentage,
2035,July,Telangana,Total,56.82,value in Percentage,
2035,July,Telangana,Male,57.06,value in Percentage,
2035,July,Telangana,Female,56.57,value in Percentage,
2035,July,Tamil Nadu,Total,59.32,value in Percentage,
2035,July,Tamil Nadu,Male,59.75,value in Percentage,
2035,July,Tamil Nadu,Female,58.89,value in Percentage,
2035,July,Sikkim,Total,73.44,value in Percentage,
2035,July,Sikkim,Male,73.24,value in Percentage,
2035,July,Sikkim,Female,73.72,value in Percentage,
2035,July,Rajasthan,Total,28.36,value in Percentage,
2035,July,Rajasthan,Male,29.13,value in Percentage,
2035,July,Rajasthan,Female,27.55,value in Percentage,
2035,July,Punjab,Total,46.37,value in Percentage,
2035,July,Punjab,Male,47.35,value in Percentage,
2035,July,Punjab,Female,45.31,value in Percentage,
2035,July,Puducherry,Total,71.75,value in Percentage,
2035,July,Puducherry,Male,76.94,value in Percentage,
2035,July,Puducherry,Female,67.39,value in Percentage,
2035,July,Odisha,Total,21.15,value in Percentage,
2035,July,Odisha,Male,21.87,value in Percentage,
2035,July,Odisha,Female,20.44,value in Percentage,
2035,July,Nagaland,Total,63.43,value in Percentage,
2035,July,Nagaland,Male,64.80,value in Percentage,
2035,July,Nagaland,Female,62.01,value in Percentage,
2035,July,Mizoram,Total,57.94,value in Percentage,
2035,July,Mizoram,Male,57.83,value in Percentage,
2035,July,Mizoram,Female,58.04,value in Percentage,
2035,July,Meghalaya,Total,21.25,value in Percentage,
2035,July,Meghalaya,Male,21.32,value in Percentage,
2035,July,Meghalaya,Female,21.18,value in Percentage,
2035,July,Manipur,Total,35.74,value in Percentage,
2035,July,Manipur,Male,35.35,value in Percentage,
2035,July,Manipur,Female,36.13,value in Percentage,
2035,July,Maharashtra,Total,51.90,value in Percentage,
2035,July,Maharashtra,Male,52.38,value in Percentage,
2035,July,Maharashtra,Female,51.37,value in Percentage,
2035,July,Madhya Pradesh,Total,30.33,value in Percentage,
2035,July,Madhya Pradesh,Male,30.87,value in Percentage,
2035,July,Madhya Pradesh,Female,29.75,value in Percentage,
2035,July,Lakshadweep,Total,100.0,value in Percentage,
2035,July,Lakshadweep,Male,100.0,value in Percentage,
2035,July,Lakshadweep,Female,100.0,value in Percentage,
2035,July,Ladakh,Total,40.50,value in Percentage,
2035,July,Ladakh,Male,48.23,value in Percentage,
2035,July,Ladakh,Female,31.04,value in Percentage,
2035,July,Kerala,Total,95.73,value in Percentage,
2035,July,Kerala,Male,95.18,value in Percentage,
2035,July,Kerala,Female,96.24,value in Percentage,
2035,July,Karnataka,Total,50.42,value in Percentage,
2035,July,Karnataka,Male,50.65,value in Percentage,
2035,July,Karnataka,Female,50.18,value in Percentage,
2035,July,Jharkhand,Total,28.27,value in Percentage,
2035,July,Jharkhand,Male,29.10,value in Percentage,
2035,July,Jharkhand,Female,27.41,value in Percentage,
2035,July,Jammu and Kashmir,Total,33.76,value in Percentage,
2035,July,Jammu and Kashmir,Male,35.28,value in Percentage,
2035,July,Jammu and Kashmir,Female,32.12,value in Percentage,
2035,July,Himachal Pradesh,Total,10.61,value in Percentage,
2035,July,Himachal Pradesh,Male,11.30,value in Percentage,
2035,July,Himachal Pradesh,Female,9.90,value in Percentage,
2035,July,Haryana,Total,49.21,value in Percentage,
2035,July,Haryana,Male,50.12,value in Percentage,
2035,July,Haryana,Female,48.21,value in Percentage,
2035,July,Gujarat,Total,54.68,value in Percentage,
2035,July,Gujarat,Male,55.26,value in Percentage,
2035,July,Gujarat,Female,54.03,value in Percentage,
2035,July,Goa,Total,87.67,value in Percentage,
2035,July,Goa,Male,89.47,value in Percentage,
2035,July,Goa,Female,85.87,value in Percentage,
2035,July,Delhi,Total,100.0,value in Percentage,
2035,July,Delhi,Male,100.0,value in Percentage,
2035,July,Delhi,Female,100.0,value in Percentage,
2035,July,Daman and Diu,Total,99.28,value in Percentage,
2035,July,Daman and Diu,Male,99.28,value in Percentage,
2035,July,Daman and Diu,Female,99.28,value in Percentage,
2035,July,Dadra and Nagar Haveli,Total,80.36,value in Percentage,
2035,July,Dadra and Nagar Haveli,Male,72.34,value in Percentage,
2035,July,Dadra and Nagar Haveli,Female,95.95,value in Percentage,
2035,July,Chhattisgarh,Total,31.06,value in Percentage,
2035,July,Chhattisgarh,Male,31.69,value in Percentage,
2035,July,Chhattisgarh,Female,30.43,value in Percentage,
2035,July,Chandigarh,Total,100.0,value in Percentage,
2035,July,Chandigarh,Male,100.0,value in Percentage,
2035,July,Chandigarh,Female,100.0,value in Percentage,
2035,July,Bihar,Total,13.24,value in Percentage,
2035,July,Bihar,Male,13.51,value in Percentage,
2035,July,Bihar,Female,12.94,value in Percentage,
2035,July,Assam,Total,17.08,value in Percentage,
2035,July,Assam,Male,17.34,value in Percentage,
2035,July,Assam,Female,16.81,value in Percentage,
2035,July,Arunachal Pradesh,Total,28.45,value in Percentage,
2035,July,Arunachal Pradesh,Male,29.45,value in Percentage,
2035,July,Arunachal Pradesh,Female,27.41,value in Percentage,
2035,July,Andhra Pradesh,Total,44.29,value in Percentage,
2035,July,Andhra Pradesh,Male,44.73,value in Percentage,
2035,July,Andhra Pradesh,Female,43.86,value in Percentage,
2035,July,Andaman and Nicobar Islands,Total,51.11,value in Percentage,
2035,July,Andaman and Nicobar Islands,Male,52.01,value in Percentage,
2035,July,Andaman and Nicobar Islands,Female,50.12,value in Percentage,
2035,July,All India,Total,38.85,value in Percentage,
2035,July,All India,Male,39.37,value in Percentage,
2035,July,All India,Female,38.32,value in Percentage,
2034,October,West Bengal,Total,41.78,value in Percentage,
2034,October,West Bengal,Male,42.44,value in Percentage,
2034,October,West Bengal,Female,41.10,value in Percentage,
2034,October,Uttarakhand,Total,41.33,value in Percentage,
2034,October,Uttarakhand,Male,42.71,value in Percentage,
2034,October,Uttarakhand,Female,39.87,value in Percentage,
2034,October,Uttar Pradesh,Total,25.69,value in Percentage,
2034,October,Uttar Pradesh,Male,26.18,value in Percentage,
2034,October,Uttar Pradesh,Female,25.17,value in Percentage,
2034,October,Tripura,Total,52.31,value in Percentage,
2034,October,Tripura,Male,52.43,value in Percentage,
2034,October,Tripura,Female,52.18,value in Percentage,
2034,October,Telangana,Total,56.24,value in Percentage,
2034,October,Telangana,Male,56.47,value in Percentage,
2034,October,Telangana,Female,56.01,value in Percentage,
2034,October,Tamil Nadu,Total,58.97,value in Percentage,
2034,October,Tamil Nadu,Male,59.38,value in Percentage,
2034,October,Tamil Nadu,Female,58.56,value in Percentage,
2034,October,Sikkim,Total,72.07,value in Percentage,
2034,October,Sikkim,Male,71.85,value in Percentage,
2034,October,Sikkim,Female,72.38,value in Percentage,
2034,October,Rajasthan,Total,28.25,value in Percentage,
2034,October,Rajasthan,Male,29.02,value in Percentage,
2034,October,Rajasthan,Female,27.45,value in Percentage,
2034,October,Punjab,Total,46.09,value in Percentage,
2034,October,Punjab,Male,47.05,value in Percentage,
2034,October,Punjab,Female,45.05,value in Percentage,
2034,October,Puducherry,Total,71.68,value in Percentage,
2034,October,Puducherry,Male,76.66,value in Percentage,
2034,October,Puducherry,Female,67.47,value in Percentage,
2034,October,Odisha,Total,21.01,value in Percentage,
2034,October,Odisha,Male,21.71,value in Percentage,
2034,October,Odisha,Female,20.30,value in Percentage,
2034,October,Nagaland,Total,62.39,value in Percentage,
2034,October,Nagaland,Male,63.71,value in Percentage,
2034,October,Nagaland,Female,61.02,value in Percentage,
2034,October,Mizoram,Total,57.78,value in Percentage,
2034,October,Mizoram,Male,57.65,value in Percentage,
2034,October,Mizoram,Female,57.90,value in Percentage,
2034,October,Meghalaya,Total,21.21,value in Percentage,
2034,October,Meghalaya,Male,21.27,value in Percentage,
2034,October,Meghalaya,Female,21.15,value in Percentage,
2034,October,Manipur,Total,35.54,value in Percentage,
2034,October,Manipur,Male,35.14,value in Percentage,
2034,October,Manipur,Female,35.93,value in Percentage,
2034,October,Maharashtra,Total,51.69,value in Percentage,
2034,October,Maharashtra,Male,52.17,value in Percentage,
2034,October,Maharashtra,Female,51.17,value in Percentage,
2034,October,Madhya Pradesh,Total,30.25,value in Percentage,
2034,October,Madhya Pradesh,Male,30.78,value in Percentage,
2034,October,Madhya Pradesh,Female,29.69,value in Percentage,
2034,October,Lakshadweep,Total,100.0,value in Percentage,
2034,October,Lakshadweep,Male,100.0,value in Percentage,
2034,October,Lakshadweep,Female,100.0,value in Percentage,
2034,October,Ladakh,Total,39.97,value in Percentage,
2034,October,Ladakh,Male,47.54,value in Percentage,
2034,October,Ladakh,Female,30.68,value in Percentage,
2034,October,Kerala,Total,94.89,value in Percentage,
2034,October,Kerala,Male,94.36,value in Percentage,
2034,October,Kerala,Female,95.39,value in Percentage,
2034,October,Karnataka,Total,50.04,value in Percentage,
2034,October,Karnataka,Male,50.27,value in Percentage,
2034,October,Karnataka,Female,49.81,value in Percentage,
2034,October,Jharkhand,Total,28.14,value in Percentage,
2034,October,Jharkhand,Male,28.96,value in Percentage,
2034,October,Jharkhand,Female,27.30,value in Percentage,
2034,October,Jammu and Kashmir,Total,33.56,value in Percentage,
2034,October,Jammu and Kashmir,Male,35.05,value in Percentage,
2034,October,Jammu and Kashmir,Female,31.95,value in Percentage,
2034,October,Himachal Pradesh,Total,10.59,value in Percentage,
2034,October,Himachal Pradesh,Male,11.28,value in Percentage,
2034,October,Himachal Pradesh,Female,9.89,value in Percentage,
2034,October,Haryana,Total,48.79,value in Percentage,
2034,October,Haryana,Male,49.66,value in Percentage,
2034,October,Haryana,Female,47.83,value in Percentage,
2034,October,Gujarat,Total,54.32,value in Percentage,
2034,October,Gujarat,Male,54.91,value in Percentage,
2034,October,Gujarat,Female,53.67,value in Percentage,
2034,October,Goa,Total,87.05,value in Percentage,
2034,October,Goa,Male,88.80,value in Percentage,
2034,October,Goa,Female,85.28,value in Percentage,
2034,October,Delhi,Total,100.0,value in Percentage,
2034,October,Delhi,Male,100.0,value in Percentage,
2034,October,Delhi,Female,100.0,value in Percentage,
2034,October,Daman and Diu,Total,99.22,value in Percentage,
2034,October,Daman and Diu,Male,99.22,value in Percentage,
2034,October,Daman and Diu,Female,99.21,value in Percentage,
2034,October,Dadra and Nagar Haveli,Total,79.97,value in Percentage,
2034,October,Dadra and Nagar Haveli,Male,72.30,value in Percentage,
2034,October,Dadra and Nagar Haveli,Female,94.70,value in Percentage,
2034,October,Chhattisgarh,Total,30.82,value in Percentage,
2034,October,Chhattisgarh,Male,31.44,value in Percentage,
2034,October,Chhattisgarh,Female,30.20,value in Percentage,
2034,October,Chandigarh,Total,100.0,value in Percentage,
2034,October,Chandigarh,Male,100.0,value in Percentage,
2034,October,Chandigarh,Female,100.0,value in Percentage,
2034,October,Bihar,Total,13.18,value in Percentage,
2034,October,Bihar,Male,13.45,value in Percentage,
2034,October,Bihar,Female,12.89,value in Percentage,
2034,October,Assam,Total,16.99,value in Percentage,
2034,October,Assam,Male,17.24,value in Percentage,
2034,October,Assam,Female,16.73,value in Percentage,
2034,October,Arunachal Pradesh,Total,28.29,value in Percentage,
2034,October,Arunachal Pradesh,Male,29.28,value in Percentage,
2034,October,Arunachal Pradesh,Female,27.27,value in Percentage,
2034,October,Andhra Pradesh,Total,43.80,value in Percentage,
2034,October,Andhra Pradesh,Male,44.22,value in Percentage,
2034,October,Andhra Pradesh,Female,43.37,value in Percentage,
2034,October,Andaman and Nicobar Islands,Total,50.72,value in Percentage,
2034,October,Andaman and Nicobar Islands,Male,51.60,value in Percentage,
2034,October,Andaman and Nicobar Islands,Female,49.75,value in Percentage,
2034,October,All India,Total,38.63,value in Percentage,
2034,October,All India,Male,39.13,value in Percentage,
2034,October,All India,Female,38.11,value in Percentage,
2034,March,West Bengal,Total,41.52,value in Percentage,
2034,March,West Bengal,Male,42.16,value in Percentage,
2034,March,West Bengal,Female,40.86,value in Percentage,
2034,March,Uttarakhand,Total,41.06,value in Percentage,
2034,March,Uttarakhand,Male,42.43,value in Percentage,
2034,March,Uttarakhand,Female,39.60,value in Percentage,
2034,March,Uttar Pradesh,Total,25.61,value in Percentage,
2034,March,Uttar Pradesh,Male,26.09,value in Percentage,
2034,March,Uttar Pradesh,Female,25.09,value in Percentage,
2034,March,Tripura,Total,51.61,value in Percentage,
2034,March,Tripura,Male,51.72,value in Percentage,
2034,March,Tripura,Female,51.50,value in Percentage,
2034,March,Telangana,Total,55.79,value in Percentage,
2034,March,Telangana,Male,56.01,value in Percentage,
2034,March,Telangana,Female,55.57,value in Percentage,
2034,March,Tamil Nadu,Total,58.69,value in Percentage,
2034,March,Tamil Nadu,Male,59.09,value in Percentage,
2034,March,Tamil Nadu,Female,58.30,value in Percentage,
2034,March,Sikkim,Total,70.96,value in Percentage,
2034,March,Sikkim,Male,70.72,value in Percentage,
2034,March,Sikkim,Female,71.28,value in Percentage,
2034,March,Rajasthan,Total,28.17,value in Percentage,
2034,March,Rajasthan,Male,28.93,value in Percentage,
2034,March,Rajasthan,Female,27.37,value in Percentage,
2034,March,Punjab,Total,45.87,value in Percentage,
2034,March,Punjab,Male,46.81,value in Percentage,
2034,March,Punjab,Female,44.85,value in Percentage,
2034,March,Puducherry,Total,71.62,value in Percentage,
2034,March,Puducherry,Male,76.44,value in Percentage,
2034,March,Puducherry,Female,67.53,value in Percentage,
2034,March,Odisha,Total,20.89,value in Percentage,
2034,March,Odisha,Male,21.59,value in Percentage,
2034,March,Odisha,Female,20.20,value in Percentage,
2034,March,Nagaland,Total,61.54,value in Percentage,
2034,March,Nagaland,Male,62.83,value in Percentage,
2034,March,Nagaland,Female,60.21,value in Percentage,
2034,March,Mizoram,Total,57.60,value in Percentage,
2034,March,Mizoram,Male,57.46,value in Percentage,
2034,March,Mizoram,Female,57.74,value in Percentage,
2034,March,Meghalaya,Total,21.17,value in Percentage,
2034,March,Meghalaya,Male,21.22,value in Percentage,
2034,March,Meghalaya,Female,21.11,value in Percentage,
2034,March,Manipur,Total,35.36,value in Percentage,
2034,March,Manipur,Male,34.95,value in Percentage,
2034,March,Manipur,Female,35.77,value in Percentage,
2034,March,Maharashtra,Total,51.53,value in Percentage,
2034,March,Maharashtra,Male,52.01,value in Percentage,
2034,March,Maharashtra,Female,51.01,value in Percentage,
2034,March,Madhya Pradesh,Total,30.18,value in Percentage,
2034,March,Madhya Pradesh,Male,30.70,value in Percentage,
2034,March,Madhya Pradesh,Female,29.63,value in Percentage,
2034,March,Lakshadweep,Total,100.0,value in Percentage,
2034,March,Lakshadweep,Male,100.0,value in Percentage,
2034,March,Lakshadweep,Female,100.0,value in Percentage,
2034,March,Ladakh,Total,39.47,value in Percentage,
2034,March,Ladakh,Male,46.91,value in Percentage,
2034,March,Ladakh,Female,30.33,value in Percentage,
2034,March,Kerala,Total,94.21,value in Percentage,
2034,March,Kerala,Male,93.69,value in Percentage,
2034,March,Kerala,Female,94.69,value in Percentage,
2034,March,Karnataka,Total,49.76,value in Percentage,
2034,March,Karnataka,Male,49.98,value in Percentage,
2034,March,Karnataka,Female,49.53,value in Percentage,
2034,March,Jharkhand,Total,28.05,value in Percentage,
2034,March,Jharkhand,Male,28.85,value in Percentage,
2034,March,Jharkhand,Female,27.22,value in Percentage,
2034,March,Jammu and Kashmir,Total,33.41,value in Percentage,
2034,March,Jammu and Kashmir,Male,34.88,value in Percentage,
2034,March,Jammu and Kashmir,Female,31.82,value in Percentage,
2034,March,Himachal Pradesh,Total,10.57,value in Percentage,
2034,March,Himachal Pradesh,Male,11.26,value in Percentage,
2034,March,Himachal Pradesh,Female,9.87,value in Percentage,
2034,March,Haryana,Total,48.45,value in Percentage,
2034,March,Haryana,Male,49.30,value in Percentage,
2034,March,Haryana,Female,47.52,value in Percentage,
2034,March,Gujarat,Total,54.04,value in Percentage,
2034,March,Gujarat,Male,54.63,value in Percentage,
2034,March,Gujarat,Female,53.39,value in Percentage,
2034,March,Goa,Total,86.55,value in Percentage,
2034,March,Goa,Male,88.28,value in Percentage,
2034,March,Goa,Female,84.82,value in Percentage,
2034,March,Delhi,Total,100.0,value in Percentage,
2034,March,Delhi,Male,100.0,value in Percentage,
2034,March,Delhi,Female,100.0,value in Percentage,
2034,March,Daman and Diu,Total,99.14,value in Percentage,
2034,March,Daman and Diu,Male,99.14,value in Percentage,
2034,March,Daman and Diu,Female,99.14,value in Percentage,
2034,March,Dadra and Nagar Haveli,Total,79.65,value in Percentage,
2034,March,Dadra and Nagar Haveli,Male,72.28,value in Percentage,
2034,March,Dadra and Nagar Haveli,Female,93.67,value in Percentage,
2034,March,Chhattisgarh,Total,30.63,value in Percentage,
2034,March,Chhattisgarh,Male,31.25,value in Percentage,
2034,March,Chhattisgarh,Female,30.01,value in Percentage,
2034,March,Chandigarh,Total,100.0,value in Percentage,
2034,March,Chandigarh,Male,100.0,value in Percentage,
2034,March,Chandigarh,Female,100.0,value in Percentage,
2034,March,Bihar,Total,13.13,value in Percentage,
2034,March,Bihar,Male,13.40,value in Percentage,
2034,March,Bihar,Female,12.85,value in Percentage,
2034,March,Assam,Total,16.91,value in Percentage,
2034,March,Assam,Male,17.16,value in Percentage,
2034,March,Assam,Female,16.66,value in Percentage,
2034,March,Arunachal Pradesh,Total,28.14,value in Percentage,
2034,March,Arunachal Pradesh,Male,29.11,value in Percentage,
2034,March,Arunachal Pradesh,Female,27.13,value in Percentage,
2034,March,Andhra Pradesh,Total,43.41,value in Percentage,
2034,March,Andhra Pradesh,Male,43.82,value in Percentage,
2034,March,Andhra Pradesh,Female,43.00,value in Percentage,
2034,March,Andaman and Nicobar Islands,Total,50.48,value in Percentage,
2034,March,Andaman and Nicobar Islands,Male,51.34,value in Percentage,
2034,March,Andaman and Nicobar Islands,Female,49.52,value in Percentage,
2034,March,All India,Total,38.46,value in Percentage,
2034,March,All India,Male,38.95,value in Percentage,
2034,March,All India,Female,37.95,value in Percentage,
2034,July,West Bengal,Total,41.67,value in Percentage,
2034,July,West Bengal,Male,42.32,value in Percentage,
2034,July,West Bengal,Female,41.00,value in Percentage,
2034,July,Uttarakhand,Total,41.21,value in Percentage,
2034,July,Uttarakhand,Male,42.59,value in Percentage,
2034,July,Uttarakhand,Female,39.76,value in Percentage,
2034,July,Uttar Pradesh,Total,25.66,value in Percentage,
2034,July,Uttar Pradesh,Male,26.14,value in Percentage,
2034,July,Uttar Pradesh,Female,25.14,value in Percentage,
2034,July,Tripura,Total,52.02,value in Percentage,
2034,July,Tripura,Male,52.14,value in Percentage,
2034,July,Tripura,Female,51.90,value in Percentage,
2034,July,Telangana,Total,56.05,value in Percentage,
2034,July,Telangana,Male,56.28,value in Percentage,
2034,July,Telangana,Female,55.83,value in Percentage,
2034,July,Tamil Nadu,Total,58.85,value in Percentage,
2034,July,Tamil Nadu,Male,59.25,value in Percentage,
2034,July,Tamil Nadu,Female,58.45,value in Percentage,
2034,July,Sikkim,Total,71.61,value in Percentage,
2034,July,Sikkim,Male,71.38,value in Percentage,
2034,July,Sikkim,Female,71.93,value in Percentage,
2034,July,Rajasthan,Total,28.21,value in Percentage,
2034,July,Rajasthan,Male,28.98,value in Percentage,
2034,July,Rajasthan,Female,27.42,value in Percentage,
2034,July,Punjab,Total,46.00,value in Percentage,
2034,July,Punjab,Male,46.94,value in Percentage,
2034,July,Punjab,Female,44.96,value in Percentage,
2034,July,Puducherry,Total,71.65,value in Percentage,
2034,July,Puducherry,Male,76.57,value in Percentage,
2034,July,Puducherry,Female,67.49,value in Percentage,
2034,July,Odisha,Total,20.96,value in Percentage,
2034,July,Odisha,Male,21.66,value in Percentage,
2034,July,Odisha,Female,20.26,value in Percentage,
2034,July,Nagaland,Total,62.04,value in Percentage,
2034,July,Nagaland,Male,63.34,value in Percentage,
2034,July,Nagaland,Female,60.68,value in Percentage,
2034,July,Mizoram,Total,57.71,value in Percentage,
2034,July,Mizoram,Male,57.58,value in Percentage,
2034,July,Mizoram,Female,57.84,value in Percentage,
2034,July,Meghalaya,Total,21.20,value in Percentage,
2034,July,Meghalaya,Male,21.26,value in Percentage,
2034,July,Meghalaya,Female,21.14,value in Percentage,
2034,July,Manipur,Total,35.47,value in Percentage,
2034,July,Manipur,Male,35.07,value in Percentage,
2034,July,Manipur,Female,35.87,value in Percentage,
2034,July,Maharashtra,Total,51.62,value in Percentage,
2034,July,Maharashtra,Male,52.10,value in Percentage,
2034,July,Maharashtra,Female,51.10,value in Percentage,
2034,July,Madhya Pradesh,Total,30.22,value in Percentage,
2034,July,Madhya Pradesh,Male,30.75,value in Percentage,
2034,July,Madhya Pradesh,Female,29.66,value in Percentage,
2034,July,Lakshadweep,Total,100.0,value in Percentage,
2034,July,Lakshadweep,Male,100.0,value in Percentage,
2034,July,Lakshadweep,Female,100.0,value in Percentage,
2034,July,Ladakh,Total,39.76,value in Percentage,
2034,July,Ladakh,Male,47.27,value in Percentage,
2034,July,Ladakh,Female,30.53,value in Percentage,
2034,July,Kerala,Total,94.60,value in Percentage,
2034,July,Kerala,Male,94.07,value in Percentage,
2034,July,Kerala,Female,95.09,value in Percentage,
2034,July,Karnataka,Total,49.92,value in Percentage,
2034,July,Karnataka,Male,50.15,value in Percentage,
2034,July,Karnataka,Female,49.69,value in Percentage,
2034,July,Jharkhand,Total,28.10,value in Percentage,
2034,July,Jharkhand,Male,28.91,value in Percentage,
2034,July,Jharkhand,Female,27.27,value in Percentage,
2034,July,Jammu and Kashmir,Total,33.49,value in Percentage,
2034,July,Jammu and Kashmir,Male,34.98,value in Percentage,
2034,July,Jammu and Kashmir,Female,31.90,value in Percentage,
2034,July,Himachal Pradesh,Total,10.58,value in Percentage,
2034,July,Himachal Pradesh,Male,11.27,value in Percentage,
2034,July,Himachal Pradesh,Female,9.88,value in Percentage,
2034,July,Haryana,Total,48.64,value in Percentage,
2034,July,Haryana,Male,49.50,value in Percentage,
2034,July,Haryana,Female,47.70,value in Percentage,
2034,July,Gujarat,Total,54.20,value in Percentage,
2034,July,Gujarat,Male,54.79,value in Percentage,
2034,July,Gujarat,Female,53.55,value in Percentage,
2034,July,Goa,Total,86.84,value in Percentage,
2034,July,Goa,Male,88.58,value in Percentage,
2034,July,Goa,Female,85.08,value in Percentage,
2034,July,Delhi,Total,100.0,value in Percentage,
2034,July,Delhi,Male,100.0,value in Percentage,
2034,July,Delhi,Female,100.0,value in Percentage,
2034,July,Daman and Diu,Total,99.19,value in Percentage,
2034,July,Daman and Diu,Male,99.19,value in Percentage,
2034,July,Daman and Diu,Female,99.18,value in Percentage,
2034,July,Dadra and Nagar Haveli,Total,79.84,value in Percentage,
2034,July,Dadra and Nagar Haveli,Male,72.29,value in Percentage,
2034,July,Dadra and Nagar Haveli,Female,94.27,value in Percentage,
2034,July,Chhattisgarh,Total,30.74,value in Percentage,
2034,July,Chhattisgarh,Male,31.36,value in Percentage,
2034,July,Chhattisgarh,Female,30.12,value in Percentage,
2034,July,Chandigarh,Total,100.0,value in Percentage,
2034,July,Chandigarh,Male,100.0,value in Percentage,
2034,July,Chandigarh,Female,100.0,value in Percentage,
2034,July,Bihar,Total,13.16,value in Percentage,
2034,July,Bihar,Male,13.43,value in Percentage,
2034,July,Bihar,Female,12.87,value in Percentage,
2034,July,Assam,Total,16.95,value in Percentage,
2034,July,Assam,Male,17.21,value in Percentage,
2034,July,Assam,Female,16.70,value in Percentage,
2034,July,Arunachal Pradesh,Total,28.23,value in Percentage,
2034,July,Arunachal Pradesh,Male,29.21,value in Percentage,
2034,July,Arunachal Pradesh,Female,27.21,value in Percentage,
2034,July,Andhra Pradesh,Total,43.63,value in Percentage,
2034,July,Andhra Pradesh,Male,44.05,value in Percentage,
2034,July,Andhra Pradesh,Female,43.21,value in Percentage,
2034,July,Andaman and Nicobar Islands,Total,50.62,value in Percentage,
2034,July,Andaman and Nicobar Islands,Male,51.49,value in Percentage,
2034,July,Andaman and Nicobar Islands,Female,49.65,value in Percentage,
2034,July,All India,Total,38.56,value in Percentage,
2034,July,All India,Male,39.05,value in Percentage,
2034,July,All India,Female,38.04,value in Percentage,
2033,October,West Bengal,Total,41.33,value in Percentage,
2033,October,West Bengal,Male,41.96,value in Percentage,
2033,October,West Bengal,Female,40.69,value in Percentage,
2033,October,Uttarakhand,Total,40.86,value in Percentage,
2033,October,Uttarakhand,Male,42.23,value in Percentage,
2033,October,Uttarakhand,Female,39.41,value in Percentage,
2033,October,Uttar Pradesh,Total,25.55,value in Percentage,
2033,October,Uttar Pradesh,Male,26.02,value in Percentage,
2033,October,Uttar Pradesh,Female,25.04,value in Percentage,
2033,October,Tripura,Total,51.16,value in Percentage,
2033,October,Tripura,Male,51.26,value in Percentage,
2033,October,Tripura,Female,51.06,value in Percentage,
2033,October,Telangana,Total,55.48,value in Percentage,
2033,October,Telangana,Male,55.69,value in Percentage,
2033,October,Telangana,Female,55.27,value in Percentage,
2033,October,Tamil Nadu,Total,58.50,value in Percentage,
2033,October,Tamil Nadu,Male,58.88,value in Percentage,
2033,October,Tamil Nadu,Female,58.12,value in Percentage,
2033,October,Sikkim,Total,70.23,value in Percentage,
2033,October,Sikkim,Male,69.97,value in Percentage,
2033,October,Sikkim,Female,70.56,value in Percentage,
2033,October,Rajasthan,Total,28.11,value in Percentage,
2033,October,Rajasthan,Male,28.87,value in Percentage,
2033,October,Rajasthan,Female,27.32,value in Percentage,
2033,October,Punjab,Total,45.72,value in Percentage,
2033,October,Punjab,Male,46.64,value in Percentage,
2033,October,Punjab,Female,44.71,value in Percentage,
2033,October,Puducherry,Total,71.56,value in Percentage,
2033,October,Puducherry,Male,76.26,value in Percentage,
2033,October,Puducherry,Female,67.56,value in Percentage,
2033,October,Odisha,Total,20.81,value in Percentage,
2033,October,Odisha,Male,21.50,value in Percentage,
2033,October,Odisha,Female,20.12,value in Percentage,
2033,October,Nagaland,Total,60.99,value in Percentage,
2033,October,Nagaland,Male,62.24,value in Percentage,
2033,October,Nagaland,Female,59.68,value in Percentage,
2033,October,Mizoram,Total,57.53,value in Percentage,
2033,October,Mizoram,Male,57.37,value in Percentage,
2033,October,Mizoram,Female,57.68,value in Percentage,
2033,October,Meghalaya,Total,21.16,value in Percentage,
2033,October,Meghalaya,Male,21.21,value in Percentage,
2033,October,Meghalaya,Female,21.11,value in Percentage,
2033,October,Manipur,Total,35.27,value in Percentage,
2033,October,Manipur,Male,34.85,value in Percentage,
2033,October,Manipur,Female,35.68,value in Percentage,
2033,October,Maharashtra,Total,51.41,value in Percentage,
2033,October,Maharashtra,Male,51.89,value in Percentage,
2033,October,Maharashtra,Female,50.90,value in Percentage,
2033,October,Madhya Pradesh,Total,30.14,value in Percentage,
2033,October,Madhya Pradesh,Male,30.65,value in Percentage,
2033,October,Madhya Pradesh,Female,29.60,value in Percentage,
2033,October,Lakshadweep,Total,100.0,value in Percentage,
2033,October,Lakshadweep,Male,100.0,value in Percentage,
2033,October,Lakshadweep,Female,100.0,value in Percentage,
2033,October,Ladakh,Total,39.12,value in Percentage,
2033,October,Ladakh,Male,46.46,value in Percentage,
2033,October,Ladakh,Female,30.08,value in Percentage,
2033,October,Kerala,Total,93.68,value in Percentage,
2033,October,Kerala,Male,93.16,value in Percentage,
2033,October,Kerala,Female,94.15,value in Percentage,
2033,October,Karnataka,Total,49.55,value in Percentage,
2033,October,Karnataka,Male,49.77,value in Percentage,
2033,October,Karnataka,Female,49.32,value in Percentage,
2033,October,Jharkhand,Total,27.98,value in Percentage,
2033,October,Jharkhand,Male,28.77,value in Percentage,
2033,October,Jharkhand,Female,27.15,value in Percentage,
2033,October,Jammu and Kashmir,Total,33.30,value in Percentage,
2033,October,Jammu and Kashmir,Male,34.75,value in Percentage,
2033,October,Jammu and Kashmir,Female,31.73,value in Percentage,
2033,October,Himachal Pradesh,Total,10.56,value in Percentage,
2033,October,Himachal Pradesh,Male,11.25,value in Percentage,
2033,October,Himachal Pradesh,Female,9.86,value in Percentage,
2033,October,Haryana,Total,48.22,value in Percentage,
2033,October,Haryana,Male,49.04,value in Percentage,
2033,October,Haryana,Female,47.31,value in Percentage,
2033,October,Gujarat,Total,53.85,value in Percentage,
2033,October,Gujarat,Male,54.44,value in Percentage,
2033,October,Gujarat,Female,53.19,value in Percentage,
2033,October,Goa,Total,86.18,value in Percentage,
2033,October,Goa,Male,87.88,value in Percentage,
2033,October,Goa,Female,84.47,value in Percentage,
2033,October,Delhi,Total,100.0,value in Percentage,
2033,October,Delhi,Male,100.0,value in Percentage,
2033,October,Delhi,Female,100.0,value in Percentage,
2033,October,Daman and Diu,Total,99.09,value in Percentage,
2033,October,Daman and Diu,Male,99.09,value in Percentage,
2033,October,Daman and Diu,Female,99.09,value in Percentage,
2033,October,Dadra and Nagar Haveli,Total,79.41,value in Percentage,
2033,October,Dadra and Nagar Haveli,Male,72.26,value in Percentage,
2033,October,Dadra and Nagar Haveli,Female,92.90,value in Percentage,
2033,October,Chhattisgarh,Total,30.50,value in Percentage,
2033,October,Chhattisgarh,Male,31.11,value in Percentage,
2033,October,Chhattisgarh,Female,29.88,value in Percentage,
2033,October,Chandigarh,Total,100.0,value in Percentage,
2033,October,Chandigarh,Male,100.0,value in Percentage,
2033,October,Chandigarh,Female,100.0,value in Percentage,
2033,October,Bihar,Total,13.10,value in Percentage,
2033,October,Bihar,Male,13.36,value in Percentage,
2033,October,Bihar,Female,12.82,value in Percentage,
2033,October,Assam,Total,16.86,value in Percentage,
2033,October,Assam,Male,17.10,value in Percentage,
2033,October,Assam,Female,16.61,value in Percentage,
2033,October,Arunachal Pradesh,Total,28.05,value in Percentage,
2033,October,Arunachal Pradesh,Male,29.01,value in Percentage,
2033,October,Arunachal Pradesh,Female,27.05,value in Percentage,
2033,October,Andhra Pradesh,Total,43.14,value in Percentage,
2033,October,Andhra Pradesh,Male,43.54,value in Percentage,
2033,October,Andhra Pradesh,Female,42.73,value in Percentage,
2033,October,Andaman and Nicobar Islands,Total,50.20,value in Percentage,
2033,October,Andaman and Nicobar Islands,Male,51.05,value in Percentage,
2033,October,Andaman and Nicobar Islands,Female,49.26,value in Percentage,
2033,October,All India,Total,38.33,value in Percentage,
2033,October,All India,Male,38.81,value in Percentage,
2033,October,All India,Female,37.83,value in Percentage,
2033,March,West Bengal,Total,41.07,value in Percentage,
2033,March,West Bengal,Male,41.68,value in Percentage,
2033,March,West Bengal,Female,40.45,value in Percentage,
2033,March,Uttarakhand,Total,40.58,value in Percentage,
2033,March,Uttarakhand,Male,41.95,value in Percentage,
2033,March,Uttarakhand,Female,39.14,value in Percentage,
2033,March,Uttar Pradesh,Total,25.46,value in Percentage,
2033,March,Uttar Pradesh,Male,25.93,value in Percentage,
2033,March,Uttar Pradesh,Female,24.96,value in Percentage,
2033,March,Tripura,Total,50.47,value in Percentage,
2033,March,Tripura,Male,50.55,value in Percentage,
2033,March,Tripura,Female,50.39,value in Percentage,
2033,March,Telangana,Total,55.03,value in Percentage,
2033,March,Telangana,Male,55.23,value in Percentage,
2033,March,Telangana,Female,54.83,value in Percentage,
2033,March,Tamil Nadu,Total,58.23,value in Percentage,
2033,March,Tamil Nadu,Male,58.59,value in Percentage,
2033,March,Tamil Nadu,Female,57.86,value in Percentage,
2033,March,Sikkim,Total,69.11,value in Percentage,
2033,March,Sikkim,Male,68.84,value in Percentage,
2033,March,Sikkim,Female,69.46,value in Percentage,
2033,March,Rajasthan,Total,28.03,value in Percentage,
2033,March,Rajasthan,Male,28.79,value in Percentage,
2033,March,Rajasthan,Female,27.24,value in Percentage,
2033,March,Punjab,Total,45.50,value in Percentage,
2033,March,Punjab,Male,46.41,value in Percentage,
2033,March,Punjab,Female,44.50,value in Percentage,
2033,March,Puducherry,Total,71.47,value in Percentage,
2033,March,Puducherry,Male,76.00,value in Percentage,
2033,March,Puducherry,Female,67.60,value in Percentage,
2033,March,Odisha,Total,20.70,value in Percentage,
2033,March,Odisha,Male,21.38,value in Percentage,
2033,March,Odisha,Female,20.02,value in Percentage,
2033,March,Nagaland,Total,60.13,value in Percentage,
2033,March,Nagaland,Male,61.35,value in Percentage,
2033,March,Nagaland,Female,58.86,value in Percentage,
2033,March,Mizoram,Total,57.35,value in Percentage,
2033,March,Mizoram,Male,57.18,value in Percentage,
2033,March,Mizoram,Female,57.52,value in Percentage,
2033,March,Meghalaya,Total,21.13,value in Percentage,
2033,March,Meghalaya,Male,21.17,value in Percentage,
2033,March,Meghalaya,Female,21.08,value in Percentage,
2033,March,Manipur,Total,35.09,value in Percentage,
2033,March,Manipur,Male,34.66,value in Percentage,
2033,March,Manipur,Female,35.51,value in Percentage,
2033,March,Maharashtra,Total,51.25,value in Percentage,
2033,March,Maharashtra,Male,51.73,value in Percentage,
2033,March,Maharashtra,Female,50.74,value in Percentage,
2033,March,Madhya Pradesh,Total,30.07,value in Percentage,
2033,March,Madhya Pradesh,Male,30.58,value in Percentage,
2033,March,Madhya Pradesh,Female,29.55,value in Percentage,
2033,March,Lakshadweep,Total,100.0,value in Percentage,
2033,March,Lakshadweep,Male,100.0,value in Percentage,
2033,March,Lakshadweep,Female,100.0,value in Percentage,
2033,March,Ladakh,Total,38.62,value in Percentage,
2033,March,Ladakh,Male,45.83,value in Percentage,
2033,March,Ladakh,Female,29.73,value in Percentage,
2033,March,Kerala,Total,92.93,value in Percentage,
2033,March,Kerala,Male,92.43,value in Percentage,
2033,March,Kerala,Female,93.39,value in Percentage,
2033,March,Karnataka,Total,49.26,value in Percentage,
2033,March,Karnataka,Male,49.48,value in Percentage,
2033,March,Karnataka,Female,49.04,value in Percentage,
2033,March,Jharkhand,Total,27.88,value in Percentage,
2033,March,Jharkhand,Male,28.66,value in Percentage,
2033,March,Jharkhand,Female,27.06,value in Percentage,
2033,March,Jammu and Kashmir,Total,33.14,value in Percentage,
2033,March,Jammu and Kashmir,Male,34.57,value in Percentage,
2033,March,Jammu and Kashmir,Female,31.60,value in Percentage,
2033,March,Himachal Pradesh,Total,10.55,value in Percentage,
2033,March,Himachal Pradesh,Male,11.24,value in Percentage,
2033,March,Himachal Pradesh,Female,9.85,value in Percentage,
2033,March,Haryana,Total,47.88,value in Percentage,
2033,March,Haryana,Male,48.68,value in Percentage,
2033,March,Haryana,Female,47.00,value in Percentage,
2033,March,Gujarat,Total,53.57,value in Percentage,
2033,March,Gujarat,Male,54.16,value in Percentage,
2033,March,Gujarat,Female,52.91,value in Percentage,
2033,March,Goa,Total,85.65,value in Percentage,
2033,March,Goa,Male,87.31,value in Percentage,
2033,March,Goa,Female,83.97,value in Percentage,
2033,March,Delhi,Total,100.0,value in Percentage,
2033,March,Delhi,Male,100.0,value in Percentage,
2033,March,Delhi,Female,100.0,value in Percentage,
2033,March,Daman and Diu,Total,99.00,value in Percentage,
2033,March,Daman and Diu,Male,99.00,value in Percentage,
2033,March,Daman and Diu,Female,99.00,value in Percentage,
2033,March,Dadra and Nagar Haveli,Total,79.05,value in Percentage,
2033,March,Dadra and Nagar Haveli,Male,72.23,value in Percentage,
2033,March,Dadra and Nagar Haveli,Female,91.74,value in Percentage,
2033,March,Chhattisgarh,Total,30.31,value in Percentage,
2033,March,Chhattisgarh,Male,30.92,value in Percentage,
2033,March,Chhattisgarh,Female,29.70,value in Percentage,
2033,March,Chandigarh,Total,100.0,value in Percentage,
2033,March,Chandigarh,Male,100.0,value in Percentage,
2033,March,Chandigarh,Female,100.0,value in Percentage,
2033,March,Bihar,Total,13.06,value in Percentage,
2033,March,Bihar,Male,13.31,value in Percentage,
2033,March,Bihar,Female,12.78,value in Percentage,
2033,March,Assam,Total,16.79,value in Percentage,
2033,March,Assam,Male,17.03,value in Percentage,
2033,March,Assam,Female,16.54,value in Percentage,
2033,March,Arunachal Pradesh,Total,27.89,value in Percentage,
2033,March,Arunachal Pradesh,Male,28.84,value in Percentage,
2033,March,Arunachal Pradesh,Female,26.90,value in Percentage,
2033,March,Andhra Pradesh,Total,42.75,value in Percentage,
2033,March,Andhra Pradesh,Male,43.15,value in Percentage,
2033,March,Andhra Pradesh,Female,42.36,value in Percentage,
2033,March,Andaman and Nicobar Islands,Total,49.82,value in Percentage,
2033,March,Andaman and Nicobar Islands,Male,50.65,value in Percentage,
2033,March,Andaman and Nicobar Islands,Female,48.89,value in Percentage,
2033,March,All India,Total,38.16,value in Percentage,
2033,March,All India,Male,38.62,value in Percentage,
2033,March,All India,Female,37.67,value in Percentage,
2033,July,West Bengal,Total,41.22,value in Percentage,
2033,July,West Bengal,Male,41.84,value in Percentage,
2033,July,West Bengal,Female,40.59,value in Percentage,
2033,July,Uttarakhand,Total,40.74,value in Percentage,
2033,July,Uttarakhand,Male,42.11,value in Percentage,
2033,July,Uttarakhand,Female,39.29,value in Percentage,
2033,July,Uttar Pradesh,Total,25.51,value in Percentage,
2033,July,Uttar Pradesh,Male,25.98,value in Percentage,
2033,July,Uttar Pradesh,Female,25.01,value in Percentage,
2033,July,Tripura,Total,50.88,value in Percentage,
2033,July,Tripura,Male,50.97,value in Percentage,
2033,July,Tripura,Female,50.79,value in Percentage,
2033,July,Telangana,Total,55.29,value in Percentage,
2033,July,Telangana,Male,55.49,value in Percentage,
2033,July,Telangana,Female,55.09,value in Percentage,
2033,July,Tamil Nadu,Total,58.38,value in Percentage,
2033,July,Tamil Nadu,Male,58.76,value in Percentage,
2033,July,Tamil Nadu,Female,58.01,value in Percentage,
2033,July,Sikkim,Total,69.77,value in Percentage,
2033,July,Sikkim,Male,69.50,value in Percentage,
2033,July,Sikkim,Female,70.11,value in Percentage,
2033,July,Rajasthan,Total,28.07,value in Percentage,
2033,July,Rajasthan,Male,28.84,value in Percentage,
2033,July,Rajasthan,Female,27.28,value in Percentage,
2033,July,Punjab,Total,45.62,value in Percentage,
2033,July,Punjab,Male,46.54,value in Percentage,
2033,July,Punjab,Female,44.62,value in Percentage,
2033,July,Puducherry,Total,71.52,value in Percentage,
2033,July,Puducherry,Male,76.15,value in Percentage,
2033,July,Puducherry,Female,67.58,value in Percentage,
2033,July,Odisha,Total,20.76,value in Percentage,
2033,July,Odisha,Male,21.45,value in Percentage,
2033,July,Odisha,Female,20.08,value in Percentage,
2033,July,Nagaland,Total,60.63,value in Percentage,
2033,July,Nagaland,Male,61.88,value in Percentage,
2033,July,Nagaland,Female,59.34,value in Percentage,
2033,July,Mizoram,Total,57.46,value in Percentage,
2033,July,Mizoram,Male,57.30,value in Percentage,
2033,July,Mizoram,Female,57.62,value in Percentage,
2033,July,Meghalaya,Total,21.15,value in Percentage,
2033,July,Meghalaya,Male,21.20,value in Percentage,
2033,July,Meghalaya,Female,21.10,value in Percentage,
2033,July,Manipur,Total,35.20,value in Percentage,
2033,July,Manipur,Male,34.78,value in Percentage,
2033,July,Manipur,Female,35.61,value in Percentage,
2033,July,Maharashtra,Total,51.35,value in Percentage,
2033,July,Maharashtra,Male,51.82,value in Percentage,
2033,July,Maharashtra,Female,50.83,value in Percentage,
2033,July,Madhya Pradesh,Total,30.11,value in Percentage,
2033,July,Madhya Pradesh,Male,30.62,value in Percentage,
2033,July,Madhya Pradesh,Female,29.58,value in Percentage,
2033,July,Lakshadweep,Total,100.0,value in Percentage,
2033,July,Lakshadweep,Male,100.0,value in Percentage,
2033,July,Lakshadweep,Female,100.0,value in Percentage,
2033,July,Ladakh,Total,38.91,value in Percentage,
2033,July,Ladakh,Male,46.19,value in Percentage,
2033,July,Ladakh,Female,29.93,value in Percentage,
2033,July,Kerala,Total,93.36,value in Percentage,
2033,July,Kerala,Male,92.85,value in Percentage,
2033,July,Kerala,Female,93.83,value in Percentage,
2033,July,Karnataka,Total,49.43,value in Percentage,
2033,July,Karnataka,Male,49.65,value in Percentage,
2033,July,Karnataka,Female,49.20,value in Percentage,
2033,July,Jharkhand,Total,27.93,value in Percentage,
2033,July,Jharkhand,Male,28.72,value in Percentage,
2033,July,Jharkhand,Female,27.12,value in Percentage,
2033,July,Jammu and Kashmir,Total,33.23,value in Percentage,
2033,July,Jammu and Kashmir,Male,34.67,value in Percentage,
2033,July,Jammu and Kashmir,Female,31.68,value in Percentage,
2033,July,Himachal Pradesh,Total,10.56,value in Percentage,
2033,July,Himachal Pradesh,Male,11.25,value in Percentage,
2033,July,Himachal Pradesh,Female,9.86,value in Percentage,
2033,July,Haryana,Total,48.07,value in Percentage,
2033,July,Haryana,Male,48.88,value in Percentage,
2033,July,Haryana,Female,47.18,value in Percentage,
2033,July,Gujarat,Total,53.73,value in Percentage,
2033,July,Gujarat,Male,54.32,value in Percentage,
2033,July,Gujarat,Female,53.07,value in Percentage,
2033,July,Goa,Total,85.95,value in Percentage,
2033,July,Goa,Male,87.64,value in Percentage,
2033,July,Goa,Female,84.25,value in Percentage,
2033,July,Delhi,Total,100.0,value in Percentage,
2033,July,Delhi,Male,100.0,value in Percentage,
2033,July,Delhi,Female,100.0,value in Percentage,
2033,July,Daman and Diu,Total,99.05,value in Percentage,
2033,July,Daman and Diu,Male,99.05,value in Percentage,
2033,July,Daman and Diu,Female,99.05,value in Percentage,
2033,July,Dadra and Nagar Haveli,Total,79.26,value in Percentage,
2033,July,Dadra and Nagar Haveli,Male,72.25,value in Percentage,
2033,July,Dadra and Nagar Haveli,Female,92.41,value in Percentage,
2033,July,Chhattisgarh,Total,30.42,value in Percentage,
2033,July,Chhattisgarh,Male,31.03,value in Percentage,
2033,July,Chhattisgarh,Female,29.81,value in Percentage,
2033,July,Chandigarh,Total,100.0,value in Percentage,
2033,July,Chandigarh,Male,100.0,value in Percentage,
2033,July,Chandigarh,Female,100.0,value in Percentage,
2033,July,Bihar,Total,13.08,value in Percentage,
2033,July,Bihar,Male,13.34,value in Percentage,
2033,July,Bihar,Female,12.80,value in Percentage,
2033,July,Assam,Total,16.83,value in Percentage,
2033,July,Assam,Male,17.07,value in Percentage,
2033,July,Assam,Female,16.58,value in Percentage,
2033,July,Arunachal Pradesh,Total,27.99,value in Percentage,
2033,July,Arunachal Pradesh,Male,28.94,value in Percentage,
2033,July,Arunachal Pradesh,Female,26.99,value in Percentage,
2033,July,Andhra Pradesh,Total,42.97,value in Percentage,
2033,July,Andhra Pradesh,Male,43.37,value in Percentage,
2033,July,Andhra Pradesh,Female,42.57,value in Percentage,
2033,July,Andaman and Nicobar Islands,Total,50.04,value in Percentage,
2033,July,Andaman and Nicobar Islands,Male,50.88,value in Percentage,
2033,July,Andaman and Nicobar Islands,Female,49.10,value in Percentage,
2033,July,All India,Total,38.25,value in Percentage,
2033,July,All India,Male,38.73,value in Percentage,
2033,July,All India,Female,37.76,value in Percentage,
2032,October,West Bengal,Total,40.89,value in Percentage,
2032,October,West Bengal,Male,41.48,value in Percentage,
2032,October,West Bengal,Female,40.28,value in Percentage,
2032,October,Uttarakhand,Total,40.39,value in Percentage,
2032,October,Uttarakhand,Male,41.75,value in Percentage,
2032,October,Uttarakhand,Female,38.95,value in Percentage,
2032,October,Uttar Pradesh,Total,25.40,value in Percentage,
2032,October,Uttar Pradesh,Male,25.86,value in Percentage,
2032,October,Uttar Pradesh,Female,24.91,value in Percentage,
2032,October,Tripura,Total,50.02,value in Percentage,
2032,October,Tripura,Male,50.09,value in Percentage,
2032,October,Tripura,Female,49.96,value in Percentage,
2032,October,Telangana,Total,54.72,value in Percentage,
2032,October,Telangana,Male,54.91,value in Percentage,
2032,October,Telangana,Female,54.53,value in Percentage,
2032,October,Tamil Nadu,Total,58.03,value in Percentage,
2032,October,Tamil Nadu,Male,58.39,value in Percentage,
2032,October,Tamil Nadu,Female,57.68,value in Percentage,
2032,October,Sikkim,Total,68.31,value in Percentage,
2032,October,Sikkim,Male,68.02,value in Percentage,
2032,October,Sikkim,Female,68.67,value in Percentage,
2032,October,Rajasthan,Total,27.97,value in Percentage,
2032,October,Rajasthan,Male,28.72,value in Percentage,
2032,October,Rajasthan,Female,27.18,value in Percentage,
2032,October,Punjab,Total,45.34,value in Percentage,
2032,October,Punjab,Male,46.24,value in Percentage,
2032,October,Punjab,Female,44.36,value in Percentage,
2032,October,Puducherry,Total,71.43,value in Percentage,
2032,October,Puducherry,Male,75.84,value in Percentage,
2032,October,Puducherry,Female,67.65,value in Percentage,
2032,October,Odisha,Total,20.62,value in Percentage,
2032,October,Odisha,Male,21.29,value in Percentage,
2032,October,Odisha,Female,19.94,value in Percentage,
2032,October,Nagaland,Total,59.57,value in Percentage,
2032,October,Nagaland,Male,60.76,value in Percentage,
2032,October,Nagaland,Female,58.32,value in Percentage,
2032,October,Mizoram,Total,57.27,value in Percentage,
2032,October,Mizoram,Male,57.09,value in Percentage,
2032,October,Mizoram,Female,57.46,value in Percentage,
2032,October,Meghalaya,Total,21.12,value in Percentage,
2032,October,Meghalaya,Male,21.16,value in Percentage,
2032,October,Meghalaya,Female,21.08,value in Percentage,
2032,October,Manipur,Total,35.00,value in Percentage,
2032,October,Manipur,Male,34.57,value in Percentage,
2032,October,Manipur,Female,35.43,value in Percentage,
2032,October,Maharashtra,Total,51.14,value in Percentage,
2032,October,Maharashtra,Male,51.61,value in Percentage,
2032,October,Maharashtra,Female,50.63,value in Percentage,
2032,October,Madhya Pradesh,Total,30.03,value in Percentage,
2032,October,Madhya Pradesh,Male,30.52,value in Percentage,
2032,October,Madhya Pradesh,Female,29.51,value in Percentage,
2032,October,Lakshadweep,Total,100.0,value in Percentage,
2032,October,Lakshadweep,Male,100.0,value in Percentage,
2032,October,Lakshadweep,Female,100.0,value in Percentage,
2032,October,Ladakh,Total,38.27,value in Percentage,
2032,October,Ladakh,Male,45.38,value in Percentage,
2032,October,Ladakh,Female,29.48,value in Percentage,
2032,October,Kerala,Total,92.36,value in Percentage,
2032,October,Kerala,Male,91.86,value in Percentage,
2032,October,Kerala,Female,92.81,value in Percentage,
2032,October,Karnataka,Total,49.06,value in Percentage,
2032,October,Karnataka,Male,49.27,value in Percentage,
2032,October,Karnataka,Female,48.84,value in Percentage,
2032,October,Jharkhand,Total,27.81,value in Percentage,
2032,October,Jharkhand,Male,28.58,value in Percentage,
2032,October,Jharkhand,Female,27.00,value in Percentage,
2032,October,Jammu and Kashmir,Total,33.03,value in Percentage,
2032,October,Jammu and Kashmir,Male,34.45,value in Percentage,
2032,October,Jammu and Kashmir,Female,31.51,value in Percentage,
2032,October,Himachal Pradesh,Total,10.54,value in Percentage,
2032,October,Himachal Pradesh,Male,11.22,value in Percentage,
2032,October,Himachal Pradesh,Female,9.84,value in Percentage,
2032,October,Haryana,Total,47.64,value in Percentage,
2032,October,Haryana,Male,48.42,value in Percentage,
2032,October,Haryana,Female,46.78,value in Percentage,
2032,October,Gujarat,Total,53.37,value in Percentage,
2032,October,Gujarat,Male,53.97,value in Percentage,
2032,October,Gujarat,Female,52.71,value in Percentage,
2032,October,Goa,Total,85.27,value in Percentage,
2032,October,Goa,Male,86.91,value in Percentage,
2032,October,Goa,Female,83.61,value in Percentage,
2032,October,Delhi,Total,100.0,value in Percentage,
2032,October,Delhi,Male,100.0,value in Percentage,
2032,October,Delhi,Female,100.0,value in Percentage,
2032,October,Daman and Diu,Total,98.96,value in Percentage,
2032,October,Daman and Diu,Male,98.96,value in Percentage,
2032,October,Daman and Diu,Female,98.96,value in Percentage,
2032,October,Dadra and Nagar Haveli,Total,78.80,value in Percentage,
2032,October,Dadra and Nagar Haveli,Male,72.24,value in Percentage,
2032,October,Dadra and Nagar Haveli,Female,90.90,value in Percentage,
2032,October,Chhattisgarh,Total,30.18,value in Percentage,
2032,October,Chhattisgarh,Male,30.78,value in Percentage,
2032,October,Chhattisgarh,Female,29.57,value in Percentage,
2032,October,Chandigarh,Total,100.0,value in Percentage,
2032,October,Chandigarh,Male,100.0,value in Percentage,
2032,October,Chandigarh,Female,100.0,value in Percentage,
2032,October,Bihar,Total,13.03,value in Percentage,
2032,October,Bihar,Male,13.28,value in Percentage,
2032,October,Bihar,Female,12.75,value in Percentage,
2032,October,Assam,Total,16.74,value in Percentage,
2032,October,Assam,Male,16.97,value in Percentage,
2032,October,Assam,Female,16.50,value in Percentage,
2032,October,Arunachal Pradesh,Total,27.80,value in Percentage,
2032,October,Arunachal Pradesh,Male,28.74,value in Percentage,
2032,October,Arunachal Pradesh,Female,26.82,value in Percentage,
2032,October,Andhra Pradesh,Total,42.48,value in Percentage,
2032,October,Andhra Pradesh,Male,42.87,value in Percentage,
2032,October,Andhra Pradesh,Female,42.10,value in Percentage,
2032,October,Andaman and Nicobar Islands,Total,49.54,value in Percentage,
2032,October,Andaman and Nicobar Islands,Male,50.37,value in Percentage,
2032,October,Andaman and Nicobar Islands,Female,48.63,value in Percentage,
2032,October,All India,Total,38.03,value in Percentage,
2032,October,All India,Male,38.48,value in Percentage,
2032,October,All India,Female,37.55,value in Percentage,
2032,March,West Bengal,Total,40.63,value in Percentage,
2032,March,West Bengal,Male,41.21,value in Percentage,
2032,March,West Bengal,Female,40.05,value in Percentage,
2032,March,Uttarakhand,Total,40.11,value in Percentage,
2032,March,Uttarakhand,Male,41.47,value in Percentage,
2032,March,Uttarakhand,Female,38.68,value in Percentage,
2032,March,Uttar Pradesh,Total,25.32,value in Percentage,
2032,March,Uttar Pradesh,Male,25.77,value in Percentage,
2032,March,Uttar Pradesh,Female,24.83,value in Percentage,
2032,March,Tripura,Total,49.34,value in Percentage,
2032,March,Tripura,Male,49.39,value in Percentage,
2032,March,Tripura,Female,49.28,value in Percentage,
2032,March,Telangana,Total,54.27,value in Percentage,
2032,March,Telangana,Male,54.45,value in Percentage,
2032,March,Telangana,Female,54.09,value in Percentage,
2032,March,Tamil Nadu,Total,57.76,value in Percentage,
2032,March,Tamil Nadu,Male,58.10,value in Percentage,
2032,March,Tamil Nadu,Female,57.43,value in Percentage,
2032,March,Sikkim,Total,67.10,value in Percentage,
2032,March,Sikkim,Male,66.80,value in Percentage,
2032,March,Sikkim,Female,67.47,value in Percentage,
2032,March,Rajasthan,Total,27.88,value in Percentage,
2032,March,Rajasthan,Male,28.64,value in Percentage,
2032,March,Rajasthan,Female,27.11,value in Percentage,
2032,March,Punjab,Total,45.13,value in Percentage,
2032,March,Punjab,Male,46.01,value in Percentage,
2032,March,Punjab,Female,44.16,value in Percentage,
2032,March,Puducherry,Total,71.36,value in Percentage,
2032,March,Puducherry,Male,75.60,value in Percentage,
2032,March,Puducherry,Female,67.72,value in Percentage,
2032,March,Odisha,Total,20.51,value in Percentage,
2032,March,Odisha,Male,21.17,value in Percentage,
2032,March,Odisha,Female,19.84,value in Percentage,
2032,March,Nagaland,Total,58.70,value in Percentage,
2032,March,Nagaland,Male,59.86,value in Percentage,
2032,March,Nagaland,Female,57.49,value in Percentage,
2032,March,Mizoram,Total,57.10,value in Percentage,
2032,March,Mizoram,Male,56.89,value in Percentage,
2032,March,Mizoram,Female,57.29,value in Percentage,
2032,March,Meghalaya,Total,21.09,value in Percentage,
2032,March,Meghalaya,Male,21.12,value in Percentage,
2032,March,Meghalaya,Female,21.05,value in Percentage,
2032,March,Manipur,Total,34.84,value in Percentage,
2032,March,Manipur,Male,34.40,value in Percentage,
2032,March,Manipur,Female,35.27,value in Percentage,
2032,March,Maharashtra,Total,50.98,value in Percentage,
2032,March,Maharashtra,Male,51.45,value in Percentage,
2032,March,Maharashtra,Female,50.47,value in Percentage,
2032,March,Madhya Pradesh,Total,29.97,value in Percentage,
2032,March,Madhya Pradesh,Male,30.45,value in Percentage,
2032,March,Madhya Pradesh,Female,29.46,value in Percentage,
2032,March,Lakshadweep,Total,100.0,value in Percentage,
2032,March,Lakshadweep,Male,100.0,value in Percentage,
2032,March,Lakshadweep,Female,100.0,value in Percentage,
2032,March,Ladakh,Total,37.77,value in Percentage,
2032,March,Ladakh,Male,44.74,value in Percentage,
2032,March,Ladakh,Female,29.13,value in Percentage,
2032,March,Kerala,Total,91.55,value in Percentage,
2032,March,Kerala,Male,91.07,value in Percentage,
2032,March,Kerala,Female,91.99,value in Percentage,
2032,March,Karnataka,Total,48.77,value in Percentage,
2032,March,Karnataka,Male,48.98,value in Percentage,
2032,March,Karnataka,Female,48.55,value in Percentage,
2032,March,Jharkhand,Total,27.71,value in Percentage,
2032,March,Jharkhand,Male,28.47,value in Percentage,
2032,March,Jharkhand,Female,26.92,value in Percentage,
2032,March,Jammu and Kashmir,Total,32.88,value in Percentage,
2032,March,Jammu and Kashmir,Male,34.27,value in Percentage,
2032,March,Jammu and Kashmir,Female,31.38,value in Percentage,
2032,March,Himachal Pradesh,Total,10.52,value in Percentage,
2032,March,Himachal Pradesh,Male,11.21,value in Percentage,
2032,March,Himachal Pradesh,Female,9.82,value in Percentage,
2032,March,Haryana,Total,47.31,value in Percentage,
2032,March,Haryana,Male,48.06,value in Percentage,
2032,March,Haryana,Female,46.48,value in Percentage,
2032,March,Gujarat,Total,53.09,value in Percentage,
2032,March,Gujarat,Male,53.69,value in Percentage,
2032,March,Gujarat,Female,52.43,value in Percentage,
2032,March,Goa,Total,84.73,value in Percentage,
2032,March,Goa,Male,86.34,value in Percentage,
2032,March,Goa,Female,83.11,value in Percentage,
2032,March,Delhi,Total,100.0,value in Percentage,
2032,March,Delhi,Male,100.0,value in Percentage,
2032,March,Delhi,Female,100.0,value in Percentage,
2032,March,Daman and Diu,Total,98.90,value in Percentage,
2032,March,Daman and Diu,Male,98.90,value in Percentage,
2032,March,Daman and Diu,Female,98.90,value in Percentage,
2032,March,Dadra and Nagar Haveli,Total,78.42,value in Percentage,
2032,March,Dadra and Nagar Haveli,Male,72.26,value in Percentage,
2032,March,Dadra and Nagar Haveli,Female,89.64,value in Percentage,
2032,March,Chhattisgarh,Total,29.99,value in Percentage,
2032,March,Chhattisgarh,Male,30.59,value in Percentage,
2032,March,Chhattisgarh,Female,29.39,value in Percentage,
2032,March,Chandigarh,Total,100.0,value in Percentage,
2032,March,Chandigarh,Male,100.0,value in Percentage,
2032,March,Chandigarh,Female,100.0,value in Percentage,
2032,March,Bihar,Total,12.98,value in Percentage,
2032,March,Bihar,Male,13.23,value in Percentage,
2032,March,Bihar,Female,12.71,value in Percentage,
2032,March,Assam,Total,16.66,value in Percentage,
2032,March,Assam,Male,16.89,value in Percentage,
2032,March,Assam,Female,16.43,value in Percentage,
2032,March,Arunachal Pradesh,Total,27.64,value in Percentage,
2032,March,Arunachal Pradesh,Male,28.56,value in Percentage,
2032,March,Arunachal Pradesh,Female,26.68,value in Percentage,
2032,March,Andhra Pradesh,Total,42.10,value in Percentage,
2032,March,Andhra Pradesh,Male,42.48,value in Percentage,
2032,March,Andhra Pradesh,Female,41.73,value in Percentage,
2032,March,Andaman and Nicobar Islands,Total,49.15,value in Percentage,
2032,March,Andaman and Nicobar Islands,Male,49.96,value in Percentage,
2032,March,Andaman and Nicobar Islands,Female,48.26,value in Percentage,
2032,March,All India,Total,37.85,value in Percentage,
2032,March,All India,Male,38.30,value in Percentage,
2032,March,All India,Female,37.39,value in Percentage,
2032,July,West Bengal,Total,40.78,value in Percentage,
2032,July,West Bengal,Male,41.36,value in Percentage,
2032,July,West Bengal,Female,40.18,value in Percentage,
2032,July,Uttarakhand,Total,40.27,value in Percentage,
2032,July,Uttarakhand,Male,41.63,value in Percentage,
2032,July,Uttarakhand,Female,38.83,value in Percentage,
2032,July,Uttar Pradesh,Total,25.37,value in Percentage,
2032,July,Uttar Pradesh,Male,25.82,value in Percentage,
2032,July,Uttar Pradesh,Female,24.88,value in Percentage,
2032,July,Tripura,Total,49.74,value in Percentage,
2032,July,Tripura,Male,49.80,value in Percentage,
2032,July,Tripura,Female,49.68,value in Percentage,
2032,July,Telangana,Total,54.53,value in Percentage,
2032,July,Telangana,Male,54.71,value in Percentage,
2032,July,Telangana,Female,54.35,value in Percentage,
2032,July,Tamil Nadu,Total,57.92,value in Percentage,
2032,July,Tamil Nadu,Male,58.26,value in Percentage,
2032,July,Tamil Nadu,Female,57.57,value in Percentage,
2032,July,Sikkim,Total,67.80,value in Percentage,
2032,July,Sikkim,Male,67.51,value in Percentage,
2032,July,Sikkim,Female,68.17,value in Percentage,
2032,July,Rajasthan,Total,27.93,value in Percentage,
2032,July,Rajasthan,Male,28.69,value in Percentage,
2032,July,Rajasthan,Female,27.15,value in Percentage,
2032,July,Punjab,Total,45.25,value in Percentage,
2032,July,Punjab,Male,46.14,value in Percentage,
2032,July,Punjab,Female,44.27,value in Percentage,
2032,July,Puducherry,Total,71.40,value in Percentage,
2032,July,Puducherry,Male,75.74,value in Percentage,
2032,July,Puducherry,Female,67.68,value in Percentage,
2032,July,Odisha,Total,20.57,value in Percentage,
2032,July,Odisha,Male,21.24,value in Percentage,
2032,July,Odisha,Female,19.90,value in Percentage,
2032,July,Nagaland,Total,59.21,value in Percentage,
2032,July,Nagaland,Male,60.39,value in Percentage,
2032,July,Nagaland,Female,57.98,value in Percentage,
2032,July,Mizoram,Total,57.21,value in Percentage,
2032,July,Mizoram,Male,57.02,value in Percentage,
2032,July,Mizoram,Female,57.40,value in Percentage,
2032,July,Meghalaya,Total,21.11,value in Percentage,
2032,July,Meghalaya,Male,21.15,value in Percentage,
2032,July,Meghalaya,Female,21.07,value in Percentage,
2032,July,Manipur,Total,34.94,value in Percentage,
2032,July,Manipur,Male,34.50,value in Percentage,
2032,July,Manipur,Female,35.37,value in Percentage,
2032,July,Maharashtra,Total,51.07,value in Percentage,
2032,July,Maharashtra,Male,51.55,value in Percentage,
2032,July,Maharashtra,Female,50.56,value in Percentage,
2032,July,Madhya Pradesh,Total,30.00,value in Percentage,
2032,July,Madhya Pradesh,Male,30.49,value in Percentage,
2032,July,Madhya Pradesh,Female,29.49,value in Percentage,
2032,July,Lakshadweep,Total,100.0,value in Percentage,
2032,July,Lakshadweep,Male,100.0,value in Percentage,
2032,July,Lakshadweep,Female,100.0,value in Percentage,
2032,July,Ladakh,Total,38.05,value in Percentage,
2032,July,Ladakh,Male,45.10,value in Percentage,
2032,July,Ladakh,Female,29.33,value in Percentage,
2032,July,Kerala,Total,92.01,value in Percentage,
2032,July,Kerala,Male,91.52,value in Percentage,
2032,July,Kerala,Female,92.46,value in Percentage,
2032,July,Karnataka,Total,48.94,value in Percentage,
2032,July,Karnataka,Male,49.15,value in Percentage,
2032,July,Karnataka,Female,48.72,value in Percentage,
2032,July,Jharkhand,Total,27.76,value in Percentage,
2032,July,Jharkhand,Male,28.53,value in Percentage,
2032,July,Jharkhand,Female,26.97,value in Percentage,
2032,July,Jammu and Kashmir,Total,32.97,value in Percentage,
2032,July,Jammu and Kashmir,Male,34.37,value in Percentage,
2032,July,Jammu and Kashmir,Female,31.45,value in Percentage,
2032,July,Himachal Pradesh,Total,10.53,value in Percentage,
2032,July,Himachal Pradesh,Male,11.22,value in Percentage,
2032,July,Himachal Pradesh,Female,9.83,value in Percentage,
2032,July,Haryana,Total,47.50,value in Percentage,
2032,July,Haryana,Male,48.26,value in Percentage,
2032,July,Haryana,Female,46.65,value in Percentage,
2032,July,Gujarat,Total,53.25,value in Percentage,
2032,July,Gujarat,Male,53.85,value in Percentage,
2032,July,Gujarat,Female,52.59,value in Percentage,
2032,July,Goa,Total,85.04,value in Percentage,
2032,July,Goa,Male,86.67,value in Percentage,
2032,July,Goa,Female,83.40,value in Percentage,
2032,July,Delhi,Total,100.0,value in Percentage,
2032,July,Delhi,Male,100.0,value in Percentage,
2032,July,Delhi,Female,100.0,value in Percentage,
2032,July,Daman and Diu,Total,98.93,value in Percentage,
2032,July,Daman and Diu,Male,98.93,value in Percentage,
2032,July,Daman and Diu,Female,98.93,value in Percentage,
2032,July,Dadra and Nagar Haveli,Total,78.64,value in Percentage,
2032,July,Dadra and Nagar Haveli,Male,72.25,value in Percentage,
2032,July,Dadra and Nagar Haveli,Female,90.37,value in Percentage,
2032,July,Chhattisgarh,Total,30.10,value in Percentage,
2032,July,Chhattisgarh,Male,30.70,value in Percentage,
2032,July,Chhattisgarh,Female,29.50,value in Percentage,
2032,July,Chandigarh,Total,100.0,value in Percentage,
2032,July,Chandigarh,Male,100.0,value in Percentage,
2032,July,Chandigarh,Female,100.0,value in Percentage,
2032,July,Bihar,Total,13.01,value in Percentage,
2032,July,Bihar,Male,13.26,value in Percentage,
2032,July,Bihar,Female,12.73,value in Percentage,
2032,July,Assam,Total,16.71,value in Percentage,
2032,July,Assam,Male,16.94,value in Percentage,
2032,July,Assam,Female,16.47,value in Percentage,
2032,July,Arunachal Pradesh,Total,27.74,value in Percentage,
2032,July,Arunachal Pradesh,Male,28.67,value in Percentage,
2032,July,Arunachal Pradesh,Female,26.77,value in Percentage,
2032,July,Andhra Pradesh,Total,42.32,value in Percentage,
2032,July,Andhra Pradesh,Male,42.70,value in Percentage,
2032,July,Andhra Pradesh,Female,41.94,value in Percentage,
2032,July,Andaman and Nicobar Islands,Total,49.37,value in Percentage,
2032,July,Andaman and Nicobar Islands,Male,50.19,value in Percentage,
2032,July,Andaman and Nicobar Islands,Female,48.47,value in Percentage,
2032,July,All India,Total,37.95,value in Percentage,
2032,July,All India,Male,38.40,value in Percentage,
2032,July,All India,Female,37.47,value in Percentage,
2031,October,West Bengal,Total,40.45,value in Percentage,
2031,October,West Bengal,Male,41.01,value in Percentage,
2031,October,West Bengal,Female,39.88,value in Percentage,
2031,October,Uttarakhand,Total,39.92,value in Percentage,
2031,October,Uttarakhand,Male,41.27,value in Percentage,
2031,October,Uttarakhand,Female,38.49,value in Percentage,
2031,October,Uttar Pradesh,Total,25.26,value in Percentage,
2031,October,Uttar Pradesh,Male,25.70,value in Percentage,
2031,October,Uttar Pradesh,Female,24.78,value in Percentage,
2031,October,Tripura,Total,48.90,value in Percentage,
2031,October,Tripura,Male,48.94,value in Percentage,
2031,October,Tripura,Female,48.86,value in Percentage,
2031,October,Telangana,Total,53.96,value in Percentage,
2031,October,Telangana,Male,54.13,value in Percentage,
2031,October,Telangana,Female,53.80,value in Percentage,
2031,October,Tamil Nadu,Total,57.57,value in Percentage,
2031,October,Tamil Nadu,Male,57.90,value in Percentage,
2031,October,Tamil Nadu,Female,57.25,value in Percentage,
2031,October,Sikkim,Total,66.34,value in Percentage,
2031,October,Sikkim,Male,66.03,value in Percentage,
2031,October,Sikkim,Female,66.73,value in Percentage,
2031,October,Rajasthan,Total,27.83,value in Percentage,
2031,October,Rajasthan,Male,28.57,value in Percentage,
2031,October,Rajasthan,Female,27.05,value in Percentage,
2031,October,Punjab,Total,44.97,value in Percentage,
2031,October,Punjab,Male,45.84,value in Percentage,
2031,October,Punjab,Female,44.02,value in Percentage,
2031,October,Puducherry,Total,71.32,value in Percentage,
2031,October,Puducherry,Male,75.43,value in Percentage,
2031,October,Puducherry,Female,67.77,value in Percentage,
2031,October,Odisha,Total,20.43,value in Percentage,
2031,October,Odisha,Male,21.09,value in Percentage,
2031,October,Odisha,Female,19.77,value in Percentage,
2031,October,Nagaland,Total,58.15,value in Percentage,
2031,October,Nagaland,Male,59.28,value in Percentage,
2031,October,Nagaland,Female,56.96,value in Percentage,
2031,October,Mizoram,Total,57.05,value in Percentage,
2031,October,Mizoram,Male,56.83,value in Percentage,
2031,October,Mizoram,Female,57.26,value in Percentage,
2031,October,Meghalaya,Total,21.07,value in Percentage,
2031,October,Meghalaya,Male,21.10,value in Percentage,
2031,October,Meghalaya,Female,21.04,value in Percentage,
2031,October,Manipur,Total,34.74,value in Percentage,
2031,October,Manipur,Male,34.29,value in Percentage,
2031,October,Manipur,Female,35.18,value in Percentage,
2031,October,Maharashtra,Total,50.87,value in Percentage,
2031,October,Maharashtra,Male,51.34,value in Percentage,
2031,October,Maharashtra,Female,50.36,value in Percentage,
2031,October,Madhya Pradesh,Total,29.92,value in Percentage,
2031,October,Madhya Pradesh,Male,30.40,value in Percentage,
2031,October,Madhya Pradesh,Female,29.42,value in Percentage,
2031,October,Lakshadweep,Total,100.0,value in Percentage,
2031,October,Lakshadweep,Male,100.0,value in Percentage,
2031,October,Lakshadweep,Female,100.0,value in Percentage,
2031,October,Ladakh,Total,37.41,value in Percentage,
2031,October,Ladakh,Male,44.29,value in Percentage,
2031,October,Ladakh,Female,28.88,value in Percentage,
2031,October,Kerala,Total,90.93,value in Percentage,
2031,October,Kerala,Male,90.46,value in Percentage,
2031,October,Kerala,Female,91.37,value in Percentage,
2031,October,Karnataka,Total,48.57,value in Percentage,
2031,October,Karnataka,Male,48.77,value in Percentage,
2031,October,Karnataka,Female,48.35,value in Percentage,
2031,October,Jharkhand,Total,27.64,value in Percentage,
2031,October,Jharkhand,Male,28.39,value in Percentage,
2031,October,Jharkhand,Female,26.85,value in Percentage,
2031,October,Jammu and Kashmir,Total,32.77,value in Percentage,
2031,October,Jammu and Kashmir,Male,34.14,value in Percentage,
2031,October,Jammu and Kashmir,Female,31.29,value in Percentage,
2031,October,Himachal Pradesh,Total,10.51,value in Percentage,
2031,October,Himachal Pradesh,Male,11.20,value in Percentage,
2031,October,Himachal Pradesh,Female,9.81,value in Percentage,
2031,October,Haryana,Total,47.07,value in Percentage,
2031,October,Haryana,Male,47.80,value in Percentage,
2031,October,Haryana,Female,46.26,value in Percentage,
2031,October,Gujarat,Total,52.89,value in Percentage,
2031,October,Gujarat,Male,53.49,value in Percentage,
2031,October,Gujarat,Female,52.23,value in Percentage,
2031,October,Goa,Total,84.35,value in Percentage,
2031,October,Goa,Male,85.94,value in Percentage,
2031,October,Goa,Female,82.75,value in Percentage,
2031,October,Delhi,Total,100.0,value in Percentage,
2031,October,Delhi,Male,100.0,value in Percentage,
2031,October,Delhi,Female,100.0,value in Percentage,
2031,October,Daman and Diu,Total,98.81,value in Percentage,
2031,October,Daman and Diu,Male,98.81,value in Percentage,
2031,October,Daman and Diu,Female,98.81,value in Percentage,
2031,October,Dadra and Nagar Haveli,Total,78.17,value in Percentage,
2031,October,Dadra and Nagar Haveli,Male,72.30,value in Percentage,
2031,October,Dadra and Nagar Haveli,Female,88.72,value in Percentage,
2031,October,Chhattisgarh,Total,29.86,value in Percentage,
2031,October,Chhattisgarh,Male,30.45,value in Percentage,
2031,October,Chhattisgarh,Female,29.26,value in Percentage,
2031,October,Chandigarh,Total,100.0,value in Percentage,
2031,October,Chandigarh,Male,100.0,value in Percentage,
2031,October,Chandigarh,Female,100.0,value in Percentage,
2031,October,Bihar,Total,12.95,value in Percentage,
2031,October,Bihar,Male,13.20,value in Percentage,
2031,October,Bihar,Female,12.68,value in Percentage,
2031,October,Assam,Total,16.61,value in Percentage,
2031,October,Assam,Male,16.84,value in Percentage,
2031,October,Assam,Female,16.38,value in Percentage,
2031,October,Arunachal Pradesh,Total,27.58,value in Percentage,
2031,October,Arunachal Pradesh,Male,28.49,value in Percentage,
2031,October,Arunachal Pradesh,Female,26.62,value in Percentage,
2031,October,Andhra Pradesh,Total,41.83,value in Percentage,
2031,October,Andhra Pradesh,Male,42.20,value in Percentage,
2031,October,Andhra Pradesh,Female,41.47,value in Percentage,
2031,October,Andaman and Nicobar Islands,Total,48.98,value in Percentage,
2031,October,Andaman and Nicobar Islands,Male,49.78,value in Percentage,
2031,October,Andaman and Nicobar Islands,Female,48.09,value in Percentage,
2031,October,All India,Total,37.72,value in Percentage,
2031,October,All India,Male,38.16,value in Percentage,
2031,October,All India,Female,37.26,value in Percentage,
2031,March,West Bengal,Total,40.20,value in Percentage,
2031,March,West Bengal,Male,40.74,value in Percentage,
2031,March,West Bengal,Female,39.64,value in Percentage,
2031,March,Uttarakhand,Total,39.64,value in Percentage,
2031,March,Uttarakhand,Male,40.99,value in Percentage,
2031,March,Uttarakhand,Female,38.22,value in Percentage,
2031,March,Uttar Pradesh,Total,25.17,value in Percentage,
2031,March,Uttar Pradesh,Male,25.61,value in Percentage,
2031,March,Uttar Pradesh,Female,24.71,value in Percentage,
2031,March,Tripura,Total,48.22,value in Percentage,
2031,March,Tripura,Male,48.24,value in Percentage,
2031,March,Tripura,Female,48.19,value in Percentage,
2031,March,Telangana,Total,53.52,value in Percentage,
2031,March,Telangana,Male,53.67,value in Percentage,
2031,March,Telangana,Female,53.36,value in Percentage,
2031,March,Tamil Nadu,Total,57.30,value in Percentage,
2031,March,Tamil Nadu,Male,57.61,value in Percentage,
2031,March,Tamil Nadu,Female,56.99,value in Percentage,
2031,March,Sikkim,Total,65.20,value in Percentage,
2031,March,Sikkim,Male,64.87,value in Percentage,
2031,March,Sikkim,Female,65.60,value in Percentage,
2031,March,Rajasthan,Total,27.74,value in Percentage,
2031,March,Rajasthan,Male,28.49,value in Percentage,
2031,March,Rajasthan,Female,26.97,value in Percentage,
2031,March,Punjab,Total,44.75,value in Percentage,
2031,March,Punjab,Male,45.61,value in Percentage,
2031,March,Punjab,Female,43.81,value in Percentage,
2031,March,Puducherry,Total,71.25,value in Percentage,
2031,March,Puducherry,Male,75.18,value in Percentage,
2031,March,Puducherry,Female,67.85,value in Percentage,
2031,March,Odisha,Total,20.32,value in Percentage,
2031,March,Odisha,Male,20.97,value in Percentage,
2031,March,Odisha,Female,19.66,value in Percentage,
2031,March,Nagaland,Total,57.30,value in Percentage,
2031,March,Nagaland,Male,58.40,value in Percentage,
2031,March,Nagaland,Female,56.15,value in Percentage,
2031,March,Mizoram,Total,56.91,value in Percentage,
2031,March,Mizoram,Male,56.68,value in Percentage,
2031,March,Mizoram,Female,57.14,value in Percentage,
2031,March,Meghalaya,Total,21.02,value in Percentage,
2031,March,Meghalaya,Male,21.04,value in Percentage,
2031,March,Meghalaya,Female,21.00,value in Percentage,
2031,March,Manipur,Total,34.56,value in Percentage,
2031,March,Manipur,Male,34.10,value in Percentage,
2031,March,Manipur,Female,35.01,value in Percentage,
2031,March,Maharashtra,Total,50.71,value in Percentage,
2031,March,Maharashtra,Male,51.18,value in Percentage,
2031,March,Maharashtra,Female,50.20,value in Percentage,
2031,March,Madhya Pradesh,Total,29.86,value in Percentage,
2031,March,Madhya Pradesh,Male,30.32,value in Percentage,
2031,March,Madhya Pradesh,Female,29.37,value in Percentage,
2031,March,Lakshadweep,Total,100.0,value in Percentage,
2031,March,Lakshadweep,Male,100.0,value in Percentage,
2031,March,Lakshadweep,Female,100.0,value in Percentage,
2031,March,Ladakh,Total,36.90,value in Percentage,
2031,March,Ladakh,Male,43.65,value in Percentage,
2031,March,Ladakh,Female,28.52,value in Percentage,
2031,March,Kerala,Total,90.07,value in Percentage,
2031,March,Kerala,Male,89.62,value in Percentage,
2031,March,Kerala,Female,90.49,value in Percentage,
2031,March,Karnataka,Total,48.28,value in Percentage,
2031,March,Karnataka,Male,48.48,value in Percentage,
2031,March,Karnataka,Female,48.07,value in Percentage,
2031,March,Jharkhand,Total,27.54,value in Percentage,
2031,March,Jharkhand,Male,28.28,value in Percentage,
2031,March,Jharkhand,Female,26.77,value in Percentage,
2031,March,Jammu and Kashmir,Total,32.62,value in Percentage,
2031,March,Jammu and Kashmir,Male,33.96,value in Percentage,
2031,March,Jammu and Kashmir,Female,31.16,value in Percentage,
2031,March,Himachal Pradesh,Total,10.50,value in Percentage,
2031,March,Himachal Pradesh,Male,11.18,value in Percentage,
2031,March,Himachal Pradesh,Female,9.80,value in Percentage,
2031,March,Haryana,Total,46.73,value in Percentage,
2031,March,Haryana,Male,47.44,value in Percentage,
2031,March,Haryana,Female,45.96,value in Percentage,
2031,March,Gujarat,Total,52.61,value in Percentage,
2031,March,Gujarat,Male,53.21,value in Percentage,
2031,March,Gujarat,Female,51.95,value in Percentage,
2031,March,Goa,Total,83.81,value in Percentage,
2031,March,Goa,Male,85.37,value in Percentage,
2031,March,Goa,Female,82.25,value in Percentage,
2031,March,Delhi,Total,100.0,value in Percentage,
2031,March,Delhi,Male,100.0,value in Percentage,
2031,March,Delhi,Female,100.0,value in Percentage,
2031,March,Daman and Diu,Total,98.67,value in Percentage,
2031,March,Daman and Diu,Male,98.67,value in Percentage,
2031,March,Daman and Diu,Female,98.67,value in Percentage,
2031,March,Dadra and Nagar Haveli,Total,77.77,value in Percentage,
2031,March,Dadra and Nagar Haveli,Male,72.36,value in Percentage,
2031,March,Dadra and Nagar Haveli,Female,87.35,value in Percentage,
2031,March,Chhattisgarh,Total,29.67,value in Percentage,
2031,March,Chhattisgarh,Male,30.26,value in Percentage,
2031,March,Chhattisgarh,Female,29.08,value in Percentage,
2031,March,Chandigarh,Total,100.0,value in Percentage,
2031,March,Chandigarh,Male,100.0,value in Percentage,
2031,March,Chandigarh,Female,100.0,value in Percentage,
2031,March,Bihar,Total,12.90,value in Percentage,
2031,March,Bihar,Male,13.15,value in Percentage,
2031,March,Bihar,Female,12.64,value in Percentage,
2031,March,Assam,Total,16.54,value in Percentage,
2031,March,Assam,Male,16.76,value in Percentage,
2031,March,Assam,Female,16.32,value in Percentage,
2031,March,Arunachal Pradesh,Total,27.45,value in Percentage,
2031,March,Arunachal Pradesh,Male,28.35,value in Percentage,
2031,March,Arunachal Pradesh,Female,26.51,value in Percentage,
2031,March,Andhra Pradesh,Total,41.46,value in Percentage,
2031,March,Andhra Pradesh,Male,41.81,value in Percentage,
2031,March,Andhra Pradesh,Female,41.10,value in Percentage,
2031,March,Andaman and Nicobar Islands,Total,48.73,value in Percentage,
2031,March,Andaman and Nicobar Islands,Male,49.52,value in Percentage,
2031,March,Andaman and Nicobar Islands,Female,47.86,value in Percentage,
2031,March,All India,Total,37.55,value in Percentage,
2031,March,All India,Male,37.97,value in Percentage,
2031,March,All India,Female,37.10,value in Percentage,
2031,July,West Bengal,Total,40.34,value in Percentage,
2031,July,West Bengal,Male,40.89,value in Percentage,
2031,July,West Bengal,Female,39.78,value in Percentage,
2031,July,Uttarakhand,Total,39.80,value in Percentage,
2031,July,Uttarakhand,Male,41.15,value in Percentage,
2031,July,Uttarakhand,Female,38.37,value in Percentage,
2031,July,Uttar Pradesh,Total,25.22,value in Percentage,
2031,July,Uttar Pradesh,Male,25.66,value in Percentage,
2031,July,Uttar Pradesh,Female,24.75,value in Percentage,
2031,July,Tripura,Total,48.62,value in Percentage,
2031,July,Tripura,Male,48.65,value in Percentage,
2031,July,Tripura,Female,48.58,value in Percentage,
2031,July,Telangana,Total,53.77,value in Percentage,
2031,July,Telangana,Male,53.93,value in Percentage,
2031,July,Telangana,Female,53.61,value in Percentage,
2031,July,Tamil Nadu,Total,57.45,value in Percentage,
2031,July,Tamil Nadu,Male,57.78,value in Percentage,
2031,July,Tamil Nadu,Female,57.14,value in Percentage,
2031,July,Sikkim,Total,65.86,value in Percentage,
2031,July,Sikkim,Male,65.54,value in Percentage,
2031,July,Sikkim,Female,66.26,value in Percentage,
2031,July,Rajasthan,Total,27.79,value in Percentage,
2031,July,Rajasthan,Male,28.54,value in Percentage,
2031,July,Rajasthan,Female,27.02,value in Percentage,
2031,July,Punjab,Total,44.88,value in Percentage,
2031,July,Punjab,Male,45.74,value in Percentage,
2031,July,Punjab,Female,43.93,value in Percentage,
2031,July,Puducherry,Total,71.29,value in Percentage,
2031,July,Puducherry,Male,75.32,value in Percentage,
2031,July,Puducherry,Female,67.81,value in Percentage,
2031,July,Odisha,Total,20.38,value in Percentage,
2031,July,Odisha,Male,21.03,value in Percentage,
2031,July,Odisha,Female,19.72,value in Percentage,
2031,July,Nagaland,Total,57.80,value in Percentage,
2031,July,Nagaland,Male,58.92,value in Percentage,
2031,July,Nagaland,Female,56.63,value in Percentage,
2031,July,Mizoram,Total,57.00,value in Percentage,
2031,July,Mizoram,Male,56.78,value in Percentage,
2031,July,Mizoram,Female,57.23,value in Percentage,
2031,July,Meghalaya,Total,21.05,value in Percentage,
2031,July,Meghalaya,Male,21.08,value in Percentage,
2031,July,Meghalaya,Female,21.03,value in Percentage,
2031,July,Manipur,Total,34.67,value in Percentage,
2031,July,Manipur,Male,34.22,value in Percentage,
2031,July,Manipur,Female,35.11,value in Percentage,
2031,July,Maharashtra,Total,50.80,value in Percentage,
2031,July,Maharashtra,Male,51.27,value in Percentage,
2031,July,Maharashtra,Female,50.29,value in Percentage,
2031,July,Madhya Pradesh,Total,29.90,value in Percentage,
2031,July,Madhya Pradesh,Male,30.37,value in Percentage,
2031,July,Madhya Pradesh,Female,29.40,value in Percentage,
2031,July,Lakshadweep,Total,100.0,value in Percentage,
2031,July,Lakshadweep,Male,100.0,value in Percentage,
2031,July,Lakshadweep,Female,100.0,value in Percentage,
2031,July,Ladakh,Total,37.19,value in Percentage,
2031,July,Ladakh,Male,44.02,value in Percentage,
2031,July,Ladakh,Female,28.73,value in Percentage,
2031,July,Kerala,Total,90.56,value in Percentage,
2031,July,Kerala,Male,90.10,value in Percentage,
2031,July,Kerala,Female,90.99,value in Percentage,
2031,July,Karnataka,Total,48.44,value in Percentage,
2031,July,Karnataka,Male,48.65,value in Percentage,
2031,July,Karnataka,Female,48.23,value in Percentage,
2031,July,Jharkhand,Total,27.59,value in Percentage,
2031,July,Jharkhand,Male,28.34,value in Percentage,
2031,July,Jharkhand,Female,26.82,value in Percentage,
2031,July,Jammu and Kashmir,Total,32.70,value in Percentage,
2031,July,Jammu and Kashmir,Male,34.06,value in Percentage,
2031,July,Jammu and Kashmir,Female,31.23,value in Percentage,
2031,July,Himachal Pradesh,Total,10.51,value in Percentage,
2031,July,Himachal Pradesh,Male,11.19,value in Percentage,
2031,July,Himachal Pradesh,Female,9.81,value in Percentage,
2031,July,Haryana,Total,46.93,value in Percentage,
2031,July,Haryana,Male,47.64,value in Percentage,
2031,July,Haryana,Female,46.13,value in Percentage,
2031,July,Gujarat,Total,52.77,value in Percentage,
2031,July,Gujarat,Male,53.37,value in Percentage,
2031,July,Gujarat,Female,52.11,value in Percentage,
2031,July,Goa,Total,84.12,value in Percentage,
2031,July,Goa,Male,85.69,value in Percentage,
2031,July,Goa,Female,82.54,value in Percentage,
2031,July,Delhi,Total,100.0,value in Percentage,
2031,July,Delhi,Male,100.0,value in Percentage,
2031,July,Delhi,Female,100.0,value in Percentage,
2031,July,Daman and Diu,Total,98.75,value in Percentage,
2031,July,Daman and Diu,Male,98.76,value in Percentage,
2031,July,Daman and Diu,Female,98.75,value in Percentage,
2031,July,Dadra and Nagar Haveli,Total,78.00,value in Percentage,
2031,July,Dadra and Nagar Haveli,Male,72.32,value in Percentage,
2031,July,Dadra and Nagar Haveli,Female,88.15,value in Percentage,
2031,July,Chhattisgarh,Total,29.78,value in Percentage,
2031,July,Chhattisgarh,Male,30.37,value in Percentage,
2031,July,Chhattisgarh,Female,29.19,value in Percentage,
2031,July,Chandigarh,Total,100.0,value in Percentage,
2031,July,Chandigarh,Male,100.0,value in Percentage,
2031,July,Chandigarh,Female,100.0,value in Percentage,
2031,July,Bihar,Total,12.93,value in Percentage,
2031,July,Bihar,Male,13.18,value in Percentage,
2031,July,Bihar,Female,12.66,value in Percentage,
2031,July,Assam,Total,16.58,value in Percentage,
2031,July,Assam,Male,16.80,value in Percentage,
2031,July,Assam,Female,16.35,value in Percentage,
2031,July,Arunachal Pradesh,Total,27.53,value in Percentage,
2031,July,Arunachal Pradesh,Male,28.44,value in Percentage,
2031,July,Arunachal Pradesh,Female,26.58,value in Percentage,
2031,July,Andhra Pradesh,Total,41.67,value in Percentage,
2031,July,Andhra Pradesh,Male,42.03,value in Percentage,
2031,July,Andhra Pradesh,Female,41.31,value in Percentage,
2031,July,Andaman and Nicobar Islands,Total,48.87,value in Percentage,
2031,July,Andaman and Nicobar Islands,Male,49.67,value in Percentage,
2031,July,Andaman and Nicobar Islands,Female,47.99,value in Percentage,
2031,July,All India,Total,37.64,value in Percentage,
2031,July,All India,Male,38.08,value in Percentage,
2031,July,All India,Female,37.19,value in Percentage,
2030,October,West Bengal,Total,40.02,value in Percentage,
2030,October,West Bengal,Male,40.54,value in Percentage,
2030,October,West Bengal,Female,39.47,value in Percentage,
2030,October,Uttarakhand,Total,39.45,value in Percentage,
2030,October,Uttarakhand,Male,40.79,value in Percentage,
2030,October,Uttarakhand,Female,38.03,value in Percentage,
2030,October,Uttar Pradesh,Total,25.11,value in Percentage,
2030,October,Uttar Pradesh,Male,25.54,value in Percentage,
2030,October,Uttar Pradesh,Female,24.65,value in Percentage,
2030,October,Tripura,Total,47.78,value in Percentage,
2030,October,Tripura,Male,47.79,value in Percentage,
2030,October,Tripura,Female,47.76,value in Percentage,
2030,October,Telangana,Total,53.22,value in Percentage,
2030,October,Telangana,Male,53.36,value in Percentage,
2030,October,Telangana,Female,53.07,value in Percentage,
2030,October,Tamil Nadu,Total,57.11,value in Percentage,
2030,October,Tamil Nadu,Male,57.41,value in Percentage,
2030,October,Tamil Nadu,Female,56.81,value in Percentage,
2030,October,Sikkim,Total,64.42,value in Percentage,
2030,October,Sikkim,Male,64.09,value in Percentage,
2030,October,Sikkim,Female,64.83,value in Percentage,
2030,October,Rajasthan,Total,27.69,value in Percentage,
2030,October,Rajasthan,Male,28.41,value in Percentage,
2030,October,Rajasthan,Female,26.93,value in Percentage,
2030,October,Punjab,Total,44.60,value in Percentage,
2030,October,Punjab,Male,45.45,value in Percentage,
2030,October,Punjab,Female,43.67,value in Percentage,
2030,October,Puducherry,Total,71.19,value in Percentage,
2030,October,Puducherry,Male,75.02,value in Percentage,
2030,October,Puducherry,Female,67.86,value in Percentage,
2030,October,Odisha,Total,20.24,value in Percentage,
2030,October,Odisha,Male,20.88,value in Percentage,
2030,October,Odisha,Female,19.59,value in Percentage,
2030,October,Nagaland,Total,56.75,value in Percentage,
2030,October,Nagaland,Male,57.83,value in Percentage,
2030,October,Nagaland,Female,55.62,value in Percentage,
2030,October,Mizoram,Total,56.85,value in Percentage,
2030,October,Mizoram,Male,56.61,value in Percentage,
2030,October,Mizoram,Female,57.09,value in Percentage,
2030,October,Meghalaya,Total,21.02,value in Percentage,
2030,October,Meghalaya,Male,21.04,value in Percentage,
2030,October,Meghalaya,Female,21.00,value in Percentage,
2030,October,Manipur,Total,34.47,value in Percentage,
2030,October,Manipur,Male,34.01,value in Percentage,
2030,October,Manipur,Female,34.93,value in Percentage,
2030,October,Maharashtra,Total,50.60,value in Percentage,
2030,October,Maharashtra,Male,51.07,value in Percentage,
2030,October,Maharashtra,Female,50.08,value in Percentage,
2030,October,Madhya Pradesh,Total,29.82,value in Percentage,
2030,October,Madhya Pradesh,Male,30.27,value in Percentage,
2030,October,Madhya Pradesh,Female,29.33,value in Percentage,
2030,October,Lakshadweep,Total,100.0,value in Percentage,
2030,October,Lakshadweep,Male,100.0,value in Percentage,
2030,October,Lakshadweep,Female,100.0,value in Percentage,
2030,October,Ladakh,Total,36.57,value in Percentage,
2030,October,Ladakh,Male,43.23,value in Percentage,
2030,October,Ladakh,Female,28.28,value in Percentage,
2030,October,Kerala,Total,89.42,value in Percentage,
2030,October,Kerala,Male,88.97,value in Percentage,
2030,October,Kerala,Female,89.83,value in Percentage,
2030,October,Karnataka,Total,48.08,value in Percentage,
2030,October,Karnataka,Male,48.28,value in Percentage,
2030,October,Karnataka,Female,47.87,value in Percentage,
2030,October,Jharkhand,Total,27.47,value in Percentage,
2030,October,Jharkhand,Male,28.20,value in Percentage,
2030,October,Jharkhand,Female,26.70,value in Percentage,
2030,October,Jammu and Kashmir,Total,32.51,value in Percentage,
2030,October,Jammu and Kashmir,Male,33.84,value in Percentage,
2030,October,Jammu and Kashmir,Female,31.06,value in Percentage,
2030,October,Himachal Pradesh,Total,10.49,value in Percentage,
2030,October,Himachal Pradesh,Male,11.17,value in Percentage,
2030,October,Himachal Pradesh,Female,9.79,value in Percentage,
2030,October,Haryana,Total,46.50,value in Percentage,
2030,October,Haryana,Male,47.18,value in Percentage,
2030,October,Haryana,Female,45.74,value in Percentage,
2030,October,Gujarat,Total,52.41,value in Percentage,
2030,October,Gujarat,Male,53.02,value in Percentage,
2030,October,Gujarat,Female,51.75,value in Percentage,
2030,October,Goa,Total,83.42,value in Percentage,
2030,October,Goa,Male,84.95,value in Percentage,
2030,October,Goa,Female,81.88,value in Percentage,
2030,October,Delhi,Total,99.99,value in Percentage,
2030,October,Delhi,Male,100.0,value in Percentage,
2030,October,Delhi,Female,98.63,value in Percentage,
2030,October,Daman and Diu,Total,98.61,value in Percentage,
2030,October,Daman and Diu,Male,98.61,value in Percentage,
2030,October,Daman and Diu,Female,98.61,value in Percentage,
2030,October,Dadra and Nagar Haveli,Total,77.45,value in Percentage,
2030,October,Dadra and Nagar Haveli,Male,72.21,value in Percentage,
2030,October,Dadra and Nagar Haveli,Female,86.67,value in Percentage,
2030,October,Chhattisgarh,Total,29.54,value in Percentage,
2030,October,Chhattisgarh,Male,30.12,value in Percentage,
2030,October,Chhattisgarh,Female,28.95,value in Percentage,
2030,October,Chandigarh,Total,100.0,value in Percentage,
2030,October,Chandigarh,Male,100.0,value in Percentage,
2030,October,Chandigarh,Female,100.0,value in Percentage,
2030,October,Bihar,Total,12.87,value in Percentage,
2030,October,Bihar,Male,13.11,value in Percentage,
2030,October,Bihar,Female,12.61,value in Percentage,
2030,October,Assam,Total,16.49,value in Percentage,
2030,October,Assam,Male,16.70,value in Percentage,
2030,October,Assam,Female,16.27,value in Percentage,
2030,October,Arunachal Pradesh,Total,27.38,value in Percentage,
2030,October,Arunachal Pradesh,Male,28.27,value in Percentage,
2030,October,Arunachal Pradesh,Female,26.45,value in Percentage,
2030,October,Andhra Pradesh,Total,41.19,value in Percentage,
2030,October,Andhra Pradesh,Male,41.54,value in Percentage,
2030,October,Andhra Pradesh,Female,40.84,value in Percentage,
2030,October,Andaman and Nicobar Islands,Total,48.47,value in Percentage,
2030,October,Andaman and Nicobar Islands,Male,49.25,value in Percentage,
2030,October,Andaman and Nicobar Islands,Female,47.61,value in Percentage,
2030,October,All India,Total,37.42,value in Percentage,
2030,October,All India,Male,37.83,value in Percentage,
2030,October,All India,Female,36.98,value in Percentage,
2030,March,West Bengal,Total,39.76,value in Percentage,
2030,March,West Bengal,Male,40.27,value in Percentage,
2030,March,West Bengal,Female,39.24,value in Percentage,
2030,March,Uttarakhand,Total,39.17,value in Percentage,
2030,March,Uttarakhand,Male,40.51,value in Percentage,
2030,March,Uttarakhand,Female,37.76,value in Percentage,
2030,March,Uttar Pradesh,Total,25.03,value in Percentage,
2030,March,Uttar Pradesh,Male,25.45,value in Percentage,
2030,March,Uttar Pradesh,Female,24.58,value in Percentage,
2030,March,Tripura,Total,47.09,value in Percentage,
2030,March,Tripura,Male,47.09,value in Percentage,
2030,March,Tripura,Female,47.08,value in Percentage,
2030,March,Telangana,Total,52.76,value in Percentage,
2030,March,Telangana,Male,52.90,value in Percentage,
2030,March,Telangana,Female,52.63,value in Percentage,
2030,March,Tamil Nadu,Total,56.84,value in Percentage,
2030,March,Tamil Nadu,Male,57.12,value in Percentage,
2030,March,Tamil Nadu,Female,56.56,value in Percentage,
2030,March,Sikkim,Total,63.24,value in Percentage,
2030,March,Sikkim,Male,62.89,value in Percentage,
2030,March,Sikkim,Female,63.65,value in Percentage,
2030,March,Rajasthan,Total,27.60,value in Percentage,
2030,March,Rajasthan,Male,28.31,value in Percentage,
2030,March,Rajasthan,Female,26.87,value in Percentage,
2030,March,Punjab,Total,44.39,value in Percentage,
2030,March,Punjab,Male,45.22,value in Percentage,
2030,March,Punjab,Female,43.47,value in Percentage,
2030,March,Puducherry,Total,71.10,value in Percentage,
2030,March,Puducherry,Male,74.79,value in Percentage,
2030,March,Puducherry,Female,67.88,value in Percentage,
2030,March,Odisha,Total,20.13,value in Percentage,
2030,March,Odisha,Male,20.76,value in Percentage,
2030,March,Odisha,Female,19.49,value in Percentage,
2030,March,Nagaland,Total,55.88,value in Percentage,
2030,March,Nagaland,Male,56.94,value in Percentage,
2030,March,Nagaland,Female,54.78,value in Percentage,
2030,March,Mizoram,Total,56.67,value in Percentage,
2030,March,Mizoram,Male,56.42,value in Percentage,
2030,March,Mizoram,Female,56.92,value in Percentage,
2030,March,Meghalaya,Total,20.99,value in Percentage,
2030,March,Meghalaya,Male,21.00,value in Percentage,
2030,March,Meghalaya,Female,20.97,value in Percentage,
2030,March,Manipur,Total,34.30,value in Percentage,
2030,March,Manipur,Male,33.83,value in Percentage,
2030,March,Manipur,Female,34.76,value in Percentage,
2030,March,Maharashtra,Total,50.44,value in Percentage,
2030,March,Maharashtra,Male,50.91,value in Percentage,
2030,March,Maharashtra,Female,49.92,value in Percentage,
2030,March,Madhya Pradesh,Total,29.75,value in Percentage,
2030,March,Madhya Pradesh,Male,30.20,value in Percentage,
2030,March,Madhya Pradesh,Female,29.28,value in Percentage,
2030,March,Lakshadweep,Total,100.0,value in Percentage,
2030,March,Lakshadweep,Male,100.0,value in Percentage,
2030,March,Lakshadweep,Female,100.0,value in Percentage,
2030,March,Ladakh,Total,36.09,value in Percentage,
2030,March,Ladakh,Male,42.63,value in Percentage,
2030,March,Ladakh,Female,27.94,value in Percentage,
2030,March,Kerala,Total,88.50,value in Percentage,
2030,March,Kerala,Male,88.06,value in Percentage,
2030,March,Kerala,Female,88.90,value in Percentage,
2030,March,Karnataka,Total,47.79,value in Percentage,
2030,March,Karnataka,Male,47.99,value in Percentage,
2030,March,Karnataka,Female,47.59,value in Percentage,
2030,March,Jharkhand,Total,27.37,value in Percentage,
2030,March,Jharkhand,Male,28.09,value in Percentage,
2030,March,Jharkhand,Female,26.62,value in Percentage,
2030,March,Jammu and Kashmir,Total,32.35,value in Percentage,
2030,March,Jammu and Kashmir,Male,33.66,value in Percentage,
2030,March,Jammu and Kashmir,Female,30.93,value in Percentage,
2030,March,Himachal Pradesh,Total,10.47,value in Percentage,
2030,March,Himachal Pradesh,Male,11.15,value in Percentage,
2030,March,Himachal Pradesh,Female,9.78,value in Percentage,
2030,March,Haryana,Total,46.16,value in Percentage,
2030,March,Haryana,Male,46.81,value in Percentage,
2030,March,Haryana,Female,45.43,value in Percentage,
2030,March,Gujarat,Total,52.13,value in Percentage,
2030,March,Gujarat,Male,52.74,value in Percentage,
2030,March,Gujarat,Female,51.47,value in Percentage,
2030,March,Goa,Total,82.88,value in Percentage,
2030,March,Goa,Male,84.38,value in Percentage,
2030,March,Goa,Female,81.37,value in Percentage,
2030,March,Delhi,Total,99.98,value in Percentage,
2030,March,Delhi,Male,100.0,value in Percentage,
2030,March,Delhi,Female,98.68,value in Percentage,
2030,March,Daman and Diu,Total,98.51,value in Percentage,
2030,March,Daman and Diu,Male,98.51,value in Percentage,
2030,March,Daman and Diu,Female,98.51,value in Percentage,
2030,March,Dadra and Nagar Haveli,Total,76.98,value in Percentage,
2030,March,Dadra and Nagar Haveli,Male,72.00,value in Percentage,
2030,March,Dadra and Nagar Haveli,Female,85.67,value in Percentage,
2030,March,Chhattisgarh,Total,29.35,value in Percentage,
2030,March,Chhattisgarh,Male,29.93,value in Percentage,
2030,March,Chhattisgarh,Female,28.77,value in Percentage,
2030,March,Chandigarh,Total,100.0,value in Percentage,
2030,March,Chandigarh,Male,100.0,value in Percentage,
2030,March,Chandigarh,Female,100.0,value in Percentage,
2030,March,Bihar,Total,12.83,value in Percentage,
2030,March,Bihar,Male,13.06,value in Percentage,
2030,March,Bihar,Female,12.57,value in Percentage,
2030,March,Assam,Total,16.42,value in Percentage,
2030,March,Assam,Male,16.63,value in Percentage,
2030,March,Assam,Female,16.20,value in Percentage,
2030,March,Arunachal Pradesh,Total,27.24,value in Percentage,
2030,March,Arunachal Pradesh,Male,28.12,value in Percentage,
2030,March,Arunachal Pradesh,Female,26.32,value in Percentage,
2030,March,Andhra Pradesh,Total,40.82,value in Percentage,
2030,March,Andhra Pradesh,Male,41.16,value in Percentage,
2030,March,Andhra Pradesh,Female,40.48,value in Percentage,
2030,March,Andaman and Nicobar Islands,Total,48.10,value in Percentage,
2030,March,Andaman and Nicobar Islands,Male,48.86,value in Percentage,
2030,March,Andaman and Nicobar Islands,Female,47.26,value in Percentage,
2030,March,All India,Total,37.25,value in Percentage,
2030,March,All India,Male,37.65,value in Percentage,
2030,March,All India,Female,36.82,value in Percentage,
2030,July,West Bengal,Total,39.91,value in Percentage,
2030,July,West Bengal,Male,40.43,value in Percentage,
2030,July,West Bengal,Female,39.37,value in Percentage,
2030,July,Uttarakhand,Total,39.33,value in Percentage,
2030,July,Uttarakhand,Male,40.67,value in Percentage,
2030,July,Uttarakhand,Female,37.91,value in Percentage,
2030,July,Uttar Pradesh,Total,25.08,value in Percentage,
2030,July,Uttar Pradesh,Male,25.50,value in Percentage,
2030,July,Uttar Pradesh,Female,24.62,value in Percentage,
2030,July,Tripura,Total,47.50,value in Percentage,
2030,July,Tripura,Male,47.51,value in Percentage,
2030,July,Tripura,Female,47.49,value in Percentage,
2030,July,Telangana,Total,53.03,value in Percentage,
2030,July,Telangana,Male,53.17,value in Percentage,
2030,July,Telangana,Female,52.89,value in Percentage,
2030,July,Tamil Nadu,Total,56.99,value in Percentage,
2030,July,Tamil Nadu,Male,57.29,value in Percentage,
2030,July,Tamil Nadu,Female,56.71,value in Percentage,
2030,July,Sikkim,Total,63.93,value in Percentage,
2030,July,Sikkim,Male,63.59,value in Percentage,
2030,July,Sikkim,Female,64.35,value in Percentage,
2030,July,Rajasthan,Total,27.65,value in Percentage,
2030,July,Rajasthan,Male,28.37,value in Percentage,
2030,July,Rajasthan,Female,26.90,value in Percentage,
2030,July,Punjab,Total,44.51,value in Percentage,
2030,July,Punjab,Male,45.35,value in Percentage,
2030,July,Punjab,Female,43.59,value in Percentage,
2030,July,Puducherry,Total,71.15,value in Percentage,
2030,July,Puducherry,Male,74.92,value in Percentage,
2030,July,Puducherry,Female,67.87,value in Percentage,
2030,July,Odisha,Total,20.19,value in Percentage,
2030,July,Odisha,Male,20.83,value in Percentage,
2030,July,Odisha,Female,19.54,value in Percentage,
2030,July,Nagaland,Total,56.39,value in Percentage,
2030,July,Nagaland,Male,57.46,value in Percentage,
2030,July,Nagaland,Female,55.28,value in Percentage,
2030,July,Mizoram,Total,56.79,value in Percentage,
2030,July,Mizoram,Male,56.54,value in Percentage,
2030,July,Mizoram,Female,57.03,value in Percentage,
2030,July,Meghalaya,Total,21.01,value in Percentage,
2030,July,Meghalaya,Male,21.02,value in Percentage,
2030,July,Meghalaya,Female,20.99,value in Percentage,
2030,July,Manipur,Total,34.41,value in Percentage,
2030,July,Manipur,Male,33.94,value in Percentage,
2030,July,Manipur,Female,34.87,value in Percentage,
2030,July,Maharashtra,Total,50.53,value in Percentage,
2030,July,Maharashtra,Male,51.00,value in Percentage,
2030,July,Maharashtra,Female,50.02,value in Percentage,
2030,July,Madhya Pradesh,Total,29.79,value in Percentage,
2030,July,Madhya Pradesh,Male,30.24,value in Percentage,
2030,July,Madhya Pradesh,Female,29.31,value in Percentage,
2030,July,Lakshadweep,Total,100.0,value in Percentage,
2030,July,Lakshadweep,Male,100.0,value in Percentage,
2030,July,Lakshadweep,Female,100.0,value in Percentage,
2030,July,Ladakh,Total,36.36,value in Percentage,
2030,July,Ladakh,Male,42.97,value in Percentage,
2030,July,Ladakh,Female,28.14,value in Percentage,
2030,July,Kerala,Total,89.02,value in Percentage,
2030,July,Kerala,Male,88.58,value in Percentage,
2030,July,Kerala,Female,89.43,value in Percentage,
2030,July,Karnataka,Total,47.96,value in Percentage,
2030,July,Karnataka,Male,48.16,value in Percentage,
2030,July,Karnataka,Female,47.75,value in Percentage,
2030,July,Jharkhand,Total,27.43,value in Percentage,
2030,July,Jharkhand,Male,28.16,value in Percentage,
2030,July,Jharkhand,Female,26.67,value in Percentage,
2030,July,Jammu and Kashmir,Total,32.44,value in Percentage,
2030,July,Jammu and Kashmir,Male,33.76,value in Percentage,
2030,July,Jammu and Kashmir,Female,31.01,value in Percentage,
2030,July,Himachal Pradesh,Total,10.48,value in Percentage,
2030,July,Himachal Pradesh,Male,11.16,value in Percentage,
2030,July,Himachal Pradesh,Female,9.79,value in Percentage,
2030,July,Haryana,Total,46.35,value in Percentage,
2030,July,Haryana,Male,47.02,value in Percentage,
2030,July,Haryana,Female,45.60,value in Percentage,
2030,July,Gujarat,Total,52.29,value in Percentage,
2030,July,Gujarat,Male,52.90,value in Percentage,
2030,July,Gujarat,Female,51.63,value in Percentage,
2030,July,Goa,Total,83.19,value in Percentage,
2030,July,Goa,Male,84.71,value in Percentage,
2030,July,Goa,Female,81.66,value in Percentage,
2030,July,Delhi,Total,99.98,value in Percentage,
2030,July,Delhi,Male,100.0,value in Percentage,
2030,July,Delhi,Female,98.65,value in Percentage,
2030,July,Daman and Diu,Total,98.56,value in Percentage,
2030,July,Daman and Diu,Male,98.56,value in Percentage,
2030,July,Daman and Diu,Female,98.56,value in Percentage,
2030,July,Dadra and Nagar Haveli,Total,77.25,value in Percentage,
2030,July,Dadra and Nagar Haveli,Male,72.12,value in Percentage,
2030,July,Dadra and Nagar Haveli,Female,86.25,value in Percentage,
2030,July,Chhattisgarh,Total,29.46,value in Percentage,
2030,July,Chhattisgarh,Male,30.04,value in Percentage,
2030,July,Chhattisgarh,Female,28.88,value in Percentage,
2030,July,Chandigarh,Total,100.0,value in Percentage,
2030,July,Chandigarh,Male,100.0,value in Percentage,
2030,July,Chandigarh,Female,100.0,value in Percentage,
2030,July,Bihar,Total,12.85,value in Percentage,
2030,July,Bihar,Male,13.09,value in Percentage,
2030,July,Bihar,Female,12.59,value in Percentage,
2030,July,Assam,Total,16.46,value in Percentage,
2030,July,Assam,Male,16.67,value in Percentage,
2030,July,Assam,Female,16.24,value in Percentage,
2030,July,Arunachal Pradesh,Total,27.33,value in Percentage,
2030,July,Arunachal Pradesh,Male,28.22,value in Percentage,
2030,July,Arunachal Pradesh,Female,26.40,value in Percentage,
2030,July,Andhra Pradesh,Total,41.03,value in Percentage,
2030,July,Andhra Pradesh,Male,41.37,value in Percentage,
2030,July,Andhra Pradesh,Female,40.69,value in Percentage,
2030,July,Andaman and Nicobar Islands,Total,48.31,value in Percentage,
2030,July,Andaman and Nicobar Islands,Male,49.08,value in Percentage,
2030,July,Andaman and Nicobar Islands,Female,47.46,value in Percentage,
2030,July,All India,Total,37.34,value in Percentage,
2030,July,All India,Male,37.75,value in Percentage,
2030,July,All India,Female,36.90,value in Percentage,
2029,October,West Bengal,Total,39.58,value in Percentage,
2029,October,West Bengal,Male,40.08,value in Percentage,
2029,October,West Bengal,Female,39.07,value in Percentage,
2029,October,Uttarakhand,Total,38.98,value in Percentage,
2029,October,Uttarakhand,Male,40.31,value in Percentage,
2029,October,Uttarakhand,Female,37.57,value in Percentage,
2029,October,Uttar Pradesh,Total,24.97,value in Percentage,
2029,October,Uttar Pradesh,Male,25.39,value in Percentage,
2029,October,Uttar Pradesh,Female,24.52,value in Percentage,
2029,October,Tripura,Total,46.64,value in Percentage,
2029,October,Tripura,Male,46.64,value in Percentage,
2029,October,Tripura,Female,46.65,value in Percentage,
2029,October,Telangana,Total,52.46,value in Percentage,
2029,October,Telangana,Male,52.59,value in Percentage,
2029,October,Telangana,Female,52.34,value in Percentage,
2029,October,Tamil Nadu,Total,56.65,value in Percentage,
2029,October,Tamil Nadu,Male,56.92,value in Percentage,
2029,October,Tamil Nadu,Female,56.38,value in Percentage,
2029,October,Sikkim,Total,62.45,value in Percentage,
2029,October,Sikkim,Male,62.10,value in Percentage,
2029,October,Sikkim,Female,62.88,value in Percentage,
2029,October,Rajasthan,Total,27.54,value in Percentage,
2029,October,Rajasthan,Male,28.24,value in Percentage,
2029,October,Rajasthan,Female,26.82,value in Percentage,
2029,October,Punjab,Total,44.23,value in Percentage,
2029,October,Punjab,Male,45.05,value in Percentage,
2029,October,Punjab,Female,43.33,value in Percentage,
2029,October,Puducherry,Total,71.05,value in Percentage,
2029,October,Puducherry,Male,74.64,value in Percentage,
2029,October,Puducherry,Female,67.92,value in Percentage,
2029,October,Odisha,Total,20.05,value in Percentage,
2029,October,Odisha,Male,20.68,value in Percentage,
2029,October,Odisha,Female,19.41,value in Percentage,
2029,October,Nagaland,Total,55.32,value in Percentage,
2029,October,Nagaland,Male,56.35,value in Percentage,
2029,October,Nagaland,Female,54.25,value in Percentage,
2029,October,Mizoram,Total,56.60,value in Percentage,
2029,October,Mizoram,Male,56.34,value in Percentage,
2029,October,Mizoram,Female,56.87,value in Percentage,
2029,October,Meghalaya,Total,20.97,value in Percentage,
2029,October,Meghalaya,Male,20.98,value in Percentage,
2029,October,Meghalaya,Female,20.96,value in Percentage,
2029,October,Manipur,Total,34.21,value in Percentage,
2029,October,Manipur,Male,33.74,value in Percentage,
2029,October,Manipur,Female,34.68,value in Percentage,
2029,October,Maharashtra,Total,50.32,value in Percentage,
2029,October,Maharashtra,Male,50.80,value in Percentage,
2029,October,Maharashtra,Female,49.81,value in Percentage,
2029,October,Madhya Pradesh,Total,29.71,value in Percentage,
2029,October,Madhya Pradesh,Male,30.15,value in Percentage,
2029,October,Madhya Pradesh,Female,29.24,value in Percentage,
2029,October,Lakshadweep,Total,100.0,value in Percentage,
2029,October,Lakshadweep,Male,100.0,value in Percentage,
2029,October,Lakshadweep,Female,100.0,value in Percentage,
2029,October,Ladakh,Total,35.88,value in Percentage,
2029,October,Ladakh,Male,42.36,value in Percentage,
2029,October,Ladakh,Female,27.80,value in Percentage,
2029,October,Kerala,Total,87.81,value in Percentage,
2029,October,Kerala,Male,87.38,value in Percentage,
2029,October,Kerala,Female,88.21,value in Percentage,
2029,October,Karnataka,Total,47.59,value in Percentage,
2029,October,Karnataka,Male,47.79,value in Percentage,
2029,October,Karnataka,Female,47.39,value in Percentage,
2029,October,Jharkhand,Total,27.30,value in Percentage,
2029,October,Jharkhand,Male,28.02,value in Percentage,
2029,October,Jharkhand,Female,26.55,value in Percentage,
2029,October,Jammu and Kashmir,Total,32.24,value in Percentage,
2029,October,Jammu and Kashmir,Male,33.54,value in Percentage,
2029,October,Jammu and Kashmir,Female,30.84,value in Percentage,
2029,October,Himachal Pradesh,Total,10.47,value in Percentage,
2029,October,Himachal Pradesh,Male,11.15,value in Percentage,
2029,October,Himachal Pradesh,Female,9.77,value in Percentage,
2029,October,Haryana,Total,45.92,value in Percentage,
2029,October,Haryana,Male,46.56,value in Percentage,
2029,October,Haryana,Female,45.21,value in Percentage,
2029,October,Gujarat,Total,51.94,value in Percentage,
2029,October,Gujarat,Male,52.54,value in Percentage,
2029,October,Gujarat,Female,51.27,value in Percentage,
2029,October,Goa,Total,82.49,value in Percentage,
2029,October,Goa,Male,83.96,value in Percentage,
2029,October,Goa,Female,81.00,value in Percentage,
2029,October,Delhi,Total,99.96,value in Percentage,
2029,October,Delhi,Male,100.0,value in Percentage,
2029,October,Delhi,Female,98.70,value in Percentage,
2029,October,Daman and Diu,Total,98.39,value in Percentage,
2029,October,Daman and Diu,Male,98.39,value in Percentage,
2029,October,Daman and Diu,Female,98.38,value in Percentage,
2029,October,Dadra and Nagar Haveli,Total,76.66,value in Percentage,
2029,October,Dadra and Nagar Haveli,Male,71.86,value in Percentage,
2029,October,Dadra and Nagar Haveli,Female,84.97,value in Percentage,
2029,October,Chhattisgarh,Total,29.22,value in Percentage,
2029,October,Chhattisgarh,Male,29.79,value in Percentage,
2029,October,Chhattisgarh,Female,28.64,value in Percentage,
2029,October,Chandigarh,Total,100.0,value in Percentage,
2029,October,Chandigarh,Male,100.0,value in Percentage,
2029,October,Chandigarh,Female,100.0,value in Percentage,
2029,October,Bihar,Total,12.79,value in Percentage,
2029,October,Bihar,Male,13.03,value in Percentage,
2029,October,Bihar,Female,12.54,value in Percentage,
2029,October,Assam,Total,16.37,value in Percentage,
2029,October,Assam,Male,16.57,value in Percentage,
2029,October,Assam,Female,16.15,value in Percentage,
2029,October,Arunachal Pradesh,Total,27.14,value in Percentage,
2029,October,Arunachal Pradesh,Male,28.02,value in Percentage,
2029,October,Arunachal Pradesh,Female,26.23,value in Percentage,
2029,October,Andhra Pradesh,Total,40.55,value in Percentage,
2029,October,Andhra Pradesh,Male,40.88,value in Percentage,
2029,October,Andhra Pradesh,Female,40.22,value in Percentage,
2029,October,Andaman and Nicobar Islands,Total,47.84,value in Percentage,
2029,October,Andaman and Nicobar Islands,Male,48.58,value in Percentage,
2029,October,Andaman and Nicobar Islands,Female,47.01,value in Percentage,
2029,October,All India,Total,37.11,value in Percentage,
2029,October,All India,Male,37.51,value in Percentage,
2029,October,All India,Female,36.69,value in Percentage,
2029,March,West Bengal,Total,39.33,value in Percentage,
2029,March,West Bengal,Male,39.81,value in Percentage,
2029,March,West Bengal,Female,38.83,value in Percentage,
2029,March,Uttarakhand,Total,38.70,value in Percentage,
2029,March,Uttarakhand,Male,40.03,value in Percentage,
2029,March,Uttarakhand,Female,37.30,value in Percentage,
2029,March,Uttar Pradesh,Total,24.89,value in Percentage,
2029,March,Uttar Pradesh,Male,25.29,value in Percentage,
2029,March,Uttar Pradesh,Female,24.45,value in Percentage,
2029,March,Tripura,Total,45.94,value in Percentage,
2029,March,Tripura,Male,45.93,value in Percentage,
2029,March,Tripura,Female,45.96,value in Percentage,
2029,March,Telangana,Total,52.01,value in Percentage,
2029,March,Telangana,Male,52.13,value in Percentage,
2029,March,Telangana,Female,51.89,value in Percentage,
2029,March,Tamil Nadu,Total,56.38,value in Percentage,
2029,March,Tamil Nadu,Male,56.64,value in Percentage,
2029,March,Tamil Nadu,Female,56.13,value in Percentage,
2029,March,Sikkim,Total,61.25,value in Percentage,
2029,March,Sikkim,Male,60.89,value in Percentage,
2029,March,Sikkim,Female,61.68,value in Percentage,
2029,March,Rajasthan,Total,27.46,value in Percentage,
2029,March,Rajasthan,Male,28.13,value in Percentage,
2029,March,Rajasthan,Female,26.76,value in Percentage,
2029,March,Punjab,Total,44.02,value in Percentage,
2029,March,Punjab,Male,44.82,value in Percentage,
2029,March,Punjab,Female,43.13,value in Percentage,
2029,March,Puducherry,Total,70.99,value in Percentage,
2029,March,Puducherry,Male,74.43,value in Percentage,
2029,March,Puducherry,Female,67.97,value in Percentage,
2029,March,Odisha,Total,19.94,value in Percentage,
2029,March,Odisha,Male,20.56,value in Percentage,
2029,March,Odisha,Female,19.31,value in Percentage,
2029,March,Nagaland,Total,54.45,value in Percentage,
2029,March,Nagaland,Male,55.45,value in Percentage,
2029,March,Nagaland,Female,53.40,value in Percentage,
2029,March,Mizoram,Total,56.42,value in Percentage,
2029,March,Mizoram,Male,56.14,value in Percentage,
2029,March,Mizoram,Female,56.70,value in Percentage,
2029,March,Meghalaya,Total,20.92,value in Percentage,
2029,March,Meghalaya,Male,20.93,value in Percentage,
2029,March,Meghalaya,Female,20.92,value in Percentage,
2029,March,Manipur,Total,34.03,value in Percentage,
2029,March,Manipur,Male,33.56,value in Percentage,
2029,March,Manipur,Female,34.51,value in Percentage,
2029,March,Maharashtra,Total,50.16,value in Percentage,
2029,March,Maharashtra,Male,50.64,value in Percentage,
2029,March,Maharashtra,Female,49.65,value in Percentage,
2029,March,Madhya Pradesh,Total,29.64,value in Percentage,
2029,March,Madhya Pradesh,Male,30.08,value in Percentage,
2029,March,Madhya Pradesh,Female,29.19,value in Percentage,
2029,March,Lakshadweep,Total,100.0,value in Percentage,
2029,March,Lakshadweep,Male,100.0,value in Percentage,
2029,March,Lakshadweep,Female,100.0,value in Percentage,
2029,March,Ladakh,Total,35.59,value in Percentage,
2029,March,Ladakh,Male,41.98,value in Percentage,
2029,March,Ladakh,Female,27.61,value in Percentage,
2029,March,Kerala,Total,86.84,value in Percentage,
2029,March,Kerala,Male,86.41,value in Percentage,
2029,March,Kerala,Female,87.23,value in Percentage,
2029,March,Karnataka,Total,47.31,value in Percentage,
2029,March,Karnataka,Male,47.50,value in Percentage,
2029,March,Karnataka,Female,47.10,value in Percentage,
2029,March,Jharkhand,Total,27.20,value in Percentage,
2029,March,Jharkhand,Male,27.91,value in Percentage,
2029,March,Jharkhand,Female,26.46,value in Percentage,
2029,March,Jammu and Kashmir,Total,32.09,value in Percentage,
2029,March,Jammu and Kashmir,Male,33.36,value in Percentage,
2029,March,Jammu and Kashmir,Female,30.71,value in Percentage,
2029,March,Himachal Pradesh,Total,10.46,value in Percentage,
2029,March,Himachal Pradesh,Male,11.14,value in Percentage,
2029,March,Himachal Pradesh,Female,9.76,value in Percentage,
2029,March,Haryana,Total,45.58,value in Percentage,
2029,March,Haryana,Male,46.19,value in Percentage,
2029,March,Haryana,Female,44.90,value in Percentage,
2029,March,Gujarat,Total,51.65,value in Percentage,
2029,March,Gujarat,Male,52.26,value in Percentage,
2029,March,Gujarat,Female,50.98,value in Percentage,
2029,March,Goa,Total,81.94,value in Percentage,
2029,March,Goa,Male,83.38,value in Percentage,
2029,March,Goa,Female,80.48,value in Percentage,
2029,March,Delhi,Total,99.95,value in Percentage,
2029,March,Delhi,Male,100.0,value in Percentage,
2029,March,Delhi,Female,98.74,value in Percentage,
2029,March,Daman and Diu,Total,98.20,value in Percentage,
2029,March,Daman and Diu,Male,98.20,value in Percentage,
2029,March,Daman and Diu,Female,98.20,value in Percentage,
2029,March,Dadra and Nagar Haveli,Total,76.18,value in Percentage,
2029,March,Dadra and Nagar Haveli,Male,71.67,value in Percentage,
2029,March,Dadra and Nagar Haveli,Female,83.92,value in Percentage,
2029,March,Chhattisgarh,Total,29.03,value in Percentage,
2029,March,Chhattisgarh,Male,29.60,value in Percentage,
2029,March,Chhattisgarh,Female,28.46,value in Percentage,
2029,March,Chandigarh,Total,100.0,value in Percentage,
2029,March,Chandigarh,Male,100.0,value in Percentage,
2029,March,Chandigarh,Female,100.0,value in Percentage,
2029,March,Bihar,Total,12.75,value in Percentage,
2029,March,Bihar,Male,12.98,value in Percentage,
2029,March,Bihar,Female,12.50,value in Percentage,
2029,March,Assam,Total,16.29,value in Percentage,
2029,March,Assam,Male,16.50,value in Percentage,
2029,March,Assam,Female,16.09,value in Percentage,
2029,March,Arunachal Pradesh,Total,26.96,value in Percentage,
2029,March,Arunachal Pradesh,Male,27.83,value in Percentage,
2029,March,Arunachal Pradesh,Female,26.06,value in Percentage,
2029,March,Andhra Pradesh,Total,40.18,value in Percentage,
2029,March,Andhra Pradesh,Male,40.50,value in Percentage,
2029,March,Andhra Pradesh,Female,39.86,value in Percentage,
2029,March,Andaman and Nicobar Islands,Total,47.47,value in Percentage,
2029,March,Andaman and Nicobar Islands,Male,48.19,value in Percentage,
2029,March,Andaman and Nicobar Islands,Female,46.66,value in Percentage,
2029,March,All India,Total,36.94,value in Percentage,
2029,March,All India,Male,37.33,value in Percentage,
2029,March,All India,Female,36.53,value in Percentage,
2029,July,West Bengal,Total,39.47,value in Percentage,
2029,July,West Bengal,Male,39.96,value in Percentage,
2029,July,West Bengal,Female,38.97,value in Percentage,
2029,July,Uttarakhand,Total,38.86,value in Percentage,
2029,July,Uttarakhand,Male,40.19,value in Percentage,
2029,July,Uttarakhand,Female,37.45,value in Percentage,
2029,July,Uttar Pradesh,Total,24.93,value in Percentage,
2029,July,Uttar Pradesh,Male,25.35,value in Percentage,
2029,July,Uttar Pradesh,Female,24.49,value in Percentage,
2029,July,Tripura,Total,46.36,value in Percentage,
2029,July,Tripura,Male,46.35,value in Percentage,
2029,July,Tripura,Female,46.37,value in Percentage,
2029,July,Telangana,Total,52.28,value in Percentage,
2029,July,Telangana,Male,52.40,value in Percentage,
2029,July,Telangana,Female,52.15,value in Percentage,
2029,July,Tamil Nadu,Total,56.54,value in Percentage,
2029,July,Tamil Nadu,Male,56.80,value in Percentage,
2029,July,Tamil Nadu,Female,56.28,value in Percentage,
2029,July,Sikkim,Total,61.95,value in Percentage,
2029,July,Sikkim,Male,61.60,value in Percentage,
2029,July,Sikkim,Female,62.38,value in Percentage,
2029,July,Rajasthan,Total,27.51,value in Percentage,
2029,July,Rajasthan,Male,28.19,value in Percentage,
2029,July,Rajasthan,Female,26.80,value in Percentage,
2029,July,Punjab,Total,44.14,value in Percentage,
2029,July,Punjab,Male,44.95,value in Percentage,
2029,July,Punjab,Female,43.25,value in Percentage,
2029,July,Puducherry,Total,71.02,value in Percentage,
2029,July,Puducherry,Male,74.55,value in Percentage,
2029,July,Puducherry,Female,67.94,value in Percentage,
2029,July,Odisha,Total,20.00,value in Percentage,
2029,July,Odisha,Male,20.63,value in Percentage,
2029,July,Odisha,Female,19.37,value in Percentage,
2029,July,Nagaland,Total,54.96,value in Percentage,
2029,July,Nagaland,Male,55.98,value in Percentage,
2029,July,Nagaland,Female,53.90,value in Percentage,
2029,July,Mizoram,Total,56.54,value in Percentage,
2029,July,Mizoram,Male,56.27,value in Percentage,
2029,July,Mizoram,Female,56.81,value in Percentage,
2029,July,Meghalaya,Total,20.96,value in Percentage,
2029,July,Meghalaya,Male,20.96,value in Percentage,
2029,July,Meghalaya,Female,20.95,value in Percentage,
2029,July,Manipur,Total,34.15,value in Percentage,
2029,July,Manipur,Male,33.67,value in Percentage,
2029,July,Manipur,Female,34.62,value in Percentage,
2029,July,Maharashtra,Total,50.25,value in Percentage,
2029,July,Maharashtra,Male,50.73,value in Percentage,
2029,July,Maharashtra,Female,49.74,value in Percentage,
2029,July,Madhya Pradesh,Total,29.68,value in Percentage,
2029,July,Madhya Pradesh,Male,30.12,value in Percentage,
2029,July,Madhya Pradesh,Female,29.22,value in Percentage,
2029,July,Lakshadweep,Total,100.0,value in Percentage,
2029,July,Lakshadweep,Male,100.0,value in Percentage,
2029,July,Lakshadweep,Female,100.0,value in Percentage,
2029,July,Ladakh,Total,35.76,value in Percentage,
2029,July,Ladakh,Male,42.19,value in Percentage,
2029,July,Ladakh,Female,27.72,value in Percentage,
2029,July,Kerala,Total,87.39,value in Percentage,
2029,July,Kerala,Male,86.96,value in Percentage,
2029,July,Kerala,Female,87.79,value in Percentage,
2029,July,Karnataka,Total,47.47,value in Percentage,
2029,July,Karnataka,Male,47.67,value in Percentage,
2029,July,Karnataka,Female,47.26,value in Percentage,
2029,July,Jharkhand,Total,27.26,value in Percentage,
2029,July,Jharkhand,Male,27.97,value in Percentage,
2029,July,Jharkhand,Female,26.51,value in Percentage,
2029,July,Jammu and Kashmir,Total,32.18,value in Percentage,
2029,July,Jammu and Kashmir,Male,33.46,value in Percentage,
2029,July,Jammu and Kashmir,Female,30.79,value in Percentage,
2029,July,Himachal Pradesh,Total,10.46,value in Percentage,
2029,July,Himachal Pradesh,Male,11.14,value in Percentage,
2029,July,Himachal Pradesh,Female,9.77,value in Percentage,
2029,July,Haryana,Total,45.77,value in Percentage,
2029,July,Haryana,Male,46.40,value in Percentage,
2029,July,Haryana,Female,45.08,value in Percentage,
2029,July,Gujarat,Total,51.82,value in Percentage,
2029,July,Gujarat,Male,52.42,value in Percentage,
2029,July,Gujarat,Female,51.14,value in Percentage,
2029,July,Goa,Total,82.25,value in Percentage,
2029,July,Goa,Male,83.71,value in Percentage,
2029,July,Goa,Female,80.78,value in Percentage,
2029,July,Delhi,Total,99.96,value in Percentage,
2029,July,Delhi,Male,100.0,value in Percentage,
2029,July,Delhi,Female,98.72,value in Percentage,
2029,July,Daman and Diu,Total,98.31,value in Percentage,
2029,July,Daman and Diu,Male,98.31,value in Percentage,
2029,July,Daman and Diu,Female,98.31,value in Percentage,
2029,July,Dadra and Nagar Haveli,Total,76.46,value in Percentage,
2029,July,Dadra and Nagar Haveli,Male,71.78,value in Percentage,
2029,July,Dadra and Nagar Haveli,Female,84.53,value in Percentage,
2029,July,Chhattisgarh,Total,29.14,value in Percentage,
2029,July,Chhattisgarh,Male,29.71,value in Percentage,
2029,July,Chhattisgarh,Female,28.56,value in Percentage,
2029,July,Chandigarh,Total,100.0,value in Percentage,
2029,July,Chandigarh,Male,100.0,value in Percentage,
2029,July,Chandigarh,Female,100.0,value in Percentage,
2029,July,Bihar,Total,12.78,value in Percentage,
2029,July,Bihar,Male,13.01,value in Percentage,
2029,July,Bihar,Female,12.52,value in Percentage,
2029,July,Assam,Total,16.33,value in Percentage,
2029,July,Assam,Male,16.54,value in Percentage,
2029,July,Assam,Female,16.12,value in Percentage,
2029,July,Arunachal Pradesh,Total,27.07,value in Percentage,
2029,July,Arunachal Pradesh,Male,27.94,value in Percentage,
2029,July,Arunachal Pradesh,Female,26.16,value in Percentage,
2029,July,Andhra Pradesh,Total,40.39,value in Percentage,
2029,July,Andhra Pradesh,Male,40.72,value in Percentage,
2029,July,Andhra Pradesh,Female,40.06,value in Percentage,
2029,July,Andaman and Nicobar Islands,Total,47.68,value in Percentage,
2029,July,Andaman and Nicobar Islands,Male,48.42,value in Percentage,
2029,July,Andaman and Nicobar Islands,Female,46.86,value in Percentage,
2029,July,All India,Total,37.04,value in Percentage,
2029,July,All India,Male,37.43,value in Percentage,
2029,July,All India,Female,36.62,value in Percentage,
2028,October,West Bengal,Total,39.15,value in Percentage,
2028,October,West Bengal,Male,39.62,value in Percentage,
2028,October,West Bengal,Female,38.67,value in Percentage,
2028,October,Uttarakhand,Total,38.51,value in Percentage,
2028,October,Uttarakhand,Male,39.83,value in Percentage,
2028,October,Uttarakhand,Female,37.11,value in Percentage,
2028,October,Uttar Pradesh,Total,24.83,value in Percentage,
2028,October,Uttar Pradesh,Male,25.23,value in Percentage,
2028,October,Uttar Pradesh,Female,24.39,value in Percentage,
2028,October,Tripura,Total,45.51,value in Percentage,
2028,October,Tripura,Male,45.49,value in Percentage,
2028,October,Tripura,Female,45.53,value in Percentage,
2028,October,Telangana,Total,51.72,value in Percentage,
2028,October,Telangana,Male,51.83,value in Percentage,
2028,October,Telangana,Female,51.60,value in Percentage,
2028,October,Tamil Nadu,Total,56.19,value in Percentage,
2028,October,Tamil Nadu,Male,56.44,value in Percentage,
2028,October,Tamil Nadu,Female,55.96,value in Percentage,
2028,October,Sikkim,Total,60.45,value in Percentage,
2028,October,Sikkim,Male,60.08,value in Percentage,
2028,October,Sikkim,Female,60.89,value in Percentage,
2028,October,Rajasthan,Total,27.40,value in Percentage,
2028,October,Rajasthan,Male,28.06,value in Percentage,
2028,October,Rajasthan,Female,26.72,value in Percentage,
2028,October,Punjab,Total,43.86,value in Percentage,
2028,October,Punjab,Male,44.66,value in Percentage,
2028,October,Punjab,Female,42.99,value in Percentage,
2028,October,Puducherry,Total,70.94,value in Percentage,
2028,October,Puducherry,Male,74.28,value in Percentage,
2028,October,Puducherry,Female,68.00,value in Percentage,
2028,October,Odisha,Total,19.86,value in Percentage,
2028,October,Odisha,Male,20.48,value in Percentage,
2028,October,Odisha,Female,19.24,value in Percentage,
2028,October,Nagaland,Total,53.90,value in Percentage,
2028,October,Nagaland,Male,54.87,value in Percentage,
2028,October,Nagaland,Female,52.87,value in Percentage,
2028,October,Mizoram,Total,56.35,value in Percentage,
2028,October,Mizoram,Male,56.06,value in Percentage,
2028,October,Mizoram,Female,56.64,value in Percentage,
2028,October,Meghalaya,Total,20.92,value in Percentage,
2028,October,Meghalaya,Male,20.92,value in Percentage,
2028,October,Meghalaya,Female,20.92,value in Percentage,
2028,October,Manipur,Total,33.95,value in Percentage,
2028,October,Manipur,Male,33.46,value in Percentage,
2028,October,Manipur,Female,34.42,value in Percentage,
2028,October,Maharashtra,Total,50.05,value in Percentage,
2028,October,Maharashtra,Male,50.53,value in Percentage,
2028,October,Maharashtra,Female,49.53,value in Percentage,
2028,October,Madhya Pradesh,Total,29.60,value in Percentage,
2028,October,Madhya Pradesh,Male,30.02,value in Percentage,
2028,October,Madhya Pradesh,Female,29.15,value in Percentage,
2028,October,Lakshadweep,Total,100.0,value in Percentage,
2028,October,Lakshadweep,Male,100.0,value in Percentage,
2028,October,Lakshadweep,Female,100.0,value in Percentage,
2028,October,Ladakh,Total,35.25,value in Percentage,
2028,October,Ladakh,Male,41.55,value in Percentage,
2028,October,Ladakh,Female,27.36,value in Percentage,
2028,October,Kerala,Total,86.11,value in Percentage,
2028,October,Kerala,Male,85.70,value in Percentage,
2028,October,Kerala,Female,86.50,value in Percentage,
2028,October,Karnataka,Total,47.10,value in Percentage,
2028,October,Karnataka,Male,47.30,value in Percentage,
2028,October,Karnataka,Female,46.90,value in Percentage,
2028,October,Jharkhand,Total,27.13,value in Percentage,
2028,October,Jharkhand,Male,27.83,value in Percentage,
2028,October,Jharkhand,Female,26.40,value in Percentage,
2028,October,Jammu and Kashmir,Total,31.99,value in Percentage,
2028,October,Jammu and Kashmir,Male,33.24,value in Percentage,
2028,October,Jammu and Kashmir,Female,30.62,value in Percentage,
2028,October,Himachal Pradesh,Total,10.45,value in Percentage,
2028,October,Himachal Pradesh,Male,11.12,value in Percentage,
2028,October,Himachal Pradesh,Female,9.75,value in Percentage,
2028,October,Haryana,Total,45.34,value in Percentage,
2028,October,Haryana,Male,45.94,value in Percentage,
2028,October,Haryana,Female,44.68,value in Percentage,
2028,October,Gujarat,Total,51.45,value in Percentage,
2028,October,Gujarat,Male,52.06,value in Percentage,
2028,October,Gujarat,Female,50.78,value in Percentage,
2028,October,Goa,Total,81.52,value in Percentage,
2028,October,Goa,Male,82.94,value in Percentage,
2028,October,Goa,Female,80.09,value in Percentage,
2028,October,Delhi,Total,99.93,value in Percentage,
2028,October,Delhi,Male,100.0,value in Percentage,
2028,October,Delhi,Female,98.76,value in Percentage,
2028,October,Daman and Diu,Total,98.11,value in Percentage,
2028,October,Daman and Diu,Male,98.11,value in Percentage,
2028,October,Daman and Diu,Female,98.10,value in Percentage,
2028,October,Dadra and Nagar Haveli,Total,75.81,value in Percentage,
2028,October,Dadra and Nagar Haveli,Male,71.52,value in Percentage,
2028,October,Dadra and Nagar Haveli,Female,83.14,value in Percentage,
2028,October,Chhattisgarh,Total,28.90,value in Percentage,
2028,October,Chhattisgarh,Male,29.47,value in Percentage,
2028,October,Chhattisgarh,Female,28.33,value in Percentage,
2028,October,Chandigarh,Total,100.0,value in Percentage,
2028,October,Chandigarh,Male,100.0,value in Percentage,
2028,October,Chandigarh,Female,100.0,value in Percentage,
2028,October,Bihar,Total,12.72,value in Percentage,
2028,October,Bihar,Male,12.95,value in Percentage,
2028,October,Bihar,Female,12.47,value in Percentage,
2028,October,Assam,Total,16.24,value in Percentage,
2028,October,Assam,Male,16.44,value in Percentage,
2028,October,Assam,Female,16.04,value in Percentage,
2028,October,Arunachal Pradesh,Total,26.89,value in Percentage,
2028,October,Arunachal Pradesh,Male,27.75,value in Percentage,
2028,October,Arunachal Pradesh,Female,26.00,value in Percentage,
2028,October,Andhra Pradesh,Total,39.92,value in Percentage,
2028,October,Andhra Pradesh,Male,40.24,value in Percentage,
2028,October,Andhra Pradesh,Female,39.60,value in Percentage,
2028,October,Andaman and Nicobar Islands,Total,47.20,value in Percentage,
2028,October,Andaman and Nicobar Islands,Male,47.92,value in Percentage,
2028,October,Andaman and Nicobar Islands,Female,46.41,value in Percentage,
2028,October,All India,Total,36.80,value in Percentage,
2028,October,All India,Male,37.19,value in Percentage,
2028,October,All India,Female,36.40,value in Percentage,
2028,March,West Bengal,Total,38.90,value in Percentage,
2028,March,West Bengal,Male,39.35,value in Percentage,
2028,March,West Bengal,Female,38.43,value in Percentage,
2028,March,Uttarakhand,Total,38.24,value in Percentage,
2028,March,Uttarakhand,Male,39.55,value in Percentage,
2028,March,Uttarakhand,Female,36.85,value in Percentage,
2028,March,Uttar Pradesh,Total,24.74,value in Percentage,
2028,March,Uttar Pradesh,Male,25.14,value in Percentage,
2028,March,Uttar Pradesh,Female,24.32,value in Percentage,
2028,March,Tripura,Total,44.83,value in Percentage,
2028,March,Tripura,Male,44.79,value in Percentage,
2028,March,Tripura,Female,44.86,value in Percentage,
2028,March,Telangana,Total,51.27,value in Percentage,
2028,March,Telangana,Male,51.37,value in Percentage,
2028,March,Telangana,Female,51.16,value in Percentage,
2028,March,Tamil Nadu,Total,55.93,value in Percentage,
2028,March,Tamil Nadu,Male,56.15,value in Percentage,
2028,March,Tamil Nadu,Female,55.71,value in Percentage,
2028,March,Sikkim,Total,59.23,value in Percentage,
2028,March,Sikkim,Male,58.86,value in Percentage,
2028,March,Sikkim,Female,59.67,value in Percentage,
2028,March,Rajasthan,Total,27.32,value in Percentage,
2028,March,Rajasthan,Male,27.96,value in Percentage,
2028,March,Rajasthan,Female,26.66,value in Percentage,
2028,March,Punjab,Total,43.65,value in Percentage,
2028,March,Punjab,Male,44.43,value in Percentage,
2028,March,Punjab,Female,42.79,value in Percentage,
2028,March,Puducherry,Total,70.87,value in Percentage,
2028,March,Puducherry,Male,74.07,value in Percentage,
2028,March,Puducherry,Female,68.06,value in Percentage,
2028,March,Odisha,Total,19.75,value in Percentage,
2028,March,Odisha,Male,20.36,value in Percentage,
2028,March,Odisha,Female,19.14,value in Percentage,
2028,March,Nagaland,Total,53.03,value in Percentage,
2028,March,Nagaland,Male,53.98,value in Percentage,
2028,March,Nagaland,Female,52.03,value in Percentage,
2028,March,Mizoram,Total,56.17,value in Percentage,
2028,March,Mizoram,Male,55.87,value in Percentage,
2028,March,Mizoram,Female,56.47,value in Percentage,
2028,March,Meghalaya,Total,20.89,value in Percentage,
2028,March,Meghalaya,Male,20.88,value in Percentage,
2028,March,Meghalaya,Female,20.89,value in Percentage,
2028,March,Manipur,Total,33.77,value in Percentage,
2028,March,Manipur,Male,33.28,value in Percentage,
2028,March,Manipur,Female,34.25,value in Percentage,
2028,March,Maharashtra,Total,49.89,value in Percentage,
2028,March,Maharashtra,Male,50.37,value in Percentage,
2028,March,Maharashtra,Female,49.37,value in Percentage,
2028,March,Madhya Pradesh,Total,29.54,value in Percentage,
2028,March,Madhya Pradesh,Male,29.95,value in Percentage,
2028,March,Madhya Pradesh,Female,29.10,value in Percentage,
2028,March,Lakshadweep,Total,100.0,value in Percentage,
2028,March,Lakshadweep,Male,100.0,value in Percentage,
2028,March,Lakshadweep,Female,100.0,value in Percentage,
2028,March,Ladakh,Total,34.77,value in Percentage,
2028,March,Ladakh,Male,40.94,value in Percentage,
2028,March,Ladakh,Female,27.02,value in Percentage,
2028,March,Kerala,Total,85.09,value in Percentage,
2028,March,Kerala,Male,84.69,value in Percentage,
2028,March,Kerala,Female,85.47,value in Percentage,
2028,March,Karnataka,Total,46.82,value in Percentage,
2028,March,Karnataka,Male,47.01,value in Percentage,
2028,March,Karnataka,Female,46.62,value in Percentage,
2028,March,Jharkhand,Total,27.03,value in Percentage,
2028,March,Jharkhand,Male,27.72,value in Percentage,
2028,March,Jharkhand,Female,26.31,value in Percentage,
2028,March,Jammu and Kashmir,Total,31.83,value in Percentage,
2028,March,Jammu and Kashmir,Male,33.06,value in Percentage,
2028,March,Jammu and Kashmir,Female,30.50,value in Percentage,
2028,March,Himachal Pradesh,Total,10.43,value in Percentage,
2028,March,Himachal Pradesh,Male,11.10,value in Percentage,
2028,March,Himachal Pradesh,Female,9.74,value in Percentage,
2028,March,Haryana,Total,45.00,value in Percentage,
2028,March,Haryana,Male,45.57,value in Percentage,
2028,March,Haryana,Female,44.37,value in Percentage,
2028,March,Gujarat,Total,51.17,value in Percentage,
2028,March,Gujarat,Male,51.78,value in Percentage,
2028,March,Gujarat,Female,50.49,value in Percentage,
2028,March,Goa,Total,80.93,value in Percentage,
2028,March,Goa,Male,82.31,value in Percentage,
2028,March,Goa,Female,79.53,value in Percentage,
2028,March,Delhi,Total,99.91,value in Percentage,
2028,March,Delhi,Male,100.0,value in Percentage,
2028,March,Delhi,Female,98.80,value in Percentage,
2028,March,Daman and Diu,Total,97.96,value in Percentage,
2028,March,Daman and Diu,Male,97.96,value in Percentage,
2028,March,Daman and Diu,Female,97.96,value in Percentage,
2028,March,Dadra and Nagar Haveli,Total,75.27,value in Percentage,
2028,March,Dadra and Nagar Haveli,Male,71.29,value in Percentage,
2028,March,Dadra and Nagar Haveli,Female,81.97,value in Percentage,
2028,March,Chhattisgarh,Total,28.71,value in Percentage,
2028,March,Chhattisgarh,Male,29.28,value in Percentage,
2028,March,Chhattisgarh,Female,28.15,value in Percentage,
2028,March,Chandigarh,Total,100.0,value in Percentage,
2028,March,Chandigarh,Male,100.0,value in Percentage,
2028,March,Chandigarh,Female,100.0,value in Percentage,
2028,March,Bihar,Total,12.67,value in Percentage,
2028,March,Bihar,Male,12.90,value in Percentage,
2028,March,Bihar,Female,12.43,value in Percentage,
2028,March,Assam,Total,16.17,value in Percentage,
2028,March,Assam,Male,16.36,value in Percentage,
2028,March,Assam,Female,15.97,value in Percentage,
2028,March,Arunachal Pradesh,Total,26.75,value in Percentage,
2028,March,Arunachal Pradesh,Male,27.59,value in Percentage,
2028,March,Arunachal Pradesh,Female,25.86,value in Percentage,
2028,March,Andhra Pradesh,Total,39.55,value in Percentage,
2028,March,Andhra Pradesh,Male,39.86,value in Percentage,
2028,March,Andhra Pradesh,Female,39.24,value in Percentage,
2028,March,Andaman and Nicobar Islands,Total,46.83,value in Percentage,
2028,March,Andaman and Nicobar Islands,Male,47.53,value in Percentage,
2028,March,Andaman and Nicobar Islands,Female,46.06,value in Percentage,
2028,March,All India,Total,36.63,value in Percentage,
2028,March,All India,Male,37.01,value in Percentage,
2028,March,All India,Female,36.24,value in Percentage,
2028,July,West Bengal,Total,39.04,value in Percentage,
2028,July,West Bengal,Male,39.50,value in Percentage,
2028,July,West Bengal,Female,38.57,value in Percentage,
2028,July,Uttarakhand,Total,38.39,value in Percentage,
2028,July,Uttarakhand,Male,39.71,value in Percentage,
2028,July,Uttarakhand,Female,37.00,value in Percentage,
2028,July,Uttar Pradesh,Total,24.79,value in Percentage,
2028,July,Uttar Pradesh,Male,25.19,value in Percentage,
2028,July,Uttar Pradesh,Female,24.36,value in Percentage,
2028,July,Tripura,Total,45.23,value in Percentage,
2028,July,Tripura,Male,45.20,value in Percentage,
2028,July,Tripura,Female,45.26,value in Percentage,
2028,July,Telangana,Total,51.53,value in Percentage,
2028,July,Telangana,Male,51.64,value in Percentage,
2028,July,Telangana,Female,51.42,value in Percentage,
2028,July,Tamil Nadu,Total,56.08,value in Percentage,
2028,July,Tamil Nadu,Male,56.32,value in Percentage,
2028,July,Tamil Nadu,Female,55.85,value in Percentage,
2028,July,Sikkim,Total,59.94,value in Percentage,
2028,July,Sikkim,Male,59.57,value in Percentage,
2028,July,Sikkim,Female,60.38,value in Percentage,
2028,July,Rajasthan,Total,27.37,value in Percentage,
2028,July,Rajasthan,Male,28.02,value in Percentage,
2028,July,Rajasthan,Female,26.69,value in Percentage,
2028,July,Punjab,Total,43.77,value in Percentage,
2028,July,Punjab,Male,44.56,value in Percentage,
2028,July,Punjab,Female,42.90,value in Percentage,
2028,July,Puducherry,Total,70.91,value in Percentage,
2028,July,Puducherry,Male,74.19,value in Percentage,
2028,July,Puducherry,Female,68.03,value in Percentage,
2028,July,Odisha,Total,19.81,value in Percentage,
2028,July,Odisha,Male,20.43,value in Percentage,
2028,July,Odisha,Female,19.20,value in Percentage,
2028,July,Nagaland,Total,53.54,value in Percentage,
2028,July,Nagaland,Male,54.51,value in Percentage,
2028,July,Nagaland,Female,52.53,value in Percentage,
2028,July,Mizoram,Total,56.29,value in Percentage,
2028,July,Mizoram,Male,56.00,value in Percentage,
2028,July,Mizoram,Female,56.58,value in Percentage,
2028,July,Meghalaya,Total,20.91,value in Percentage,
2028,July,Meghalaya,Male,20.91,value in Percentage,
2028,July,Meghalaya,Female,20.91,value in Percentage,
2028,July,Manipur,Total,33.88,value in Percentage,
2028,July,Manipur,Male,33.39,value in Percentage,
2028,July,Manipur,Female,34.36,value in Percentage,
2028,July,Maharashtra,Total,49.98,value in Percentage,
2028,July,Maharashtra,Male,50.46,value in Percentage,
2028,July,Maharashtra,Female,49.46,value in Percentage,
2028,July,Madhya Pradesh,Total,29.57,value in Percentage,
2028,July,Madhya Pradesh,Male,29.99,value in Percentage,
2028,July,Madhya Pradesh,Female,29.13,value in Percentage,
2028,July,Lakshadweep,Total,100.0,value in Percentage,
2028,July,Lakshadweep,Male,100.0,value in Percentage,
2028,July,Lakshadweep,Female,100.0,value in Percentage,
2028,July,Ladakh,Total,35.04,value in Percentage,
2028,July,Ladakh,Male,41.29,value in Percentage,
2028,July,Ladakh,Female,27.22,value in Percentage,
2028,July,Kerala,Total,85.68,value in Percentage,
2028,July,Kerala,Male,85.27,value in Percentage,
2028,July,Kerala,Female,86.06,value in Percentage,
2028,July,Karnataka,Total,46.98,value in Percentage,
2028,July,Karnataka,Male,47.18,value in Percentage,
2028,July,Karnataka,Female,46.78,value in Percentage,
2028,July,Jharkhand,Total,27.09,value in Percentage,
2028,July,Jharkhand,Male,27.78,value in Percentage,
2028,July,Jharkhand,Female,26.36,value in Percentage,
2028,July,Jammu and Kashmir,Total,31.92,value in Percentage,
2028,July,Jammu and Kashmir,Male,33.16,value in Percentage,
2028,July,Jammu and Kashmir,Female,30.57,value in Percentage,
2028,July,Himachal Pradesh,Total,10.44,value in Percentage,
2028,July,Himachal Pradesh,Male,11.11,value in Percentage,
2028,July,Himachal Pradesh,Female,9.74,value in Percentage,
2028,July,Haryana,Total,45.20,value in Percentage,
2028,July,Haryana,Male,45.78,value in Percentage,
2028,July,Haryana,Female,44.55,value in Percentage,
2028,July,Gujarat,Total,51.33,value in Percentage,
2028,July,Gujarat,Male,51.94,value in Percentage,
2028,July,Gujarat,Female,50.66,value in Percentage,
2028,July,Goa,Total,81.27,value in Percentage,
2028,July,Goa,Male,82.67,value in Percentage,
2028,July,Goa,Female,79.85,value in Percentage,
2028,July,Delhi,Total,99.92,value in Percentage,
2028,July,Delhi,Male,100.0,value in Percentage,
2028,July,Delhi,Female,98.78,value in Percentage,
2028,July,Daman and Diu,Total,98.04,value in Percentage,
2028,July,Daman and Diu,Male,98.04,value in Percentage,
2028,July,Daman and Diu,Female,98.04,value in Percentage,
2028,July,Dadra and Nagar Haveli,Total,75.58,value in Percentage,
2028,July,Dadra and Nagar Haveli,Male,71.42,value in Percentage,
2028,July,Dadra and Nagar Haveli,Female,82.64,value in Percentage,
2028,July,Chhattisgarh,Total,28.82,value in Percentage,
2028,July,Chhattisgarh,Male,29.39,value in Percentage,
2028,July,Chhattisgarh,Female,28.25,value in Percentage,
2028,July,Chandigarh,Total,100.0,value in Percentage,
2028,July,Chandigarh,Male,100.0,value in Percentage,
2028,July,Chandigarh,Female,100.0,value in Percentage,
2028,July,Bihar,Total,12.70,value in Percentage,
2028,July,Bihar,Male,12.92,value in Percentage,
2028,July,Bihar,Female,12.45,value in Percentage,
2028,July,Assam,Total,16.21,value in Percentage,
2028,July,Assam,Male,16.41,value in Percentage,
2028,July,Assam,Female,16.01,value in Percentage,
2028,July,Arunachal Pradesh,Total,26.84,value in Percentage,
2028,July,Arunachal Pradesh,Male,27.69,value in Percentage,
2028,July,Arunachal Pradesh,Female,25.95,value in Percentage,
2028,July,Andhra Pradesh,Total,39.76,value in Percentage,
2028,July,Andhra Pradesh,Male,40.07,value in Percentage,
2028,July,Andhra Pradesh,Female,39.45,value in Percentage,
2028,July,Andaman and Nicobar Islands,Total,47.04,value in Percentage,
2028,July,Andaman and Nicobar Islands,Male,47.75,value in Percentage,
2028,July,Andaman and Nicobar Islands,Female,46.26,value in Percentage,
2028,July,All India,Total,36.73,value in Percentage,
2028,July,All India,Male,37.11,value in Percentage,
2028,July,All India,Female,36.33,value in Percentage,
2027,October,West Bengal,Total,38.72,value in Percentage,
2027,October,West Bengal,Male,39.16,value in Percentage,
2027,October,West Bengal,Female,38.27,value in Percentage,
2027,October,Uttarakhand,Total,38.04,value in Percentage,
2027,October,Uttarakhand,Male,39.35,value in Percentage,
2027,October,Uttarakhand,Female,36.66,value in Percentage,
2027,October,Uttar Pradesh,Total,24.68,value in Percentage,
2027,October,Uttar Pradesh,Male,25.07,value in Percentage,
2027,October,Uttar Pradesh,Female,24.26,value in Percentage,
2027,October,Tripura,Total,44.38,value in Percentage,
2027,October,Tripura,Male,44.34,value in Percentage,
2027,October,Tripura,Female,44.43,value in Percentage,
2027,October,Telangana,Total,50.97,value in Percentage,
2027,October,Telangana,Male,51.07,value in Percentage,
2027,October,Telangana,Female,50.88,value in Percentage,
2027,October,Tamil Nadu,Total,55.74,value in Percentage,
2027,October,Tamil Nadu,Male,55.95,value in Percentage,
2027,October,Tamil Nadu,Female,55.53,value in Percentage,
2027,October,Sikkim,Total,58.41,value in Percentage,
2027,October,Sikkim,Male,58.04,value in Percentage,
2027,October,Sikkim,Female,58.86,value in Percentage,
2027,October,Rajasthan,Total,27.26,value in Percentage,
2027,October,Rajasthan,Male,27.88,value in Percentage,
2027,October,Rajasthan,Female,26.61,value in Percentage,
2027,October,Punjab,Total,43.50,value in Percentage,
2027,October,Punjab,Male,44.27,value in Percentage,
2027,October,Punjab,Female,42.65,value in Percentage,
2027,October,Puducherry,Total,70.82,value in Percentage,
2027,October,Puducherry,Male,73.91,value in Percentage,
2027,October,Puducherry,Female,68.10,value in Percentage,
2027,October,Odisha,Total,19.67,value in Percentage,
2027,October,Odisha,Male,20.28,value in Percentage,
2027,October,Odisha,Female,19.07,value in Percentage,
2027,October,Nagaland,Total,52.47,value in Percentage,
2027,October,Nagaland,Male,53.40,value in Percentage,
2027,October,Nagaland,Female,51.49,value in Percentage,
2027,October,Mizoram,Total,56.13,value in Percentage,
2027,October,Mizoram,Male,55.82,value in Percentage,
2027,October,Mizoram,Female,56.44,value in Percentage,
2027,October,Meghalaya,Total,20.89,value in Percentage,
2027,October,Meghalaya,Male,20.87,value in Percentage,
2027,October,Meghalaya,Female,20.89,value in Percentage,
2027,October,Manipur,Total,33.68,value in Percentage,
2027,October,Manipur,Male,33.18,value in Percentage,
2027,October,Manipur,Female,34.17,value in Percentage,
2027,October,Maharashtra,Total,49.78,value in Percentage,
2027,October,Maharashtra,Male,50.26,value in Percentage,
2027,October,Maharashtra,Female,49.26,value in Percentage,
2027,October,Madhya Pradesh,Total,29.49,value in Percentage,
2027,October,Madhya Pradesh,Male,29.90,value in Percentage,
2027,October,Madhya Pradesh,Female,29.06,value in Percentage,
2027,October,Lakshadweep,Total,100.0,value in Percentage,
2027,October,Lakshadweep,Male,100.0,value in Percentage,
2027,October,Lakshadweep,Female,100.0,value in Percentage,
2027,October,Ladakh,Total,34.42,value in Percentage,
2027,October,Ladakh,Male,40.51,value in Percentage,
2027,October,Ladakh,Female,26.77,value in Percentage,
2027,October,Kerala,Total,84.34,value in Percentage,
2027,October,Kerala,Male,83.94,value in Percentage,
2027,October,Kerala,Female,84.71,value in Percentage,
2027,October,Karnataka,Total,46.62,value in Percentage,
2027,October,Karnataka,Male,46.81,value in Percentage,
2027,October,Karnataka,Female,46.42,value in Percentage,
2027,October,Jharkhand,Total,26.96,value in Percentage,
2027,October,Jharkhand,Male,27.64,value in Percentage,
2027,October,Jharkhand,Female,26.25,value in Percentage,
2027,October,Jammu and Kashmir,Total,31.73,value in Percentage,
2027,October,Jammu and Kashmir,Male,32.94,value in Percentage,
2027,October,Jammu and Kashmir,Female,30.40,value in Percentage,
2027,October,Himachal Pradesh,Total,10.42,value in Percentage,
2027,October,Himachal Pradesh,Male,11.09,value in Percentage,
2027,October,Himachal Pradesh,Female,9.73,value in Percentage,
2027,October,Haryana,Total,44.76,value in Percentage,
2027,October,Haryana,Male,45.31,value in Percentage,
2027,October,Haryana,Female,44.15,value in Percentage,
2027,October,Gujarat,Total,50.97,value in Percentage,
2027,October,Gujarat,Male,51.58,value in Percentage,
2027,October,Gujarat,Female,50.29,value in Percentage,
2027,October,Goa,Total,80.50,value in Percentage,
2027,October,Goa,Male,81.86,value in Percentage,
2027,October,Goa,Female,79.13,value in Percentage,
2027,October,Delhi,Total,99.89,value in Percentage,
2027,October,Delhi,Male,100.0,value in Percentage,
2027,October,Delhi,Female,98.82,value in Percentage,
2027,October,Daman and Diu,Total,97.84,value in Percentage,
2027,October,Daman and Diu,Male,97.84,value in Percentage,
2027,October,Daman and Diu,Female,97.84,value in Percentage,
2027,October,Dadra and Nagar Haveli,Total,74.89,value in Percentage,
2027,October,Dadra and Nagar Haveli,Male,71.16,value in Percentage,
2027,October,Dadra and Nagar Haveli,Female,81.13,value in Percentage,
2027,October,Chhattisgarh,Total,28.58,value in Percentage,
2027,October,Chhattisgarh,Male,29.14,value in Percentage,
2027,October,Chhattisgarh,Female,28.02,value in Percentage,
2027,October,Chandigarh,Total,100.0,value in Percentage,
2027,October,Chandigarh,Male,100.0,value in Percentage,
2027,October,Chandigarh,Female,100.0,value in Percentage,
2027,October,Bihar,Total,12.64,value in Percentage,
2027,October,Bihar,Male,12.86,value in Percentage,
2027,October,Bihar,Female,12.40,value in Percentage,
2027,October,Assam,Total,16.12,value in Percentage,
2027,October,Assam,Male,16.31,value in Percentage,
2027,October,Assam,Female,15.92,value in Percentage,
2027,October,Arunachal Pradesh,Total,26.67,value in Percentage,
2027,October,Arunachal Pradesh,Male,27.51,value in Percentage,
2027,October,Arunachal Pradesh,Female,25.80,value in Percentage,
2027,October,Andhra Pradesh,Total,39.29,value in Percentage,
2027,October,Andhra Pradesh,Male,39.59,value in Percentage,
2027,October,Andhra Pradesh,Female,38.99,value in Percentage,
2027,October,Andaman and Nicobar Islands,Total,46.67,value in Percentage,
2027,October,Andaman and Nicobar Islands,Male,47.35,value in Percentage,
2027,October,Andaman and Nicobar Islands,Female,45.91,value in Percentage,
2027,October,All India,Total,36.50,value in Percentage,
2027,October,All India,Male,36.86,value in Percentage,
2027,October,All India,Female,36.11,value in Percentage,
2027,March,West Bengal,Total,38.47,value in Percentage,
2027,March,West Bengal,Male,38.90,value in Percentage,
2027,March,West Bengal,Female,38.04,value in Percentage,
2027,March,Uttarakhand,Total,37.76,value in Percentage,
2027,March,Uttarakhand,Male,39.07,value in Percentage,
2027,March,Uttarakhand,Female,36.39,value in Percentage,
2027,March,Uttar Pradesh,Total,24.60,value in Percentage,
2027,March,Uttar Pradesh,Male,24.98,value in Percentage,
2027,March,Uttar Pradesh,Female,24.19,value in Percentage,
2027,March,Tripura,Total,43.69,value in Percentage,
2027,March,Tripura,Male,43.64,value in Percentage,
2027,March,Tripura,Female,43.74,value in Percentage,
2027,March,Telangana,Total,50.52,value in Percentage,
2027,March,Telangana,Male,50.61,value in Percentage,
2027,March,Telangana,Female,50.44,value in Percentage,
2027,March,Tamil Nadu,Total,55.48,value in Percentage,
2027,March,Tamil Nadu,Male,55.67,value in Percentage,
2027,March,Tamil Nadu,Female,55.28,value in Percentage,
2027,March,Sikkim,Total,57.17,value in Percentage,
2027,March,Sikkim,Male,56.79,value in Percentage,
2027,March,Sikkim,Female,57.63,value in Percentage,
2027,March,Rajasthan,Total,27.18,value in Percentage,
2027,March,Rajasthan,Male,27.78,value in Percentage,
2027,March,Rajasthan,Female,26.55,value in Percentage,
2027,March,Punjab,Total,43.28,value in Percentage,
2027,March,Punjab,Male,44.04,value in Percentage,
2027,March,Punjab,Female,42.45,value in Percentage,
2027,March,Puducherry,Total,70.75,value in Percentage,
2027,March,Puducherry,Male,73.69,value in Percentage,
2027,March,Puducherry,Female,68.15,value in Percentage,
2027,March,Odisha,Total,19.57,value in Percentage,
2027,March,Odisha,Male,20.16,value in Percentage,
2027,March,Odisha,Female,18.96,value in Percentage,
2027,March,Nagaland,Total,51.59,value in Percentage,
2027,March,Nagaland,Male,52.50,value in Percentage,
2027,March,Nagaland,Female,50.64,value in Percentage,
2027,March,Mizoram,Total,55.99,value in Percentage,
2027,March,Mizoram,Male,55.67,value in Percentage,
2027,March,Mizoram,Female,56.31,value in Percentage,
2027,March,Meghalaya,Total,20.85,value in Percentage,
2027,March,Meghalaya,Male,20.84,value in Percentage,
2027,March,Meghalaya,Female,20.86,value in Percentage,
2027,March,Manipur,Total,33.50,value in Percentage,
2027,March,Manipur,Male,33.00,value in Percentage,
2027,March,Manipur,Female,33.99,value in Percentage,
2027,March,Maharashtra,Total,49.62,value in Percentage,
2027,March,Maharashtra,Male,50.10,value in Percentage,
2027,March,Maharashtra,Female,49.10,value in Percentage,
2027,March,Madhya Pradesh,Total,29.43,value in Percentage,
2027,March,Madhya Pradesh,Male,29.82,value in Percentage,
2027,March,Madhya Pradesh,Female,29.01,value in Percentage,
2027,March,Lakshadweep,Total,100.0,value in Percentage,
2027,March,Lakshadweep,Male,100.0,value in Percentage,
2027,March,Lakshadweep,Female,100.0,value in Percentage,
2027,March,Ladakh,Total,33.93,value in Percentage,
2027,March,Ladakh,Male,39.90,value in Percentage,
2027,March,Ladakh,Female,26.42,value in Percentage,
2027,March,Kerala,Total,83.27,value in Percentage,
2027,March,Kerala,Male,82.89,value in Percentage,
2027,March,Kerala,Female,83.63,value in Percentage,
2027,March,Karnataka,Total,46.33,value in Percentage,
2027,March,Karnataka,Male,46.53,value in Percentage,
2027,March,Karnataka,Female,46.14,value in Percentage,
2027,March,Jharkhand,Total,26.86,value in Percentage,
2027,March,Jharkhand,Male,27.53,value in Percentage,
2027,March,Jharkhand,Female,26.16,value in Percentage,
2027,March,Jammu and Kashmir,Total,31.57,value in Percentage,
2027,March,Jammu and Kashmir,Male,32.77,value in Percentage,
2027,March,Jammu and Kashmir,Female,30.28,value in Percentage,
2027,March,Himachal Pradesh,Total,10.40,value in Percentage,
2027,March,Himachal Pradesh,Male,11.07,value in Percentage,
2027,March,Himachal Pradesh,Female,9.71,value in Percentage,
2027,March,Haryana,Total,44.42,value in Percentage,
2027,March,Haryana,Male,44.95,value in Percentage,
2027,March,Haryana,Female,43.84,value in Percentage,
2027,March,Gujarat,Total,50.69,value in Percentage,
2027,March,Gujarat,Male,51.30,value in Percentage,
2027,March,Gujarat,Female,50.01,value in Percentage,
2027,March,Goa,Total,79.91,value in Percentage,
2027,March,Goa,Male,81.24,value in Percentage,
2027,March,Goa,Female,78.56,value in Percentage,
2027,March,Delhi,Total,99.86,value in Percentage,
2027,March,Delhi,Male,100.0,value in Percentage,
2027,March,Delhi,Female,98.85,value in Percentage,
2027,March,Daman and Diu,Total,97.66,value in Percentage,
2027,March,Daman and Diu,Male,97.66,value in Percentage,
2027,March,Daman and Diu,Female,97.66,value in Percentage,
2027,March,Dadra and Nagar Haveli,Total,74.32,value in Percentage,
2027,March,Dadra and Nagar Haveli,Male,70.95,value in Percentage,
2027,March,Dadra and Nagar Haveli,Female,79.89,value in Percentage,
2027,March,Chhattisgarh,Total,28.40,value in Percentage,
2027,March,Chhattisgarh,Male,28.95,value in Percentage,
2027,March,Chhattisgarh,Female,27.84,value in Percentage,
2027,March,Chandigarh,Total,100.0,value in Percentage,
2027,March,Chandigarh,Male,100.0,value in Percentage,
2027,March,Chandigarh,Female,100.0,value in Percentage,
2027,March,Bihar,Total,12.59,value in Percentage,
2027,March,Bihar,Male,12.81,value in Percentage,
2027,March,Bihar,Female,12.36,value in Percentage,
2027,March,Assam,Total,16.05,value in Percentage,
2027,March,Assam,Male,16.23,value in Percentage,
2027,March,Assam,Female,15.86,value in Percentage,
2027,March,Arunachal Pradesh,Total,26.53,value in Percentage,
2027,March,Arunachal Pradesh,Male,27.35,value in Percentage,
2027,March,Arunachal Pradesh,Female,25.66,value in Percentage,
2027,March,Andhra Pradesh,Total,38.93,value in Percentage,
2027,March,Andhra Pradesh,Male,39.22,value in Percentage,
2027,March,Andhra Pradesh,Female,38.63,value in Percentage,
2027,March,Andaman and Nicobar Islands,Total,46.44,value in Percentage,
2027,March,Andaman and Nicobar Islands,Male,47.11,value in Percentage,
2027,March,Andaman and Nicobar Islands,Female,45.70,value in Percentage,
2027,March,All India,Total,36.32,value in Percentage,
2027,March,All India,Male,36.68,value in Percentage,
2027,March,All India,Female,35.95,value in Percentage,
2027,July,West Bengal,Total,38.62,value in Percentage,
2027,July,West Bengal,Male,39.05,value in Percentage,
2027,July,West Bengal,Female,38.17,value in Percentage,
2027,July,Uttarakhand,Total,37.92,value in Percentage,
2027,July,Uttarakhand,Male,39.23,value in Percentage,
2027,July,Uttarakhand,Female,36.54,value in Percentage,
2027,July,Uttar Pradesh,Total,24.65,value in Percentage,
2027,July,Uttar Pradesh,Male,25.03,value in Percentage,
2027,July,Uttar Pradesh,Female,24.23,value in Percentage,
2027,July,Tripura,Total,44.10,value in Percentage,
2027,July,Tripura,Male,44.05,value in Percentage,
2027,July,Tripura,Female,44.15,value in Percentage,
2027,July,Telangana,Total,50.78,value in Percentage,
2027,July,Telangana,Male,50.88,value in Percentage,
2027,July,Telangana,Female,50.69,value in Percentage,
2027,July,Tamil Nadu,Total,55.63,value in Percentage,
2027,July,Tamil Nadu,Male,55.83,value in Percentage,
2027,July,Tamil Nadu,Female,55.42,value in Percentage,
2027,July,Sikkim,Total,57.90,value in Percentage,
2027,July,Sikkim,Male,57.52,value in Percentage,
2027,July,Sikkim,Female,58.35,value in Percentage,
2027,July,Rajasthan,Total,27.23,value in Percentage,
2027,July,Rajasthan,Male,27.84,value in Percentage,
2027,July,Rajasthan,Female,26.58,value in Percentage,
2027,July,Punjab,Total,43.40,value in Percentage,
2027,July,Punjab,Male,44.17,value in Percentage,
2027,July,Punjab,Female,42.56,value in Percentage,
2027,July,Puducherry,Total,70.80,value in Percentage,
2027,July,Puducherry,Male,73.82,value in Percentage,
2027,July,Puducherry,Female,68.12,value in Percentage,
2027,July,Odisha,Total,19.63,value in Percentage,
2027,July,Odisha,Male,20.23,value in Percentage,
2027,July,Odisha,Female,19.02,value in Percentage,
2027,July,Nagaland,Total,52.11,value in Percentage,
2027,July,Nagaland,Male,53.03,value in Percentage,
2027,July,Nagaland,Female,51.14,value in Percentage,
2027,July,Mizoram,Total,56.09,value in Percentage,
2027,July,Mizoram,Male,55.77,value in Percentage,
2027,July,Mizoram,Female,56.41,value in Percentage,
2027,July,Meghalaya,Total,20.88,value in Percentage,
2027,July,Meghalaya,Male,20.86,value in Percentage,
2027,July,Meghalaya,Female,20.89,value in Percentage,
2027,July,Manipur,Total,33.61,value in Percentage,
2027,July,Manipur,Male,33.11,value in Percentage,
2027,July,Manipur,Female,34.10,value in Percentage,
2027,July,Maharashtra,Total,49.71,value in Percentage,
2027,July,Maharashtra,Male,50.19,value in Percentage,
2027,July,Maharashtra,Female,49.19,value in Percentage,
2027,July,Madhya Pradesh,Total,29.46,value in Percentage,
2027,July,Madhya Pradesh,Male,29.87,value in Percentage,
2027,July,Madhya Pradesh,Female,29.04,value in Percentage,
2027,July,Lakshadweep,Total,100.0,value in Percentage,
2027,July,Lakshadweep,Male,100.0,value in Percentage,
2027,July,Lakshadweep,Female,100.0,value in Percentage,
2027,July,Ladakh,Total,34.21,value in Percentage,
2027,July,Ladakh,Male,40.25,value in Percentage,
2027,July,Ladakh,Female,26.62,value in Percentage,
2027,July,Kerala,Total,83.88,value in Percentage,
2027,July,Kerala,Male,83.49,value in Percentage,
2027,July,Kerala,Female,84.25,value in Percentage,
2027,July,Karnataka,Total,46.50,value in Percentage,
2027,July,Karnataka,Male,46.69,value in Percentage,
2027,July,Karnataka,Female,46.30,value in Percentage,
2027,July,Jharkhand,Total,26.92,value in Percentage,
2027,July,Jharkhand,Male,27.59,value in Percentage,
2027,July,Jharkhand,Female,26.21,value in Percentage,
2027,July,Jammu and Kashmir,Total,31.66,value in Percentage,
2027,July,Jammu and Kashmir,Male,32.87,value in Percentage,
2027,July,Jammu and Kashmir,Female,30.35,value in Percentage,
2027,July,Himachal Pradesh,Total,10.41,value in Percentage,
2027,July,Himachal Pradesh,Male,11.08,value in Percentage,
2027,July,Himachal Pradesh,Female,9.72,value in Percentage,
2027,July,Haryana,Total,44.62,value in Percentage,
2027,July,Haryana,Male,45.16,value in Percentage,
2027,July,Haryana,Female,44.02,value in Percentage,
2027,July,Gujarat,Total,50.85,value in Percentage,
2027,July,Gujarat,Male,51.46,value in Percentage,
2027,July,Gujarat,Female,50.17,value in Percentage,
2027,July,Goa,Total,80.25,value in Percentage,
2027,July,Goa,Male,81.60,value in Percentage,
2027,July,Goa,Female,78.89,value in Percentage,
2027,July,Delhi,Total,99.88,value in Percentage,
2027,July,Delhi,Male,100.0,value in Percentage,
2027,July,Delhi,Female,98.83,value in Percentage,
2027,July,Daman and Diu,Total,97.76,value in Percentage,
2027,July,Daman and Diu,Male,97.76,value in Percentage,
2027,July,Daman and Diu,Female,97.76,value in Percentage,
2027,July,Dadra and Nagar Haveli,Total,74.65,value in Percentage,
2027,July,Dadra and Nagar Haveli,Male,71.07,value in Percentage,
2027,July,Dadra and Nagar Haveli,Female,80.61,value in Percentage,
2027,July,Chhattisgarh,Total,28.50,value in Percentage,
2027,July,Chhattisgarh,Male,29.06,value in Percentage,
2027,July,Chhattisgarh,Female,27.94,value in Percentage,
2027,July,Chandigarh,Total,100.0,value in Percentage,
2027,July,Chandigarh,Male,100.0,value in Percentage,
2027,July,Chandigarh,Female,100.0,value in Percentage,
2027,July,Bihar,Total,12.62,value in Percentage,
2027,July,Bihar,Male,12.84,value in Percentage,
2027,July,Bihar,Female,12.38,value in Percentage,
2027,July,Assam,Total,16.09,value in Percentage,
2027,July,Assam,Male,16.28,value in Percentage,
2027,July,Assam,Female,15.90,value in Percentage,
2027,July,Arunachal Pradesh,Total,26.62,value in Percentage,
2027,July,Arunachal Pradesh,Male,27.45,value in Percentage,
2027,July,Arunachal Pradesh,Female,25.75,value in Percentage,
2027,July,Andhra Pradesh,Total,39.13,value in Percentage,
2027,July,Andhra Pradesh,Male,39.43,value in Percentage,
2027,July,Andhra Pradesh,Female,38.84,value in Percentage,
2027,July,Andaman and Nicobar Islands,Total,46.57,value in Percentage,
2027,July,Andaman and Nicobar Islands,Male,47.25,value in Percentage,
2027,July,Andaman and Nicobar Islands,Female,45.82,value in Percentage,
2027,July,All India,Total,36.42,value in Percentage,
2027,July,All India,Male,36.78,value in Percentage,
2027,July,All India,Female,36.04,value in Percentage,
2026,October,West Bengal,Total,38.30,value in Percentage,
2026,October,West Bengal,Male,38.71,value in Percentage,
2026,October,West Bengal,Female,37.87,value in Percentage,
2026,October,Uttarakhand,Total,37.57,value in Percentage,
2026,October,Uttarakhand,Male,38.87,value in Percentage,
2026,October,Uttarakhand,Female,36.20,value in Percentage,
2026,October,Uttar Pradesh,Total,24.54,value in Percentage,
2026,October,Uttar Pradesh,Male,24.92,value in Percentage,
2026,October,Uttar Pradesh,Female,24.13,value in Percentage,
2026,October,Tripura,Total,43.25,value in Percentage,
2026,October,Tripura,Male,43.19,value in Percentage,
2026,October,Tripura,Female,43.31,value in Percentage,
2026,October,Telangana,Total,50.23,value in Percentage,
2026,October,Telangana,Male,50.31,value in Percentage,
2026,October,Telangana,Female,50.15,value in Percentage,
2026,October,Tamil Nadu,Total,55.29,value in Percentage,
2026,October,Tamil Nadu,Male,55.47,value in Percentage,
2026,October,Tamil Nadu,Female,55.10,value in Percentage,
2026,October,Sikkim,Total,56.41,value in Percentage,
2026,October,Sikkim,Male,56.01,value in Percentage,
2026,October,Sikkim,Female,56.86,value in Percentage,
2026,October,Rajasthan,Total,27.12,value in Percentage,
2026,October,Rajasthan,Male,27.71,value in Percentage,
2026,October,Rajasthan,Female,26.51,value in Percentage,
2026,October,Punjab,Total,43.13,value in Percentage,
2026,October,Punjab,Male,43.88,value in Percentage,
2026,October,Punjab,Female,42.31,value in Percentage,
2026,October,Puducherry,Total,70.70,value in Percentage,
2026,October,Puducherry,Male,73.53,value in Percentage,
2026,October,Puducherry,Female,68.19,value in Percentage,
2026,October,Odisha,Total,19.49,value in Percentage,
2026,October,Odisha,Male,20.08,value in Percentage,
2026,October,Odisha,Female,18.89,value in Percentage,
2026,October,Nagaland,Total,51.02,value in Percentage,
2026,October,Nagaland,Male,51.90,value in Percentage,
2026,October,Nagaland,Female,50.09,value in Percentage,
2026,October,Mizoram,Total,55.92,value in Percentage,
2026,October,Mizoram,Male,55.58,value in Percentage,
2026,October,Mizoram,Female,56.26,value in Percentage,
2026,October,Meghalaya,Total,20.84,value in Percentage,
2026,October,Meghalaya,Male,20.82,value in Percentage,
2026,October,Meghalaya,Female,20.85,value in Percentage,
2026,October,Manipur,Total,33.40,value in Percentage,
2026,October,Manipur,Male,32.90,value in Percentage,
2026,October,Manipur,Female,33.91,value in Percentage,
2026,October,Maharashtra,Total,49.51,value in Percentage,
2026,October,Maharashtra,Male,49.99,value in Percentage,
2026,October,Maharashtra,Female,48.98,value in Percentage,
2026,October,Madhya Pradesh,Total,29.38,value in Percentage,
2026,October,Madhya Pradesh,Male,29.77,value in Percentage,
2026,October,Madhya Pradesh,Female,28.97,value in Percentage,
2026,October,Lakshadweep,Total,100.0,value in Percentage,
2026,October,Lakshadweep,Male,100.0,value in Percentage,
2026,October,Lakshadweep,Female,100.0,value in Percentage,
2026,October,Ladakh,Total,33.58,value in Percentage,
2026,October,Ladakh,Male,39.47,value in Percentage,
2026,October,Ladakh,Female,26.17,value in Percentage,
2026,October,Kerala,Total,82.49,value in Percentage,
2026,October,Kerala,Male,82.10,value in Percentage,
2026,October,Kerala,Female,82.84,value in Percentage,
2026,October,Karnataka,Total,46.13,value in Percentage,
2026,October,Karnataka,Male,46.32,value in Percentage,
2026,October,Karnataka,Female,45.94,value in Percentage,
2026,October,Jharkhand,Total,26.79,value in Percentage,
2026,October,Jharkhand,Male,27.45,value in Percentage,
2026,October,Jharkhand,Female,26.10,value in Percentage,
2026,October,Jammu and Kashmir,Total,31.47,value in Percentage,
2026,October,Jammu and Kashmir,Male,32.64,value in Percentage,
2026,October,Jammu and Kashmir,Female,30.18,value in Percentage,
2026,October,Himachal Pradesh,Total,10.39,value in Percentage,
2026,October,Himachal Pradesh,Male,11.06,value in Percentage,
2026,October,Himachal Pradesh,Female,9.70,value in Percentage,
2026,October,Haryana,Total,44.18,value in Percentage,
2026,October,Haryana,Male,44.69,value in Percentage,
2026,October,Haryana,Female,43.62,value in Percentage,
2026,October,Gujarat,Total,50.49,value in Percentage,
2026,October,Gujarat,Male,51.10,value in Percentage,
2026,October,Gujarat,Female,49.81,value in Percentage,
2026,October,Goa,Total,79.51,value in Percentage,
2026,October,Goa,Male,80.81,value in Percentage,
2026,October,Goa,Female,78.18,value in Percentage,
2026,October,Delhi,Total,99.84,value in Percentage,
2026,October,Delhi,Male,100.0,value in Percentage,
2026,October,Delhi,Female,98.87,value in Percentage,
2026,October,Daman and Diu,Total,97.51,value in Percentage,
2026,October,Daman and Diu,Male,97.51,value in Percentage,
2026,October,Daman and Diu,Female,97.50,value in Percentage,
2026,October,Dadra and Nagar Haveli,Total,73.94,value in Percentage,
2026,October,Dadra and Nagar Haveli,Male,70.84,value in Percentage,
2026,October,Dadra and Nagar Haveli,Female,79.00,value in Percentage,
2026,October,Chhattisgarh,Total,28.26,value in Percentage,
2026,October,Chhattisgarh,Male,28.82,value in Percentage,
2026,October,Chhattisgarh,Female,27.71,value in Percentage,
2026,October,Chandigarh,Total,100.0,value in Percentage,
2026,October,Chandigarh,Male,100.0,value in Percentage,
2026,October,Chandigarh,Female,100.0,value in Percentage,
2026,October,Bihar,Total,12.56,value in Percentage,
2026,October,Bihar,Male,12.78,value in Percentage,
2026,October,Bihar,Female,12.33,value in Percentage,
2026,October,Assam,Total,16.00,value in Percentage,
2026,October,Assam,Male,16.18,value in Percentage,
2026,October,Assam,Female,15.81,value in Percentage,
2026,October,Arunachal Pradesh,Total,26.45,value in Percentage,
2026,October,Arunachal Pradesh,Male,27.27,value in Percentage,
2026,October,Arunachal Pradesh,Female,25.59,value in Percentage,
2026,October,Andhra Pradesh,Total,38.67,value in Percentage,
2026,October,Andhra Pradesh,Male,38.96,value in Percentage,
2026,October,Andhra Pradesh,Female,38.38,value in Percentage,
2026,October,Andaman and Nicobar Islands,Total,46.17,value in Percentage,
2026,October,Andaman and Nicobar Islands,Male,46.83,value in Percentage,
2026,October,Andaman and Nicobar Islands,Female,45.44,value in Percentage,
2026,October,All India,Total,36.18,value in Percentage,
2026,October,All India,Male,36.53,value in Percentage,
2026,October,All India,Female,35.82,value in Percentage,
2026,March,West Bengal,Total,38.05,value in Percentage,
2026,March,West Bengal,Male,38.44,value in Percentage,
2026,March,West Bengal,Female,37.64,value in Percentage,
2026,March,Uttarakhand,Total,37.30,value in Percentage,
2026,March,Uttarakhand,Male,38.59,value in Percentage,
2026,March,Uttarakhand,Female,35.93,value in Percentage,
2026,March,Uttar Pradesh,Total,24.46,value in Percentage,
2026,March,Uttar Pradesh,Male,24.82,value in Percentage,
2026,March,Uttar Pradesh,Female,24.06,value in Percentage,
2026,March,Tripura,Total,42.56,value in Percentage,
2026,March,Tripura,Male,42.49,value in Percentage,
2026,March,Tripura,Female,42.63,value in Percentage,
2026,March,Telangana,Total,49.78,value in Percentage,
2026,March,Telangana,Male,49.85,value in Percentage,
2026,March,Telangana,Female,49.71,value in Percentage,
2026,March,Tamil Nadu,Total,55.02,value in Percentage,
2026,March,Tamil Nadu,Male,55.19,value in Percentage,
2026,March,Tamil Nadu,Female,54.86,value in Percentage,
2026,March,Sikkim,Total,55.23,value in Percentage,
2026,March,Sikkim,Male,54.84,value in Percentage,
2026,March,Sikkim,Female,55.69,value in Percentage,
2026,March,Rajasthan,Total,27.04,value in Percentage,
2026,March,Rajasthan,Male,27.60,value in Percentage,
2026,March,Rajasthan,Female,26.44,value in Percentage,
2026,March,Punjab,Total,42.92,value in Percentage,
2026,March,Punjab,Male,43.65,value in Percentage,
2026,March,Punjab,Female,42.11,value in Percentage,
2026,March,Puducherry,Total,70.63,value in Percentage,
2026,March,Puducherry,Male,73.29,value in Percentage,
2026,March,Puducherry,Female,68.25,value in Percentage,
2026,March,Odisha,Total,19.38,value in Percentage,
2026,March,Odisha,Male,19.96,value in Percentage,
2026,March,Odisha,Female,18.79,value in Percentage,
2026,March,Nagaland,Total,50.13,value in Percentage,
2026,March,Nagaland,Male,50.98,value in Percentage,
2026,March,Nagaland,Female,49.23,value in Percentage,
2026,March,Mizoram,Total,55.73,value in Percentage,
2026,March,Mizoram,Male,55.38,value in Percentage,
2026,March,Mizoram,Female,56.08,value in Percentage,
2026,March,Meghalaya,Total,20.78,value in Percentage,
2026,March,Meghalaya,Male,20.76,value in Percentage,
2026,March,Meghalaya,Female,20.81,value in Percentage,
2026,March,Manipur,Total,33.22,value in Percentage,
2026,March,Manipur,Male,32.71,value in Percentage,
2026,March,Manipur,Female,33.73,value in Percentage,
2026,March,Maharashtra,Total,49.35,value in Percentage,
2026,March,Maharashtra,Male,49.83,value in Percentage,
2026,March,Maharashtra,Female,48.82,value in Percentage,
2026,March,Madhya Pradesh,Total,29.32,value in Percentage,
2026,March,Madhya Pradesh,Male,29.70,value in Percentage,
2026,March,Madhya Pradesh,Female,28.92,value in Percentage,
2026,March,Lakshadweep,Total,100.0,value in Percentage,
2026,March,Lakshadweep,Male,100.0,value in Percentage,
2026,March,Lakshadweep,Female,100.0,value in Percentage,
2026,March,Ladakh,Total,33.09,value in Percentage,
2026,March,Ladakh,Male,38.85,value in Percentage,
2026,March,Ladakh,Female,25.82,value in Percentage,
2026,March,Kerala,Total,81.38,value in Percentage,
2026,March,Kerala,Male,81.01,value in Percentage,
2026,March,Kerala,Female,81.72,value in Percentage,
2026,March,Karnataka,Total,45.85,value in Percentage,
2026,March,Karnataka,Male,46.04,value in Percentage,
2026,March,Karnataka,Female,45.66,value in Percentage,
2026,March,Jharkhand,Total,26.69,value in Percentage,
2026,March,Jharkhand,Male,27.34,value in Percentage,
2026,March,Jharkhand,Female,26.01,value in Percentage,
2026,March,Jammu and Kashmir,Total,31.31,value in Percentage,
2026,March,Jammu and Kashmir,Male,32.46,value in Percentage,
2026,March,Jammu and Kashmir,Female,30.05,value in Percentage,
2026,March,Himachal Pradesh,Total,10.38,value in Percentage,
2026,March,Himachal Pradesh,Male,11.05,value in Percentage,
2026,March,Himachal Pradesh,Female,9.70,value in Percentage,
2026,March,Haryana,Total,43.84,value in Percentage,
2026,March,Haryana,Male,44.33,value in Percentage,
2026,March,Haryana,Female,43.31,value in Percentage,
2026,March,Gujarat,Total,50.20,value in Percentage,
2026,March,Gujarat,Male,50.82,value in Percentage,
2026,March,Gujarat,Female,49.52,value in Percentage,
2026,March,Goa,Total,78.94,value in Percentage,
2026,March,Goa,Male,80.22,value in Percentage,
2026,March,Goa,Female,77.65,value in Percentage,
2026,March,Delhi,Total,99.80,value in Percentage,
2026,March,Delhi,Male,100.0,value in Percentage,
2026,March,Delhi,Female,98.89,value in Percentage,
2026,March,Daman and Diu,Total,97.28,value in Percentage,
2026,March,Daman and Diu,Male,97.28,value in Percentage,
2026,March,Daman and Diu,Female,97.28,value in Percentage,
2026,March,Dadra and Nagar Haveli,Total,73.35,value in Percentage,
2026,March,Dadra and Nagar Haveli,Male,70.67,value in Percentage,
2026,March,Dadra and Nagar Haveli,Female,77.67,value in Percentage,
2026,March,Chhattisgarh,Total,28.08,value in Percentage,
2026,March,Chhattisgarh,Male,28.63,value in Percentage,
2026,March,Chhattisgarh,Female,27.53,value in Percentage,
2026,March,Chandigarh,Total,100.0,value in Percentage,
2026,March,Chandigarh,Male,100.0,value in Percentage,
2026,March,Chandigarh,Female,100.0,value in Percentage,
2026,March,Bihar,Total,12.52,value in Percentage,
2026,March,Bihar,Male,12.73,value in Percentage,
2026,March,Bihar,Female,12.29,value in Percentage,
2026,March,Assam,Total,15.93,value in Percentage,
2026,March,Assam,Male,16.10,value in Percentage,
2026,March,Assam,Female,15.74,value in Percentage,
2026,March,Arunachal Pradesh,Total,26.30,value in Percentage,
2026,March,Arunachal Pradesh,Male,27.11,value in Percentage,
2026,March,Arunachal Pradesh,Female,25.46,value in Percentage,
2026,March,Andhra Pradesh,Total,38.30,value in Percentage,
2026,March,Andhra Pradesh,Male,38.58,value in Percentage,
2026,March,Andhra Pradesh,Female,38.03,value in Percentage,
2026,March,Andaman and Nicobar Islands,Total,45.80,value in Percentage,
2026,March,Andaman and Nicobar Islands,Male,46.43,value in Percentage,
2026,March,Andaman and Nicobar Islands,Female,45.09,value in Percentage,
2026,March,All India,Total,36.01,value in Percentage,
2026,March,All India,Male,36.35,value in Percentage,
2026,March,All India,Female,35.65,value in Percentage,
2026,July,West Bengal,Total,38.19,value in Percentage,
2026,July,West Bengal,Male,38.59,value in Percentage,
2026,July,West Bengal,Female,37.77,value in Percentage,
2026,July,Uttarakhand,Total,37.45,value in Percentage,
2026,July,Uttarakhand,Male,38.75,value in Percentage,
2026,July,Uttarakhand,Female,36.09,value in Percentage,
2026,July,Uttar Pradesh,Total,24.50,value in Percentage,
2026,July,Uttar Pradesh,Male,24.88,value in Percentage,
2026,July,Uttar Pradesh,Female,24.10,value in Percentage,
2026,July,Tripura,Total,42.97,value in Percentage,
2026,July,Tripura,Male,42.90,value in Percentage,
2026,July,Tripura,Female,43.03,value in Percentage,
2026,July,Telangana,Total,50.04,value in Percentage,
2026,July,Telangana,Male,50.12,value in Percentage,
2026,July,Telangana,Female,49.97,value in Percentage,
2026,July,Tamil Nadu,Total,55.17,value in Percentage,
2026,July,Tamil Nadu,Male,55.35,value in Percentage,
2026,July,Tamil Nadu,Female,55.00,value in Percentage,
2026,July,Sikkim,Total,55.92,value in Percentage,
2026,July,Sikkim,Male,55.53,value in Percentage,
2026,July,Sikkim,Female,56.38,value in Percentage,
2026,July,Rajasthan,Total,27.09,value in Percentage,
2026,July,Rajasthan,Male,27.66,value in Percentage,
2026,July,Rajasthan,Female,26.48,value in Percentage,
2026,July,Punjab,Total,43.04,value in Percentage,
2026,July,Punjab,Male,43.78,value in Percentage,
2026,July,Punjab,Female,42.22,value in Percentage,
2026,July,Puducherry,Total,70.67,value in Percentage,
2026,July,Puducherry,Male,73.43,value in Percentage,
2026,July,Puducherry,Female,68.22,value in Percentage,
2026,July,Odisha,Total,19.44,value in Percentage,
2026,July,Odisha,Male,20.03,value in Percentage,
2026,July,Odisha,Female,18.85,value in Percentage,
2026,July,Nagaland,Total,50.65,value in Percentage,
2026,July,Nagaland,Male,51.52,value in Percentage,
2026,July,Nagaland,Female,49.74,value in Percentage,
2026,July,Mizoram,Total,55.86,value in Percentage,
2026,July,Mizoram,Male,55.51,value in Percentage,
2026,July,Mizoram,Female,56.20,value in Percentage,
2026,July,Meghalaya,Total,20.82,value in Percentage,
2026,July,Meghalaya,Male,20.80,value in Percentage,
2026,July,Meghalaya,Female,20.84,value in Percentage,
2026,July,Manipur,Total,33.34,value in Percentage,
2026,July,Manipur,Male,32.83,value in Percentage,
2026,July,Manipur,Female,33.84,value in Percentage,
2026,July,Maharashtra,Total,49.44,value in Percentage,
2026,July,Maharashtra,Male,49.92,value in Percentage,
2026,July,Maharashtra,Female,48.92,value in Percentage,
2026,July,Madhya Pradesh,Total,29.36,value in Percentage,
2026,July,Madhya Pradesh,Male,29.74,value in Percentage,
2026,July,Madhya Pradesh,Female,28.95,value in Percentage,
2026,July,Lakshadweep,Total,100.0,value in Percentage,
2026,July,Lakshadweep,Male,100.0,value in Percentage,
2026,July,Lakshadweep,Female,100.0,value in Percentage,
2026,July,Ladakh,Total,33.37,value in Percentage,
2026,July,Ladakh,Male,39.20,value in Percentage,
2026,July,Ladakh,Female,26.02,value in Percentage,
2026,July,Kerala,Total,82.01,value in Percentage,
2026,July,Kerala,Male,81.64,value in Percentage,
2026,July,Kerala,Female,82.36,value in Percentage,
2026,July,Karnataka,Total,46.01,value in Percentage,
2026,July,Karnataka,Male,46.20,value in Percentage,
2026,July,Karnataka,Female,45.82,value in Percentage,
2026,July,Jharkhand,Total,26.75,value in Percentage,
2026,July,Jharkhand,Male,27.40,value in Percentage,
2026,July,Jharkhand,Female,26.06,value in Percentage,
2026,July,Jammu and Kashmir,Total,31.40,value in Percentage,
2026,July,Jammu and Kashmir,Male,32.56,value in Percentage,
2026,July,Jammu and Kashmir,Female,30.13,value in Percentage,
2026,July,Himachal Pradesh,Total,10.39,value in Percentage,
2026,July,Himachal Pradesh,Male,11.06,value in Percentage,
2026,July,Himachal Pradesh,Female,9.70,value in Percentage,
2026,July,Haryana,Total,44.04,value in Percentage,
2026,July,Haryana,Male,44.53,value in Percentage,
2026,July,Haryana,Female,43.49,value in Percentage,
2026,July,Gujarat,Total,50.36,value in Percentage,
2026,July,Gujarat,Male,50.98,value in Percentage,
2026,July,Gujarat,Female,49.68,value in Percentage,
2026,July,Goa,Total,79.26,value in Percentage,
2026,July,Goa,Male,80.56,value in Percentage,
2026,July,Goa,Female,77.96,value in Percentage,
2026,July,Delhi,Total,99.82,value in Percentage,
2026,July,Delhi,Male,100.0,value in Percentage,
2026,July,Delhi,Female,98.88,value in Percentage,
2026,July,Daman and Diu,Total,97.42,value in Percentage,
2026,July,Daman and Diu,Male,97.42,value in Percentage,
2026,July,Daman and Diu,Female,97.41,value in Percentage,
2026,July,Dadra and Nagar Haveli,Total,73.69,value in Percentage,
2026,July,Dadra and Nagar Haveli,Male,70.77,value in Percentage,
2026,July,Dadra and Nagar Haveli,Female,78.44,value in Percentage,
2026,July,Chhattisgarh,Total,28.18,value in Percentage,
2026,July,Chhattisgarh,Male,28.73,value in Percentage,
2026,July,Chhattisgarh,Female,27.63,value in Percentage,
2026,July,Chandigarh,Total,100.0,value in Percentage,
2026,July,Chandigarh,Male,100.0,value in Percentage,
2026,July,Chandigarh,Female,100.0,value in Percentage,
2026,July,Bihar,Total,12.54,value in Percentage,
2026,July,Bihar,Male,12.75,value in Percentage,
2026,July,Bihar,Female,12.31,value in Percentage,
2026,July,Assam,Total,15.97,value in Percentage,
2026,July,Assam,Male,16.15,value in Percentage,
2026,July,Assam,Female,15.78,value in Percentage,
2026,July,Arunachal Pradesh,Total,26.40,value in Percentage,
2026,July,Arunachal Pradesh,Male,27.21,value in Percentage,
2026,July,Arunachal Pradesh,Female,25.54,value in Percentage,
2026,July,Andhra Pradesh,Total,38.51,value in Percentage,
2026,July,Andhra Pradesh,Male,38.80,value in Percentage,
2026,July,Andhra Pradesh,Female,38.23,value in Percentage,
2026,July,Andaman and Nicobar Islands,Total,46.01,value in Percentage,
2026,July,Andaman and Nicobar Islands,Male,46.66,value in Percentage,
2026,July,Andaman and Nicobar Islands,Female,45.29,value in Percentage,
2026,July,All India,Total,36.11,value in Percentage,
2026,July,All India,Male,36.45,value in Percentage,
2026,July,All India,Female,35.74,value in Percentage,
2025,October,West Bengal,Total,37.87,value in Percentage,
2025,October,West Bengal,Male,38.26,value in Percentage,
2025,October,West Bengal,Female,37.48,value in Percentage,
2025,October,Uttarakhand,Total,37.10,value in Percentage,
2025,October,Uttarakhand,Male,38.40,value in Percentage,
2025,October,Uttarakhand,Female,35.74,value in Percentage,
2025,October,Uttar Pradesh,Total,24.40,value in Percentage,
2025,October,Uttar Pradesh,Male,24.76,value in Percentage,
2025,October,Uttar Pradesh,Female,24.00,value in Percentage,
2025,October,Tripura,Total,42.13,value in Percentage,
2025,October,Tripura,Male,42.06,value in Percentage,
2025,October,Tripura,Female,42.21,value in Percentage,
2025,October,Telangana,Total,49.49,value in Percentage,
2025,October,Telangana,Male,49.56,value in Percentage,
2025,October,Telangana,Female,49.43,value in Percentage,
2025,October,Tamil Nadu,Total,54.84,value in Percentage,
2025,October,Tamil Nadu,Male,55.00,value in Percentage,
2025,October,Tamil Nadu,Female,54.68,value in Percentage,
2025,October,Sikkim,Total,54.41,value in Percentage,
2025,October,Sikkim,Male,54.01,value in Percentage,
2025,October,Sikkim,Female,54.88,value in Percentage,
2025,October,Rajasthan,Total,26.98,value in Percentage,
2025,October,Rajasthan,Male,27.53,value in Percentage,
2025,October,Rajasthan,Female,26.40,value in Percentage,
2025,October,Punjab,Total,42.77,value in Percentage,
2025,October,Punjab,Male,43.49,value in Percentage,
2025,October,Punjab,Female,41.97,value in Percentage,
2025,October,Puducherry,Total,70.56,value in Percentage,
2025,October,Puducherry,Male,73.14,value in Percentage,
2025,October,Puducherry,Female,68.25,value in Percentage,
2025,October,Odisha,Total,19.30,value in Percentage,
2025,October,Odisha,Male,19.88,value in Percentage,
2025,October,Odisha,Female,18.72,value in Percentage,
2025,October,Nagaland,Total,49.57,value in Percentage,
2025,October,Nagaland,Male,50.40,value in Percentage,
2025,October,Nagaland,Female,48.69,value in Percentage,
2025,October,Mizoram,Total,55.68,value in Percentage,
2025,October,Mizoram,Male,55.33,value in Percentage,
2025,October,Mizoram,Female,56.04,value in Percentage,
2025,October,Meghalaya,Total,20.78,value in Percentage,
2025,October,Meghalaya,Male,20.75,value in Percentage,
2025,October,Meghalaya,Female,20.81,value in Percentage,
2025,October,Manipur,Total,33.14,value in Percentage,
2025,October,Manipur,Male,32.63,value in Percentage,
2025,October,Manipur,Female,33.65,value in Percentage,
2025,October,Maharashtra,Total,49.23,value in Percentage,
2025,October,Maharashtra,Male,49.72,value in Percentage,
2025,October,Maharashtra,Female,48.71,value in Percentage,
2025,October,Madhya Pradesh,Total,29.28,value in Percentage,
2025,October,Madhya Pradesh,Male,29.65,value in Percentage,
2025,October,Madhya Pradesh,Female,28.88,value in Percentage,
2025,October,Lakshadweep,Total,100.0,value in Percentage,
2025,October,Lakshadweep,Male,100.0,value in Percentage,
2025,October,Lakshadweep,Female,100.0,value in Percentage,
2025,October,Ladakh,Total,32.76,value in Percentage,
2025,October,Ladakh,Male,38.44,value in Percentage,
2025,October,Ladakh,Female,25.57,value in Percentage,
2025,October,Kerala,Total,80.57,value in Percentage,
2025,October,Kerala,Male,80.20,value in Percentage,
2025,October,Kerala,Female,80.90,value in Percentage,
2025,October,Karnataka,Total,45.65,value in Percentage,
2025,October,Karnataka,Male,45.84,value in Percentage,
2025,October,Karnataka,Female,45.46,value in Percentage,
2025,October,Jharkhand,Total,26.62,value in Percentage,
2025,October,Jharkhand,Male,27.26,value in Percentage,
2025,October,Jharkhand,Female,25.95,value in Percentage,
2025,October,Jammu and Kashmir,Total,31.20,value in Percentage,
2025,October,Jammu and Kashmir,Male,32.34,value in Percentage,
2025,October,Jammu and Kashmir,Female,29.96,value in Percentage,
2025,October,Himachal Pradesh,Total,10.37,value in Percentage,
2025,October,Himachal Pradesh,Male,11.04,value in Percentage,
2025,October,Himachal Pradesh,Female,9.68,value in Percentage,
2025,October,Haryana,Total,43.60,value in Percentage,
2025,October,Haryana,Male,44.07,value in Percentage,
2025,October,Haryana,Female,43.08,value in Percentage,
2025,October,Gujarat,Total,50.00,value in Percentage,
2025,October,Gujarat,Male,50.62,value in Percentage,
2025,October,Gujarat,Female,49.31,value in Percentage,
2025,October,Goa,Total,78.50,value in Percentage,
2025,October,Goa,Male,79.76,value in Percentage,
2025,October,Goa,Female,77.24,value in Percentage,
2025,October,Delhi,Total,99.77,value in Percentage,
2025,October,Delhi,Male,100.0,value in Percentage,
2025,October,Delhi,Female,98.89,value in Percentage,
2025,October,Daman and Diu,Total,97.03,value in Percentage,
2025,October,Daman and Diu,Male,97.03,value in Percentage,
2025,October,Daman and Diu,Female,97.03,value in Percentage,
2025,October,Dadra and Nagar Haveli,Total,72.91,value in Percentage,
2025,October,Dadra and Nagar Haveli,Male,70.39,value in Percentage,
2025,October,Dadra and Nagar Haveli,Female,76.96,value in Percentage,
2025,October,Chhattisgarh,Total,27.94,value in Percentage,
2025,October,Chhattisgarh,Male,28.49,value in Percentage,
2025,October,Chhattisgarh,Female,27.40,value in Percentage,
2025,October,Chandigarh,Total,100.0,value in Percentage,
2025,October,Chandigarh,Male,100.0,value in Percentage,
2025,October,Chandigarh,Female,100.0,value in Percentage,
2025,October,Bihar,Total,12.48,value in Percentage,
2025,October,Bihar,Male,12.69,value in Percentage,
2025,October,Bihar,Female,12.26,value in Percentage,
2025,October,Assam,Total,15.88,value in Percentage,
2025,October,Assam,Male,16.05,value in Percentage,
2025,October,Assam,Female,15.70,value in Percentage,
2025,October,Arunachal Pradesh,Total,26.24,value in Percentage,
2025,October,Arunachal Pradesh,Male,27.04,value in Percentage,
2025,October,Arunachal Pradesh,Female,25.40,value in Percentage,
2025,October,Andhra Pradesh,Total,38.05,value in Percentage,
2025,October,Andhra Pradesh,Male,38.32,value in Percentage,
2025,October,Andhra Pradesh,Female,37.78,value in Percentage,
2025,October,Andaman and Nicobar Islands,Total,45.54,value in Percentage,
2025,October,Andaman and Nicobar Islands,Male,46.16,value in Percentage,
2025,October,Andaman and Nicobar Islands,Female,44.85,value in Percentage,
2025,October,All India,Total,35.87,value in Percentage,
2025,October,All India,Male,36.21,value in Percentage,
2025,October,All India,Female,35.52,value in Percentage,
2025,March,West Bengal,Total,37.63,value in Percentage,
2025,March,West Bengal,Male,37.99,value in Percentage,
2025,March,West Bengal,Female,37.24,value in Percentage,
2025,March,Uttarakhand,Total,36.83,value in Percentage,
2025,March,Uttarakhand,Male,38.12,value in Percentage,
2025,March,Uttarakhand,Female,35.47,value in Percentage,
2025,March,Uttar Pradesh,Total,24.31,value in Percentage,
2025,March,Uttar Pradesh,Male,24.67,value in Percentage,
2025,March,Uttar Pradesh,Female,23.93,value in Percentage,
2025,March,Tripura,Total,41.45,value in Percentage,
2025,March,Tripura,Male,41.37,value in Percentage,
2025,March,Tripura,Female,41.53,value in Percentage,
2025,March,Telangana,Total,49.04,value in Percentage,
2025,March,Telangana,Male,49.10,value in Percentage,
2025,March,Telangana,Female,48.98,value in Percentage,
2025,March,Tamil Nadu,Total,54.57,value in Percentage,
2025,March,Tamil Nadu,Male,54.72,value in Percentage,
2025,March,Tamil Nadu,Female,54.43,value in Percentage,
2025,March,Sikkim,Total,53.16,value in Percentage,
2025,March,Sikkim,Male,52.76,value in Percentage,
2025,March,Sikkim,Female,53.62,value in Percentage,
2025,March,Rajasthan,Total,26.90,value in Percentage,
2025,March,Rajasthan,Male,27.43,value in Percentage,
2025,March,Rajasthan,Female,26.33,value in Percentage,
2025,March,Punjab,Total,42.55,value in Percentage,
2025,March,Punjab,Male,43.26,value in Percentage,
2025,March,Punjab,Female,41.77,value in Percentage,
2025,March,Puducherry,Total,70.47,value in Percentage,
2025,March,Puducherry,Male,72.93,value in Percentage,
2025,March,Puducherry,Female,68.26,value in Percentage,
2025,March,Odisha,Total,19.19,value in Percentage,
2025,March,Odisha,Male,19.76,value in Percentage,
2025,March,Odisha,Female,18.62,value in Percentage,
2025,March,Nagaland,Total,48.69,value in Percentage,
2025,March,Nagaland,Male,49.50,value in Percentage,
2025,March,Nagaland,Female,47.83,value in Percentage,
2025,March,Mizoram,Total,55.52,value in Percentage,
2025,March,Mizoram,Male,55.15,value in Percentage,
2025,March,Mizoram,Female,55.88,value in Percentage,
2025,March,Meghalaya,Total,20.74,value in Percentage,
2025,March,Meghalaya,Male,20.70,value in Percentage,
2025,March,Meghalaya,Female,20.77,value in Percentage,
2025,March,Manipur,Total,32.97,value in Percentage,
2025,March,Manipur,Male,32.45,value in Percentage,
2025,March,Manipur,Female,33.48,value in Percentage,
2025,March,Maharashtra,Total,49.07,value in Percentage,
2025,March,Maharashtra,Male,49.56,value in Percentage,
2025,March,Maharashtra,Female,48.55,value in Percentage,
2025,March,Madhya Pradesh,Total,29.21,value in Percentage,
2025,March,Madhya Pradesh,Male,29.58,value in Percentage,
2025,March,Madhya Pradesh,Female,28.83,value in Percentage,
2025,March,Lakshadweep,Total,99.63,value in Percentage,
2025,March,Lakshadweep,Male,99.70,value in Percentage,
2025,March,Lakshadweep,Female,99.56,value in Percentage,
2025,March,Ladakh,Total,32.28,value in Percentage,
2025,March,Ladakh,Male,37.85,value in Percentage,
2025,March,Ladakh,Female,25.23,value in Percentage,
2025,March,Kerala,Total,79.42,value in Percentage,
2025,March,Kerala,Male,79.07,value in Percentage,
2025,March,Kerala,Female,79.75,value in Percentage,
2025,March,Karnataka,Total,45.37,value in Percentage,
2025,March,Karnataka,Male,45.56,value in Percentage,
2025,March,Karnataka,Female,45.18,value in Percentage,
2025,March,Jharkhand,Total,26.52,value in Percentage,
2025,March,Jharkhand,Male,27.16,value in Percentage,
2025,March,Jharkhand,Female,25.85,value in Percentage,
2025,March,Jammu and Kashmir,Total,31.05,value in Percentage,
2025,March,Jammu and Kashmir,Male,32.17,value in Percentage,
2025,March,Jammu and Kashmir,Female,29.83,value in Percentage,
2025,March,Himachal Pradesh,Total,10.35,value in Percentage,
2025,March,Himachal Pradesh,Male,11.02,value in Percentage,
2025,March,Himachal Pradesh,Female,9.67,value in Percentage,
2025,March,Haryana,Total,43.26,value in Percentage,
2025,March,Haryana,Male,43.71,value in Percentage,
2025,March,Haryana,Female,42.76,value in Percentage,
2025,March,Gujarat,Total,49.71,value in Percentage,
2025,March,Gujarat,Male,50.34,value in Percentage,
2025,March,Gujarat,Female,49.02,value in Percentage,
2025,March,Goa,Total,77.89,value in Percentage,
2025,March,Goa,Male,79.11,value in Percentage,
2025,March,Goa,Female,76.65,value in Percentage,
2025,March,Delhi,Total,99.73,value in Percentage,
2025,March,Delhi,Male,100.0,value in Percentage,
2025,March,Delhi,Female,98.89,value in Percentage,
2025,March,Daman and Diu,Total,96.66,value in Percentage,
2025,March,Daman and Diu,Male,96.66,value in Percentage,
2025,March,Daman and Diu,Female,96.66,value in Percentage,
2025,March,Dadra and Nagar Haveli,Total,72.26,value in Percentage,
2025,March,Dadra and Nagar Haveli,Male,69.96,value in Percentage,
2025,March,Dadra and Nagar Haveli,Female,75.91,value in Percentage,
2025,March,Chhattisgarh,Total,27.76,value in Percentage,
2025,March,Chhattisgarh,Male,28.30,value in Percentage,
2025,March,Chhattisgarh,Female,27.21,value in Percentage,
2025,March,Chandigarh,Total,100.0,value in Percentage,
2025,March,Chandigarh,Male,100.0,value in Percentage,
2025,March,Chandigarh,Female,100.0,value in Percentage,
2025,March,Bihar,Total,12.44,value in Percentage,
2025,March,Bihar,Male,12.64,value in Percentage,
2025,March,Bihar,Female,12.22,value in Percentage,
2025,March,Assam,Total,15.80,value in Percentage,
2025,March,Assam,Male,15.97,value in Percentage,
2025,March,Assam,Female,15.63,value in Percentage,
2025,March,Arunachal Pradesh,Total,26.10,value in Percentage,
2025,March,Arunachal Pradesh,Male,26.89,value in Percentage,
2025,March,Arunachal Pradesh,Female,25.27,value in Percentage,
2025,March,Andhra Pradesh,Total,37.69,value in Percentage,
2025,March,Andhra Pradesh,Male,37.96,value in Percentage,
2025,March,Andhra Pradesh,Female,37.42,value in Percentage,
2025,March,Andaman and Nicobar Islands,Total,45.18,value in Percentage,
2025,March,Andaman and Nicobar Islands,Male,45.79,value in Percentage,
2025,March,Andaman and Nicobar Islands,Female,44.52,value in Percentage,
2025,March,All India,Total,35.70,value in Percentage,
2025,March,All India,Male,36.03,value in Percentage,
2025,March,All India,Female,35.35,value in Percentage,
2025,July,West Bengal,Total,37.77,value in Percentage,
2025,July,West Bengal,Male,38.14,value in Percentage,
2025,July,West Bengal,Female,37.38,value in Percentage,
2025,July,Uttarakhand,Total,36.99,value in Percentage,
2025,July,Uttarakhand,Male,38.28,value in Percentage,
2025,July,Uttarakhand,Female,35.63,value in Percentage,
2025,July,Uttar Pradesh,Total,24.36,value in Percentage,
2025,July,Uttar Pradesh,Male,24.72,value in Percentage,
2025,July,Uttar Pradesh,Female,23.97,value in Percentage,
2025,July,Tripura,Total,41.85,value in Percentage,
2025,July,Tripura,Male,41.77,value in Percentage,
2025,July,Tripura,Female,41.93,value in Percentage,
2025,July,Telangana,Total,49.31,value in Percentage,
2025,July,Telangana,Male,49.37,value in Percentage,
2025,July,Telangana,Female,49.25,value in Percentage,
2025,July,Tamil Nadu,Total,54.72,value in Percentage,
2025,July,Tamil Nadu,Male,54.88,value in Percentage,
2025,July,Tamil Nadu,Female,54.57,value in Percentage,
2025,July,Sikkim,Total,53.89,value in Percentage,
2025,July,Sikkim,Male,53.49,value in Percentage,
2025,July,Sikkim,Female,54.36,value in Percentage,
2025,July,Rajasthan,Total,26.94,value in Percentage,
2025,July,Rajasthan,Male,27.49,value in Percentage,
2025,July,Rajasthan,Female,26.37,value in Percentage,
2025,July,Punjab,Total,42.67,value in Percentage,
2025,July,Punjab,Male,43.39,value in Percentage,
2025,July,Punjab,Female,41.88,value in Percentage,
2025,July,Puducherry,Total,70.52,value in Percentage,
2025,July,Puducherry,Male,73.05,value in Percentage,
2025,July,Puducherry,Female,68.26,value in Percentage,
2025,July,Odisha,Total,19.26,value in Percentage,
2025,July,Odisha,Male,19.83,value in Percentage,
2025,July,Odisha,Female,18.68,value in Percentage,
2025,July,Nagaland,Total,49.21,value in Percentage,
2025,July,Nagaland,Male,50.03,value in Percentage,
2025,July,Nagaland,Female,48.34,value in Percentage,
2025,July,Mizoram,Total,55.63,value in Percentage,
2025,July,Mizoram,Male,55.27,value in Percentage,
2025,July,Mizoram,Female,55.99,value in Percentage,
2025,July,Meghalaya,Total,20.77,value in Percentage,
2025,July,Meghalaya,Male,20.74,value in Percentage,
2025,July,Meghalaya,Female,20.80,value in Percentage,
2025,July,Manipur,Total,33.08,value in Percentage,
2025,July,Manipur,Male,32.56,value in Percentage,
2025,July,Manipur,Female,33.59,value in Percentage,
2025,July,Maharashtra,Total,49.17,value in Percentage,
2025,July,Maharashtra,Male,49.65,value in Percentage,
2025,July,Maharashtra,Female,48.64,value in Percentage,
2025,July,Madhya Pradesh,Total,29.25,value in Percentage,
2025,July,Madhya Pradesh,Male,29.62,value in Percentage,
2025,July,Madhya Pradesh,Female,28.86,value in Percentage,
2025,July,Lakshadweep,Total,100.0,value in Percentage,
2025,July,Lakshadweep,Male,100.0,value in Percentage,
2025,July,Lakshadweep,Female,100.0,value in Percentage,
2025,July,Ladakh,Total,32.55,value in Percentage,
2025,July,Ladakh,Male,38.18,value in Percentage,
2025,July,Ladakh,Female,25.43,value in Percentage,
2025,July,Kerala,Total,80.08,value in Percentage,
2025,July,Kerala,Male,79.72,value in Percentage,
2025,July,Kerala,Female,80.41,value in Percentage,
2025,July,Karnataka,Total,45.53,value in Percentage,
2025,July,Karnataka,Male,45.72,value in Percentage,
2025,July,Karnataka,Female,45.34,value in Percentage,
2025,July,Jharkhand,Total,26.58,value in Percentage,
2025,July,Jharkhand,Male,27.22,value in Percentage,
2025,July,Jharkhand,Female,25.91,value in Percentage,
2025,July,Jammu and Kashmir,Total,31.14,value in Percentage,
2025,July,Jammu and Kashmir,Male,32.27,value in Percentage,
2025,July,Jammu and Kashmir,Female,29.90,value in Percentage,
2025,July,Himachal Pradesh,Total,10.36,value in Percentage,
2025,July,Himachal Pradesh,Male,11.03,value in Percentage,
2025,July,Himachal Pradesh,Female,9.68,value in Percentage,
2025,July,Haryana,Total,43.46,value in Percentage,
2025,July,Haryana,Male,43.92,value in Percentage,
2025,July,Haryana,Female,42.95,value in Percentage,
2025,July,Gujarat,Total,49.88,value in Percentage,
2025,July,Gujarat,Male,50.50,value in Percentage,
2025,July,Gujarat,Female,49.19,value in Percentage,
2025,July,Goa,Total,78.24,value in Percentage,
2025,July,Goa,Male,79.48,value in Percentage,
2025,July,Goa,Female,76.99,value in Percentage,
2025,July,Delhi,Total,99.76,value in Percentage,
2025,July,Delhi,Male,100.0,value in Percentage,
2025,July,Delhi,Female,98.89,value in Percentage,
2025,July,Daman and Diu,Total,96.88,value in Percentage,
2025,July,Daman and Diu,Male,96.88,value in Percentage,
2025,July,Daman and Diu,Female,96.87,value in Percentage,
2025,July,Dadra and Nagar Haveli,Total,72.64,value in Percentage,
2025,July,Dadra and Nagar Haveli,Male,70.21,value in Percentage,
2025,July,Dadra and Nagar Haveli,Female,76.52,value in Percentage,
2025,July,Chhattisgarh,Total,27.86,value in Percentage,
2025,July,Chhattisgarh,Male,28.41,value in Percentage,
2025,July,Chhattisgarh,Female,27.32,value in Percentage,
2025,July,Chandigarh,Total,100.0,value in Percentage,
2025,July,Chandigarh,Male,100.0,value in Percentage,
2025,July,Chandigarh,Female,100.0,value in Percentage,
2025,July,Bihar,Total,12.46,value in Percentage,
2025,July,Bihar,Male,12.67,value in Percentage,
2025,July,Bihar,Female,12.24,value in Percentage,
2025,July,Assam,Total,15.85,value in Percentage,
2025,July,Assam,Male,16.02,value in Percentage,
2025,July,Assam,Female,15.67,value in Percentage,
2025,July,Arunachal Pradesh,Total,26.19,value in Percentage,
2025,July,Arunachal Pradesh,Male,26.98,value in Percentage,
2025,July,Arunachal Pradesh,Female,25.35,value in Percentage,
2025,July,Andhra Pradesh,Total,37.90,value in Percentage,
2025,July,Andhra Pradesh,Male,38.17,value in Percentage,
2025,July,Andhra Pradesh,Female,37.63,value in Percentage,
2025,July,Andaman and Nicobar Islands,Total,45.39,value in Percentage,
2025,July,Andaman and Nicobar Islands,Male,46.00,value in Percentage,
2025,July,Andaman and Nicobar Islands,Female,44.71,value in Percentage,
2025,July,All India,Total,35.80,value in Percentage,
2025,July,All India,Male,36.13,value in Percentage,
2025,July,All India,Female,35.45,value in Percentage,
2024,October,West Bengal,Total,37.45,value in Percentage,
2024,October,West Bengal,Male,37.81,value in Percentage,
2024,October,West Bengal,Female,37.08,value in Percentage,
2024,October,Uttarakhand,Total,36.63,value in Percentage,
2024,October,Uttarakhand,Male,37.92,value in Percentage,
2024,October,Uttarakhand,Female,35.28,value in Percentage,
2024,October,Uttar Pradesh,Total,24.25,value in Percentage,
2024,October,Uttar Pradesh,Male,24.61,value in Percentage,
2024,October,Uttar Pradesh,Female,23.87,value in Percentage,
2024,October,Tripura,Total,41.01,value in Percentage,
2024,October,Tripura,Male,40.92,value in Percentage,
2024,October,Tripura,Female,41.10,value in Percentage,
2024,October,Telangana,Total,48.76,value in Percentage,
2024,October,Telangana,Male,48.81,value in Percentage,
2024,October,Telangana,Female,48.70,value in Percentage,
2024,October,Tamil Nadu,Total,54.39,value in Percentage,
2024,October,Tamil Nadu,Male,54.52,value in Percentage,
2024,October,Tamil Nadu,Female,54.25,value in Percentage,
2024,October,Sikkim,Total,52.32,value in Percentage,
2024,October,Sikkim,Male,51.92,value in Percentage,
2024,October,Sikkim,Female,52.79,value in Percentage,
2024,October,Rajasthan,Total,26.84,value in Percentage,
2024,October,Rajasthan,Male,27.36,value in Percentage,
2024,October,Rajasthan,Female,26.29,value in Percentage,
2024,October,Punjab,Total,42.40,value in Percentage,
2024,October,Punjab,Male,43.10,value in Percentage,
2024,October,Punjab,Female,41.63,value in Percentage,
2024,October,Puducherry,Total,70.43,value in Percentage,
2024,October,Puducherry,Male,72.80,value in Percentage,
2024,October,Puducherry,Female,68.29,value in Percentage,
2024,October,Odisha,Total,19.12,value in Percentage,
2024,October,Odisha,Male,19.68,value in Percentage,
2024,October,Odisha,Female,18.55,value in Percentage,
2024,October,Nagaland,Total,48.13,value in Percentage,
2024,October,Nagaland,Male,48.92,value in Percentage,
2024,October,Nagaland,Female,47.30,value in Percentage,
2024,October,Mizoram,Total,55.43,value in Percentage,
2024,October,Mizoram,Male,55.06,value in Percentage,
2024,October,Mizoram,Female,55.81,value in Percentage,
2024,October,Meghalaya,Total,20.73,value in Percentage,
2024,October,Meghalaya,Male,20.69,value in Percentage,
2024,October,Meghalaya,Female,20.76,value in Percentage,
2024,October,Manipur,Total,32.87,value in Percentage,
2024,October,Manipur,Male,32.35,value in Percentage,
2024,October,Manipur,Female,33.40,value in Percentage,
2024,October,Maharashtra,Total,48.96,value in Percentage,
2024,October,Maharashtra,Male,49.45,value in Percentage,
2024,October,Maharashtra,Female,48.43,value in Percentage,
2024,October,Madhya Pradesh,Total,29.17,value in Percentage,
2024,October,Madhya Pradesh,Male,29.52,value in Percentage,
2024,October,Madhya Pradesh,Female,28.79,value in Percentage,
2024,October,Lakshadweep,Total,99.79,value in Percentage,
2024,October,Lakshadweep,Male,99.85,value in Percentage,
2024,October,Lakshadweep,Female,99.72,value in Percentage,
2024,October,Ladakh,Total,32.08,value in Percentage,
2024,October,Ladakh,Male,37.59,value in Percentage,
2024,October,Ladakh,Female,25.09,value in Percentage,
2024,October,Kerala,Total,78.58,value in Percentage,
2024,October,Kerala,Male,78.23,value in Percentage,
2024,October,Kerala,Female,78.90,value in Percentage,
2024,October,Karnataka,Total,45.17,value in Percentage,
2024,October,Karnataka,Male,45.36,value in Percentage,
2024,October,Karnataka,Female,44.98,value in Percentage,
2024,October,Jharkhand,Total,26.45,value in Percentage,
2024,October,Jharkhand,Male,27.08,value in Percentage,
2024,October,Jharkhand,Female,25.79,value in Percentage,
2024,October,Jammu and Kashmir,Total,30.95,value in Percentage,
2024,October,Jammu and Kashmir,Male,32.05,value in Percentage,
2024,October,Jammu and Kashmir,Female,29.74,value in Percentage,
2024,October,Himachal Pradesh,Total,10.35,value in Percentage,
2024,October,Himachal Pradesh,Male,11.01,value in Percentage,
2024,October,Himachal Pradesh,Female,9.66,value in Percentage,
2024,October,Haryana,Total,43.02,value in Percentage,
2024,October,Haryana,Male,43.45,value in Percentage,
2024,October,Haryana,Female,42.54,value in Percentage,
2024,October,Gujarat,Total,49.51,value in Percentage,
2024,October,Gujarat,Male,50.14,value in Percentage,
2024,October,Gujarat,Female,48.81,value in Percentage,
2024,October,Goa,Total,77.45,value in Percentage,
2024,October,Goa,Male,78.65,value in Percentage,
2024,October,Goa,Female,76.24,value in Percentage,
2024,October,Delhi,Total,99.70,value in Percentage,
2024,October,Delhi,Male,100.0,value in Percentage,
2024,October,Delhi,Female,98.90,value in Percentage,
2024,October,Daman and Diu,Total,96.44,value in Percentage,
2024,October,Daman and Diu,Male,96.44,value in Percentage,
2024,October,Daman and Diu,Female,96.44,value in Percentage,
2024,October,Dadra and Nagar Haveli,Total,71.77,value in Percentage,
2024,October,Dadra and Nagar Haveli,Male,69.64,value in Percentage,
2024,October,Dadra and Nagar Haveli,Female,75.13,value in Percentage,
2024,October,Chhattisgarh,Total,27.63,value in Percentage,
2024,October,Chhattisgarh,Male,28.16,value in Percentage,
2024,October,Chhattisgarh,Female,27.09,value in Percentage,
2024,October,Chandigarh,Total,100.0,value in Percentage,
2024,October,Chandigarh,Male,100.0,value in Percentage,
2024,October,Chandigarh,Female,100.0,value in Percentage,
2024,October,Bihar,Total,12.40,value in Percentage,
2024,October,Bihar,Male,12.61,value in Percentage,
2024,October,Bihar,Female,12.19,value in Percentage,
2024,October,Assam,Total,15.75,value in Percentage,
2024,October,Assam,Male,15.92,value in Percentage,
2024,October,Assam,Female,15.58,value in Percentage,
2024,October,Arunachal Pradesh,Total,26.03,value in Percentage,
2024,October,Arunachal Pradesh,Male,26.81,value in Percentage,
2024,October,Arunachal Pradesh,Female,25.21,value in Percentage,
2024,October,Andhra Pradesh,Total,37.44,value in Percentage,
2024,October,Andhra Pradesh,Male,37.70,value in Percentage,
2024,October,Andhra Pradesh,Female,37.18,value in Percentage,
2024,October,Andaman and Nicobar Islands,Total,44.93,value in Percentage,
2024,October,Andaman and Nicobar Islands,Male,45.52,value in Percentage,
2024,October,Andaman and Nicobar Islands,Female,44.27,value in Percentage,
2024,October,All India,Total,35.56,value in Percentage,
2024,October,All India,Male,35.88,value in Percentage,
2024,October,All India,Female,35.22,value in Percentage,
2024,March,West Bengal,Total,37.21,value in Percentage,
2024,March,West Bengal,Male,37.55,value in Percentage,
2024,March,West Bengal,Female,36.85,value in Percentage,
2024,March,Uttarakhand,Total,36.36,value in Percentage,
2024,March,Uttarakhand,Male,37.64,value in Percentage,
2024,March,Uttarakhand,Female,35.01,value in Percentage,
2024,March,Uttar Pradesh,Total,24.17,value in Percentage,
2024,March,Uttar Pradesh,Male,24.51,value in Percentage,
2024,March,Uttar Pradesh,Female,23.80,value in Percentage,
2024,March,Tripura,Total,40.32,value in Percentage,
2024,March,Tripura,Male,40.22,value in Percentage,
2024,March,Tripura,Female,40.42,value in Percentage,
2024,March,Telangana,Total,48.31,value in Percentage,
2024,March,Telangana,Male,48.36,value in Percentage,
2024,March,Telangana,Female,48.26,value in Percentage,
2024,March,Tamil Nadu,Total,54.13,value in Percentage,
2024,March,Tamil Nadu,Male,54.25,value in Percentage,
2024,March,Tamil Nadu,Female,54.01,value in Percentage,
2024,March,Sikkim,Total,51.05,value in Percentage,
2024,March,Sikkim,Male,50.65,value in Percentage,
2024,March,Sikkim,Female,51.52,value in Percentage,
2024,March,Rajasthan,Total,26.76,value in Percentage,
2024,March,Rajasthan,Male,27.26,value in Percentage,
2024,March,Rajasthan,Female,26.22,value in Percentage,
2024,March,Punjab,Total,42.19,value in Percentage,
2024,March,Punjab,Male,42.87,value in Percentage,
2024,March,Punjab,Female,41.43,value in Percentage,
2024,March,Puducherry,Total,70.36,value in Percentage,
2024,March,Puducherry,Male,72.61,value in Percentage,
2024,March,Puducherry,Female,68.33,value in Percentage,
2024,March,Odisha,Total,19.01,value in Percentage,
2024,March,Odisha,Male,19.57,value in Percentage,
2024,March,Odisha,Female,18.45,value in Percentage,
2024,March,Nagaland,Total,47.26,value in Percentage,
2024,March,Nagaland,Male,48.03,value in Percentage,
2024,March,Nagaland,Female,46.45,value in Percentage,
2024,March,Mizoram,Total,55.22,value in Percentage,
2024,March,Mizoram,Male,54.83,value in Percentage,
2024,March,Mizoram,Female,55.60,value in Percentage,
2024,March,Meghalaya,Total,20.69,value in Percentage,
2024,March,Meghalaya,Male,20.65,value in Percentage,
2024,March,Meghalaya,Female,20.72,value in Percentage,
2024,March,Manipur,Total,32.68,value in Percentage,
2024,March,Manipur,Male,32.16,value in Percentage,
2024,March,Manipur,Female,33.21,value in Percentage,
2024,March,Maharashtra,Total,48.80,value in Percentage,
2024,March,Maharashtra,Male,49.30,value in Percentage,
2024,March,Maharashtra,Female,48.27,value in Percentage,
2024,March,Madhya Pradesh,Total,29.10,value in Percentage,
2024,March,Madhya Pradesh,Male,29.45,value in Percentage,
2024,March,Madhya Pradesh,Female,28.73,value in Percentage,
2024,March,Lakshadweep,Total,100.0,value in Percentage,
2024,March,Lakshadweep,Male,100.08,value in Percentage,
2024,March,Lakshadweep,Female,99.95,value in Percentage,
2024,March,Ladakh,Total,31.80,value in Percentage,
2024,March,Ladakh,Male,37.22,value in Percentage,
2024,March,Ladakh,Female,24.89,value in Percentage,
2024,March,Kerala,Total,77.40,value in Percentage,
2024,March,Kerala,Male,77.06,value in Percentage,
2024,March,Kerala,Female,77.72,value in Percentage,
2024,March,Karnataka,Total,44.89,value in Percentage,
2024,March,Karnataka,Male,45.07,value in Percentage,
2024,March,Karnataka,Female,44.70,value in Percentage,
2024,March,Jharkhand,Total,26.35,value in Percentage,
2024,March,Jharkhand,Male,26.97,value in Percentage,
2024,March,Jharkhand,Female,25.70,value in Percentage,
2024,March,Jammu and Kashmir,Total,30.80,value in Percentage,
2024,March,Jammu and Kashmir,Male,31.88,value in Percentage,
2024,March,Jammu and Kashmir,Female,29.61,value in Percentage,
2024,March,Himachal Pradesh,Total,10.34,value in Percentage,
2024,March,Himachal Pradesh,Male,11.00,value in Percentage,
2024,March,Himachal Pradesh,Female,9.66,value in Percentage,
2024,March,Haryana,Total,42.68,value in Percentage,
2024,March,Haryana,Male,43.09,value in Percentage,
2024,March,Haryana,Female,42.22,value in Percentage,
2024,March,Gujarat,Total,49.22,value in Percentage,
2024,March,Gujarat,Male,49.86,value in Percentage,
2024,March,Gujarat,Female,48.51,value in Percentage,
2024,March,Goa,Total,76.83,value in Percentage,
2024,March,Goa,Male,78.00,value in Percentage,
2024,March,Goa,Female,75.65,value in Percentage,
2024,March,Delhi,Total,99.66,value in Percentage,
2024,March,Delhi,Male,100.0,value in Percentage,
2024,March,Delhi,Female,98.90,value in Percentage,
2024,March,Daman and Diu,Total,96.11,value in Percentage,
2024,March,Daman and Diu,Male,96.11,value in Percentage,
2024,March,Daman and Diu,Female,96.11,value in Percentage,
2024,March,Dadra and Nagar Haveli,Total,71.04,value in Percentage,
2024,March,Dadra and Nagar Haveli,Male,69.16,value in Percentage,
2024,March,Dadra and Nagar Haveli,Female,73.97,value in Percentage,
2024,March,Chhattisgarh,Total,27.44,value in Percentage,
2024,March,Chhattisgarh,Male,27.97,value in Percentage,
2024,March,Chhattisgarh,Female,26.90,value in Percentage,
2024,March,Chandigarh,Total,100.0,value in Percentage,
2024,March,Chandigarh,Male,100.0,value in Percentage,
2024,March,Chandigarh,Female,100.0,value in Percentage,
2024,March,Bihar,Total,12.36,value in Percentage,
2024,March,Bihar,Male,12.56,value in Percentage,
2024,March,Bihar,Female,12.15,value in Percentage,
2024,March,Assam,Total,15.68,value in Percentage,
2024,March,Assam,Male,15.84,value in Percentage,
2024,March,Assam,Female,15.51,value in Percentage,
2024,March,Arunachal Pradesh,Total,25.89,value in Percentage,
2024,March,Arunachal Pradesh,Male,26.66,value in Percentage,
2024,March,Arunachal Pradesh,Female,25.08,value in Percentage,
2024,March,Andhra Pradesh,Total,37.08,value in Percentage,
2024,March,Andhra Pradesh,Male,37.33,value in Percentage,
2024,March,Andhra Pradesh,Female,36.82,value in Percentage,
2024,March,Andaman and Nicobar Islands,Total,44.57,value in Percentage,
2024,March,Andaman and Nicobar Islands,Male,45.14,value in Percentage,
2024,March,Andaman and Nicobar Islands,Female,43.94,value in Percentage,
2024,March,All India,Total,35.39,value in Percentage,
2024,March,All India,Male,35.70,value in Percentage,
2024,March,All India,Female,35.05,value in Percentage,
2024,July,West Bengal,Total,37.35,value in Percentage,
2024,July,West Bengal,Male,37.70,value in Percentage,
2024,July,West Bengal,Female,36.98,value in Percentage,
2024,July,Uttarakhand,Total,36.52,value in Percentage,
2024,July,Uttarakhand,Male,37.80,value in Percentage,
2024,July,Uttarakhand,Female,35.16,value in Percentage,
2024,July,Uttar Pradesh,Total,24.22,value in Percentage,
2024,July,Uttar Pradesh,Male,24.57,value in Percentage,
2024,July,Uttar Pradesh,Female,23.84,value in Percentage,
2024,July,Tripura,Total,40.73,value in Percentage,
2024,July,Tripura,Male,40.63,value in Percentage,
2024,July,Tripura,Female,40.82,value in Percentage,
2024,July,Telangana,Total,48.57,value in Percentage,
2024,July,Telangana,Male,48.63,value in Percentage,
2024,July,Telangana,Female,48.52,value in Percentage,
2024,July,Tamil Nadu,Total,54.28,value in Percentage,
2024,July,Tamil Nadu,Male,54.41,value in Percentage,
2024,July,Tamil Nadu,Female,54.15,value in Percentage,
2024,July,Sikkim,Total,51.80,value in Percentage,
2024,July,Sikkim,Male,51.39,value in Percentage,
2024,July,Sikkim,Female,52.27,value in Percentage,
2024,July,Rajasthan,Total,26.80,value in Percentage,
2024,July,Rajasthan,Male,27.32,value in Percentage,
2024,July,Rajasthan,Female,26.26,value in Percentage,
2024,July,Punjab,Total,42.31,value in Percentage,
2024,July,Punjab,Male,43.00,value in Percentage,
2024,July,Punjab,Female,41.55,value in Percentage,
2024,July,Puducherry,Total,70.40,value in Percentage,
2024,July,Puducherry,Male,72.72,value in Percentage,
2024,July,Puducherry,Female,68.31,value in Percentage,
2024,July,Odisha,Total,19.07,value in Percentage,
2024,July,Odisha,Male,19.63,value in Percentage,
2024,July,Odisha,Female,18.51,value in Percentage,
2024,July,Nagaland,Total,47.78,value in Percentage,
2024,July,Nagaland,Male,48.56,value in Percentage,
2024,July,Nagaland,Female,46.95,value in Percentage,
2024,July,Mizoram,Total,55.36,value in Percentage,
2024,July,Mizoram,Male,54.98,value in Percentage,
2024,July,Mizoram,Female,55.74,value in Percentage,
2024,July,Meghalaya,Total,20.72,value in Percentage,
2024,July,Meghalaya,Male,20.68,value in Percentage,
2024,July,Meghalaya,Female,20.75,value in Percentage,
2024,July,Manipur,Total,32.80,value in Percentage,
2024,July,Manipur,Male,32.28,value in Percentage,
2024,July,Manipur,Female,33.33,value in Percentage,
2024,July,Maharashtra,Total,48.89,value in Percentage,
2024,July,Maharashtra,Male,49.38,value in Percentage,
2024,July,Maharashtra,Female,48.36,value in Percentage,
2024,July,Madhya Pradesh,Total,29.14,value in Percentage,
2024,July,Madhya Pradesh,Male,29.49,value in Percentage,
2024,July,Madhya Pradesh,Female,28.76,value in Percentage,
2024,July,Lakshadweep,Total,99.89,value in Percentage,
2024,July,Lakshadweep,Male,99.95,value in Percentage,
2024,July,Lakshadweep,Female,99.82,value in Percentage,
2024,July,Ladakh,Total,31.96,value in Percentage,
2024,July,Ladakh,Male,37.43,value in Percentage,
2024,July,Ladakh,Female,25.01,value in Percentage,
2024,July,Kerala,Total,78.08,value in Percentage,
2024,July,Kerala,Male,77.73,value in Percentage,
2024,July,Kerala,Female,78.40,value in Percentage,
2024,July,Karnataka,Total,45.05,value in Percentage,
2024,July,Karnataka,Male,45.24,value in Percentage,
2024,July,Karnataka,Female,44.86,value in Percentage,
2024,July,Jharkhand,Total,26.41,value in Percentage,
2024,July,Jharkhand,Male,27.03,value in Percentage,
2024,July,Jharkhand,Female,25.75,value in Percentage,
2024,July,Jammu and Kashmir,Total,30.89,value in Percentage,
2024,July,Jammu and Kashmir,Male,31.98,value in Percentage,
2024,July,Jammu and Kashmir,Female,29.69,value in Percentage,
2024,July,Himachal Pradesh,Total,10.34,value in Percentage,
2024,July,Himachal Pradesh,Male,11.01,value in Percentage,
2024,July,Himachal Pradesh,Female,9.66,value in Percentage,
2024,July,Haryana,Total,42.88,value in Percentage,
2024,July,Haryana,Male,43.30,value in Percentage,
2024,July,Haryana,Female,42.40,value in Percentage,
2024,July,Gujarat,Total,49.39,value in Percentage,
2024,July,Gujarat,Male,50.02,value in Percentage,
2024,July,Gujarat,Female,48.68,value in Percentage,
2024,July,Goa,Total,77.18,value in Percentage,
2024,July,Goa,Male,78.37,value in Percentage,
2024,July,Goa,Female,75.98,value in Percentage,
2024,July,Delhi,Total,99.68,value in Percentage,
2024,July,Delhi,Male,100.0,value in Percentage,
2024,July,Delhi,Female,98.90,value in Percentage,
2024,July,Daman and Diu,Total,96.30,value in Percentage,
2024,July,Daman and Diu,Male,96.30,value in Percentage,
2024,July,Daman and Diu,Female,96.30,value in Percentage,
2024,July,Dadra and Nagar Haveli,Total,71.46,value in Percentage,
2024,July,Dadra and Nagar Haveli,Male,69.44,value in Percentage,
2024,July,Dadra and Nagar Haveli,Female,74.64,value in Percentage,
2024,July,Chhattisgarh,Total,27.55,value in Percentage,
2024,July,Chhattisgarh,Male,28.08,value in Percentage,
2024,July,Chhattisgarh,Female,27.01,value in Percentage,
2024,July,Chandigarh,Total,100.0,value in Percentage,
2024,July,Chandigarh,Male,100.0,value in Percentage,
2024,July,Chandigarh,Female,100.0,value in Percentage,
2024,July,Bihar,Total,12.38,value in Percentage,
2024,July,Bihar,Male,12.58,value in Percentage,
2024,July,Bihar,Female,12.17,value in Percentage,
2024,July,Assam,Total,15.72,value in Percentage,
2024,July,Assam,Male,15.89,value in Percentage,
2024,July,Assam,Female,15.55,value in Percentage,
2024,July,Arunachal Pradesh,Total,25.98,value in Percentage,
2024,July,Arunachal Pradesh,Male,26.76,value in Percentage,
2024,July,Arunachal Pradesh,Female,25.16,value in Percentage,
2024,July,Andhra Pradesh,Total,37.28,value in Percentage,
2024,July,Andhra Pradesh,Male,37.54,value in Percentage,
2024,July,Andhra Pradesh,Female,37.03,value in Percentage,
2024,July,Andaman and Nicobar Islands,Total,44.77,value in Percentage,
2024,July,Andaman and Nicobar Islands,Male,45.35,value in Percentage,
2024,July,Andaman and Nicobar Islands,Female,44.13,value in Percentage,
2024,July,All India,Total,35.48,value in Percentage,
2024,July,All India,Male,35.80,value in Percentage,
2024,July,All India,Female,35.15,value in Percentage,
2023,October,West Bengal,Total,37.03,value in Percentage,
2023,October,West Bengal,Male,37.37,value in Percentage,
2023,October,West Bengal,Female,36.68,value in Percentage,
2023,October,Uttarakhand,Total,36.17,value in Percentage,
2023,October,Uttarakhand,Male,37.45,value in Percentage,
2023,October,Uttarakhand,Female,34.82,value in Percentage,
2023,October,Uttar Pradesh,Total,24.11,value in Percentage,
2023,October,Uttar Pradesh,Male,24.45,value in Percentage,
2023,October,Uttar Pradesh,Female,23.74,value in Percentage,
2023,October,Tripura,Total,39.88,value in Percentage,
2023,October,Tripura,Male,39.78,value in Percentage,
2023,October,Tripura,Female,39.99,value in Percentage,
2023,October,Telangana,Total,48.02,value in Percentage,
2023,October,Telangana,Male,48.07,value in Percentage,
2023,October,Telangana,Female,47.98,value in Percentage,
2023,October,Tamil Nadu,Total,53.94,value in Percentage,
2023,October,Tamil Nadu,Male,54.05,value in Percentage,
2023,October,Tamil Nadu,Female,53.83,value in Percentage,
2023,October,Sikkim,Total,50.26,value in Percentage,
2023,October,Sikkim,Male,49.85,value in Percentage,
2023,October,Sikkim,Female,50.73,value in Percentage,
2023,October,Rajasthan,Total,26.70,value in Percentage,
2023,October,Rajasthan,Male,27.19,value in Percentage,
2023,October,Rajasthan,Female,26.17,value in Percentage,
2023,October,Punjab,Total,42.04,value in Percentage,
2023,October,Punjab,Male,42.71,value in Percentage,
2023,October,Punjab,Female,41.29,value in Percentage,
2023,October,Puducherry,Total,70.29,value in Percentage,
2023,October,Puducherry,Male,72.45,value in Percentage,
2023,October,Puducherry,Female,68.34,value in Percentage,
2023,October,Odisha,Total,18.94,value in Percentage,
2023,October,Odisha,Male,19.49,value in Percentage,
2023,October,Odisha,Female,18.38,value in Percentage,
2023,October,Nagaland,Total,46.70,value in Percentage,
2023,October,Nagaland,Male,47.45,value in Percentage,
2023,October,Nagaland,Female,45.90,value in Percentage,
2023,October,Mizoram,Total,55.16,value in Percentage,
2023,October,Mizoram,Male,54.77,value in Percentage,
2023,October,Mizoram,Female,55.56,value in Percentage,
2023,October,Meghalaya,Total,20.68,value in Percentage,
2023,October,Meghalaya,Male,20.64,value in Percentage,
2023,October,Meghalaya,Female,20.72,value in Percentage,
2023,October,Manipur,Total,32.60,value in Percentage,
2023,October,Manipur,Male,32.07,value in Percentage,
2023,October,Manipur,Female,33.13,value in Percentage,
2023,October,Maharashtra,Total,48.69,value in Percentage,
2023,October,Maharashtra,Male,49.18,value in Percentage,
2023,October,Maharashtra,Female,48.15,value in Percentage,
2023,October,Madhya Pradesh,Total,29.06,value in Percentage,
2023,October,Madhya Pradesh,Male,29.40,value in Percentage,
2023,October,Madhya Pradesh,Female,28.69,value in Percentage,
2023,October,Lakshadweep,Total,99.57,value in Percentage,
2023,October,Lakshadweep,Male,99.63,value in Percentage,
2023,October,Lakshadweep,Female,99.50,value in Percentage,
2023,October,Ladakh,Total,31.45,value in Percentage,
2023,October,Ladakh,Male,36.80,value in Percentage,
2023,October,Ladakh,Female,24.64,value in Percentage,
2023,October,Kerala,Total,76.54,value in Percentage,
2023,October,Kerala,Male,76.20,value in Percentage,
2023,October,Kerala,Female,76.84,value in Percentage,
2023,October,Karnataka,Total,44.69,value in Percentage,
2023,October,Karnataka,Male,44.87,value in Percentage,
2023,October,Karnataka,Female,44.50,value in Percentage,
2023,October,Jharkhand,Total,26.28,value in Percentage,
2023,October,Jharkhand,Male,26.89,value in Percentage,
2023,October,Jharkhand,Female,25.63,value in Percentage,
2023,October,Jammu and Kashmir,Total,30.69,value in Percentage,
2023,October,Jammu and Kashmir,Male,31.76,value in Percentage,
2023,October,Jammu and Kashmir,Female,29.52,value in Percentage,
2023,October,Himachal Pradesh,Total,10.33,value in Percentage,
2023,October,Himachal Pradesh,Male,10.99,value in Percentage,
2023,October,Himachal Pradesh,Female,9.64,value in Percentage,
2023,October,Haryana,Total,42.44,value in Percentage,
2023,October,Haryana,Male,42.84,value in Percentage,
2023,October,Haryana,Female,41.99,value in Percentage,
2023,October,Gujarat,Total,49.02,value in Percentage,
2023,October,Gujarat,Male,49.67,value in Percentage,
2023,October,Gujarat,Female,48.30,value in Percentage,
2023,October,Goa,Total,76.41,value in Percentage,
2023,October,Goa,Male,77.55,value in Percentage,
2023,October,Goa,Female,75.25,value in Percentage,
2023,October,Delhi,Total,99.62,value in Percentage,
2023,October,Delhi,Male,100.0,value in Percentage,
2023,October,Delhi,Female,98.89,value in Percentage,
2023,October,Daman and Diu,Total,95.85,value in Percentage,
2023,October,Daman and Diu,Male,95.85,value in Percentage,
2023,October,Daman and Diu,Female,95.85,value in Percentage,
2023,October,Dadra and Nagar Haveli,Total,70.54,value in Percentage,
2023,October,Dadra and Nagar Haveli,Male,68.85,value in Percentage,
2023,October,Dadra and Nagar Haveli,Female,73.16,value in Percentage,
2023,October,Chhattisgarh,Total,27.31,value in Percentage,
2023,October,Chhattisgarh,Male,27.84,value in Percentage,
2023,October,Chhattisgarh,Female,26.77,value in Percentage,
2023,October,Chandigarh,Total,99.94,value in Percentage,
2023,October,Chandigarh,Male,100.0,value in Percentage,
2023,October,Chandigarh,Female,97.86,value in Percentage,
2023,October,Bihar,Total,12.33,value in Percentage,
2023,October,Bihar,Male,12.52,value in Percentage,
2023,October,Bihar,Female,12.12,value in Percentage,
2023,October,Assam,Total,15.63,value in Percentage,
2023,October,Assam,Male,15.79,value in Percentage,
2023,October,Assam,Female,15.47,value in Percentage,
2023,October,Arunachal Pradesh,Total,25.79,value in Percentage,
2023,October,Arunachal Pradesh,Male,26.56,value in Percentage,
2023,October,Arunachal Pradesh,Female,24.99,value in Percentage,
2023,October,Andhra Pradesh,Total,36.83,value in Percentage,
2023,October,Andhra Pradesh,Male,37.08,value in Percentage,
2023,October,Andhra Pradesh,Female,36.58,value in Percentage,
2023,October,Andaman and Nicobar Islands,Total,44.42,value in Percentage,
2023,October,Andaman and Nicobar Islands,Male,44.97,value in Percentage,
2023,October,Andaman and Nicobar Islands,Female,43.80,value in Percentage,
2023,October,All India,Total,35.25,value in Percentage,
2023,October,All India,Male,35.56,value in Percentage,
2023,October,All India,Female,34.92,value in Percentage,
2023,March,West Bengal,Total,36.79,value in Percentage,
2023,March,West Bengal,Male,37.11,value in Percentage,
2023,March,West Bengal,Female,36.45,value in Percentage,
2023,March,Uttarakhand,Total,35.90,value in Percentage,
2023,March,Uttarakhand,Male,37.17,value in Percentage,
2023,March,Uttarakhand,Female,34.55,value in Percentage,
2023,March,Uttar Pradesh,Total,24.03,value in Percentage,
2023,March,Uttar Pradesh,Male,24.36,value in Percentage,
2023,March,Uttar Pradesh,Female,23.66,value in Percentage,
2023,March,Tripura,Total,39.19,value in Percentage,
2023,March,Tripura,Male,39.08,value in Percentage,
2023,March,Tripura,Female,39.30,value in Percentage,
2023,March,Telangana,Total,47.57,value in Percentage,
2023,March,Telangana,Male,47.61,value in Percentage,
2023,March,Telangana,Female,47.53,value in Percentage,
2023,March,Tamil Nadu,Total,53.68,value in Percentage,
2023,March,Tamil Nadu,Male,53.78,value in Percentage,
2023,March,Tamil Nadu,Female,53.58,value in Percentage,
2023,March,Sikkim,Total,49.05,value in Percentage,
2023,March,Sikkim,Male,48.64,value in Percentage,
2023,March,Sikkim,Female,49.52,value in Percentage,
2023,March,Rajasthan,Total,26.61,value in Percentage,
2023,March,Rajasthan,Male,27.09,value in Percentage,
2023,March,Rajasthan,Female,26.11,value in Percentage,
2023,March,Punjab,Total,41.82,value in Percentage,
2023,March,Punjab,Male,42.48,value in Percentage,
2023,March,Punjab,Female,41.10,value in Percentage,
2023,March,Puducherry,Total,70.19,value in Percentage,
2023,March,Puducherry,Male,72.21,value in Percentage,
2023,March,Puducherry,Female,68.35,value in Percentage,
2023,March,Odisha,Total,18.83,value in Percentage,
2023,March,Odisha,Male,19.38,value in Percentage,
2023,March,Odisha,Female,18.28,value in Percentage,
2023,March,Nagaland,Total,45.81,value in Percentage,
2023,March,Nagaland,Male,46.54,value in Percentage,
2023,March,Nagaland,Female,45.04,value in Percentage,
2023,March,Mizoram,Total,54.99,value in Percentage,
2023,March,Mizoram,Male,54.59,value in Percentage,
2023,March,Mizoram,Female,55.40,value in Percentage,
2023,March,Meghalaya,Total,20.64,value in Percentage,
2023,March,Meghalaya,Male,20.59,value in Percentage,
2023,March,Meghalaya,Female,20.68,value in Percentage,
2023,March,Manipur,Total,32.42,value in Percentage,
2023,March,Manipur,Male,31.89,value in Percentage,
2023,March,Manipur,Female,32.96,value in Percentage,
2023,March,Maharashtra,Total,48.53,value in Percentage,
2023,March,Maharashtra,Male,49.03,value in Percentage,
2023,March,Maharashtra,Female,47.99,value in Percentage,
2023,March,Madhya Pradesh,Total,28.99,value in Percentage,
2023,March,Madhya Pradesh,Male,29.33,value in Percentage,
2023,March,Madhya Pradesh,Female,28.64,value in Percentage,
2023,March,Lakshadweep,Total,98.95,value in Percentage,
2023,March,Lakshadweep,Male,99.01,value in Percentage,
2023,March,Lakshadweep,Female,98.88,value in Percentage,
2023,March,Ladakh,Total,30.97,value in Percentage,
2023,March,Ladakh,Male,36.20,value in Percentage,
2023,March,Ladakh,Female,24.29,value in Percentage,
2023,March,Kerala,Total,75.32,value in Percentage,
2023,March,Kerala,Male,75.00,value in Percentage,
2023,March,Kerala,Female,75.62,value in Percentage,
2023,March,Karnataka,Total,44.41,value in Percentage,
2023,March,Karnataka,Male,44.59,value in Percentage,
2023,March,Karnataka,Female,44.22,value in Percentage,
2023,March,Jharkhand,Total,26.18,value in Percentage,
2023,March,Jharkhand,Male,26.78,value in Percentage,
2023,March,Jharkhand,Female,25.54,value in Percentage,
2023,March,Jammu and Kashmir,Total,30.54,value in Percentage,
2023,March,Jammu and Kashmir,Male,31.59,value in Percentage,
2023,March,Jammu and Kashmir,Female,29.39,value in Percentage,
2023,March,Himachal Pradesh,Total,10.31,value in Percentage,
2023,March,Himachal Pradesh,Male,10.97,value in Percentage,
2023,March,Himachal Pradesh,Female,9.63,value in Percentage,
2023,March,Haryana,Total,42.10,value in Percentage,
2023,March,Haryana,Male,42.47,value in Percentage,
2023,March,Haryana,Female,41.67,value in Percentage,
2023,March,Gujarat,Total,48.73,value in Percentage,
2023,March,Gujarat,Male,49.38,value in Percentage,
2023,March,Gujarat,Female,48.01,value in Percentage,
2023,March,Goa,Total,75.82,value in Percentage,
2023,March,Goa,Male,76.93,value in Percentage,
2023,March,Goa,Female,74.69,value in Percentage,
2023,March,Delhi,Total,99.57,value in Percentage,
2023,March,Delhi,Male,100.0,value in Percentage,
2023,March,Delhi,Female,98.88,value in Percentage,
2023,March,Daman and Diu,Total,95.46,value in Percentage,
2023,March,Daman and Diu,Male,95.46,value in Percentage,
2023,March,Daman and Diu,Female,95.46,value in Percentage,
2023,March,Dadra and Nagar Haveli,Total,69.79,value in Percentage,
2023,March,Dadra and Nagar Haveli,Male,68.39,value in Percentage,
2023,March,Dadra and Nagar Haveli,Female,71.97,value in Percentage,
2023,March,Chhattisgarh,Total,27.12,value in Percentage,
2023,March,Chhattisgarh,Male,27.64,value in Percentage,
2023,March,Chhattisgarh,Female,26.59,value in Percentage,
2023,March,Chandigarh,Total,99.89,value in Percentage,
2023,March,Chandigarh,Male,100.0,value in Percentage,
2023,March,Chandigarh,Female,97.91,value in Percentage,
2023,March,Bihar,Total,12.28,value in Percentage,
2023,March,Bihar,Male,12.47,value in Percentage,
2023,March,Bihar,Female,12.07,value in Percentage,
2023,March,Assam,Total,15.56,value in Percentage,
2023,March,Assam,Male,15.72,value in Percentage,
2023,March,Assam,Female,15.40,value in Percentage,
2023,March,Arunachal Pradesh,Total,25.61,value in Percentage,
2023,March,Arunachal Pradesh,Male,26.37,value in Percentage,
2023,March,Arunachal Pradesh,Female,24.82,value in Percentage,
2023,March,Andhra Pradesh,Total,36.47,value in Percentage,
2023,March,Andhra Pradesh,Male,36.71,value in Percentage,
2023,March,Andhra Pradesh,Female,36.23,value in Percentage,
2023,March,Andaman and Nicobar Islands,Total,44.20,value in Percentage,
2023,March,Andaman and Nicobar Islands,Male,44.73,value in Percentage,
2023,March,Andaman and Nicobar Islands,Female,43.60,value in Percentage,
2023,March,All India,Total,35.07,value in Percentage,
2023,March,All India,Male,35.37,value in Percentage,
2023,March,All India,Female,34.75,value in Percentage,
2023,July,West Bengal,Total,36.93,value in Percentage,
2023,July,West Bengal,Male,37.25,value in Percentage,
2023,July,West Bengal,Female,36.59,value in Percentage,
2023,July,Uttarakhand,Total,36.05,value in Percentage,
2023,July,Uttarakhand,Male,37.33,value in Percentage,
2023,July,Uttarakhand,Female,34.71,value in Percentage,
2023,July,Uttar Pradesh,Total,24.07,value in Percentage,
2023,July,Uttar Pradesh,Male,24.41,value in Percentage,
2023,July,Uttar Pradesh,Female,23.71,value in Percentage,
2023,July,Tripura,Total,39.60,value in Percentage,
2023,July,Tripura,Male,39.49,value in Percentage,
2023,July,Tripura,Female,39.71,value in Percentage,
2023,July,Telangana,Total,47.84,value in Percentage,
2023,July,Telangana,Male,47.88,value in Percentage,
2023,July,Telangana,Female,47.79,value in Percentage,
2023,July,Tamil Nadu,Total,53.83,value in Percentage,
2023,July,Tamil Nadu,Male,53.93,value in Percentage,
2023,July,Tamil Nadu,Female,53.73,value in Percentage,
2023,July,Sikkim,Total,49.76,value in Percentage,
2023,July,Sikkim,Male,49.35,value in Percentage,
2023,July,Sikkim,Female,50.23,value in Percentage,
2023,July,Rajasthan,Total,26.66,value in Percentage,
2023,July,Rajasthan,Male,27.15,value in Percentage,
2023,July,Rajasthan,Female,26.15,value in Percentage,
2023,July,Punjab,Total,41.95,value in Percentage,
2023,July,Punjab,Male,42.61,value in Percentage,
2023,July,Punjab,Female,41.21,value in Percentage,
2023,July,Puducherry,Total,70.25,value in Percentage,
2023,July,Puducherry,Male,72.35,value in Percentage,
2023,July,Puducherry,Female,68.34,value in Percentage,
2023,July,Odisha,Total,18.89,value in Percentage,
2023,July,Odisha,Male,19.44,value in Percentage,
2023,July,Odisha,Female,18.33,value in Percentage,
2023,July,Nagaland,Total,46.33,value in Percentage,
2023,July,Nagaland,Male,47.07,value in Percentage,
2023,July,Nagaland,Female,45.55,value in Percentage,
2023,July,Mizoram,Total,55.11,value in Percentage,
2023,July,Mizoram,Male,54.71,value in Percentage,
2023,July,Mizoram,Female,55.51,value in Percentage,
2023,July,Meghalaya,Total,20.67,value in Percentage,
2023,July,Meghalaya,Male,20.62,value in Percentage,
2023,July,Meghalaya,Female,20.71,value in Percentage,
2023,July,Manipur,Total,32.53,value in Percentage,
2023,July,Manipur,Male,32.00,value in Percentage,
2023,July,Manipur,Female,33.07,value in Percentage,
2023,July,Maharashtra,Total,48.62,value in Percentage,
2023,July,Maharashtra,Male,49.12,value in Percentage,
2023,July,Maharashtra,Female,48.08,value in Percentage,
2023,July,Madhya Pradesh,Total,29.03,value in Percentage,
2023,July,Madhya Pradesh,Male,29.37,value in Percentage,
2023,July,Madhya Pradesh,Female,28.67,value in Percentage,
2023,July,Lakshadweep,Total,99.30,value in Percentage,
2023,July,Lakshadweep,Male,99.37,value in Percentage,
2023,July,Lakshadweep,Female,99.24,value in Percentage,
2023,July,Ladakh,Total,31.25,value in Percentage,
2023,July,Ladakh,Male,36.54,value in Percentage,
2023,July,Ladakh,Female,24.49,value in Percentage,
2023,July,Kerala,Total,76.02,value in Percentage,
2023,July,Kerala,Male,75.69,value in Percentage,
2023,July,Kerala,Female,76.32,value in Percentage,
2023,July,Karnataka,Total,44.57,value in Percentage,
2023,July,Karnataka,Male,44.75,value in Percentage,
2023,July,Karnataka,Female,44.38,value in Percentage,
2023,July,Jharkhand,Total,26.23,value in Percentage,
2023,July,Jharkhand,Male,26.85,value in Percentage,
2023,July,Jharkhand,Female,25.59,value in Percentage,
2023,July,Jammu and Kashmir,Total,30.63,value in Percentage,
2023,July,Jammu and Kashmir,Male,31.69,value in Percentage,
2023,July,Jammu and Kashmir,Female,29.46,value in Percentage,
2023,July,Himachal Pradesh,Total,10.32,value in Percentage,
2023,July,Himachal Pradesh,Male,10.98,value in Percentage,
2023,July,Himachal Pradesh,Female,9.64,value in Percentage,
2023,July,Haryana,Total,42.29,value in Percentage,
2023,July,Haryana,Male,42.68,value in Percentage,
2023,July,Haryana,Female,41.85,value in Percentage,
2023,July,Gujarat,Total,48.90,value in Percentage,
2023,July,Gujarat,Male,49.55,value in Percentage,
2023,July,Gujarat,Female,48.18,value in Percentage,
2023,July,Goa,Total,76.16,value in Percentage,
2023,July,Goa,Male,77.29,value in Percentage,
2023,July,Goa,Female,75.01,value in Percentage,
2023,July,Delhi,Total,99.60,value in Percentage,
2023,July,Delhi,Male,100.0,value in Percentage,
2023,July,Delhi,Female,98.89,value in Percentage,
2023,July,Daman and Diu,Total,95.69,value in Percentage,
2023,July,Daman and Diu,Male,95.69,value in Percentage,
2023,July,Daman and Diu,Female,95.68,value in Percentage,
2023,July,Dadra and Nagar Haveli,Total,70.23,value in Percentage,
2023,July,Dadra and Nagar Haveli,Male,68.66,value in Percentage,
2023,July,Dadra and Nagar Haveli,Female,72.66,value in Percentage,
2023,July,Chhattisgarh,Total,27.23,value in Percentage,
2023,July,Chhattisgarh,Male,27.75,value in Percentage,
2023,July,Chhattisgarh,Female,26.70,value in Percentage,
2023,July,Chandigarh,Total,99.92,value in Percentage,
2023,July,Chandigarh,Male,100.0,value in Percentage,
2023,July,Chandigarh,Female,97.88,value in Percentage,
2023,July,Bihar,Total,12.31,value in Percentage,
2023,July,Bihar,Male,12.50,value in Percentage,
2023,July,Bihar,Female,12.10,value in Percentage,
2023,July,Assam,Total,15.60,value in Percentage,
2023,July,Assam,Male,15.76,value in Percentage,
2023,July,Assam,Female,15.44,value in Percentage,
2023,July,Arunachal Pradesh,Total,25.72,value in Percentage,
2023,July,Arunachal Pradesh,Male,26.48,value in Percentage,
2023,July,Arunachal Pradesh,Female,24.92,value in Percentage,
2023,July,Andhra Pradesh,Total,36.67,value in Percentage,
2023,July,Andhra Pradesh,Male,36.92,value in Percentage,
2023,July,Andhra Pradesh,Female,36.43,value in Percentage,
2023,July,Andaman and Nicobar Islands,Total,44.32,value in Percentage,
2023,July,Andaman and Nicobar Islands,Male,44.87,value in Percentage,
2023,July,Andaman and Nicobar Islands,Female,43.71,value in Percentage,
2023,July,All India,Total,35.17,value in Percentage,
2023,July,All India,Male,35.48,value in Percentage,
2023,July,All India,Female,34.85,value in Percentage,
2022,October,West Bengal,Total,36.61,value in Percentage,
2022,October,West Bengal,Male,36.92,value in Percentage,
2022,October,West Bengal,Female,36.29,value in Percentage,
2022,October,Uttarakhand,Total,35.70,value in Percentage,
2022,October,Uttarakhand,Male,36.97,value in Percentage,
2022,October,Uttarakhand,Female,34.36,value in Percentage,
2022,October,Uttar Pradesh,Total,23.97,value in Percentage,
2022,October,Uttar Pradesh,Male,24.30,value in Percentage,
2022,October,Uttar Pradesh,Female,23.61,value in Percentage,
2022,October,Tripura,Total,38.76,value in Percentage,
2022,October,Tripura,Male,38.65,value in Percentage,
2022,October,Tripura,Female,38.88,value in Percentage,
2022,October,Telangana,Total,47.29,value in Percentage,
2022,October,Telangana,Male,47.32,value in Percentage,
2022,October,Telangana,Female,47.25,value in Percentage,
2022,October,Tamil Nadu,Total,53.50,value in Percentage,
2022,October,Tamil Nadu,Male,53.58,value in Percentage,
2022,October,Tamil Nadu,Female,53.41,value in Percentage,
2022,October,Sikkim,Total,48.24,value in Percentage,
2022,October,Sikkim,Male,47.83,value in Percentage,
2022,October,Sikkim,Female,48.71,value in Percentage,
2022,October,Rajasthan,Total,26.56,value in Percentage,
2022,October,Rajasthan,Male,27.02,value in Percentage,
2022,October,Rajasthan,Female,26.06,value in Percentage,
2022,October,Punjab,Total,41.67,value in Percentage,
2022,October,Punjab,Male,42.32,value in Percentage,
2022,October,Punjab,Female,40.96,value in Percentage,
2022,October,Puducherry,Total,70.14,value in Percentage,
2022,October,Puducherry,Male,72.07,value in Percentage,
2022,October,Puducherry,Female,68.38,value in Percentage,
2022,October,Odisha,Total,18.75,value in Percentage,
2022,October,Odisha,Male,19.30,value in Percentage,
2022,October,Odisha,Female,18.21,value in Percentage,
2022,October,Nagaland,Total,45.25,value in Percentage,
2022,October,Nagaland,Male,45.96,value in Percentage,
2022,October,Nagaland,Female,44.50,value in Percentage,
2022,October,Mizoram,Total,54.94,value in Percentage,
2022,October,Mizoram,Male,54.52,value in Percentage,
2022,October,Mizoram,Female,55.36,value in Percentage,
2022,October,Meghalaya,Total,20.64,value in Percentage,
2022,October,Meghalaya,Male,20.59,value in Percentage,
2022,October,Meghalaya,Female,20.69,value in Percentage,
2022,October,Manipur,Total,32.34,value in Percentage,
2022,October,Manipur,Male,31.80,value in Percentage,
2022,October,Manipur,Female,32.87,value in Percentage,
2022,October,Maharashtra,Total,48.42,value in Percentage,
2022,October,Maharashtra,Male,48.92,value in Percentage,
2022,October,Maharashtra,Female,47.87,value in Percentage,
2022,October,Madhya Pradesh,Total,28.95,value in Percentage,
2022,October,Madhya Pradesh,Male,29.27,value in Percentage,
2022,October,Madhya Pradesh,Female,28.60,value in Percentage,
2022,October,Lakshadweep,Total,98.50,value in Percentage,
2022,October,Lakshadweep,Male,98.56,value in Percentage,
2022,October,Lakshadweep,Female,98.43,value in Percentage,
2022,October,Ladakh,Total,30.62,value in Percentage,
2022,October,Ladakh,Male,35.77,value in Percentage,
2022,October,Ladakh,Female,24.04,value in Percentage,
2022,October,Kerala,Total,74.43,value in Percentage,
2022,October,Kerala,Male,74.12,value in Percentage,
2022,October,Kerala,Female,74.73,value in Percentage,
2022,October,Karnataka,Total,44.21,value in Percentage,
2022,October,Karnataka,Male,44.39,value in Percentage,
2022,October,Karnataka,Female,44.02,value in Percentage,
2022,October,Jharkhand,Total,26.10,value in Percentage,
2022,October,Jharkhand,Male,26.71,value in Percentage,
2022,October,Jharkhand,Female,25.47,value in Percentage,
2022,October,Jammu and Kashmir,Total,30.43,value in Percentage,
2022,October,Jammu and Kashmir,Male,31.47,value in Percentage,
2022,October,Jammu and Kashmir,Female,29.30,value in Percentage,
2022,October,Himachal Pradesh,Total,10.30,value in Percentage,
2022,October,Himachal Pradesh,Male,10.96,value in Percentage,
2022,October,Himachal Pradesh,Female,9.62,value in Percentage,
2022,October,Haryana,Total,41.85,value in Percentage,
2022,October,Haryana,Male,42.22,value in Percentage,
2022,October,Haryana,Female,41.44,value in Percentage,
2022,October,Gujarat,Total,48.53,value in Percentage,
2022,October,Gujarat,Male,49.18,value in Percentage,
2022,October,Gujarat,Female,47.80,value in Percentage,
2022,October,Goa,Total,75.37,value in Percentage,
2022,October,Goa,Male,76.46,value in Percentage,
2022,October,Goa,Female,74.26,value in Percentage,
2022,October,Delhi,Total,99.52,value in Percentage,
2022,October,Delhi,Male,100.0,value in Percentage,
2022,October,Delhi,Female,98.88,value in Percentage,
2022,October,Daman and Diu,Total,95.16,value in Percentage,
2022,October,Daman and Diu,Male,95.16,value in Percentage,
2022,October,Daman and Diu,Female,95.15,value in Percentage,
2022,October,Dadra and Nagar Haveli,Total,69.29,value in Percentage,
2022,October,Dadra and Nagar Haveli,Male,68.09,value in Percentage,
2022,October,Dadra and Nagar Haveli,Female,71.13,value in Percentage,
2022,October,Chhattisgarh,Total,26.99,value in Percentage,
2022,October,Chhattisgarh,Male,27.51,value in Percentage,
2022,October,Chhattisgarh,Female,26.46,value in Percentage,
2022,October,Chandigarh,Total,99.88,value in Percentage,
2022,October,Chandigarh,Male,100.0,value in Percentage,
2022,October,Chandigarh,Female,97.97,value in Percentage,
2022,October,Bihar,Total,12.25,value in Percentage,
2022,October,Bihar,Male,12.43,value in Percentage,
2022,October,Bihar,Female,12.04,value in Percentage,
2022,October,Assam,Total,15.51,value in Percentage,
2022,October,Assam,Male,15.66,value in Percentage,
2022,October,Assam,Female,15.35,value in Percentage,
2022,October,Arunachal Pradesh,Total,25.54,value in Percentage,
2022,October,Arunachal Pradesh,Male,26.29,value in Percentage,
2022,October,Arunachal Pradesh,Female,24.75,value in Percentage,
2022,October,Andhra Pradesh,Total,36.22,value in Percentage,
2022,October,Andhra Pradesh,Male,36.46,value in Percentage,
2022,October,Andhra Pradesh,Female,35.98,value in Percentage,
2022,October,Andaman and Nicobar Islands,Total,43.94,value in Percentage,
2022,October,Andaman and Nicobar Islands,Male,44.46,value in Percentage,
2022,October,Andaman and Nicobar Islands,Female,43.36,value in Percentage,
2022,October,All India,Total,34.93,value in Percentage,
2022,October,All India,Male,35.23,value in Percentage,
2022,October,All India,Female,34.62,value in Percentage,
2022,March,West Bengal,Total,36.37,value in Percentage,
2022,March,West Bengal,Male,36.66,value in Percentage,
2022,March,West Bengal,Female,36.06,value in Percentage,
2022,March,Uttarakhand,Total,35.42,value in Percentage,
2022,March,Uttarakhand,Male,36.69,value in Percentage,
2022,March,Uttarakhand,Female,34.09,value in Percentage,
2022,March,Uttar Pradesh,Total,23.88,value in Percentage,
2022,March,Uttar Pradesh,Male,24.20,value in Percentage,
2022,March,Uttar Pradesh,Female,23.53,value in Percentage,
2022,March,Tripura,Total,38.09,value in Percentage,
2022,March,Tripura,Male,37.97,value in Percentage,
2022,March,Tripura,Female,38.21,value in Percentage,
2022,March,Telangana,Total,46.84,value in Percentage,
2022,March,Telangana,Male,46.87,value in Percentage,
2022,March,Telangana,Female,46.81,value in Percentage,
2022,March,Tamil Nadu,Total,53.24,value in Percentage,
2022,March,Tamil Nadu,Male,53.31,value in Percentage,
2022,March,Tamil Nadu,Female,53.16,value in Percentage,
2022,March,Sikkim,Total,47.01,value in Percentage,
2022,March,Sikkim,Male,46.60,value in Percentage,
2022,March,Sikkim,Female,47.48,value in Percentage,
2022,March,Rajasthan,Total,26.47,value in Percentage,
2022,March,Rajasthan,Male,26.92,value in Percentage,
2022,March,Rajasthan,Female,26.00,value in Percentage,
2022,March,Punjab,Total,41.46,value in Percentage,
2022,March,Punjab,Male,42.10,value in Percentage,
2022,March,Punjab,Female,40.76,value in Percentage,
2022,March,Puducherry,Total,70.07,value in Percentage,
2022,March,Puducherry,Male,71.87,value in Percentage,
2022,March,Puducherry,Female,68.42,value in Percentage,
2022,March,Odisha,Total,18.65,value in Percentage,
2022,March,Odisha,Male,19.18,value in Percentage,
2022,March,Odisha,Female,18.11,value in Percentage,
2022,March,Nagaland,Total,44.38,value in Percentage,
2022,March,Nagaland,Male,45.06,value in Percentage,
2022,March,Nagaland,Female,43.65,value in Percentage,
2022,March,Mizoram,Total,54.76,value in Percentage,
2022,March,Mizoram,Male,54.34,value in Percentage,
2022,March,Mizoram,Female,55.19,value in Percentage,
2022,March,Meghalaya,Total,20.61,value in Percentage,
2022,March,Meghalaya,Male,20.56,value in Percentage,
2022,March,Meghalaya,Female,20.67,value in Percentage,
2022,March,Manipur,Total,32.15,value in Percentage,
2022,March,Manipur,Male,31.61,value in Percentage,
2022,March,Manipur,Female,32.70,value in Percentage,
2022,March,Maharashtra,Total,48.26,value in Percentage,
2022,March,Maharashtra,Male,48.76,value in Percentage,
2022,March,Maharashtra,Female,47.71,value in Percentage,
2022,March,Madhya Pradesh,Total,28.88,value in Percentage,
2022,March,Madhya Pradesh,Male,29.20,value in Percentage,
2022,March,Madhya Pradesh,Female,28.55,value in Percentage,
2022,March,Lakshadweep,Total,97.87,value in Percentage,
2022,March,Lakshadweep,Male,97.93,value in Percentage,
2022,March,Lakshadweep,Female,97.80,value in Percentage,
2022,March,Ladakh,Total,30.13,value in Percentage,
2022,March,Ladakh,Male,35.17,value in Percentage,
2022,March,Ladakh,Female,23.68,value in Percentage,
2022,March,Kerala,Total,73.19,value in Percentage,
2022,March,Kerala,Male,72.88,value in Percentage,
2022,March,Kerala,Female,73.47,value in Percentage,
2022,March,Karnataka,Total,43.93,value in Percentage,
2022,March,Karnataka,Male,44.11,value in Percentage,
2022,March,Karnataka,Female,43.74,value in Percentage,
2022,March,Jharkhand,Total,26.00,value in Percentage,
2022,March,Jharkhand,Male,26.60,value in Percentage,
2022,March,Jharkhand,Female,25.38,value in Percentage,
2022,March,Jammu and Kashmir,Total,30.28,value in Percentage,
2022,March,Jammu and Kashmir,Male,31.30,value in Percentage,
2022,March,Jammu and Kashmir,Female,29.17,value in Percentage,
2022,March,Himachal Pradesh,Total,10.28,value in Percentage,
2022,March,Himachal Pradesh,Male,10.94,value in Percentage,
2022,March,Himachal Pradesh,Female,9.60,value in Percentage,
2022,March,Haryana,Total,41.51,value in Percentage,
2022,March,Haryana,Male,41.85,value in Percentage,
2022,March,Haryana,Female,41.12,value in Percentage,
2022,March,Gujarat,Total,48.24,value in Percentage,
2022,March,Gujarat,Male,48.90,value in Percentage,
2022,March,Gujarat,Female,47.50,value in Percentage,
2022,March,Goa,Total,74.74,value in Percentage,
2022,March,Goa,Male,75.80,value in Percentage,
2022,March,Goa,Female,73.66,value in Percentage,
2022,March,Delhi,Total,99.47,value in Percentage,
2022,March,Delhi,Male,99.99,value in Percentage,
2022,March,Delhi,Female,98.87,value in Percentage,
2022,March,Daman and Diu,Total,94.70,value in Percentage,
2022,March,Daman and Diu,Male,94.70,value in Percentage,
2022,March,Daman and Diu,Female,94.70,value in Percentage,
2022,March,Dadra and Nagar Haveli,Total,68.53,value in Percentage,
2022,March,Dadra and Nagar Haveli,Male,67.64,value in Percentage,
2022,March,Dadra and Nagar Haveli,Female,69.89,value in Percentage,
2022,March,Chhattisgarh,Total,26.80,value in Percentage,
2022,March,Chhattisgarh,Male,27.32,value in Percentage,
2022,March,Chhattisgarh,Female,26.28,value in Percentage,
2022,March,Chandigarh,Total,99.88,value in Percentage,
2022,March,Chandigarh,Male,100.0,value in Percentage,
2022,March,Chandigarh,Female,98.06,value in Percentage,
2022,March,Bihar,Total,12.20,value in Percentage,
2022,March,Bihar,Male,12.38,value in Percentage,
2022,March,Bihar,Female,12.00,value in Percentage,
2022,March,Assam,Total,15.44,value in Percentage,
2022,March,Assam,Male,15.59,value in Percentage,
2022,March,Assam,Female,15.28,value in Percentage,
2022,March,Arunachal Pradesh,Total,25.39,value in Percentage,
2022,March,Arunachal Pradesh,Male,26.13,value in Percentage,
2022,March,Arunachal Pradesh,Female,24.62,value in Percentage,
2022,March,Andhra Pradesh,Total,35.87,value in Percentage,
2022,March,Andhra Pradesh,Male,36.10,value in Percentage,
2022,March,Andhra Pradesh,Female,35.64,value in Percentage,
2022,March,Andaman and Nicobar Islands,Total,43.58,value in Percentage,
2022,March,Andaman and Nicobar Islands,Male,44.08,value in Percentage,
2022,March,Andaman and Nicobar Islands,Female,43.02,value in Percentage,
2022,March,All India,Total,34.75,value in Percentage,
2022,March,All India,Male,35.04,value in Percentage,
2022,March,All India,Female,34.45,value in Percentage,
2022,July,West Bengal,Total,36.51,value in Percentage,
2022,July,West Bengal,Male,36.81,value in Percentage,
2022,July,West Bengal,Female,36.19,value in Percentage,
2022,July,Uttarakhand,Total,35.58,value in Percentage,
2022,July,Uttarakhand,Male,36.85,value in Percentage,
2022,July,Uttarakhand,Female,34.25,value in Percentage,
2022,July,Uttar Pradesh,Total,23.93,value in Percentage,
2022,July,Uttar Pradesh,Male,24.26,value in Percentage,
2022,July,Uttar Pradesh,Female,23.58,value in Percentage,
2022,July,Tripura,Total,38.49,value in Percentage,
2022,July,Tripura,Male,38.37,value in Percentage,
2022,July,Tripura,Female,38.61,value in Percentage,
2022,July,Telangana,Total,47.10,value in Percentage,
2022,July,Telangana,Male,47.13,value in Percentage,
2022,July,Telangana,Female,47.07,value in Percentage,
2022,July,Tamil Nadu,Total,53.38,value in Percentage,
2022,July,Tamil Nadu,Male,53.47,value in Percentage,
2022,July,Tamil Nadu,Female,53.30,value in Percentage,
2022,July,Sikkim,Total,47.73,value in Percentage,
2022,July,Sikkim,Male,47.32,value in Percentage,
2022,July,Sikkim,Female,48.20,value in Percentage,
2022,July,Rajasthan,Total,26.52,value in Percentage,
2022,July,Rajasthan,Male,26.98,value in Percentage,
2022,July,Rajasthan,Female,26.03,value in Percentage,
2022,July,Punjab,Total,41.58,value in Percentage,
2022,July,Punjab,Male,42.23,value in Percentage,
2022,July,Punjab,Female,40.87,value in Percentage,
2022,July,Puducherry,Total,70.11,value in Percentage,
2022,July,Puducherry,Male,71.98,value in Percentage,
2022,July,Puducherry,Female,68.40,value in Percentage,
2022,July,Odisha,Total,18.71,value in Percentage,
2022,July,Odisha,Male,19.25,value in Percentage,
2022,July,Odisha,Female,18.17,value in Percentage,
2022,July,Nagaland,Total,44.89,value in Percentage,
2022,July,Nagaland,Male,45.59,value in Percentage,
2022,July,Nagaland,Female,44.16,value in Percentage,
2022,July,Mizoram,Total,54.88,value in Percentage,
2022,July,Mizoram,Male,54.46,value in Percentage,
2022,July,Mizoram,Female,55.31,value in Percentage,
2022,July,Meghalaya,Total,20.64,value in Percentage,
2022,July,Meghalaya,Male,20.58,value in Percentage,
2022,July,Meghalaya,Female,20.69,value in Percentage,
2022,July,Manipur,Total,32.27,value in Percentage,
2022,July,Manipur,Male,31.73,value in Percentage,
2022,July,Manipur,Female,32.81,value in Percentage,
2022,July,Maharashtra,Total,48.35,value in Percentage,
2022,July,Maharashtra,Male,48.85,value in Percentage,
2022,July,Maharashtra,Female,47.80,value in Percentage,
2022,July,Madhya Pradesh,Total,28.92,value in Percentage,
2022,July,Madhya Pradesh,Male,29.24,value in Percentage,
2022,July,Madhya Pradesh,Female,28.58,value in Percentage,
2022,July,Lakshadweep,Total,98.23,value in Percentage,
2022,July,Lakshadweep,Male,98.29,value in Percentage,
2022,July,Lakshadweep,Female,98.16,value in Percentage,
2022,July,Ladakh,Total,30.41,value in Percentage,
2022,July,Ladakh,Male,35.52,value in Percentage,
2022,July,Ladakh,Female,23.89,value in Percentage,
2022,July,Kerala,Total,73.90,value in Percentage,
2022,July,Kerala,Male,73.59,value in Percentage,
2022,July,Kerala,Female,74.19,value in Percentage,
2022,July,Karnataka,Total,44.09,value in Percentage,
2022,July,Karnataka,Male,44.27,value in Percentage,
2022,July,Karnataka,Female,43.90,value in Percentage,
2022,July,Jharkhand,Total,26.06,value in Percentage,
2022,July,Jharkhand,Male,26.66,value in Percentage,
2022,July,Jharkhand,Female,25.43,value in Percentage,
2022,July,Jammu and Kashmir,Total,30.37,value in Percentage,
2022,July,Jammu and Kashmir,Male,31.39,value in Percentage,
2022,July,Jammu and Kashmir,Female,29.24,value in Percentage,
2022,July,Himachal Pradesh,Total,10.29,value in Percentage,
2022,July,Himachal Pradesh,Male,10.95,value in Percentage,
2022,July,Himachal Pradesh,Female,9.61,value in Percentage,
2022,July,Haryana,Total,41.70,value in Percentage,
2022,July,Haryana,Male,42.06,value in Percentage,
2022,July,Haryana,Female,41.30,value in Percentage,
2022,July,Gujarat,Total,48.40,value in Percentage,
2022,July,Gujarat,Male,49.06,value in Percentage,
2022,July,Gujarat,Female,47.67,value in Percentage,
2022,July,Goa,Total,75.10,value in Percentage,
2022,July,Goa,Male,76.18,value in Percentage,
2022,July,Goa,Female,74.01,value in Percentage,
2022,July,Delhi,Total,99.50,value in Percentage,
2022,July,Delhi,Male,100.0,value in Percentage,
2022,July,Delhi,Female,98.87,value in Percentage,
2022,July,Daman and Diu,Total,94.97,value in Percentage,
2022,July,Daman and Diu,Male,94.97,value in Percentage,
2022,July,Daman and Diu,Female,94.96,value in Percentage,
2022,July,Dadra and Nagar Haveli,Total,68.97,value in Percentage,
2022,July,Dadra and Nagar Haveli,Male,67.90,value in Percentage,
2022,July,Dadra and Nagar Haveli,Female,70.61,value in Percentage,
2022,July,Chhattisgarh,Total,26.91,value in Percentage,
2022,July,Chhattisgarh,Male,27.43,value in Percentage,
2022,July,Chhattisgarh,Female,26.39,value in Percentage,
2022,July,Chandigarh,Total,99.88,value in Percentage,
2022,July,Chandigarh,Male,100.0,value in Percentage,
2022,July,Chandigarh,Female,98.01,value in Percentage,
2022,July,Bihar,Total,12.23,value in Percentage,
2022,July,Bihar,Male,12.41,value in Percentage,
2022,July,Bihar,Female,12.02,value in Percentage,
2022,July,Assam,Total,15.48,value in Percentage,
2022,July,Assam,Male,15.63,value in Percentage,
2022,July,Assam,Female,15.32,value in Percentage,
2022,July,Arunachal Pradesh,Total,25.49,value in Percentage,
2022,July,Arunachal Pradesh,Male,26.23,value in Percentage,
2022,July,Arunachal Pradesh,Female,24.70,value in Percentage,
2022,July,Andhra Pradesh,Total,36.07,value in Percentage,
2022,July,Andhra Pradesh,Male,36.30,value in Percentage,
2022,July,Andhra Pradesh,Female,35.84,value in Percentage,
2022,July,Andaman and Nicobar Islands,Total,43.78,value in Percentage,
2022,July,Andaman and Nicobar Islands,Male,44.30,value in Percentage,
2022,July,Andaman and Nicobar Islands,Female,43.21,value in Percentage,
2022,July,All India,Total,34.85,value in Percentage,
2022,July,All India,Male,35.15,value in Percentage,
2022,July,All India,Female,34.54,value in Percentage,
2021,October,West Bengal,Total,36.20,value in Percentage,
2021,October,West Bengal,Male,36.48,value in Percentage,
2021,October,West Bengal,Female,35.90,value in Percentage,
2021,October,Uttarakhand,Total,35.23,value in Percentage,
2021,October,Uttarakhand,Male,36.50,value in Percentage,
2021,October,Uttarakhand,Female,33.90,value in Percentage,
2021,October,Uttar Pradesh,Total,23.82,value in Percentage,
2021,October,Uttar Pradesh,Male,24.14,value in Percentage,
2021,October,Uttar Pradesh,Female,23.48,value in Percentage,
2021,October,Tripura,Total,37.65,value in Percentage,
2021,October,Tripura,Male,37.52,value in Percentage,
2021,October,Tripura,Female,37.78,value in Percentage,
2021,October,Telangana,Total,46.55,value in Percentage,
2021,October,Telangana,Male,46.58,value in Percentage,
2021,October,Telangana,Female,46.53,value in Percentage,
2021,October,Tamil Nadu,Total,53.05,value in Percentage,
2021,October,Tamil Nadu,Male,53.11,value in Percentage,
2021,October,Tamil Nadu,Female,52.99,value in Percentage,
2021,October,Sikkim,Total,46.18,value in Percentage,
2021,October,Sikkim,Male,45.77,value in Percentage,
2021,October,Sikkim,Female,46.65,value in Percentage,
2021,October,Rajasthan,Total,26.41,value in Percentage,
2021,October,Rajasthan,Male,26.85,value in Percentage,
2021,October,Rajasthan,Female,25.95,value in Percentage,
2021,October,Punjab,Total,41.31,value in Percentage,
2021,October,Punjab,Male,41.94,value in Percentage,
2021,October,Punjab,Female,40.62,value in Percentage,
2021,October,Puducherry,Total,69.99,value in Percentage,
2021,October,Puducherry,Male,71.69,value in Percentage,
2021,October,Puducherry,Female,68.43,value in Percentage,
2021,October,Odisha,Total,18.57,value in Percentage,
2021,October,Odisha,Male,19.10,value in Percentage,
2021,October,Odisha,Female,18.04,value in Percentage,
2021,October,Nagaland,Total,43.81,value in Percentage,
2021,October,Nagaland,Male,44.48,value in Percentage,
2021,October,Nagaland,Female,43.10,value in Percentage,
2021,October,Mizoram,Total,54.71,value in Percentage,
2021,October,Mizoram,Male,54.27,value in Percentage,
2021,October,Mizoram,Female,55.15,value in Percentage,
2021,October,Meghalaya,Total,20.61,value in Percentage,
2021,October,Meghalaya,Male,20.55,value in Percentage,
2021,October,Meghalaya,Female,20.67,value in Percentage,
2021,October,Manipur,Total,32.07,value in Percentage,
2021,October,Manipur,Male,31.52,value in Percentage,
2021,October,Manipur,Female,32.62,value in Percentage,
2021,October,Maharashtra,Total,48.14,value in Percentage,
2021,October,Maharashtra,Male,48.65,value in Percentage,
2021,October,Maharashtra,Female,47.59,value in Percentage,
2021,October,Madhya Pradesh,Total,28.84,value in Percentage,
2021,October,Madhya Pradesh,Male,29.15,value in Percentage,
2021,October,Madhya Pradesh,Female,28.51,value in Percentage,
2021,October,Lakshadweep,Total,97.42,value in Percentage,
2021,October,Lakshadweep,Male,97.48,value in Percentage,
2021,October,Lakshadweep,Female,97.35,value in Percentage,
2021,October,Ladakh,Total,29.92,value in Percentage,
2021,October,Ladakh,Male,34.91,value in Percentage,
2021,October,Ladakh,Female,23.54,value in Percentage,
2021,October,Kerala,Total,72.28,value in Percentage,
2021,October,Kerala,Male,71.98,value in Percentage,
2021,October,Kerala,Female,72.56,value in Percentage,
2021,October,Karnataka,Total,43.73,value in Percentage,
2021,October,Karnataka,Male,43.91,value in Percentage,
2021,October,Karnataka,Female,43.54,value in Percentage,
2021,October,Jharkhand,Total,25.93,value in Percentage,
2021,October,Jharkhand,Male,26.52,value in Percentage,
2021,October,Jharkhand,Female,25.32,value in Percentage,
2021,October,Jammu and Kashmir,Total,30.18,value in Percentage,
2021,October,Jammu and Kashmir,Male,31.18,value in Percentage,
2021,October,Jammu and Kashmir,Female,29.08,value in Percentage,
2021,October,Himachal Pradesh,Total,10.27,value in Percentage,
2021,October,Himachal Pradesh,Male,10.93,value in Percentage,
2021,October,Himachal Pradesh,Female,9.60,value in Percentage,
2021,October,Haryana,Total,41.26,value in Percentage,
2021,October,Haryana,Male,41.59,value in Percentage,
2021,October,Haryana,Female,40.89,value in Percentage,
2021,October,Gujarat,Total,48.03,value in Percentage,
2021,October,Gujarat,Male,48.70,value in Percentage,
2021,October,Gujarat,Female,47.29,value in Percentage,
2021,October,Goa,Total,74.29,value in Percentage,
2021,October,Goa,Male,75.32,value in Percentage,
2021,October,Goa,Female,73.23,value in Percentage,
2021,October,Delhi,Total,99.42,value in Percentage,
2021,October,Delhi,Male,99.91,value in Percentage,
2021,October,Delhi,Female,98.85,value in Percentage,
2021,October,Daman and Diu,Total,94.42,value in Percentage,
2021,October,Daman and Diu,Male,94.43,value in Percentage,
2021,October,Daman and Diu,Female,94.42,value in Percentage,
2021,October,Dadra and Nagar Haveli,Total,67.96,value in Percentage,
2021,October,Dadra and Nagar Haveli,Male,67.30,value in Percentage,
2021,October,Dadra and Nagar Haveli,Female,68.95,value in Percentage,
2021,October,Chhattisgarh,Total,26.67,value in Percentage,
2021,October,Chhattisgarh,Male,27.18,value in Percentage,
2021,October,Chhattisgarh,Female,26.15,value in Percentage,
2021,October,Chandigarh,Total,99.80,value in Percentage,
2021,October,Chandigarh,Male,100.0,value in Percentage,
2021,October,Chandigarh,Female,98.06,value in Percentage,
2021,October,Bihar,Total,12.17,value in Percentage,
2021,October,Bihar,Male,12.35,value in Percentage,
2021,October,Bihar,Female,11.97,value in Percentage,
2021,October,Assam,Total,15.39,value in Percentage,
2021,October,Assam,Male,15.53,value in Percentage,
2021,October,Assam,Female,15.24,value in Percentage,
2021,October,Arunachal Pradesh,Total,25.32,value in Percentage,
2021,October,Arunachal Pradesh,Male,26.05,value in Percentage,
2021,October,Arunachal Pradesh,Female,24.55,value in Percentage,
2021,October,Andhra Pradesh,Total,35.62,value in Percentage,
2021,October,Andhra Pradesh,Male,35.84,value in Percentage,
2021,October,Andhra Pradesh,Female,35.39,value in Percentage,
2021,October,Andaman and Nicobar Islands,Total,43.32,value in Percentage,
2021,October,Andaman and Nicobar Islands,Male,43.81,value in Percentage,
2021,October,Andaman and Nicobar Islands,Female,42.77,value in Percentage,
2021,October,All India,Total,34.61,value in Percentage,
2021,October,All India,Male,34.90,value in Percentage,
2021,October,All India,Female,34.31,value in Percentage,
2021,March,West Bengal,Total,35.95,value in Percentage,
2021,March,West Bengal,Male,36.23,value in Percentage,
2021,March,West Bengal,Female,35.67,value in Percentage,
2021,March,Uttarakhand,Total,34.96,value in Percentage,
2021,March,Uttarakhand,Male,36.22,value in Percentage,
2021,March,Uttarakhand,Female,33.63,value in Percentage,
2021,March,Uttar Pradesh,Total,23.74,value in Percentage,
2021,March,Uttar Pradesh,Male,24.05,value in Percentage,
2021,March,Uttar Pradesh,Female,23.40,value in Percentage,
2021,March,Tripura,Total,36.97,value in Percentage,
2021,March,Tripura,Male,36.83,value in Percentage,
2021,March,Tripura,Female,37.11,value in Percentage,
2021,March,Telangana,Total,46.11,value in Percentage,
2021,March,Telangana,Male,46.13,value in Percentage,
2021,March,Telangana,Female,46.09,value in Percentage,
2021,March,Tamil Nadu,Total,52.79,value in Percentage,
2021,March,Tamil Nadu,Male,52.84,value in Percentage,
2021,March,Tamil Nadu,Female,52.74,value in Percentage,
2021,March,Sikkim,Total,44.93,value in Percentage,
2021,March,Sikkim,Male,44.52,value in Percentage,
2021,March,Sikkim,Female,45.40,value in Percentage,
2021,March,Rajasthan,Total,26.33,value in Percentage,
2021,March,Rajasthan,Male,26.75,value in Percentage,
2021,March,Rajasthan,Female,25.88,value in Percentage,
2021,March,Punjab,Total,41.10,value in Percentage,
2021,March,Punjab,Male,41.71,value in Percentage,
2021,March,Punjab,Female,40.42,value in Percentage,
2021,March,Puducherry,Total,69.88,value in Percentage,
2021,March,Puducherry,Male,71.44,value in Percentage,
2021,March,Puducherry,Female,68.44,value in Percentage,
2021,March,Odisha,Total,18.47,value in Percentage,
2021,March,Odisha,Male,18.99,value in Percentage,
2021,March,Odisha,Female,17.94,value in Percentage,
2021,March,Nagaland,Total,42.92,value in Percentage,
2021,March,Nagaland,Male,43.56,value in Percentage,
2021,March,Nagaland,Female,42.24,value in Percentage,
2021,March,Mizoram,Total,54.53,value in Percentage,
2021,March,Mizoram,Male,54.08,value in Percentage,
2021,March,Mizoram,Female,54.98,value in Percentage,
2021,March,Meghalaya,Total,20.56,value in Percentage,
2021,March,Meghalaya,Male,20.50,value in Percentage,
2021,March,Meghalaya,Female,20.63,value in Percentage,
2021,March,Manipur,Total,31.88,value in Percentage,
2021,March,Manipur,Male,31.33,value in Percentage,
2021,March,Manipur,Female,32.44,value in Percentage,
2021,March,Maharashtra,Total,47.98,value in Percentage,
2021,March,Maharashtra,Male,48.49,value in Percentage,
2021,March,Maharashtra,Female,47.43,value in Percentage,
2021,March,Madhya Pradesh,Total,28.77,value in Percentage,
2021,March,Madhya Pradesh,Male,29.07,value in Percentage,
2021,March,Madhya Pradesh,Female,28.45,value in Percentage,
2021,March,Lakshadweep,Total,96.78,value in Percentage,
2021,March,Lakshadweep,Male,96.84,value in Percentage,
2021,March,Lakshadweep,Female,96.72,value in Percentage,
2021,March,Ladakh,Total,29.63,value in Percentage,
2021,March,Ladakh,Male,34.53,value in Percentage,
2021,March,Ladakh,Female,23.33,value in Percentage,
2021,March,Kerala,Total,71.01,value in Percentage,
2021,March,Kerala,Male,70.71,value in Percentage,
2021,March,Kerala,Female,71.28,value in Percentage,
2021,March,Karnataka,Total,43.45,value in Percentage,
2021,March,Karnataka,Male,43.63,value in Percentage,
2021,March,Karnataka,Female,43.26,value in Percentage,
2021,March,Jharkhand,Total,25.83,value in Percentage,
2021,March,Jharkhand,Male,26.41,value in Percentage,
2021,March,Jharkhand,Female,25.23,value in Percentage,
2021,March,Jammu and Kashmir,Total,30.03,value in Percentage,
2021,March,Jammu and Kashmir,Male,31.01,value in Percentage,
2021,March,Jammu and Kashmir,Female,28.95,value in Percentage,
2021,March,Himachal Pradesh,Total,10.27,value in Percentage,
2021,March,Himachal Pradesh,Male,10.92,value in Percentage,
2021,March,Himachal Pradesh,Female,9.59,value in Percentage,
2021,March,Haryana,Total,40.92,value in Percentage,
2021,March,Haryana,Male,41.23,value in Percentage,
2021,March,Haryana,Female,40.57,value in Percentage,
2021,March,Gujarat,Total,47.74,value in Percentage,
2021,March,Gujarat,Male,48.42,value in Percentage,
2021,March,Gujarat,Female,46.99,value in Percentage,
2021,March,Goa,Total,73.65,value in Percentage,
2021,March,Goa,Male,74.65,value in Percentage,
2021,March,Goa,Female,72.62,value in Percentage,
2021,March,Delhi,Total,99.35,value in Percentage,
2021,March,Delhi,Male,99.80,value in Percentage,
2021,March,Delhi,Female,98.84,value in Percentage,
2021,March,Daman and Diu,Total,94.00,value in Percentage,
2021,March,Daman and Diu,Male,94.00,value in Percentage,
2021,March,Daman and Diu,Female,94.00,value in Percentage,
2021,March,Dadra and Nagar Haveli,Total,67.09,value in Percentage,
2021,March,Dadra and Nagar Haveli,Male,66.77,value in Percentage,
2021,March,Dadra and Nagar Haveli,Female,67.55,value in Percentage,
2021,March,Chhattisgarh,Total,26.48,value in Percentage,
2021,March,Chhattisgarh,Male,26.99,value in Percentage,
2021,March,Chhattisgarh,Female,25.97,value in Percentage,
2021,March,Chandigarh,Total,99.70,value in Percentage,
2021,March,Chandigarh,Male,100.0,value in Percentage,
2021,March,Chandigarh,Female,98.06,value in Percentage,
2021,March,Bihar,Total,12.12,value in Percentage,
2021,March,Bihar,Male,12.30,value in Percentage,
2021,March,Bihar,Female,11.93,value in Percentage,
2021,March,Assam,Total,15.32,value in Percentage,
2021,March,Assam,Male,15.46,value in Percentage,
2021,March,Assam,Female,15.17,value in Percentage,
2021,March,Arunachal Pradesh,Total,25.17,value in Percentage,
2021,March,Arunachal Pradesh,Male,25.89,value in Percentage,
2021,March,Arunachal Pradesh,Female,24.41,value in Percentage,
2021,March,Andhra Pradesh,Total,35.27,value in Percentage,
2021,March,Andhra Pradesh,Male,35.49,value in Percentage,
2021,March,Andhra Pradesh,Female,35.05,value in Percentage,
2021,March,Andaman and Nicobar Islands,Total,42.95,value in Percentage,
2021,March,Andaman and Nicobar Islands,Male,43.42,value in Percentage,
2021,March,Andaman and Nicobar Islands,Female,42.43,value in Percentage,
2021,March,All India,Total,34.43,value in Percentage,
2021,March,All India,Male,34.71,value in Percentage,
2021,March,All India,Female,34.14,value in Percentage,
2021,July,West Bengal,Total,36.09,value in Percentage,
2021,July,West Bengal,Male,36.37,value in Percentage,
2021,July,West Bengal,Female,35.80,value in Percentage,
2021,July,Uttarakhand,Total,35.11,value in Percentage,
2021,July,Uttarakhand,Male,36.38,value in Percentage,
2021,July,Uttarakhand,Female,33.79,value in Percentage,
2021,July,Uttar Pradesh,Total,23.79,value in Percentage,
2021,July,Uttar Pradesh,Male,24.10,value in Percentage,
2021,July,Uttar Pradesh,Female,23.45,value in Percentage,
2021,July,Tripura,Total,37.37,value in Percentage,
2021,July,Tripura,Male,37.24,value in Percentage,
2021,July,Tripura,Female,37.51,value in Percentage,
2021,July,Telangana,Total,46.37,value in Percentage,
2021,July,Telangana,Male,46.39,value in Percentage,
2021,July,Telangana,Female,46.35,value in Percentage,
2021,July,Tamil Nadu,Total,52.94,value in Percentage,
2021,July,Tamil Nadu,Male,53.00,value in Percentage,
2021,July,Tamil Nadu,Female,52.88,value in Percentage,
2021,July,Sikkim,Total,45.66,value in Percentage,
2021,July,Sikkim,Male,45.25,value in Percentage,
2021,July,Sikkim,Female,46.13,value in Percentage,
2021,July,Rajasthan,Total,26.38,value in Percentage,
2021,July,Rajasthan,Male,26.81,value in Percentage,
2021,July,Rajasthan,Female,25.92,value in Percentage,
2021,July,Punjab,Total,41.22,value in Percentage,
2021,July,Punjab,Male,41.84,value in Percentage,
2021,July,Punjab,Female,40.53,value in Percentage,
2021,July,Puducherry,Total,69.94,value in Percentage,
2021,July,Puducherry,Male,71.59,value in Percentage,
2021,July,Puducherry,Female,68.44,value in Percentage,
2021,July,Odisha,Total,18.53,value in Percentage,
2021,July,Odisha,Male,19.05,value in Percentage,
2021,July,Odisha,Female,18.00,value in Percentage,
2021,July,Nagaland,Total,43.44,value in Percentage,
2021,July,Nagaland,Male,44.10,value in Percentage,
2021,July,Nagaland,Female,42.75,value in Percentage,
2021,July,Mizoram,Total,54.65,value in Percentage,
2021,July,Mizoram,Male,54.21,value in Percentage,
2021,July,Mizoram,Female,55.10,value in Percentage,
2021,July,Meghalaya,Total,20.59,value in Percentage,
2021,July,Meghalaya,Male,20.53,value in Percentage,
2021,July,Meghalaya,Female,20.66,value in Percentage,
2021,July,Manipur,Total,32.00,value in Percentage,
2021,July,Manipur,Male,31.45,value in Percentage,
2021,July,Manipur,Female,32.55,value in Percentage,
2021,July,Maharashtra,Total,48.08,value in Percentage,
2021,July,Maharashtra,Male,48.58,value in Percentage,
2021,July,Maharashtra,Female,47.53,value in Percentage,
2021,July,Madhya Pradesh,Total,28.81,value in Percentage,
2021,July,Madhya Pradesh,Male,29.12,value in Percentage,
2021,July,Madhya Pradesh,Female,28.48,value in Percentage,
2021,July,Lakshadweep,Total,97.15,value in Percentage,
2021,July,Lakshadweep,Male,97.20,value in Percentage,
2021,July,Lakshadweep,Female,97.08,value in Percentage,
2021,July,Ladakh,Total,29.80,value in Percentage,
2021,July,Ladakh,Male,34.75,value in Percentage,
2021,July,Ladakh,Female,23.45,value in Percentage,
2021,July,Kerala,Total,71.74,value in Percentage,
2021,July,Kerala,Male,71.44,value in Percentage,
2021,July,Kerala,Female,72.01,value in Percentage,
2021,July,Karnataka,Total,43.61,value in Percentage,
2021,July,Karnataka,Male,43.79,value in Percentage,
2021,July,Karnataka,Female,43.42,value in Percentage,
2021,July,Jharkhand,Total,25.89,value in Percentage,
2021,July,Jharkhand,Male,26.47,value in Percentage,
2021,July,Jharkhand,Female,25.28,value in Percentage,
2021,July,Jammu and Kashmir,Total,30.11,value in Percentage,
2021,July,Jammu and Kashmir,Male,31.10,value in Percentage,
2021,July,Jammu and Kashmir,Female,29.02,value in Percentage,
2021,July,Himachal Pradesh,Total,10.27,value in Percentage,
2021,July,Himachal Pradesh,Male,10.93,value in Percentage,
2021,July,Himachal Pradesh,Female,9.59,value in Percentage,
2021,July,Haryana,Total,41.12,value in Percentage,
2021,July,Haryana,Male,41.44,value in Percentage,
2021,July,Haryana,Female,40.75,value in Percentage,
2021,July,Gujarat,Total,47.90,value in Percentage,
2021,July,Gujarat,Male,48.58,value in Percentage,
2021,July,Gujarat,Female,47.16,value in Percentage,
2021,July,Goa,Total,74.01,value in Percentage,
2021,July,Goa,Male,75.04,value in Percentage,
2021,July,Goa,Female,72.97,value in Percentage,
2021,July,Delhi,Total,99.39,value in Percentage,
2021,July,Delhi,Male,99.87,value in Percentage,
2021,July,Delhi,Female,98.85,value in Percentage,
2021,July,Daman and Diu,Total,94.25,value in Percentage,
2021,July,Daman and Diu,Male,94.25,value in Percentage,
2021,July,Daman and Diu,Female,94.24,value in Percentage,
2021,July,Dadra and Nagar Haveli,Total,67.59,value in Percentage,
2021,July,Dadra and Nagar Haveli,Male,67.08,value in Percentage,
2021,July,Dadra and Nagar Haveli,Female,68.36,value in Percentage,
2021,July,Chhattisgarh,Total,26.59,value in Percentage,
2021,July,Chhattisgarh,Male,27.10,value in Percentage,
2021,July,Chhattisgarh,Female,26.07,value in Percentage,
2021,July,Chandigarh,Total,99.76,value in Percentage,
2021,July,Chandigarh,Male,100.0,value in Percentage,
2021,July,Chandigarh,Female,98.06,value in Percentage,
2021,July,Bihar,Total,12.15,value in Percentage,
2021,July,Bihar,Male,12.33,value in Percentage,
2021,July,Bihar,Female,11.95,value in Percentage,
2021,July,Assam,Total,15.36,value in Percentage,
2021,July,Assam,Male,15.50,value in Percentage,
2021,July,Assam,Female,15.21,value in Percentage,
2021,July,Arunachal Pradesh,Total,25.27,value in Percentage,
2021,July,Arunachal Pradesh,Male,25.99,value in Percentage,
2021,July,Arunachal Pradesh,Female,24.50,value in Percentage,
2021,July,Andhra Pradesh,Total,35.47,value in Percentage,
2021,July,Andhra Pradesh,Male,35.69,value in Percentage,
2021,July,Andhra Pradesh,Female,35.25,value in Percentage,
2021,July,Andaman and Nicobar Islands,Total,43.16,value in Percentage,
2021,July,Andaman and Nicobar Islands,Male,43.64,value in Percentage,
2021,July,Andaman and Nicobar Islands,Female,42.62,value in Percentage,
2021,July,All India,Total,34.53,value in Percentage,
2021,July,All India,Male,34.82,value in Percentage,
2021,July,All India,Female,34.23,value in Percentage,
2020,October,West Bengal,Total,35.78,value in Percentage,
2020,October,West Bengal,Male,36.05,value in Percentage,
2020,October,West Bengal,Female,35.51,value in Percentage,
2020,October,Uttarakhand,Total,34.76,value in Percentage,
2020,October,Uttarakhand,Male,36.03,value in Percentage,
2020,October,Uttarakhand,Female,33.44,value in Percentage,
2020,October,Uttar Pradesh,Total,23.68,value in Percentage,
2020,October,Uttar Pradesh,Male,23.99,value in Percentage,
2020,October,Uttar Pradesh,Female,23.35,value in Percentage,
2020,October,Tripura,Total,36.54,value in Percentage,
2020,October,Tripura,Male,36.40,value in Percentage,
2020,October,Tripura,Female,36.68,value in Percentage,
2020,October,Telangana,Total,45.83,value in Percentage,
2020,October,Telangana,Male,45.85,value in Percentage,
2020,October,Telangana,Female,45.81,value in Percentage,
2020,October,Tamil Nadu,Total,52.61,value in Percentage,
2020,October,Tamil Nadu,Male,52.65,value in Percentage,
2020,October,Tamil Nadu,Female,52.56,value in Percentage,
2020,October,Sikkim,Total,44.10,value in Percentage,
2020,October,Sikkim,Male,43.69,value in Percentage,
2020,October,Sikkim,Female,44.56,value in Percentage,
2020,October,Rajasthan,Total,26.27,value in Percentage,
2020,October,Rajasthan,Male,26.68,value in Percentage,
2020,October,Rajasthan,Female,25.84,value in Percentage,
2020,October,Punjab,Total,40.95,value in Percentage,
2020,October,Punjab,Male,41.55,value in Percentage,
2020,October,Punjab,Female,40.28,value in Percentage,
2020,October,Puducherry,Total,69.84,value in Percentage,
2020,October,Puducherry,Male,71.33,value in Percentage,
2020,October,Puducherry,Female,68.47,value in Percentage,
2020,October,Odisha,Total,18.39,value in Percentage,
2020,October,Odisha,Male,18.91,value in Percentage,
2020,October,Odisha,Female,17.87,value in Percentage,
2020,October,Nagaland,Total,42.36,value in Percentage,
2020,October,Nagaland,Male,42.99,value in Percentage,
2020,October,Nagaland,Female,41.70,value in Percentage,
2020,October,Mizoram,Total,54.48,value in Percentage,
2020,October,Mizoram,Male,54.03,value in Percentage,
2020,October,Mizoram,Female,54.95,value in Percentage,
2020,October,Meghalaya,Total,20.56,value in Percentage,
2020,October,Meghalaya,Male,20.49,value in Percentage,
2020,October,Meghalaya,Female,20.63,value in Percentage,
2020,October,Manipur,Total,31.80,value in Percentage,
2020,October,Manipur,Male,31.25,value in Percentage,
2020,October,Manipur,Female,32.36,value in Percentage,
2020,October,Maharashtra,Total,47.87,value in Percentage,
2020,October,Maharashtra,Male,48.39,value in Percentage,
2020,October,Maharashtra,Female,47.31,value in Percentage,
2020,October,Madhya Pradesh,Total,28.73,value in Percentage,
2020,October,Madhya Pradesh,Male,29.02,value in Percentage,
2020,October,Madhya Pradesh,Female,28.41,value in Percentage,
2020,October,Lakshadweep,Total,96.37,value in Percentage,
2020,October,Lakshadweep,Male,96.43,value in Percentage,
2020,October,Lakshadweep,Female,96.31,value in Percentage,
2020,October,Ladakh,Total,29.29,value in Percentage,
2020,October,Ladakh,Male,34.11,value in Percentage,
2020,October,Ladakh,Female,23.08,value in Percentage,
2020,October,Kerala,Total,70.09,value in Percentage,
2020,October,Kerala,Male,69.80,value in Percentage,
2020,October,Kerala,Female,70.35,value in Percentage,
2020,October,Karnataka,Total,43.25,value in Percentage,
2020,October,Karnataka,Male,43.43,value in Percentage,
2020,October,Karnataka,Female,43.06,value in Percentage,
2020,October,Jharkhand,Total,25.76,value in Percentage,
2020,October,Jharkhand,Male,26.33,value in Percentage,
2020,October,Jharkhand,Female,25.16,value in Percentage,
2020,October,Jammu and Kashmir,Total,29.92,value in Percentage,
2020,October,Jammu and Kashmir,Male,30.89,value in Percentage,
2020,October,Jammu and Kashmir,Female,28.85,value in Percentage,
2020,October,Himachal Pradesh,Total,10.25,value in Percentage,
2020,October,Himachal Pradesh,Male,10.91,value in Percentage,
2020,October,Himachal Pradesh,Female,9.58,value in Percentage,
2020,October,Haryana,Total,40.67,value in Percentage,
2020,October,Haryana,Male,40.97,value in Percentage,
2020,October,Haryana,Female,40.34,value in Percentage,
2020,October,Gujarat,Total,47.53,value in Percentage,
2020,October,Gujarat,Male,48.22,value in Percentage,
2020,October,Gujarat,Female,46.77,value in Percentage,
2020,October,Goa,Total,73.19,value in Percentage,
2020,October,Goa,Male,74.18,value in Percentage,
2020,October,Goa,Female,72.18,value in Percentage,
2020,October,Delhi,Total,99.30,value in Percentage,
2020,October,Delhi,Male,99.73,value in Percentage,
2020,October,Delhi,Female,98.81,value in Percentage,
2020,October,Daman and Diu,Total,93.57,value in Percentage,
2020,October,Daman and Diu,Male,93.57,value in Percentage,
2020,October,Daman and Diu,Female,93.56,value in Percentage,
2020,October,Dadra and Nagar Haveli,Total,66.45,value in Percentage,
2020,October,Dadra and Nagar Haveli,Male,66.26,value in Percentage,
2020,October,Dadra and Nagar Haveli,Female,66.72,value in Percentage,
2020,October,Chhattisgarh,Total,26.35,value in Percentage,
2020,October,Chhattisgarh,Male,26.85,value in Percentage,
2020,October,Chhattisgarh,Female,25.84,value in Percentage,
2020,October,Chandigarh,Total,99.67,value in Percentage,
2020,October,Chandigarh,Male,100.0,value in Percentage,
2020,October,Chandigarh,Female,98.10,value in Percentage,
2020,October,Bihar,Total,12.09,value in Percentage,
2020,October,Bihar,Male,12.26,value in Percentage,
2020,October,Bihar,Female,11.90,value in Percentage,
2020,October,Assam,Total,15.27,value in Percentage,
2020,October,Assam,Male,15.41,value in Percentage,
2020,October,Assam,Female,15.12,value in Percentage,
2020,October,Arunachal Pradesh,Total,25.10,value in Percentage,
2020,October,Arunachal Pradesh,Male,25.82,value in Percentage,
2020,October,Arunachal Pradesh,Female,24.35,value in Percentage,
2020,October,Andhra Pradesh,Total,35.02,value in Percentage,
2020,October,Andhra Pradesh,Male,35.24,value in Percentage,
2020,October,Andhra Pradesh,Female,34.81,value in Percentage,
2020,October,Andaman and Nicobar Islands,Total,42.72,value in Percentage,
2020,October,Andaman and Nicobar Islands,Male,43.17,value in Percentage,
2020,October,Andaman and Nicobar Islands,Female,42.21,value in Percentage,
2020,October,All India,Total,34.29,value in Percentage,
2020,October,All India,Male,34.57,value in Percentage,
2020,October,All India,Female,34.00,value in Percentage,
2020,March,West Bengal,Total,35.54,value in Percentage,
2020,March,West Bengal,Male,35.79,value in Percentage,
2020,March,West Bengal,Female,35.28,value in Percentage,
2020,March,Uttarakhand,Total,34.49,value in Percentage,
2020,March,Uttarakhand,Male,35.75,value in Percentage,
2020,March,Uttarakhand,Female,33.16,value in Percentage,
2020,March,Uttar Pradesh,Total,23.59,value in Percentage,
2020,March,Uttar Pradesh,Male,23.90,value in Percentage,
2020,March,Uttar Pradesh,Female,23.27,value in Percentage,
2020,March,Tripura,Total,35.86,value in Percentage,
2020,March,Tripura,Male,35.72,value in Percentage,
2020,March,Tripura,Female,36.01,value in Percentage,
2020,March,Telangana,Total,45.38,value in Percentage,
2020,March,Telangana,Male,45.40,value in Percentage,
2020,March,Telangana,Female,45.36,value in Percentage,
2020,March,Tamil Nadu,Total,52.35,value in Percentage,
2020,March,Tamil Nadu,Male,52.38,value in Percentage,
2020,March,Tamil Nadu,Female,52.32,value in Percentage,
2020,March,Sikkim,Total,42.83,value in Percentage,
2020,March,Sikkim,Male,42.43,value in Percentage,
2020,March,Sikkim,Female,43.29,value in Percentage,
2020,March,Rajasthan,Total,26.19,value in Percentage,
2020,March,Rajasthan,Male,26.58,value in Percentage,
2020,March,Rajasthan,Female,25.77,value in Percentage,
2020,March,Punjab,Total,40.74,value in Percentage,
2020,March,Punjab,Male,41.33,value in Percentage,
2020,March,Punjab,Female,40.09,value in Percentage,
2020,March,Puducherry,Total,69.79,value in Percentage,
2020,March,Puducherry,Male,71.18,value in Percentage,
2020,March,Puducherry,Female,68.51,value in Percentage,
2020,March,Odisha,Total,18.29,value in Percentage,
2020,March,Odisha,Male,18.80,value in Percentage,
2020,March,Odisha,Female,17.77,value in Percentage,
2020,March,Nagaland,Total,41.50,value in Percentage,
2020,March,Nagaland,Male,42.11,value in Percentage,
2020,March,Nagaland,Female,40.85,value in Percentage,
2020,March,Mizoram,Total,54.31,value in Percentage,
2020,March,Mizoram,Male,53.85,value in Percentage,
2020,March,Mizoram,Female,54.78,value in Percentage,
2020,March,Meghalaya,Total,20.52,value in Percentage,
2020,March,Meghalaya,Male,20.45,value in Percentage,
2020,March,Meghalaya,Female,20.59,value in Percentage,
2020,March,Manipur,Total,31.62,value in Percentage,
2020,March,Manipur,Male,31.07,value in Percentage,
2020,March,Manipur,Female,32.18,value in Percentage,
2020,March,Maharashtra,Total,47.71,value in Percentage,
2020,March,Maharashtra,Male,48.23,value in Percentage,
2020,March,Maharashtra,Female,47.15,value in Percentage,
2020,March,Madhya Pradesh,Total,28.66,value in Percentage,
2020,March,Madhya Pradesh,Male,28.95,value in Percentage,
2020,March,Madhya Pradesh,Female,28.35,value in Percentage,
2020,March,Lakshadweep,Total,95.79,value in Percentage,
2020,March,Lakshadweep,Male,95.85,value in Percentage,
2020,March,Lakshadweep,Female,95.73,value in Percentage,
2020,March,Ladakh,Total,28.80,value in Percentage,
2020,March,Ladakh,Male,33.52,value in Percentage,
2020,March,Ladakh,Female,22.72,value in Percentage,
2020,March,Kerala,Total,68.79,value in Percentage,
2020,March,Kerala,Male,68.51,value in Percentage,
2020,March,Kerala,Female,69.04,value in Percentage,
2020,March,Karnataka,Total,42.97,value in Percentage,
2020,March,Karnataka,Male,43.16,value in Percentage,
2020,March,Karnataka,Female,42.78,value in Percentage,
2020,March,Jharkhand,Total,25.66,value in Percentage,
2020,March,Jharkhand,Male,26.22,value in Percentage,
2020,March,Jharkhand,Female,25.06,value in Percentage,
2020,March,Jammu and Kashmir,Total,29.77,value in Percentage,
2020,March,Jammu and Kashmir,Male,30.72,value in Percentage,
2020,March,Jammu and Kashmir,Female,28.72,value in Percentage,
2020,March,Himachal Pradesh,Total,10.24,value in Percentage,
2020,March,Himachal Pradesh,Male,10.89,value in Percentage,
2020,March,Himachal Pradesh,Female,9.56,value in Percentage,
2020,March,Haryana,Total,40.33,value in Percentage,
2020,March,Haryana,Male,40.61,value in Percentage,
2020,March,Haryana,Female,40.00,value in Percentage,
2020,March,Gujarat,Total,47.24,value in Percentage,
2020,March,Gujarat,Male,47.94,value in Percentage,
2020,March,Gujarat,Female,46.47,value in Percentage,
2020,March,Goa,Total,72.54,value in Percentage,
2020,March,Goa,Male,73.50,value in Percentage,
2020,March,Goa,Female,71.57,value in Percentage,
2020,March,Delhi,Total,99.23,value in Percentage,
2020,March,Delhi,Male,99.63,value in Percentage,
2020,March,Delhi,Female,98.77,value in Percentage,
2020,March,Daman and Diu,Total,92.93,value in Percentage,
2020,March,Daman and Diu,Male,92.93,value in Percentage,
2020,March,Daman and Diu,Female,92.93,value in Percentage,
2020,March,Dadra and Nagar Haveli,Total,65.51,value in Percentage,
2020,March,Dadra and Nagar Haveli,Male,65.51,value in Percentage,
2020,March,Dadra and Nagar Haveli,Female,65.51,value in Percentage,
2020,March,Chhattisgarh,Total,26.16,value in Percentage,
2020,March,Chhattisgarh,Male,26.66,value in Percentage,
2020,March,Chhattisgarh,Female,25.66,value in Percentage,
2020,March,Chandigarh,Total,99.63,value in Percentage,
2020,March,Chandigarh,Male,100.0,value in Percentage,
2020,March,Chandigarh,Female,98.17,value in Percentage,
2020,March,Bihar,Total,12.04,value in Percentage,
2020,March,Bihar,Male,12.21,value in Percentage,
2020,March,Bihar,Female,11.85,value in Percentage,
2020,March,Assam,Total,15.20,value in Percentage,
2020,March,Assam,Male,15.33,value in Percentage,
2020,March,Assam,Female,15.05,value in Percentage,
2020,March,Arunachal Pradesh,Total,24.96,value in Percentage,
2020,March,Arunachal Pradesh,Male,25.66,value in Percentage,
2020,March,Arunachal Pradesh,Female,24.21,value in Percentage,
2020,March,Andhra Pradesh,Total,34.68,value in Percentage,
2020,March,Andhra Pradesh,Male,34.89,value in Percentage,
2020,March,Andhra Pradesh,Female,34.46,value in Percentage,
2020,March,Andaman and Nicobar Islands,Total,42.38,value in Percentage,
2020,March,Andaman and Nicobar Islands,Male,42.81,value in Percentage,
2020,March,Andaman and Nicobar Islands,Female,41.91,value in Percentage,
2020,March,All India,Total,34.12,value in Percentage,
2020,March,All India,Male,34.39,value in Percentage,
2020,March,All India,Female,33.83,value in Percentage,
2020,July,West Bengal,Total,35.68,value in Percentage,
2020,July,West Bengal,Male,35.94,value in Percentage,
2020,July,West Bengal,Female,35.41,value in Percentage,
2020,July,Uttarakhand,Total,34.65,value in Percentage,
2020,July,Uttarakhand,Male,35.91,value in Percentage,
2020,July,Uttarakhand,Female,33.32,value in Percentage,
2020,July,Uttar Pradesh,Total,23.64,value in Percentage,
2020,July,Uttar Pradesh,Male,23.95,value in Percentage,
2020,July,Uttar Pradesh,Female,23.31,value in Percentage,
2020,July,Tripura,Total,36.26,value in Percentage,
2020,July,Tripura,Male,36.12,value in Percentage,
2020,July,Tripura,Female,36.41,value in Percentage,
2020,July,Telangana,Total,45.65,value in Percentage,
2020,July,Telangana,Male,45.67,value in Percentage,
2020,July,Telangana,Female,45.63,value in Percentage,
2020,July,Tamil Nadu,Total,52.50,value in Percentage,
2020,July,Tamil Nadu,Male,52.54,value in Percentage,
2020,July,Tamil Nadu,Female,52.46,value in Percentage,
2020,July,Sikkim,Total,43.57,value in Percentage,
2020,July,Sikkim,Male,43.16,value in Percentage,
2020,July,Sikkim,Female,44.04,value in Percentage,
2020,July,Rajasthan,Total,26.23,value in Percentage,
2020,July,Rajasthan,Male,26.64,value in Percentage,
2020,July,Rajasthan,Female,25.81,value in Percentage,
2020,July,Punjab,Total,40.86,value in Percentage,
2020,July,Punjab,Male,41.46,value in Percentage,
2020,July,Punjab,Female,40.20,value in Percentage,
2020,July,Puducherry,Total,69.82,value in Percentage,
2020,July,Puducherry,Male,71.27,value in Percentage,
2020,July,Puducherry,Female,68.49,value in Percentage,
2020,July,Odisha,Total,18.35,value in Percentage,
2020,July,Odisha,Male,18.86,value in Percentage,
2020,July,Odisha,Female,17.83,value in Percentage,
2020,July,Nagaland,Total,42.01,value in Percentage,
2020,July,Nagaland,Male,42.63,value in Percentage,
2020,July,Nagaland,Female,41.35,value in Percentage,
2020,July,Mizoram,Total,54.43,value in Percentage,
2020,July,Mizoram,Male,53.97,value in Percentage,
2020,July,Mizoram,Female,54.90,value in Percentage,
2020,July,Meghalaya,Total,20.55,value in Percentage,
2020,July,Meghalaya,Male,20.48,value in Percentage,
2020,July,Meghalaya,Female,20.62,value in Percentage,
2020,July,Manipur,Total,31.73,value in Percentage,
2020,July,Manipur,Male,31.18,value in Percentage,
2020,July,Manipur,Female,32.29,value in Percentage,
2020,July,Maharashtra,Total,47.80,value in Percentage,
2020,July,Maharashtra,Male,48.32,value in Percentage,
2020,July,Maharashtra,Female,47.24,value in Percentage,
2020,July,Madhya Pradesh,Total,28.70,value in Percentage,
2020,July,Madhya Pradesh,Male,28.99,value in Percentage,
2020,July,Madhya Pradesh,Female,28.39,value in Percentage,
2020,July,Lakshadweep,Total,96.12,value in Percentage,
2020,July,Lakshadweep,Male,96.18,value in Percentage,
2020,July,Lakshadweep,Female,96.06,value in Percentage,
2020,July,Ladakh,Total,29.08,value in Percentage,
2020,July,Ladakh,Male,33.86,value in Percentage,
2020,July,Ladakh,Female,22.93,value in Percentage,
2020,July,Kerala,Total,69.53,value in Percentage,
2020,July,Kerala,Male,69.25,value in Percentage,
2020,July,Kerala,Female,69.79,value in Percentage,
2020,July,Karnataka,Total,43.13,value in Percentage,
2020,July,Karnataka,Male,43.31,value in Percentage,
2020,July,Karnataka,Female,42.94,value in Percentage,
2020,July,Jharkhand,Total,25.72,value in Percentage,
2020,July,Jharkhand,Male,26.29,value in Percentage,
2020,July,Jharkhand,Female,25.12,value in Percentage,
2020,July,Jammu and Kashmir,Total,29.86,value in Percentage,
2020,July,Jammu and Kashmir,Male,30.81,value in Percentage,
2020,July,Jammu and Kashmir,Female,28.80,value in Percentage,
2020,July,Himachal Pradesh,Total,10.25,value in Percentage,
2020,July,Himachal Pradesh,Male,10.90,value in Percentage,
2020,July,Himachal Pradesh,Female,9.57,value in Percentage,
2020,July,Haryana,Total,40.53,value in Percentage,
2020,July,Haryana,Male,40.82,value in Percentage,
2020,July,Haryana,Female,40.19,value in Percentage,
2020,July,Gujarat,Total,47.41,value in Percentage,
2020,July,Gujarat,Male,48.10,value in Percentage,
2020,July,Gujarat,Female,46.64,value in Percentage,
2020,July,Goa,Total,72.91,value in Percentage,
2020,July,Goa,Male,73.89,value in Percentage,
2020,July,Goa,Female,71.92,value in Percentage,
2020,July,Delhi,Total,99.27,value in Percentage,
2020,July,Delhi,Male,99.69,value in Percentage,
2020,July,Delhi,Female,98.79,value in Percentage,
2020,July,Daman and Diu,Total,93.30,value in Percentage,
2020,July,Daman and Diu,Male,93.30,value in Percentage,
2020,July,Daman and Diu,Female,93.30,value in Percentage,
2020,July,Dadra and Nagar Haveli,Total,66.06,value in Percentage,
2020,July,Dadra and Nagar Haveli,Male,65.95,value in Percentage,
2020,July,Dadra and Nagar Haveli,Female,66.21,value in Percentage,
2020,July,Chhattisgarh,Total,26.27,value in Percentage,
2020,July,Chhattisgarh,Male,26.77,value in Percentage,
2020,July,Chhattisgarh,Female,25.76,value in Percentage,
2020,July,Chandigarh,Total,99.66,value in Percentage,
2020,July,Chandigarh,Male,100.0,value in Percentage,
2020,July,Chandigarh,Female,98.13,value in Percentage,
2020,July,Bihar,Total,12.07,value in Percentage,
2020,July,Bihar,Male,12.24,value in Percentage,
2020,July,Bihar,Female,11.88,value in Percentage,
2020,July,Assam,Total,15.24,value in Percentage,
2020,July,Assam,Male,15.37,value in Percentage,
2020,July,Assam,Female,15.09,value in Percentage,
2020,July,Arunachal Pradesh,Total,25.05,value in Percentage,
2020,July,Arunachal Pradesh,Male,25.76,value in Percentage,
2020,July,Arunachal Pradesh,Female,24.30,value in Percentage,
2020,July,Andhra Pradesh,Total,34.87,value in Percentage,
2020,July,Andhra Pradesh,Male,35.09,value in Percentage,
2020,July,Andhra Pradesh,Female,34.66,value in Percentage,
2020,July,Andaman and Nicobar Islands,Total,42.57,value in Percentage,
2020,July,Andaman and Nicobar Islands,Male,43.02,value in Percentage,
2020,July,Andaman and Nicobar Islands,Female,42.08,value in Percentage,
2020,July,All India,Total,34.21,value in Percentage,
2020,July,All India,Male,34.49,value in Percentage,
2020,July,All India,Female,33.92,value in Percentage,
2019,October,West Bengal,Total,35.37,value in Percentage,
2019,October,West Bengal,Male,35.61,value in Percentage,
2019,October,West Bengal,Female,35.11,value in Percentage,
2019,October,Uttarakhand,Total,34.29,value in Percentage,
2019,October,Uttarakhand,Male,35.56,value in Percentage,
2019,October,Uttarakhand,Female,32.97,value in Percentage,
2019,October,Uttar Pradesh,Total,23.54,value in Percentage,
2019,October,Uttar Pradesh,Male,23.83,value in Percentage,
2019,October,Uttar Pradesh,Female,23.21,value in Percentage,
2019,October,Tripura,Total,35.44,value in Percentage,
2019,October,Tripura,Male,35.29,value in Percentage,
2019,October,Tripura,Female,35.59,value in Percentage,
2019,October,Telangana,Total,45.10,value in Percentage,
2019,October,Telangana,Male,45.12,value in Percentage,
2019,October,Telangana,Female,45.09,value in Percentage,
2019,October,Tamil Nadu,Total,52.17,value in Percentage,
2019,October,Tamil Nadu,Male,52.19,value in Percentage,
2019,October,Tamil Nadu,Female,52.14,value in Percentage,
2019,October,Sikkim,Total,42.04,value in Percentage,
2019,October,Sikkim,Male,41.64,value in Percentage,
2019,October,Sikkim,Female,42.50,value in Percentage,
2019,October,Rajasthan,Total,26.13,value in Percentage,
2019,October,Rajasthan,Male,26.51,value in Percentage,
2019,October,Rajasthan,Female,25.72,value in Percentage,
2019,October,Punjab,Total,40.59,value in Percentage,
2019,October,Punjab,Male,41.17,value in Percentage,
2019,October,Punjab,Female,39.95,value in Percentage,
2019,October,Puducherry,Total,69.73,value in Percentage,
2019,October,Puducherry,Male,71.04,value in Percentage,
2019,October,Puducherry,Female,68.51,value in Percentage,
2019,October,Odisha,Total,18.21,value in Percentage,
2019,October,Odisha,Male,18.72,value in Percentage,
2019,October,Odisha,Female,17.70,value in Percentage,
2019,October,Nagaland,Total,40.93,value in Percentage,
2019,October,Nagaland,Male,41.52,value in Percentage,
2019,October,Nagaland,Female,40.30,value in Percentage,
2019,October,Mizoram,Total,54.27,value in Percentage,
2019,October,Mizoram,Male,53.80,value in Percentage,
2019,October,Mizoram,Female,54.75,value in Percentage,
2019,October,Meghalaya,Total,20.51,value in Percentage,
2019,October,Meghalaya,Male,20.44,value in Percentage,
2019,October,Meghalaya,Female,20.59,value in Percentage,
2019,October,Manipur,Total,31.54,value in Percentage,
2019,October,Manipur,Male,30.98,value in Percentage,
2019,October,Manipur,Female,32.10,value in Percentage,
2019,October,Maharashtra,Total,47.60,value in Percentage,
2019,October,Maharashtra,Male,48.12,value in Percentage,
2019,October,Maharashtra,Female,47.03,value in Percentage,
2019,October,Madhya Pradesh,Total,28.62,value in Percentage,
2019,October,Madhya Pradesh,Male,28.90,value in Percentage,
2019,October,Madhya Pradesh,Female,28.31,value in Percentage,
2019,October,Lakshadweep,Total,95.38,value in Percentage,
2019,October,Lakshadweep,Male,95.43,value in Percentage,
2019,October,Lakshadweep,Female,95.31,value in Percentage,
2019,October,Ladakh,Total,28.46,value in Percentage,
2019,October,Ladakh,Male,33.10,value in Percentage,
2019,October,Ladakh,Female,22.47,value in Percentage,
2019,October,Kerala,Total,67.85,value in Percentage,
2019,October,Kerala,Male,67.58,value in Percentage,
2019,October,Kerala,Female,68.10,value in Percentage,
2019,October,Karnataka,Total,42.77,value in Percentage,
2019,October,Karnataka,Male,42.96,value in Percentage,
2019,October,Karnataka,Female,42.58,value in Percentage,
2019,October,Jharkhand,Total,25.59,value in Percentage,
2019,October,Jharkhand,Male,26.15,value in Percentage,
2019,October,Jharkhand,Female,25.00,value in Percentage,
2019,October,Jammu and Kashmir,Total,29.66,value in Percentage,
2019,October,Jammu and Kashmir,Male,30.60,value in Percentage,
2019,October,Jammu and Kashmir,Female,28.63,value in Percentage,
2019,October,Himachal Pradesh,Total,10.23,value in Percentage,
2019,October,Himachal Pradesh,Male,10.89,value in Percentage,
2019,October,Himachal Pradesh,Female,9.55,value in Percentage,
2019,October,Haryana,Total,40.08,value in Percentage,
2019,October,Haryana,Male,40.36,value in Percentage,
2019,October,Haryana,Female,39.77,value in Percentage,
2019,October,Gujarat,Total,47.03,value in Percentage,
2019,October,Gujarat,Male,47.74,value in Percentage,
2019,October,Gujarat,Female,46.25,value in Percentage,
2019,October,Goa,Total,72.08,value in Percentage,
2019,October,Goa,Male,73.02,value in Percentage,
2019,October,Goa,Female,71.13,value in Percentage,
2019,October,Delhi,Total,99.17,value in Percentage,
2019,October,Delhi,Male,99.55,value in Percentage,
2019,October,Delhi,Female,98.74,value in Percentage,
2019,October,Daman and Diu,Total,92.45,value in Percentage,
2019,October,Daman and Diu,Male,92.45,value in Percentage,
2019,October,Daman and Diu,Female,92.44,value in Percentage,
2019,October,Dadra and Nagar Haveli,Total,64.88,value in Percentage,
2019,October,Dadra and Nagar Haveli,Male,65.02,value in Percentage,
2019,October,Dadra and Nagar Haveli,Female,64.68,value in Percentage,
2019,October,Chhattisgarh,Total,26.03,value in Percentage,
2019,October,Chhattisgarh,Male,26.53,value in Percentage,
2019,October,Chhattisgarh,Female,25.53,value in Percentage,
2019,October,Chandigarh,Total,99.57,value in Percentage,
2019,October,Chandigarh,Male,100.0,value in Percentage,
2019,October,Chandigarh,Female,98.18,value in Percentage,
2019,October,Bihar,Total,12.01,value in Percentage,
2019,October,Bihar,Male,12.18,value in Percentage,
2019,October,Bihar,Female,11.82,value in Percentage,
2019,October,Assam,Total,15.14,value in Percentage,
2019,October,Assam,Male,15.28,value in Percentage,
2019,October,Assam,Female,15.01,value in Percentage,
2019,October,Arunachal Pradesh,Total,24.89,value in Percentage,
2019,October,Arunachal Pradesh,Male,25.59,value in Percentage,
2019,October,Arunachal Pradesh,Female,24.15,value in Percentage,
2019,October,Andhra Pradesh,Total,34.43,value in Percentage,
2019,October,Andhra Pradesh,Male,34.64,value in Percentage,
2019,October,Andhra Pradesh,Female,34.22,value in Percentage,
2019,October,Andaman and Nicobar Islands,Total,42.25,value in Percentage,
2019,October,Andaman and Nicobar Islands,Male,42.66,value in Percentage,
2019,October,Andaman and Nicobar Islands,Female,41.79,value in Percentage,
2019,October,All India,Total,33.97,value in Percentage,
2019,October,All India,Male,34.24,value in Percentage,
2019,October,All India,Female,33.69,value in Percentage,
2019,March,West Bengal,Total,35.13,value in Percentage,
2019,March,West Bengal,Male,35.36,value in Percentage,
2019,March,West Bengal,Female,34.88,value in Percentage,
2019,March,Uttarakhand,Total,34.02,value in Percentage,
2019,March,Uttarakhand,Male,35.28,value in Percentage,
2019,March,Uttarakhand,Female,32.69,value in Percentage,
2019,March,Uttar Pradesh,Total,23.45,value in Percentage,
2019,March,Uttar Pradesh,Male,23.74,value in Percentage,
2019,March,Uttar Pradesh,Female,23.13,value in Percentage,
2019,March,Tripura,Total,34.77,value in Percentage,
2019,March,Tripura,Male,34.62,value in Percentage,
2019,March,Tripura,Female,34.92,value in Percentage,
2019,March,Telangana,Total,44.65,value in Percentage,
2019,March,Telangana,Male,44.67,value in Percentage,
2019,March,Telangana,Female,44.64,value in Percentage,
2019,March,Tamil Nadu,Total,51.91,value in Percentage,
2019,March,Tamil Nadu,Male,51.92,value in Percentage,
2019,March,Tamil Nadu,Female,51.89,value in Percentage,
2019,March,Sikkim,Total,40.84,value in Percentage,
2019,March,Sikkim,Male,40.44,value in Percentage,
2019,March,Sikkim,Female,41.30,value in Percentage,
2019,March,Rajasthan,Total,26.04,value in Percentage,
2019,March,Rajasthan,Male,26.41,value in Percentage,
2019,March,Rajasthan,Female,25.65,value in Percentage,
2019,March,Punjab,Total,40.38,value in Percentage,
2019,March,Punjab,Male,40.94,value in Percentage,
2019,March,Punjab,Female,39.75,value in Percentage,
2019,March,Puducherry,Total,69.63,value in Percentage,
2019,March,Puducherry,Male,70.84,value in Percentage,
2019,March,Puducherry,Female,68.51,value in Percentage,
2019,March,Odisha,Total,18.11,value in Percentage,
2019,March,Odisha,Male,18.60,value in Percentage,
2019,March,Odisha,Female,17.60,value in Percentage,
2019,March,Nagaland,Total,40.05,value in Percentage,
2019,March,Nagaland,Male,40.62,value in Percentage,
2019,March,Nagaland,Female,39.43,value in Percentage,
2019,March,Mizoram,Total,54.10,value in Percentage,
2019,March,Mizoram,Male,53.62,value in Percentage,
2019,March,Mizoram,Female,54.58,value in Percentage,
2019,March,Meghalaya,Total,20.47,value in Percentage,
2019,March,Meghalaya,Male,20.39,value in Percentage,
2019,March,Meghalaya,Female,20.55,value in Percentage,
2019,March,Manipur,Total,31.35,value in Percentage,
2019,March,Manipur,Male,30.79,value in Percentage,
2019,March,Manipur,Female,31.92,value in Percentage,
2019,March,Maharashtra,Total,47.44,value in Percentage,
2019,March,Maharashtra,Male,47.97,value in Percentage,
2019,March,Maharashtra,Female,46.87,value in Percentage,
2019,March,Madhya Pradesh,Total,28.55,value in Percentage,
2019,March,Madhya Pradesh,Male,28.83,value in Percentage,
2019,March,Madhya Pradesh,Female,28.25,value in Percentage,
2019,March,Lakshadweep,Total,94.79,value in Percentage,
2019,March,Lakshadweep,Male,94.85,value in Percentage,
2019,March,Lakshadweep,Female,94.73,value in Percentage,
2019,March,Ladakh,Total,27.97,value in Percentage,
2019,March,Ladakh,Male,32.51,value in Percentage,
2019,March,Ladakh,Female,22.11,value in Percentage,
2019,March,Kerala,Total,66.53,value in Percentage,
2019,March,Kerala,Male,66.27,value in Percentage,
2019,March,Kerala,Female,66.77,value in Percentage,
2019,March,Karnataka,Total,42.49,value in Percentage,
2019,March,Karnataka,Male,42.68,value in Percentage,
2019,March,Karnataka,Female,42.30,value in Percentage,
2019,March,Jharkhand,Total,25.48,value in Percentage,
2019,March,Jharkhand,Male,26.04,value in Percentage,
2019,March,Jharkhand,Female,24.90,value in Percentage,
2019,March,Jammu and Kashmir,Total,29.52,value in Percentage,
2019,March,Jammu and Kashmir,Male,30.43,value in Percentage,
2019,March,Jammu and Kashmir,Female,28.50,value in Percentage,
2019,March,Himachal Pradesh,Total,10.22,value in Percentage,
2019,March,Himachal Pradesh,Male,10.87,value in Percentage,
2019,March,Himachal Pradesh,Female,9.55,value in Percentage,
2019,March,Haryana,Total,39.73,value in Percentage,
2019,March,Haryana,Male,39.99,value in Percentage,
2019,March,Haryana,Female,39.44,value in Percentage,
2019,March,Gujarat,Total,46.74,value in Percentage,
2019,March,Gujarat,Male,47.45,value in Percentage,
2019,March,Gujarat,Female,45.94,value in Percentage,
2019,March,Goa,Total,71.43,value in Percentage,
2019,March,Goa,Male,72.34,value in Percentage,
2019,March,Goa,Female,70.50,value in Percentage,
2019,March,Delhi,Total,99.09,value in Percentage,
2019,March,Delhi,Male,99.44,value in Percentage,
2019,March,Delhi,Female,98.70,value in Percentage,
2019,March,Daman and Diu,Total,91.72,value in Percentage,
2019,March,Daman and Diu,Male,91.72,value in Percentage,
2019,March,Daman and Diu,Female,91.72,value in Percentage,
2019,March,Dadra and Nagar Haveli,Total,63.94,value in Percentage,
2019,March,Dadra and Nagar Haveli,Male,64.28,value in Percentage,
2019,March,Dadra and Nagar Haveli,Female,63.45,value in Percentage,
2019,March,Chhattisgarh,Total,25.84,value in Percentage,
2019,March,Chhattisgarh,Male,26.33,value in Percentage,
2019,March,Chhattisgarh,Female,25.34,value in Percentage,
2019,March,Chandigarh,Total,99.48,value in Percentage,
2019,March,Chandigarh,Male,100.0,value in Percentage,
2019,March,Chandigarh,Female,98.20,value in Percentage,
2019,March,Bihar,Total,11.96,value in Percentage,
2019,March,Bihar,Male,12.13,value in Percentage,
2019,March,Bihar,Female,11.78,value in Percentage,
2019,March,Assam,Total,15.07,value in Percentage,
2019,March,Assam,Male,15.20,value in Percentage,
2019,March,Assam,Female,14.94,value in Percentage,
2019,March,Arunachal Pradesh,Total,24.74,value in Percentage,
2019,March,Arunachal Pradesh,Male,25.43,value in Percentage,
2019,March,Arunachal Pradesh,Female,24.01,value in Percentage,
2019,March,Andhra Pradesh,Total,34.08,value in Percentage,
2019,March,Andhra Pradesh,Male,34.29,value in Percentage,
2019,March,Andhra Pradesh,Female,33.88,value in Percentage,
2019,March,Andaman and Nicobar Islands,Total,42.06,value in Percentage,
2019,March,Andaman and Nicobar Islands,Male,42.45,value in Percentage,
2019,March,Andaman and Nicobar Islands,Female,41.63,value in Percentage,
2019,March,All India,Total,33.79,value in Percentage,
2019,March,All India,Male,34.06,value in Percentage,
2019,March,All India,Female,33.51,value in Percentage,
2019,July,West Bengal,Total,35.27,value in Percentage,
2019,July,West Bengal,Male,35.51,value in Percentage,
2019,July,West Bengal,Female,35.02,value in Percentage,
2019,July,Uttarakhand,Total,34.18,value in Percentage,
2019,July,Uttarakhand,Male,35.44,value in Percentage,
2019,July,Uttarakhand,Female,32.85,value in Percentage,
2019,July,Uttar Pradesh,Total,23.50,value in Percentage,
2019,July,Uttar Pradesh,Male,23.79,value in Percentage,
2019,July,Uttar Pradesh,Female,23.18,value in Percentage,
2019,July,Tripura,Total,35.16,value in Percentage,
2019,July,Tripura,Male,35.02,value in Percentage,
2019,July,Tripura,Female,35.31,value in Percentage,
2019,July,Telangana,Total,44.92,value in Percentage,
2019,July,Telangana,Male,44.94,value in Percentage,
2019,July,Telangana,Female,44.90,value in Percentage,
2019,July,Tamil Nadu,Total,52.06,value in Percentage,
2019,July,Tamil Nadu,Male,52.08,value in Percentage,
2019,July,Tamil Nadu,Female,52.03,value in Percentage,
2019,July,Sikkim,Total,41.54,value in Percentage,
2019,July,Sikkim,Male,41.14,value in Percentage,
2019,July,Sikkim,Female,42.00,value in Percentage,
2019,July,Rajasthan,Total,26.09,value in Percentage,
2019,July,Rajasthan,Male,26.47,value in Percentage,
2019,July,Rajasthan,Female,25.69,value in Percentage,
2019,July,Punjab,Total,40.50,value in Percentage,
2019,July,Punjab,Male,41.07,value in Percentage,
2019,July,Punjab,Female,39.86,value in Percentage,
2019,July,Puducherry,Total,69.69,value in Percentage,
2019,July,Puducherry,Male,70.96,value in Percentage,
2019,July,Puducherry,Female,68.51,value in Percentage,
2019,July,Odisha,Total,18.17,value in Percentage,
2019,July,Odisha,Male,18.67,value in Percentage,
2019,July,Odisha,Female,17.66,value in Percentage,
2019,July,Nagaland,Total,40.57,value in Percentage,
2019,July,Nagaland,Male,41.15,value in Percentage,
2019,July,Nagaland,Female,39.94,value in Percentage,
2019,July,Mizoram,Total,54.21,value in Percentage,
2019,July,Mizoram,Male,53.74,value in Percentage,
2019,July,Mizoram,Female,54.70,value in Percentage,
2019,July,Meghalaya,Total,20.50,value in Percentage,
2019,July,Meghalaya,Male,20.43,value in Percentage,
2019,July,Meghalaya,Female,20.58,value in Percentage,
2019,July,Manipur,Total,31.47,value in Percentage,
2019,July,Manipur,Male,30.91,value in Percentage,
2019,July,Manipur,Female,32.03,value in Percentage,
2019,July,Maharashtra,Total,47.53,value in Percentage,
2019,July,Maharashtra,Male,48.06,value in Percentage,
2019,July,Maharashtra,Female,46.96,value in Percentage,
2019,July,Madhya Pradesh,Total,28.59,value in Percentage,
2019,July,Madhya Pradesh,Male,28.87,value in Percentage,
2019,July,Madhya Pradesh,Female,28.29,value in Percentage,
2019,July,Lakshadweep,Total,95.13,value in Percentage,
2019,July,Lakshadweep,Male,95.18,value in Percentage,
2019,July,Lakshadweep,Female,95.06,value in Percentage,
2019,July,Ladakh,Total,28.25,value in Percentage,
2019,July,Ladakh,Male,32.85,value in Percentage,
2019,July,Ladakh,Female,22.32,value in Percentage,
2019,July,Kerala,Total,67.29,value in Percentage,
2019,July,Kerala,Male,67.02,value in Percentage,
2019,July,Kerala,Female,67.53,value in Percentage,
2019,July,Karnataka,Total,42.65,value in Percentage,
2019,July,Karnataka,Male,42.84,value in Percentage,
2019,July,Karnataka,Female,42.46,value in Percentage,
2019,July,Jharkhand,Total,25.54,value in Percentage,
2019,July,Jharkhand,Male,26.10,value in Percentage,
2019,July,Jharkhand,Female,24.95,value in Percentage,
2019,July,Jammu and Kashmir,Total,29.60,value in Percentage,
2019,July,Jammu and Kashmir,Male,30.53,value in Percentage,
2019,July,Jammu and Kashmir,Female,28.58,value in Percentage,
2019,July,Himachal Pradesh,Total,10.23,value in Percentage,
2019,July,Himachal Pradesh,Male,10.88,value in Percentage,
2019,July,Himachal Pradesh,Female,9.55,value in Percentage,
2019,July,Haryana,Total,39.93,value in Percentage,
2019,July,Haryana,Male,40.20,value in Percentage,
2019,July,Haryana,Female,39.63,value in Percentage,
2019,July,Gujarat,Total,46.90,value in Percentage,
2019,July,Gujarat,Male,47.62,value in Percentage,
2019,July,Gujarat,Female,46.12,value in Percentage,
2019,July,Goa,Total,71.80,value in Percentage,
2019,July,Goa,Male,72.73,value in Percentage,
2019,July,Goa,Female,70.86,value in Percentage,
2019,July,Delhi,Total,99.14,value in Percentage,
2019,July,Delhi,Male,99.50,value in Percentage,
2019,July,Delhi,Female,98.72,value in Percentage,
2019,July,Daman and Diu,Total,92.14,value in Percentage,
2019,July,Daman and Diu,Male,92.15,value in Percentage,
2019,July,Daman and Diu,Female,92.14,value in Percentage,
2019,July,Dadra and Nagar Haveli,Total,64.48,value in Percentage,
2019,July,Dadra and Nagar Haveli,Male,64.71,value in Percentage,
2019,July,Dadra and Nagar Haveli,Female,64.16,value in Percentage,
2019,July,Chhattisgarh,Total,25.95,value in Percentage,
2019,July,Chhattisgarh,Male,26.44,value in Percentage,
2019,July,Chhattisgarh,Female,25.45,value in Percentage,
2019,July,Chandigarh,Total,99.53,value in Percentage,
2019,July,Chandigarh,Male,100.0,value in Percentage,
2019,July,Chandigarh,Female,98.19,value in Percentage,
2019,July,Bihar,Total,11.99,value in Percentage,
2019,July,Bihar,Male,12.16,value in Percentage,
2019,July,Bihar,Female,11.80,value in Percentage,
2019,July,Assam,Total,15.11,value in Percentage,
2019,July,Assam,Male,15.25,value in Percentage,
2019,July,Assam,Female,14.98,value in Percentage,
2019,July,Arunachal Pradesh,Total,24.83,value in Percentage,
2019,July,Arunachal Pradesh,Male,25.53,value in Percentage,
2019,July,Arunachal Pradesh,Female,24.10,value in Percentage,
2019,July,Andhra Pradesh,Total,34.28,value in Percentage,
2019,July,Andhra Pradesh,Male,34.49,value in Percentage,
2019,July,Andhra Pradesh,Female,34.08,value in Percentage,
2019,July,Andaman and Nicobar Islands,Total,42.17,value in Percentage,
2019,July,Andaman and Nicobar Islands,Male,42.57,value in Percentage,
2019,July,Andaman and Nicobar Islands,Female,41.72,value in Percentage,
2019,July,All India,Total,33.89,value in Percentage,
2019,July,All India,Male,34.16,value in Percentage,
2019,July,All India,Female,33.61,value in Percentage,
2018,October,West Bengal,Total,34.96,value in Percentage,
2018,October,West Bengal,Male,35.18,value in Percentage,
2018,October,West Bengal,Female,34.72,value in Percentage,
2018,October,Uttarakhand,Total,33.82,value in Percentage,
2018,October,Uttarakhand,Male,35.08,value in Percentage,
2018,October,Uttarakhand,Female,32.50,value in Percentage,
2018,October,Uttar Pradesh,Total,23.39,value in Percentage,
2018,October,Uttar Pradesh,Male,23.68,value in Percentage,
2018,October,Uttar Pradesh,Female,23.08,value in Percentage,
2018,October,Tripura,Total,34.34,value in Percentage,
2018,October,Tripura,Male,34.19,value in Percentage,
2018,October,Tripura,Female,34.50,value in Percentage,
2018,October,Telangana,Total,44.38,value in Percentage,
2018,October,Telangana,Male,44.39,value in Percentage,
2018,October,Telangana,Female,44.36,value in Percentage,
2018,October,Tamil Nadu,Total,51.72,value in Percentage,
2018,October,Tamil Nadu,Male,51.73,value in Percentage,
2018,October,Tamil Nadu,Female,51.72,value in Percentage,
2018,October,Sikkim,Total,40.04,value in Percentage,
2018,October,Sikkim,Male,39.64,value in Percentage,
2018,October,Sikkim,Female,40.49,value in Percentage,
2018,October,Rajasthan,Total,25.98,value in Percentage,
2018,October,Rajasthan,Male,26.34,value in Percentage,
2018,October,Rajasthan,Female,25.60,value in Percentage,
2018,October,Punjab,Total,40.23,value in Percentage,
2018,October,Punjab,Male,40.78,value in Percentage,
2018,October,Punjab,Female,39.61,value in Percentage,
2018,October,Puducherry,Total,69.57,value in Percentage,
2018,October,Puducherry,Male,70.70,value in Percentage,
2018,October,Puducherry,Female,68.51,value in Percentage,
2018,October,Odisha,Total,18.03,value in Percentage,
2018,October,Odisha,Male,18.52,value in Percentage,
2018,October,Odisha,Female,17.53,value in Percentage,
2018,October,Nagaland,Total,39.50,value in Percentage,
2018,October,Nagaland,Male,40.06,value in Percentage,
2018,October,Nagaland,Female,38.91,value in Percentage,
2018,October,Mizoram,Total,54.01,value in Percentage,
2018,October,Mizoram,Male,53.53,value in Percentage,
2018,October,Mizoram,Female,54.51,value in Percentage,
2018,October,Meghalaya,Total,20.47,value in Percentage,
2018,October,Meghalaya,Male,20.39,value in Percentage,
2018,October,Meghalaya,Female,20.55,value in Percentage,
2018,October,Manipur,Total,31.27,value in Percentage,
2018,October,Manipur,Male,30.70,value in Percentage,
2018,October,Manipur,Female,31.83,value in Percentage,
2018,October,Maharashtra,Total,47.32,value in Percentage,
2018,October,Maharashtra,Male,47.86,value in Percentage,
2018,October,Maharashtra,Female,46.75,value in Percentage,
2018,October,Madhya Pradesh,Total,28.50,value in Percentage,
2018,October,Madhya Pradesh,Male,28.78,value in Percentage,
2018,October,Madhya Pradesh,Female,28.21,value in Percentage,
2018,October,Lakshadweep,Total,94.37,value in Percentage,
2018,October,Lakshadweep,Male,94.43,value in Percentage,
2018,October,Lakshadweep,Female,94.31,value in Percentage,
2018,October,Ladakh,Total,27.77,value in Percentage,
2018,October,Ladakh,Male,32.24,value in Percentage,
2018,October,Ladakh,Female,21.96,value in Percentage,
2018,October,Kerala,Total,65.58,value in Percentage,
2018,October,Kerala,Male,65.33,value in Percentage,
2018,October,Kerala,Female,65.81,value in Percentage,
2018,October,Karnataka,Total,42.30,value in Percentage,
2018,October,Karnataka,Male,42.48,value in Percentage,
2018,October,Karnataka,Female,42.10,value in Percentage,
2018,October,Jharkhand,Total,25.41,value in Percentage,
2018,October,Jharkhand,Male,25.96,value in Percentage,
2018,October,Jharkhand,Female,24.83,value in Percentage,
2018,October,Jammu and Kashmir,Total,29.41,value in Percentage,
2018,October,Jammu and Kashmir,Male,30.31,value in Percentage,
2018,October,Jammu and Kashmir,Female,28.41,value in Percentage,
2018,October,Himachal Pradesh,Total,10.21,value in Percentage,
2018,October,Himachal Pradesh,Male,10.86,value in Percentage,
2018,October,Himachal Pradesh,Female,9.53,value in Percentage,
2018,October,Haryana,Total,39.49,value in Percentage,
2018,October,Haryana,Male,39.74,value in Percentage,
2018,October,Haryana,Female,39.20,value in Percentage,
2018,October,Gujarat,Total,46.53,value in Percentage,
2018,October,Gujarat,Male,47.25,value in Percentage,
2018,October,Gujarat,Female,45.73,value in Percentage,
2018,October,Goa,Total,70.96,value in Percentage,
2018,October,Goa,Male,71.85,value in Percentage,
2018,October,Goa,Female,70.05,value in Percentage,
2018,October,Delhi,Total,99.03,value in Percentage,
2018,October,Delhi,Male,99.36,value in Percentage,
2018,October,Delhi,Female,98.66,value in Percentage,
2018,October,Daman and Diu,Total,91.17,value in Percentage,
2018,October,Daman and Diu,Male,91.17,value in Percentage,
2018,October,Daman and Diu,Female,91.16,value in Percentage,
2018,October,Dadra and Nagar Haveli,Total,63.23,value in Percentage,
2018,October,Dadra and Nagar Haveli,Male,63.72,value in Percentage,
2018,October,Dadra and Nagar Haveli,Female,62.53,value in Percentage,
2018,October,Chhattisgarh,Total,25.71,value in Percentage,
2018,October,Chhattisgarh,Male,26.20,value in Percentage,
2018,October,Chhattisgarh,Female,25.21,value in Percentage,
2018,October,Chandigarh,Total,99.39,value in Percentage,
2018,October,Chandigarh,Male,100.0,value in Percentage,
2018,October,Chandigarh,Female,98.17,value in Percentage,
2018,October,Bihar,Total,11.93,value in Percentage,
2018,October,Bihar,Male,12.09,value in Percentage,
2018,October,Bihar,Female,11.74,value in Percentage,
2018,October,Assam,Total,15.02,value in Percentage,
2018,October,Assam,Male,15.15,value in Percentage,
2018,October,Assam,Female,14.89,value in Percentage,
2018,October,Arunachal Pradesh,Total,24.67,value in Percentage,
2018,October,Arunachal Pradesh,Male,25.35,value in Percentage,
2018,October,Arunachal Pradesh,Female,23.94,value in Percentage,
2018,October,Andhra Pradesh,Total,33.84,value in Percentage,
2018,October,Andhra Pradesh,Male,34.04,value in Percentage,
2018,October,Andhra Pradesh,Female,33.64,value in Percentage,
2018,October,Andaman and Nicobar Islands,Total,41.82,value in Percentage,
2018,October,Andaman and Nicobar Islands,Male,42.20,value in Percentage,
2018,October,Andaman and Nicobar Islands,Female,41.41,value in Percentage,
2018,October,All India,Total,33.65,value in Percentage,
2018,October,All India,Male,33.91,value in Percentage,
2018,October,All India,Female,33.37,value in Percentage,
2018,March,West Bengal,Total,34.72,value in Percentage,
2018,March,West Bengal,Male,34.93,value in Percentage,
2018,March,West Bengal,Female,34.49,value in Percentage,
2018,March,Uttarakhand,Total,33.54,value in Percentage,
2018,March,Uttarakhand,Male,34.80,value in Percentage,
2018,March,Uttarakhand,Female,32.22,value in Percentage,
2018,March,Uttar Pradesh,Total,23.31,value in Percentage,
2018,March,Uttar Pradesh,Male,23.59,value in Percentage,
2018,March,Uttar Pradesh,Female,23.00,value in Percentage,
2018,March,Tripura,Total,33.67,value in Percentage,
2018,March,Tripura,Male,33.52,value in Percentage,
2018,March,Tripura,Female,33.83,value in Percentage,
2018,March,Telangana,Total,43.93,value in Percentage,
2018,March,Telangana,Male,43.94,value in Percentage,
2018,March,Telangana,Female,43.91,value in Percentage,
2018,March,Tamil Nadu,Total,51.47,value in Percentage,
2018,March,Tamil Nadu,Male,51.47,value in Percentage,
2018,March,Tamil Nadu,Female,51.47,value in Percentage,
2018,March,Sikkim,Total,38.81,value in Percentage,
2018,March,Sikkim,Male,38.42,value in Percentage,
2018,March,Sikkim,Female,39.26,value in Percentage,
2018,March,Rajasthan,Total,25.90,value in Percentage,
2018,March,Rajasthan,Male,26.24,value in Percentage,
2018,March,Rajasthan,Female,25.53,value in Percentage,
2018,March,Punjab,Total,40.01,value in Percentage,
2018,March,Punjab,Male,40.56,value in Percentage,
2018,March,Punjab,Female,39.41,value in Percentage,
2018,March,Puducherry,Total,69.47,value in Percentage,
2018,March,Puducherry,Male,70.49,value in Percentage,
2018,March,Puducherry,Female,68.52,value in Percentage,
2018,March,Odisha,Total,17.93,value in Percentage,
2018,March,Odisha,Male,18.41,value in Percentage,
2018,March,Odisha,Female,17.44,value in Percentage,
2018,March,Nagaland,Total,38.66,value in Percentage,
2018,March,Nagaland,Male,39.20,value in Percentage,
2018,March,Nagaland,Female,38.08,value in Percentage,
2018,March,Mizoram,Total,53.79,value in Percentage,
2018,March,Mizoram,Male,53.29,value in Percentage,
2018,March,Mizoram,Female,54.29,value in Percentage,
2018,March,Meghalaya,Total,20.42,value in Percentage,
2018,March,Meghalaya,Male,20.34,value in Percentage,
2018,March,Meghalaya,Female,20.51,value in Percentage,
2018,March,Manipur,Total,31.08,value in Percentage,
2018,March,Manipur,Male,30.51,value in Percentage,
2018,March,Manipur,Female,31.65,value in Percentage,
2018,March,Maharashtra,Total,47.16,value in Percentage,
2018,March,Maharashtra,Male,47.70,value in Percentage,
2018,March,Maharashtra,Female,46.58,value in Percentage,
2018,March,Madhya Pradesh,Total,28.44,value in Percentage,
2018,March,Madhya Pradesh,Male,28.71,value in Percentage,
2018,March,Madhya Pradesh,Female,28.15,value in Percentage,
2018,March,Lakshadweep,Total,93.78,value in Percentage,
2018,March,Lakshadweep,Male,93.84,value in Percentage,
2018,March,Lakshadweep,Female,93.72,value in Percentage,
2018,March,Ladakh,Total,27.47,value in Percentage,
2018,March,Ladakh,Male,31.88,value in Percentage,
2018,March,Ladakh,Female,21.76,value in Percentage,
2018,March,Kerala,Total,64.24,value in Percentage,
2018,March,Kerala,Male,64.00,value in Percentage,
2018,March,Kerala,Female,64.46,value in Percentage,
2018,March,Karnataka,Total,42.02,value in Percentage,
2018,March,Karnataka,Male,42.20,value in Percentage,
2018,March,Karnataka,Female,41.82,value in Percentage,
2018,March,Jharkhand,Total,25.31,value in Percentage,
2018,March,Jharkhand,Male,25.85,value in Percentage,
2018,March,Jharkhand,Female,24.73,value in Percentage,
2018,March,Jammu and Kashmir,Total,29.26,value in Percentage,
2018,March,Jammu and Kashmir,Male,30.14,value in Percentage,
2018,March,Jammu and Kashmir,Female,28.28,value in Percentage,
2018,March,Himachal Pradesh,Total,10.19,value in Percentage,
2018,March,Himachal Pradesh,Male,10.84,value in Percentage,
2018,March,Himachal Pradesh,Female,9.52,value in Percentage,
2018,March,Haryana,Total,39.14,value in Percentage,
2018,March,Haryana,Male,39.38,value in Percentage,
2018,March,Haryana,Female,38.87,value in Percentage,
2018,March,Gujarat,Total,46.23,value in Percentage,
2018,March,Gujarat,Male,46.97,value in Percentage,
2018,March,Gujarat,Female,45.42,value in Percentage,
2018,March,Goa,Total,70.30,value in Percentage,
2018,March,Goa,Male,71.16,value in Percentage,
2018,March,Goa,Female,69.42,value in Percentage,
2018,March,Delhi,Total,98.94,value in Percentage,
2018,March,Delhi,Male,99.23,value in Percentage,
2018,March,Delhi,Female,98.61,value in Percentage,
2018,March,Daman and Diu,Total,90.34,value in Percentage,
2018,March,Daman and Diu,Male,90.34,value in Percentage,
2018,March,Daman and Diu,Female,90.34,value in Percentage,
2018,March,Dadra and Nagar Haveli,Total,62.18,value in Percentage,
2018,March,Dadra and Nagar Haveli,Male,62.88,value in Percentage,
2018,March,Dadra and Nagar Haveli,Female,61.18,value in Percentage,
2018,March,Chhattisgarh,Total,25.52,value in Percentage,
2018,March,Chhattisgarh,Male,26.00,value in Percentage,
2018,March,Chhattisgarh,Female,25.03,value in Percentage,
2018,March,Chandigarh,Total,99.24,value in Percentage,
2018,March,Chandigarh,Male,100.0,value in Percentage,
2018,March,Chandigarh,Female,98.14,value in Percentage,
2018,March,Bihar,Total,11.88,value in Percentage,
2018,March,Bihar,Male,12.04,value in Percentage,
2018,March,Bihar,Female,11.70,value in Percentage,
2018,March,Assam,Total,14.95,value in Percentage,
2018,March,Assam,Male,15.08,value in Percentage,
2018,March,Assam,Female,14.82,value in Percentage,
2018,March,Arunachal Pradesh,Total,24.52,value in Percentage,
2018,March,Arunachal Pradesh,Male,25.19,value in Percentage,
2018,March,Arunachal Pradesh,Female,23.80,value in Percentage,
2018,March,Andhra Pradesh,Total,33.50,value in Percentage,
2018,March,Andhra Pradesh,Male,33.69,value in Percentage,
2018,March,Andhra Pradesh,Female,33.30,value in Percentage,
2018,March,Andaman and Nicobar Islands,Total,41.49,value in Percentage,
2018,March,Andaman and Nicobar Islands,Male,41.83,value in Percentage,
2018,March,Andaman and Nicobar Islands,Female,41.10,value in Percentage,
2018,March,All India,Total,33.47,value in Percentage,
2018,March,All India,Male,33.72,value in Percentage,
2018,March,All India,Female,33.20,value in Percentage,
2018,July,West Bengal,Total,34.86,value in Percentage,
2018,July,West Bengal,Male,35.08,value in Percentage,
2018,July,West Bengal,Female,34.62,value in Percentage,
2018,July,Uttarakhand,Total,33.70,value in Percentage,
2018,July,Uttarakhand,Male,34.96,value in Percentage,
2018,July,Uttarakhand,Female,32.38,value in Percentage,
2018,July,Uttar Pradesh,Total,23.35,value in Percentage,
2018,July,Uttar Pradesh,Male,23.64,value in Percentage,
2018,July,Uttar Pradesh,Female,23.04,value in Percentage,
2018,July,Tripura,Total,34.07,value in Percentage,
2018,July,Tripura,Male,33.91,value in Percentage,
2018,July,Tripura,Female,34.22,value in Percentage,
2018,July,Telangana,Total,44.19,value in Percentage,
2018,July,Telangana,Male,44.21,value in Percentage,
2018,July,Telangana,Female,44.18,value in Percentage,
2018,July,Tamil Nadu,Total,51.61,value in Percentage,
2018,July,Tamil Nadu,Male,51.62,value in Percentage,
2018,July,Tamil Nadu,Female,51.61,value in Percentage,
2018,July,Sikkim,Total,39.53,value in Percentage,
2018,July,Sikkim,Male,39.13,value in Percentage,
2018,July,Sikkim,Female,39.98,value in Percentage,
2018,July,Rajasthan,Total,25.95,value in Percentage,
2018,July,Rajasthan,Male,26.30,value in Percentage,
2018,July,Rajasthan,Female,25.57,value in Percentage,
2018,July,Punjab,Total,40.14,value in Percentage,
2018,July,Punjab,Male,40.69,value in Percentage,
2018,July,Punjab,Female,39.53,value in Percentage,
2018,July,Puducherry,Total,69.53,value in Percentage,
2018,July,Puducherry,Male,70.61,value in Percentage,
2018,July,Puducherry,Female,68.51,value in Percentage,
2018,July,Odisha,Total,17.99,value in Percentage,
2018,July,Odisha,Male,18.47,value in Percentage,
2018,July,Odisha,Female,17.49,value in Percentage,
2018,July,Nagaland,Total,39.16,value in Percentage,
2018,July,Nagaland,Male,39.71,value in Percentage,
2018,July,Nagaland,Female,38.57,value in Percentage,
2018,July,Mizoram,Total,53.93,value in Percentage,
2018,July,Mizoram,Male,53.44,value in Percentage,
2018,July,Mizoram,Female,54.43,value in Percentage,
2018,July,Meghalaya,Total,20.46,value in Percentage,
2018,July,Meghalaya,Male,20.37,value in Percentage,
2018,July,Meghalaya,Female,20.54,value in Percentage,
2018,July,Manipur,Total,31.20,value in Percentage,
2018,July,Manipur,Male,30.63,value in Percentage,
2018,July,Manipur,Female,31.77,value in Percentage,
2018,July,Maharashtra,Total,47.26,value in Percentage,
2018,July,Maharashtra,Male,47.79,value in Percentage,
2018,July,Maharashtra,Female,46.68,value in Percentage,
2018,July,Madhya Pradesh,Total,28.48,value in Percentage,
2018,July,Madhya Pradesh,Male,28.75,value in Percentage,
2018,July,Madhya Pradesh,Female,28.19,value in Percentage,
2018,July,Lakshadweep,Total,94.12,value in Percentage,
2018,July,Lakshadweep,Male,94.18,value in Percentage,
2018,July,Lakshadweep,Female,94.06,value in Percentage,
2018,July,Ladakh,Total,27.64,value in Percentage,
2018,July,Ladakh,Male,32.09,value in Percentage,
2018,July,Ladakh,Female,21.88,value in Percentage,
2018,July,Kerala,Total,65.01,value in Percentage,
2018,July,Kerala,Male,64.76,value in Percentage,
2018,July,Kerala,Female,65.23,value in Percentage,
2018,July,Karnataka,Total,42.18,value in Percentage,
2018,July,Karnataka,Male,42.36,value in Percentage,
2018,July,Karnataka,Female,41.98,value in Percentage,
2018,July,Jharkhand,Total,25.37,value in Percentage,
2018,July,Jharkhand,Male,25.91,value in Percentage,
2018,July,Jharkhand,Female,24.79,value in Percentage,
2018,July,Jammu and Kashmir,Total,29.34,value in Percentage,
2018,July,Jammu and Kashmir,Male,30.24,value in Percentage,
2018,July,Jammu and Kashmir,Female,28.35,value in Percentage,
2018,July,Himachal Pradesh,Total,10.20,value in Percentage,
2018,July,Himachal Pradesh,Male,10.85,value in Percentage,
2018,July,Himachal Pradesh,Female,9.53,value in Percentage,
2018,July,Haryana,Total,39.34,value in Percentage,
2018,July,Haryana,Male,39.58,value in Percentage,
2018,July,Haryana,Female,39.06,value in Percentage,
2018,July,Gujarat,Total,46.40,value in Percentage,
2018,July,Gujarat,Male,47.13,value in Percentage,
2018,July,Gujarat,Female,45.59,value in Percentage,
2018,July,Goa,Total,70.68,value in Percentage,
2018,July,Goa,Male,71.55,value in Percentage,
2018,July,Goa,Female,69.78,value in Percentage,
2018,July,Delhi,Total,98.99,value in Percentage,
2018,July,Delhi,Male,99.30,value in Percentage,
2018,July,Delhi,Female,98.64,value in Percentage,
2018,July,Daman and Diu,Total,90.82,value in Percentage,
2018,July,Daman and Diu,Male,90.83,value in Percentage,
2018,July,Daman and Diu,Female,90.81,value in Percentage,
2018,July,Dadra and Nagar Haveli,Total,62.79,value in Percentage,
2018,July,Dadra and Nagar Haveli,Male,63.37,value in Percentage,
2018,July,Dadra and Nagar Haveli,Female,61.96,value in Percentage,
2018,July,Chhattisgarh,Total,25.63,value in Percentage,
2018,July,Chhattisgarh,Male,26.11,value in Percentage,
2018,July,Chhattisgarh,Female,25.13,value in Percentage,
2018,July,Chandigarh,Total,99.33,value in Percentage,
2018,July,Chandigarh,Male,100.0,value in Percentage,
2018,July,Chandigarh,Female,98.16,value in Percentage,
2018,July,Bihar,Total,11.91,value in Percentage,
2018,July,Bihar,Male,12.07,value in Percentage,
2018,July,Bihar,Female,11.73,value in Percentage,
2018,July,Assam,Total,14.99,value in Percentage,
2018,July,Assam,Male,15.12,value in Percentage,
2018,July,Assam,Female,14.86,value in Percentage,
2018,July,Arunachal Pradesh,Total,24.61,value in Percentage,
2018,July,Arunachal Pradesh,Male,25.29,value in Percentage,
2018,July,Arunachal Pradesh,Female,23.89,value in Percentage,
2018,July,Andhra Pradesh,Total,33.69,value in Percentage,
2018,July,Andhra Pradesh,Male,33.89,value in Percentage,
2018,July,Andhra Pradesh,Female,33.49,value in Percentage,
2018,July,Andaman and Nicobar Islands,Total,41.68,value in Percentage,
2018,July,Andaman and Nicobar Islands,Male,42.04,value in Percentage,
2018,July,Andaman and Nicobar Islands,Female,41.27,value in Percentage,
2018,July,All India,Total,33.57,value in Percentage,
2018,July,All India,Male,33.83,value in Percentage,
2018,July,All India,Female,33.29,value in Percentage,
2017,October,West Bengal,Total,34.55,value in Percentage,
2017,October,West Bengal,Male,34.75,value in Percentage,
2017,October,West Bengal,Female,34.33,value in Percentage,
2017,October,Uttarakhand,Total,33.35,value in Percentage,
2017,October,Uttarakhand,Male,34.61,value in Percentage,
2017,October,Uttarakhand,Female,32.03,value in Percentage,
2017,October,Uttar Pradesh,Total,23.25,value in Percentage,
2017,October,Uttar Pradesh,Male,23.52,value in Percentage,
2017,October,Uttar Pradesh,Female,22.94,value in Percentage,
2017,October,Tripura,Total,33.24,value in Percentage,
2017,October,Tripura,Male,33.09,value in Percentage,
2017,October,Tripura,Female,33.41,value in Percentage,
2017,October,Telangana,Total,43.65,value in Percentage,
2017,October,Telangana,Male,43.66,value in Percentage,
2017,October,Telangana,Female,43.64,value in Percentage,
2017,October,Tamil Nadu,Total,51.28,value in Percentage,
2017,October,Tamil Nadu,Male,51.28,value in Percentage,
2017,October,Tamil Nadu,Female,51.29,value in Percentage,
2017,October,Sikkim,Total,37.99,value in Percentage,
2017,October,Sikkim,Male,37.60,value in Percentage,
2017,October,Sikkim,Female,38.43,value in Percentage,
2017,October,Rajasthan,Total,25.84,value in Percentage,
2017,October,Rajasthan,Male,26.17,value in Percentage,
2017,October,Rajasthan,Female,25.48,value in Percentage,
2017,October,Punjab,Total,39.86,value in Percentage,
2017,October,Punjab,Male,40.40,value in Percentage,
2017,October,Punjab,Female,39.27,value in Percentage,
2017,October,Puducherry,Total,69.40,value in Percentage,
2017,October,Puducherry,Male,70.34,value in Percentage,
2017,October,Puducherry,Female,68.52,value in Percentage,
2017,October,Odisha,Total,17.85,value in Percentage,
2017,October,Odisha,Male,18.33,value in Percentage,
2017,October,Odisha,Female,17.37,value in Percentage,
2017,October,Nagaland,Total,38.09,value in Percentage,
2017,October,Nagaland,Male,38.61,value in Percentage,
2017,October,Nagaland,Female,37.52,value in Percentage,
2017,October,Mizoram,Total,53.74,value in Percentage,
2017,October,Mizoram,Male,53.23,value in Percentage,
2017,October,Mizoram,Female,54.25,value in Percentage,
2017,October,Meghalaya,Total,20.42,value in Percentage,
2017,October,Meghalaya,Male,20.33,value in Percentage,
2017,October,Meghalaya,Female,20.51,value in Percentage,
2017,October,Manipur,Total,31.00,value in Percentage,
2017,October,Manipur,Male,30.43,value in Percentage,
2017,October,Manipur,Female,31.58,value in Percentage,
2017,October,Maharashtra,Total,47.05,value in Percentage,
2017,October,Maharashtra,Male,47.59,value in Percentage,
2017,October,Maharashtra,Female,46.46,value in Percentage,
2017,October,Madhya Pradesh,Total,28.39,value in Percentage,
2017,October,Madhya Pradesh,Male,28.65,value in Percentage,
2017,October,Madhya Pradesh,Female,28.11,value in Percentage,
2017,October,Lakshadweep,Total,92.73,value in Percentage,
2017,October,Lakshadweep,Male,92.79,value in Percentage,
2017,October,Lakshadweep,Female,92.67,value in Percentage,
2017,October,Ladakh,Total,27.12,value in Percentage,
2017,October,Ladakh,Male,31.45,value in Percentage,
2017,October,Ladakh,Female,21.50,value in Percentage,
2017,October,Kerala,Total,63.28,value in Percentage,
2017,October,Kerala,Male,63.04,value in Percentage,
2017,October,Kerala,Female,63.49,value in Percentage,
2017,October,Karnataka,Total,41.82,value in Percentage,
2017,October,Karnataka,Male,42.01,value in Percentage,
2017,October,Karnataka,Female,41.62,value in Percentage,
2017,October,Jharkhand,Total,25.23,value in Percentage,
2017,October,Jharkhand,Male,25.77,value in Percentage,
2017,October,Jharkhand,Female,24.67,value in Percentage,
2017,October,Jammu and Kashmir,Total,29.15,value in Percentage,
2017,October,Jammu and Kashmir,Male,30.02,value in Percentage,
2017,October,Jammu and Kashmir,Female,28.19,value in Percentage,
2017,October,Himachal Pradesh,Total,10.18,value in Percentage,
2017,October,Himachal Pradesh,Male,10.84,value in Percentage,
2017,October,Himachal Pradesh,Female,9.51,value in Percentage,
2017,October,Haryana,Total,38.89,value in Percentage,
2017,October,Haryana,Male,39.12,value in Percentage,
2017,October,Haryana,Female,38.63,value in Percentage,
2017,October,Gujarat,Total,46.02,value in Percentage,
2017,October,Gujarat,Male,46.77,value in Percentage,
2017,October,Gujarat,Female,45.20,value in Percentage,
2017,October,Goa,Total,69.82,value in Percentage,
2017,October,Goa,Male,70.66,value in Percentage,
2017,October,Goa,Female,68.97,value in Percentage,
2017,October,Delhi,Total,98.88,value in Percentage,
2017,October,Delhi,Male,99.15,value in Percentage,
2017,October,Delhi,Female,98.57,value in Percentage,
2017,October,Daman and Diu,Total,89.81,value in Percentage,
2017,October,Daman and Diu,Male,89.82,value in Percentage,
2017,October,Daman and Diu,Female,89.80,value in Percentage,
2017,October,Dadra and Nagar Haveli,Total,61.46,value in Percentage,
2017,October,Dadra and Nagar Haveli,Male,62.32,value in Percentage,
2017,October,Dadra and Nagar Haveli,Female,60.25,value in Percentage,
2017,October,Chhattisgarh,Total,25.39,value in Percentage,
2017,October,Chhattisgarh,Male,25.87,value in Percentage,
2017,October,Chhattisgarh,Female,24.90,value in Percentage,
2017,October,Chandigarh,Total,99.18,value in Percentage,
2017,October,Chandigarh,Male,100.0,value in Percentage,
2017,October,Chandigarh,Female,98.16,value in Percentage,
2017,October,Bihar,Total,11.84,value in Percentage,
2017,October,Bihar,Male,12.01,value in Percentage,
2017,October,Bihar,Female,11.67,value in Percentage,
2017,October,Assam,Total,14.90,value in Percentage,
2017,October,Assam,Male,15.02,value in Percentage,
2017,October,Assam,Female,14.78,value in Percentage,
2017,October,Arunachal Pradesh,Total,24.44,value in Percentage,
2017,October,Arunachal Pradesh,Male,25.11,value in Percentage,
2017,October,Arunachal Pradesh,Female,23.73,value in Percentage,
2017,October,Andhra Pradesh,Total,33.25,value in Percentage,
2017,October,Andhra Pradesh,Male,33.45,value in Percentage,
2017,October,Andhra Pradesh,Female,33.06,value in Percentage,
2017,October,Andaman and Nicobar Islands,Total,41.25,value in Percentage,
2017,October,Andaman and Nicobar Islands,Male,41.58,value in Percentage,
2017,October,Andaman and Nicobar Islands,Female,40.87,value in Percentage,
2017,October,All India,Total,33.32,value in Percentage,
2017,October,All India,Male,33.58,value in Percentage,
2017,October,All India,Female,33.05,value in Percentage,
2017,March,West Bengal,Total,34.31,value in Percentage,
2017,March,West Bengal,Male,34.50,value in Percentage,
2017,March,West Bengal,Female,34.10,value in Percentage,
2017,March,Uttarakhand,Total,33.08,value in Percentage,
2017,March,Uttarakhand,Male,34.34,value in Percentage,
2017,March,Uttarakhand,Female,31.76,value in Percentage,
2017,March,Uttar Pradesh,Total,23.16,value in Percentage,
2017,March,Uttar Pradesh,Male,23.43,value in Percentage,
2017,March,Uttar Pradesh,Female,22.86,value in Percentage,
2017,March,Tripura,Total,32.58,value in Percentage,
2017,March,Tripura,Male,32.42,value in Percentage,
2017,March,Tripura,Female,32.74,value in Percentage,
2017,March,Telangana,Total,43.20,value in Percentage,
2017,March,Telangana,Male,43.21,value in Percentage,
2017,March,Telangana,Female,43.19,value in Percentage,
2017,March,Tamil Nadu,Total,51.03,value in Percentage,
2017,March,Tamil Nadu,Male,51.01,value in Percentage,
2017,March,Tamil Nadu,Female,51.04,value in Percentage,
2017,March,Sikkim,Total,36.74,value in Percentage,
2017,March,Sikkim,Male,36.36,value in Percentage,
2017,March,Sikkim,Female,37.18,value in Percentage,
2017,March,Rajasthan,Total,25.75,value in Percentage,
2017,March,Rajasthan,Male,26.07,value in Percentage,
2017,March,Rajasthan,Female,25.41,value in Percentage,
2017,March,Punjab,Total,39.65,value in Percentage,
2017,March,Punjab,Male,40.17,value in Percentage,
2017,March,Punjab,Female,39.08,value in Percentage,
2017,March,Puducherry,Total,69.30,value in Percentage,
2017,March,Puducherry,Male,70.13,value in Percentage,
2017,March,Puducherry,Female,68.52,value in Percentage,
2017,March,Odisha,Total,17.75,value in Percentage,
2017,March,Odisha,Male,18.22,value in Percentage,
2017,March,Odisha,Female,17.27,value in Percentage,
2017,March,Nagaland,Total,37.20,value in Percentage,
2017,March,Nagaland,Male,37.71,value in Percentage,
2017,March,Nagaland,Female,36.66,value in Percentage,
2017,March,Mizoram,Total,53.56,value in Percentage,
2017,March,Mizoram,Male,53.05,value in Percentage,
2017,March,Mizoram,Female,54.08,value in Percentage,
2017,March,Meghalaya,Total,20.38,value in Percentage,
2017,March,Meghalaya,Male,20.28,value in Percentage,
2017,March,Meghalaya,Female,20.47,value in Percentage,
2017,March,Manipur,Total,30.83,value in Percentage,
2017,March,Manipur,Male,30.26,value in Percentage,
2017,March,Manipur,Female,31.41,value in Percentage,
2017,March,Maharashtra,Total,46.89,value in Percentage,
2017,March,Maharashtra,Male,47.44,value in Percentage,
2017,March,Maharashtra,Female,46.29,value in Percentage,
2017,March,Madhya Pradesh,Total,28.33,value in Percentage,
2017,March,Madhya Pradesh,Male,28.58,value in Percentage,
2017,March,Madhya Pradesh,Female,28.05,value in Percentage,
2017,March,Lakshadweep,Total,91.26,value in Percentage,
2017,March,Lakshadweep,Male,91.32,value in Percentage,
2017,March,Lakshadweep,Female,91.20,value in Percentage,
2017,March,Ladakh,Total,26.62,value in Percentage,
2017,March,Ladakh,Male,30.84,value in Percentage,
2017,March,Ladakh,Female,21.13,value in Percentage,
2017,March,Kerala,Total,61.92,value in Percentage,
2017,March,Kerala,Male,61.70,value in Percentage,
2017,March,Kerala,Female,62.13,value in Percentage,
2017,March,Karnataka,Total,41.54,value in Percentage,
2017,March,Karnataka,Male,41.73,value in Percentage,
2017,March,Karnataka,Female,41.34,value in Percentage,
2017,March,Jharkhand,Total,25.13,value in Percentage,
2017,March,Jharkhand,Male,25.66,value in Percentage,
2017,March,Jharkhand,Female,24.57,value in Percentage,
2017,March,Jammu and Kashmir,Total,29.00,value in Percentage,
2017,March,Jammu and Kashmir,Male,29.86,value in Percentage,
2017,March,Jammu and Kashmir,Female,28.06,value in Percentage,
2017,March,Himachal Pradesh,Total,10.17,value in Percentage,
2017,March,Himachal Pradesh,Male,10.82,value in Percentage,
2017,March,Himachal Pradesh,Female,9.50,value in Percentage,
2017,March,Haryana,Total,38.54,value in Percentage,
2017,March,Haryana,Male,38.75,value in Percentage,
2017,March,Haryana,Female,38.30,value in Percentage,
2017,March,Gujarat,Total,45.72,value in Percentage,
2017,March,Gujarat,Male,46.48,value in Percentage,
2017,March,Gujarat,Female,44.89,value in Percentage,
2017,March,Goa,Total,69.15,value in Percentage,
2017,March,Goa,Male,69.97,value in Percentage,
2017,March,Goa,Female,68.33,value in Percentage,
2017,March,Delhi,Total,98.78,value in Percentage,
2017,March,Delhi,Male,99.02,value in Percentage,
2017,March,Delhi,Female,98.51,value in Percentage,
2017,March,Daman and Diu,Total,89.02,value in Percentage,
2017,March,Daman and Diu,Male,89.02,value in Percentage,
2017,March,Daman and Diu,Female,89.02,value in Percentage,
2017,March,Dadra and Nagar Haveli,Total,60.40,value in Percentage,
2017,March,Dadra and Nagar Haveli,Male,61.49,value in Percentage,
2017,March,Dadra and Nagar Haveli,Female,58.86,value in Percentage,
2017,March,Chhattisgarh,Total,25.20,value in Percentage,
2017,March,Chhattisgarh,Male,25.68,value in Percentage,
2017,March,Chhattisgarh,Female,24.72,value in Percentage,
2017,March,Chandigarh,Total,99.09,value in Percentage,
2017,March,Chandigarh,Male,99.85,value in Percentage,
2017,March,Chandigarh,Female,98.17,value in Percentage,
2017,March,Bihar,Total,11.80,value in Percentage,
2017,March,Bihar,Male,11.95,value in Percentage,
2017,March,Bihar,Female,11.62,value in Percentage,
2017,March,Assam,Total,14.83,value in Percentage,
2017,March,Assam,Male,14.95,value in Percentage,
2017,March,Assam,Female,14.71,value in Percentage,
2017,March,Arunachal Pradesh,Total,24.29,value in Percentage,
2017,March,Arunachal Pradesh,Male,24.95,value in Percentage,
2017,March,Arunachal Pradesh,Female,23.59,value in Percentage,
2017,March,Andhra Pradesh,Total,32.91,value in Percentage,
2017,March,Andhra Pradesh,Male,33.10,value in Percentage,
2017,March,Andhra Pradesh,Female,32.72,value in Percentage,
2017,March,Andaman and Nicobar Islands,Total,40.91,value in Percentage,
2017,March,Andaman and Nicobar Islands,Male,41.21,value in Percentage,
2017,March,Andaman and Nicobar Islands,Female,40.56,value in Percentage,
2017,March,All India,Total,33.14,value in Percentage,
2017,March,All India,Male,33.39,value in Percentage,
2017,March,All India,Female,32.88,value in Percentage,
2017,July,West Bengal,Total,34.45,value in Percentage,
2017,July,West Bengal,Male,34.65,value in Percentage,
2017,July,West Bengal,Female,34.23,value in Percentage,
2017,July,Uttarakhand,Total,33.23,value in Percentage,
2017,July,Uttarakhand,Male,34.49,value in Percentage,
2017,July,Uttarakhand,Female,31.92,value in Percentage,
2017,July,Uttar Pradesh,Total,23.21,value in Percentage,
2017,July,Uttar Pradesh,Male,23.48,value in Percentage,
2017,July,Uttar Pradesh,Female,22.91,value in Percentage,
2017,July,Tripura,Total,32.97,value in Percentage,
2017,July,Tripura,Male,32.81,value in Percentage,
2017,July,Tripura,Female,33.14,value in Percentage,
2017,July,Telangana,Total,43.47,value in Percentage,
2017,July,Telangana,Male,43.48,value in Percentage,
2017,July,Telangana,Female,43.46,value in Percentage,
2017,July,Tamil Nadu,Total,51.17,value in Percentage,
2017,July,Tamil Nadu,Male,51.16,value in Percentage,
2017,July,Tamil Nadu,Female,51.19,value in Percentage,
2017,July,Sikkim,Total,37.47,value in Percentage,
2017,July,Sikkim,Male,37.08,value in Percentage,
2017,July,Sikkim,Female,37.91,value in Percentage,
2017,July,Rajasthan,Total,25.80,value in Percentage,
2017,July,Rajasthan,Male,26.13,value in Percentage,
2017,July,Rajasthan,Female,25.45,value in Percentage,
2017,July,Punjab,Total,39.77,value in Percentage,
2017,July,Punjab,Male,40.30,value in Percentage,
2017,July,Punjab,Female,39.19,value in Percentage,
2017,July,Puducherry,Total,69.36,value in Percentage,
2017,July,Puducherry,Male,70.25,value in Percentage,
2017,July,Puducherry,Female,68.52,value in Percentage,
2017,July,Odisha,Total,17.81,value in Percentage,
2017,July,Odisha,Male,18.28,value in Percentage,
2017,July,Odisha,Female,17.33,value in Percentage,
2017,July,Nagaland,Total,37.72,value in Percentage,
2017,July,Nagaland,Male,38.24,value in Percentage,
2017,July,Nagaland,Female,37.17,value in Percentage,
2017,July,Mizoram,Total,53.68,value in Percentage,
2017,July,Mizoram,Male,53.17,value in Percentage,
2017,July,Mizoram,Female,54.19,value in Percentage,
2017,July,Meghalaya,Total,20.41,value in Percentage,
2017,July,Meghalaya,Male,20.32,value in Percentage,
2017,July,Meghalaya,Female,20.50,value in Percentage,
2017,July,Manipur,Total,30.94,value in Percentage,
2017,July,Manipur,Male,30.37,value in Percentage,
2017,July,Manipur,Female,31.52,value in Percentage,
2017,July,Maharashtra,Total,46.98,value in Percentage,
2017,July,Maharashtra,Male,47.53,value in Percentage,
2017,July,Maharashtra,Female,46.39,value in Percentage,
2017,July,Madhya Pradesh,Total,28.36,value in Percentage,
2017,July,Madhya Pradesh,Male,28.62,value in Percentage,
2017,July,Madhya Pradesh,Female,28.09,value in Percentage,
2017,July,Lakshadweep,Total,92.11,value in Percentage,
2017,July,Lakshadweep,Male,92.16,value in Percentage,
2017,July,Lakshadweep,Female,92.04,value in Percentage,
2017,July,Ladakh,Total,26.91,value in Percentage,
2017,July,Ladakh,Male,31.19,value in Percentage,
2017,July,Ladakh,Female,21.34,value in Percentage,
2017,July,Kerala,Total,62.70,value in Percentage,
2017,July,Kerala,Male,62.47,value in Percentage,
2017,July,Kerala,Female,62.91,value in Percentage,
2017,July,Karnataka,Total,41.70,value in Percentage,
2017,July,Karnataka,Male,41.89,value in Percentage,
2017,July,Karnataka,Female,41.50,value in Percentage,
2017,July,Jharkhand,Total,25.19,value in Percentage,
2017,July,Jharkhand,Male,25.73,value in Percentage,
2017,July,Jharkhand,Female,24.63,value in Percentage,
2017,July,Jammu and Kashmir,Total,29.09,value in Percentage,
2017,July,Jammu and Kashmir,Male,29.95,value in Percentage,
2017,July,Jammu and Kashmir,Female,28.13,value in Percentage,
2017,July,Himachal Pradesh,Total,10.18,value in Percentage,
2017,July,Himachal Pradesh,Male,10.83,value in Percentage,
2017,July,Himachal Pradesh,Female,9.51,value in Percentage,
2017,July,Haryana,Total,38.74,value in Percentage,
2017,July,Haryana,Male,38.96,value in Percentage,
2017,July,Haryana,Female,38.49,value in Percentage,
2017,July,Gujarat,Total,45.89,value in Percentage,
2017,July,Gujarat,Male,46.64,value in Percentage,
2017,July,Gujarat,Female,45.07,value in Percentage,
2017,July,Goa,Total,69.54,value in Percentage,
2017,July,Goa,Male,70.36,value in Percentage,
2017,July,Goa,Female,68.69,value in Percentage,
2017,July,Delhi,Total,98.84,value in Percentage,
2017,July,Delhi,Male,99.09,value in Percentage,
2017,July,Delhi,Female,98.54,value in Percentage,
2017,July,Daman and Diu,Total,89.48,value in Percentage,
2017,July,Daman and Diu,Male,89.48,value in Percentage,
2017,July,Daman and Diu,Female,89.47,value in Percentage,
2017,July,Dadra and Nagar Haveli,Total,61.02,value in Percentage,
2017,July,Dadra and Nagar Haveli,Male,61.98,value in Percentage,
2017,July,Dadra and Nagar Haveli,Female,59.66,value in Percentage,
2017,July,Chhattisgarh,Total,25.31,value in Percentage,
2017,July,Chhattisgarh,Male,25.79,value in Percentage,
2017,July,Chhattisgarh,Female,24.82,value in Percentage,
2017,July,Chandigarh,Total,99.14,value in Percentage,
2017,July,Chandigarh,Male,99.96,value in Percentage,
2017,July,Chandigarh,Female,98.16,value in Percentage,
2017,July,Bihar,Total,11.82,value in Percentage,
2017,July,Bihar,Male,11.98,value in Percentage,
2017,July,Bihar,Female,11.65,value in Percentage,
2017,July,Assam,Total,14.87,value in Percentage,
2017,July,Assam,Male,14.99,value in Percentage,
2017,July,Assam,Female,14.75,value in Percentage,
2017,July,Arunachal Pradesh,Total,24.38,value in Percentage,
2017,July,Arunachal Pradesh,Male,25.05,value in Percentage,
2017,July,Arunachal Pradesh,Female,23.68,value in Percentage,
2017,July,Andhra Pradesh,Total,33.11,value in Percentage,
2017,July,Andhra Pradesh,Male,33.30,value in Percentage,
2017,July,Andhra Pradesh,Female,32.92,value in Percentage,
2017,July,Andaman and Nicobar Islands,Total,41.10,value in Percentage,
2017,July,Andaman and Nicobar Islands,Male,41.42,value in Percentage,
2017,July,Andaman and Nicobar Islands,Female,40.74,value in Percentage,
2017,July,All India,Total,33.24,value in Percentage,
2017,July,All India,Male,33.50,value in Percentage,
2017,July,All India,Female,32.97,value in Percentage,
2016,October,West Bengal,Total,34.14,value in Percentage,
2016,October,West Bengal,Male,34.33,value in Percentage,
2016,October,West Bengal,Female,33.94,value in Percentage,
2016,October,Uttarakhand,Total,32.88,value in Percentage,
2016,October,Uttarakhand,Male,34.14,value in Percentage,
2016,October,Uttarakhand,Female,31.56,value in Percentage,
2016,October,Uttar Pradesh,Total,23.10,value in Percentage,
2016,October,Uttar Pradesh,Male,23.37,value in Percentage,
2016,October,Uttar Pradesh,Female,22.81,value in Percentage,
2016,October,Tripura,Total,32.15,value in Percentage,
2016,October,Tripura,Male,31.99,value in Percentage,
2016,October,Tripura,Female,32.32,value in Percentage,
2016,October,Telangana,Total,42.93,value in Percentage,
2016,October,Telangana,Male,42.94,value in Percentage,
2016,October,Telangana,Female,42.91,value in Percentage,
2016,October,Tamil Nadu,Total,50.84,value in Percentage,
2016,October,Tamil Nadu,Male,50.82,value in Percentage,
2016,October,Tamil Nadu,Female,50.87,value in Percentage,
2016,October,Sikkim,Total,35.96,value in Percentage,
2016,October,Sikkim,Male,35.58,value in Percentage,
2016,October,Sikkim,Female,36.40,value in Percentage,
2016,October,Rajasthan,Total,25.70,value in Percentage,
2016,October,Rajasthan,Male,26.00,value in Percentage,
2016,October,Rajasthan,Female,25.37,value in Percentage,
2016,October,Punjab,Total,39.50,value in Percentage,
2016,October,Punjab,Male,40.01,value in Percentage,
2016,October,Punjab,Female,38.94,value in Percentage,
2016,October,Puducherry,Total,69.25,value in Percentage,
2016,October,Puducherry,Male,70.00,value in Percentage,
2016,October,Puducherry,Female,68.55,value in Percentage,
2016,October,Odisha,Total,17.67,value in Percentage,
2016,October,Odisha,Male,18.14,value in Percentage,
2016,October,Odisha,Female,17.20,value in Percentage,
2016,October,Nagaland,Total,36.65,value in Percentage,
2016,October,Nagaland,Male,37.15,value in Percentage,
2016,October,Nagaland,Female,36.12,value in Percentage,
2016,October,Mizoram,Total,53.51,value in Percentage,
2016,October,Mizoram,Male,52.99,value in Percentage,
2016,October,Mizoram,Female,54.03,value in Percentage,
2016,October,Meghalaya,Total,20.37,value in Percentage,
2016,October,Meghalaya,Male,20.28,value in Percentage,
2016,October,Meghalaya,Female,20.47,value in Percentage,
2016,October,Manipur,Total,30.74,value in Percentage,
2016,October,Manipur,Male,30.17,value in Percentage,
2016,October,Manipur,Female,31.32,value in Percentage,
2016,October,Maharashtra,Total,46.77,value in Percentage,
2016,October,Maharashtra,Male,47.33,value in Percentage,
2016,October,Maharashtra,Female,46.18,value in Percentage,
2016,October,Madhya Pradesh,Total,28.28,value in Percentage,
2016,October,Madhya Pradesh,Male,28.53,value in Percentage,
2016,October,Madhya Pradesh,Female,28.01,value in Percentage,
2016,October,Lakshadweep,Total,90.83,value in Percentage,
2016,October,Lakshadweep,Male,90.89,value in Percentage,
2016,October,Lakshadweep,Female,90.77,value in Percentage,
2016,October,Ladakh,Total,26.41,value in Percentage,
2016,October,Ladakh,Male,30.57,value in Percentage,
2016,October,Ladakh,Female,20.97,value in Percentage,
2016,October,Kerala,Total,60.95,value in Percentage,
2016,October,Kerala,Male,60.73,value in Percentage,
2016,October,Kerala,Female,61.15,value in Percentage,
2016,October,Karnataka,Total,41.34,value in Percentage,
2016,October,Karnataka,Male,41.53,value in Percentage,
2016,October,Karnataka,Female,41.14,value in Percentage,
2016,October,Jharkhand,Total,25.06,value in Percentage,
2016,October,Jharkhand,Male,25.58,value in Percentage,
2016,October,Jharkhand,Female,24.50,value in Percentage,
2016,October,Jammu and Kashmir,Total,28.90,value in Percentage,
2016,October,Jammu and Kashmir,Male,29.74,value in Percentage,
2016,October,Jammu and Kashmir,Female,27.97,value in Percentage,
2016,October,Himachal Pradesh,Total,10.16,value in Percentage,
2016,October,Himachal Pradesh,Male,10.81,value in Percentage,
2016,October,Himachal Pradesh,Female,9.49,value in Percentage,
2016,October,Haryana,Total,38.29,value in Percentage,
2016,October,Haryana,Male,38.49,value in Percentage,
2016,October,Haryana,Female,38.06,value in Percentage,
2016,October,Gujarat,Total,45.51,value in Percentage,
2016,October,Gujarat,Male,46.28,value in Percentage,
2016,October,Gujarat,Female,44.67,value in Percentage,
2016,October,Goa,Total,68.70,value in Percentage,
2016,October,Goa,Male,69.49,value in Percentage,
2016,October,Goa,Female,67.89,value in Percentage,
2016,October,Delhi,Total,98.71,value in Percentage,
2016,October,Delhi,Male,98.92,value in Percentage,
2016,October,Delhi,Female,98.47,value in Percentage,
2016,October,Daman and Diu,Total,88.28,value in Percentage,
2016,October,Daman and Diu,Male,88.29,value in Percentage,
2016,October,Daman and Diu,Female,88.27,value in Percentage,
2016,October,Dadra and Nagar Haveli,Total,59.59,value in Percentage,
2016,October,Dadra and Nagar Haveli,Male,60.85,value in Percentage,
2016,October,Dadra and Nagar Haveli,Female,57.82,value in Percentage,
2016,October,Chhattisgarh,Total,25.06,value in Percentage,
2016,October,Chhattisgarh,Male,25.54,value in Percentage,
2016,October,Chhattisgarh,Female,24.58,value in Percentage,
2016,October,Chandigarh,Total,98.98,value in Percentage,
2016,October,Chandigarh,Male,99.68,value in Percentage,
2016,October,Chandigarh,Female,98.15,value in Percentage,
2016,October,Bihar,Total,11.76,value in Percentage,
2016,October,Bihar,Male,11.92,value in Percentage,
2016,October,Bihar,Female,11.59,value in Percentage,
2016,October,Assam,Total,14.78,value in Percentage,
2016,October,Assam,Male,14.90,value in Percentage,
2016,October,Assam,Female,14.66,value in Percentage,
2016,October,Arunachal Pradesh,Total,24.21,value in Percentage,
2016,October,Arunachal Pradesh,Male,24.86,value in Percentage,
2016,October,Arunachal Pradesh,Female,23.52,value in Percentage,
2016,October,Andhra Pradesh,Total,32.67,value in Percentage,
2016,October,Andhra Pradesh,Male,32.86,value in Percentage,
2016,October,Andhra Pradesh,Female,32.49,value in Percentage,
2016,October,Andaman and Nicobar Islands,Total,40.66,value in Percentage,
2016,October,Andaman and Nicobar Islands,Male,40.95,value in Percentage,
2016,October,Andaman and Nicobar Islands,Female,40.34,value in Percentage,
2016,October,All India,Total,33.00,value in Percentage,
2016,October,All India,Male,33.24,value in Percentage,
2016,October,All India,Female,32.73,value in Percentage,
2016,March,West Bengal,Total,33.90,value in Percentage,
2016,March,West Bengal,Male,34.08,value in Percentage,
2016,March,West Bengal,Female,33.72,value in Percentage,
2016,March,Uttarakhand,Total,32.60,value in Percentage,
2016,March,Uttarakhand,Male,33.86,value in Percentage,
2016,March,Uttarakhand,Female,31.28,value in Percentage,
2016,March,Uttar Pradesh,Total,23.01,value in Percentage,
2016,March,Uttar Pradesh,Male,23.27,value in Percentage,
2016,March,Uttar Pradesh,Female,22.73,value in Percentage,
2016,March,Tripura,Total,31.49,value in Percentage,
2016,March,Tripura,Male,31.32,value in Percentage,
2016,March,Tripura,Female,31.66,value in Percentage,
2016,March,Telangana,Total,42.48,value in Percentage,
2016,March,Telangana,Male,42.49,value in Percentage,
2016,March,Telangana,Female,42.47,value in Percentage,
2016,March,Tamil Nadu,Total,50.59,value in Percentage,
2016,March,Tamil Nadu,Male,50.55,value in Percentage,
2016,March,Tamil Nadu,Female,50.62,value in Percentage,
2016,March,Sikkim,Total,34.79,value in Percentage,
2016,March,Sikkim,Male,34.41,value in Percentage,
2016,March,Sikkim,Female,35.21,value in Percentage,
2016,March,Rajasthan,Total,25.61,value in Percentage,
2016,March,Rajasthan,Male,25.90,value in Percentage,
2016,March,Rajasthan,Female,25.30,value in Percentage,
2016,March,Punjab,Total,39.29,value in Percentage,
2016,March,Punjab,Male,39.79,value in Percentage,
2016,March,Punjab,Female,38.74,value in Percentage,
2016,March,Puducherry,Total,69.19,value in Percentage,
2016,March,Puducherry,Male,69.82,value in Percentage,
2016,March,Puducherry,Female,68.60,value in Percentage,
2016,March,Odisha,Total,17.57,value in Percentage,
2016,March,Odisha,Male,18.03,value in Percentage,
2016,March,Odisha,Female,17.10,value in Percentage,
2016,March,Nagaland,Total,35.80,value in Percentage,
2016,March,Nagaland,Male,36.28,value in Percentage,
2016,March,Nagaland,Female,35.29,value in Percentage,
2016,March,Mizoram,Total,53.32,value in Percentage,
2016,March,Mizoram,Male,52.80,value in Percentage,
2016,March,Mizoram,Female,53.86,value in Percentage,
2016,March,Meghalaya,Total,20.33,value in Percentage,
2016,March,Meghalaya,Male,20.23,value in Percentage,
2016,March,Meghalaya,Female,20.43,value in Percentage,
2016,March,Manipur,Total,30.55,value in Percentage,
2016,March,Manipur,Male,29.97,value in Percentage,
2016,March,Manipur,Female,31.13,value in Percentage,
2016,March,Maharashtra,Total,46.61,value in Percentage,
2016,March,Maharashtra,Male,47.17,value in Percentage,
2016,March,Maharashtra,Female,46.01,value in Percentage,
2016,March,Madhya Pradesh,Total,28.21,value in Percentage,
2016,March,Madhya Pradesh,Male,28.46,value in Percentage,
2016,March,Madhya Pradesh,Female,27.95,value in Percentage,
2016,March,Lakshadweep,Total,90.22,value in Percentage,
2016,March,Lakshadweep,Male,90.28,value in Percentage,
2016,March,Lakshadweep,Female,90.16,value in Percentage,
2016,March,Ladakh,Total,26.11,value in Percentage,
2016,March,Ladakh,Male,30.20,value in Percentage,
2016,March,Ladakh,Female,20.76,value in Percentage,
2016,March,Kerala,Total,59.58,value in Percentage,
2016,March,Kerala,Male,59.37,value in Percentage,
2016,March,Kerala,Female,59.77,value in Percentage,
2016,March,Karnataka,Total,41.06,value in Percentage,
2016,March,Karnataka,Male,41.25,value in Percentage,
2016,March,Karnataka,Female,40.86,value in Percentage,
2016,March,Jharkhand,Total,24.95,value in Percentage,
2016,March,Jharkhand,Male,25.47,value in Percentage,
2016,March,Jharkhand,Female,24.41,value in Percentage,
2016,March,Jammu and Kashmir,Total,28.75,value in Percentage,
2016,March,Jammu and Kashmir,Male,29.57,value in Percentage,
2016,March,Jammu and Kashmir,Female,27.84,value in Percentage,
2016,March,Himachal Pradesh,Total,10.14,value in Percentage,
2016,March,Himachal Pradesh,Male,10.79,value in Percentage,
2016,March,Himachal Pradesh,Female,9.47,value in Percentage,
2016,March,Haryana,Total,37.93,value in Percentage,
2016,March,Haryana,Male,38.13,value in Percentage,
2016,March,Haryana,Female,37.72,value in Percentage,
2016,March,Gujarat,Total,45.21,value in Percentage,
2016,March,Gujarat,Male,45.99,value in Percentage,
2016,March,Gujarat,Female,44.35,value in Percentage,
2016,March,Goa,Total,68.06,value in Percentage,
2016,March,Goa,Male,68.83,value in Percentage,
2016,March,Goa,Female,67.28,value in Percentage,
2016,March,Delhi,Total,98.61,value in Percentage,
2016,March,Delhi,Male,98.78,value in Percentage,
2016,March,Delhi,Female,98.40,value in Percentage,
2016,March,Daman and Diu,Total,87.17,value in Percentage,
2016,March,Daman and Diu,Male,87.17,value in Percentage,
2016,March,Daman and Diu,Female,87.17,value in Percentage,
2016,March,Dadra and Nagar Haveli,Total,58.37,value in Percentage,
2016,March,Dadra and Nagar Haveli,Male,59.89,value in Percentage,
2016,March,Dadra and Nagar Haveli,Female,56.28,value in Percentage,
2016,March,Chhattisgarh,Total,24.87,value in Percentage,
2016,March,Chhattisgarh,Male,25.34,value in Percentage,
2016,March,Chhattisgarh,Female,24.40,value in Percentage,
2016,March,Chandigarh,Total,98.83,value in Percentage,
2016,March,Chandigarh,Male,99.43,value in Percentage,
2016,March,Chandigarh,Female,98.12,value in Percentage,
2016,March,Bihar,Total,11.71,value in Percentage,
2016,March,Bihar,Male,11.87,value in Percentage,
2016,March,Bihar,Female,11.55,value in Percentage,
2016,March,Assam,Total,14.71,value in Percentage,
2016,March,Assam,Male,14.82,value in Percentage,
2016,March,Assam,Female,14.59,value in Percentage,
2016,March,Arunachal Pradesh,Total,24.05,value in Percentage,
2016,March,Arunachal Pradesh,Male,24.70,value in Percentage,
2016,March,Arunachal Pradesh,Female,23.37,value in Percentage,
2016,March,Andhra Pradesh,Total,32.33,value in Percentage,
2016,March,Andhra Pradesh,Male,32.51,value in Percentage,
2016,March,Andhra Pradesh,Female,32.15,value in Percentage,
2016,March,Andaman and Nicobar Islands,Total,40.32,value in Percentage,
2016,March,Andaman and Nicobar Islands,Male,40.59,value in Percentage,
2016,March,Andaman and Nicobar Islands,Female,40.02,value in Percentage,
2016,March,All India,Total,32.81,value in Percentage,
2016,March,All India,Male,33.06,value in Percentage,
2016,March,All India,Female,32.55,value in Percentage,
2016,July,West Bengal,Total,34.04,value in Percentage,
2016,July,West Bengal,Male,34.22,value in Percentage,
2016,July,West Bengal,Female,33.85,value in Percentage,
2016,July,Uttarakhand,Total,32.76,value in Percentage,
2016,July,Uttarakhand,Male,34.02,value in Percentage,
2016,July,Uttarakhand,Female,31.44,value in Percentage,
2016,July,Uttar Pradesh,Total,23.06,value in Percentage,
2016,July,Uttar Pradesh,Male,23.33,value in Percentage,
2016,July,Uttar Pradesh,Female,22.77,value in Percentage,
2016,July,Tripura,Total,31.88,value in Percentage,
2016,July,Tripura,Male,31.72,value in Percentage,
2016,July,Tripura,Female,32.05,value in Percentage,
2016,July,Telangana,Total,42.74,value in Percentage,
2016,July,Telangana,Male,42.75,value in Percentage,
2016,July,Telangana,Female,42.73,value in Percentage,
2016,July,Tamil Nadu,Total,50.73,value in Percentage,
2016,July,Tamil Nadu,Male,50.71,value in Percentage,
2016,July,Tamil Nadu,Female,50.76,value in Percentage,
2016,July,Sikkim,Total,35.47,value in Percentage,
2016,July,Sikkim,Male,35.10,value in Percentage,
2016,July,Sikkim,Female,35.90,value in Percentage,
2016,July,Rajasthan,Total,25.66,value in Percentage,
2016,July,Rajasthan,Male,25.96,value in Percentage,
2016,July,Rajasthan,Female,25.34,value in Percentage,
2016,July,Punjab,Total,39.41,value in Percentage,
2016,July,Punjab,Male,39.92,value in Percentage,
2016,July,Punjab,Female,38.85,value in Percentage,
2016,July,Puducherry,Total,69.23,value in Percentage,
2016,July,Puducherry,Male,69.92,value in Percentage,
2016,July,Puducherry,Female,68.57,value in Percentage,
2016,July,Odisha,Total,17.63,value in Percentage,
2016,July,Odisha,Male,18.09,value in Percentage,
2016,July,Odisha,Female,17.16,value in Percentage,
2016,July,Nagaland,Total,36.30,value in Percentage,
2016,July,Nagaland,Male,36.79,value in Percentage,
2016,July,Nagaland,Female,35.78,value in Percentage,
2016,July,Mizoram,Total,53.45,value in Percentage,
2016,July,Mizoram,Male,52.93,value in Percentage,
2016,July,Mizoram,Female,53.98,value in Percentage,
2016,July,Meghalaya,Total,20.36,value in Percentage,
2016,July,Meghalaya,Male,20.26,value in Percentage,
2016,July,Meghalaya,Female,20.46,value in Percentage,
2016,July,Manipur,Total,30.67,value in Percentage,
2016,July,Manipur,Male,30.09,value in Percentage,
2016,July,Manipur,Female,31.25,value in Percentage,
2016,July,Maharashtra,Total,46.71,value in Percentage,
2016,July,Maharashtra,Male,47.26,value in Percentage,
2016,July,Maharashtra,Female,46.10,value in Percentage,
2016,July,Madhya Pradesh,Total,28.25,value in Percentage,
2016,July,Madhya Pradesh,Male,28.50,value in Percentage,
2016,July,Madhya Pradesh,Female,27.99,value in Percentage,
2016,July,Lakshadweep,Total,90.57,value in Percentage,
2016,July,Lakshadweep,Male,90.63,value in Percentage,
2016,July,Lakshadweep,Female,90.51,value in Percentage,
2016,July,Ladakh,Total,26.28,value in Percentage,
2016,July,Ladakh,Male,30.41,value in Percentage,
2016,July,Ladakh,Female,20.88,value in Percentage,
2016,July,Kerala,Total,60.36,value in Percentage,
2016,July,Kerala,Male,60.15,value in Percentage,
2016,July,Kerala,Female,60.56,value in Percentage,
2016,July,Karnataka,Total,41.22,value in Percentage,
2016,July,Karnataka,Male,41.41,value in Percentage,
2016,July,Karnataka,Female,41.02,value in Percentage,
2016,July,Jharkhand,Total,25.01,value in Percentage,
2016,July,Jharkhand,Male,25.54,value in Percentage,
2016,July,Jharkhand,Female,24.46,value in Percentage,
2016,July,Jammu and Kashmir,Total,28.84,value in Percentage,
2016,July,Jammu and Kashmir,Male,29.67,value in Percentage,
2016,July,Jammu and Kashmir,Female,27.91,value in Percentage,
2016,July,Himachal Pradesh,Total,10.15,value in Percentage,
2016,July,Himachal Pradesh,Male,10.80,value in Percentage,
2016,July,Himachal Pradesh,Female,9.48,value in Percentage,
2016,July,Haryana,Total,38.14,value in Percentage,
2016,July,Haryana,Male,38.34,value in Percentage,
2016,July,Haryana,Female,37.91,value in Percentage,
2016,July,Gujarat,Total,45.38,value in Percentage,
2016,July,Gujarat,Male,46.15,value in Percentage,
2016,July,Gujarat,Female,44.53,value in Percentage,
2016,July,Goa,Total,68.43,value in Percentage,
2016,July,Goa,Male,69.21,value in Percentage,
2016,July,Goa,Female,67.63,value in Percentage,
2016,July,Delhi,Total,98.67,value in Percentage,
2016,July,Delhi,Male,98.86,value in Percentage,
2016,July,Delhi,Female,98.44,value in Percentage,
2016,July,Daman and Diu,Total,87.82,value in Percentage,
2016,July,Daman and Diu,Male,87.83,value in Percentage,
2016,July,Daman and Diu,Female,87.80,value in Percentage,
2016,July,Dadra and Nagar Haveli,Total,59.08,value in Percentage,
2016,July,Dadra and Nagar Haveli,Male,60.45,value in Percentage,
2016,July,Dadra and Nagar Haveli,Female,57.17,value in Percentage,
2016,July,Chhattisgarh,Total,24.98,value in Percentage,
2016,July,Chhattisgarh,Male,25.46,value in Percentage,
2016,July,Chhattisgarh,Female,24.51,value in Percentage,
2016,July,Chandigarh,Total,98.92,value in Percentage,
2016,July,Chandigarh,Male,99.57,value in Percentage,
2016,July,Chandigarh,Female,98.14,value in Percentage,
2016,July,Bihar,Total,11.74,value in Percentage,
2016,July,Bihar,Male,11.90,value in Percentage,
2016,July,Bihar,Female,11.57,value in Percentage,
2016,July,Assam,Total,14.75,value in Percentage,
2016,July,Assam,Male,14.87,value in Percentage,
2016,July,Assam,Female,14.63,value in Percentage,
2016,July,Arunachal Pradesh,Total,24.15,value in Percentage,
2016,July,Arunachal Pradesh,Male,24.80,value in Percentage,
2016,July,Arunachal Pradesh,Female,23.46,value in Percentage,
2016,July,Andhra Pradesh,Total,32.53,value in Percentage,
2016,July,Andhra Pradesh,Male,32.71,value in Percentage,
2016,July,Andhra Pradesh,Female,32.34,value in Percentage,
2016,July,Andaman and Nicobar Islands,Total,40.52,value in Percentage,
2016,July,Andaman and Nicobar Islands,Male,40.80,value in Percentage,
2016,July,Andaman and Nicobar Islands,Female,40.20,value in Percentage,
2016,July,All India,Total,32.91,value in Percentage,
2016,July,All India,Male,33.16,value in Percentage,
2016,July,All India,Female,32.65,value in Percentage,
2015,October,West Bengal,Total,33.73,value in Percentage,
2015,October,West Bengal,Male,33.90,value in Percentage,
2015,October,West Bengal,Female,33.55,value in Percentage,
2015,October,Uttarakhand,Total,32.41,value in Percentage,
2015,October,Uttarakhand,Male,33.67,value in Percentage,
2015,October,Uttarakhand,Female,31.09,value in Percentage,
2015,October,Uttar Pradesh,Total,22.95,value in Percentage,
2015,October,Uttar Pradesh,Male,23.21,value in Percentage,
2015,October,Uttar Pradesh,Female,22.67,value in Percentage,
2015,October,Tripura,Total,31.07,value in Percentage,
2015,October,Tripura,Male,30.90,value in Percentage,
2015,October,Tripura,Female,31.24,value in Percentage,
2015,October,Telangana,Total,42.21,value in Percentage,
2015,October,Telangana,Male,42.22,value in Percentage,
2015,October,Telangana,Female,42.20,value in Percentage,
2015,October,Tamil Nadu,Total,50.41,value in Percentage,
2015,October,Tamil Nadu,Male,50.37,value in Percentage,
2015,October,Tamil Nadu,Female,50.44,value in Percentage,
2015,October,Sikkim,Total,33.99,value in Percentage,
2015,October,Sikkim,Male,33.62,value in Percentage,
2015,October,Sikkim,Female,34.41,value in Percentage,
2015,October,Rajasthan,Total,25.55,value in Percentage,
2015,October,Rajasthan,Male,25.83,value in Percentage,
2015,October,Rajasthan,Female,25.25,value in Percentage,
2015,October,Punjab,Total,39.14,value in Percentage,
2015,October,Punjab,Male,39.63,value in Percentage,
2015,October,Punjab,Female,38.60,value in Percentage,
2015,October,Puducherry,Total,69.11,value in Percentage,
2015,October,Puducherry,Male,69.68,value in Percentage,
2015,October,Puducherry,Female,68.57,value in Percentage,
2015,October,Odisha,Total,17.50,value in Percentage,
2015,October,Odisha,Male,17.95,value in Percentage,
2015,October,Odisha,Female,17.04,value in Percentage,
2015,October,Nagaland,Total,35.25,value in Percentage,
2015,October,Nagaland,Male,35.71,value in Percentage,
2015,October,Nagaland,Female,34.75,value in Percentage,
2015,October,Mizoram,Total,53.28,value in Percentage,
2015,October,Mizoram,Male,52.74,value in Percentage,
2015,October,Mizoram,Female,53.82,value in Percentage,
2015,October,Meghalaya,Total,20.31,value in Percentage,
2015,October,Meghalaya,Male,20.21,value in Percentage,
2015,October,Meghalaya,Female,20.41,value in Percentage,
2015,October,Manipur,Total,30.47,value in Percentage,
2015,October,Manipur,Male,29.89,value in Percentage,
2015,October,Manipur,Female,31.06,value in Percentage,
2015,October,Maharashtra,Total,46.50,value in Percentage,
2015,October,Maharashtra,Male,47.06,value in Percentage,
2015,October,Maharashtra,Female,45.89,value in Percentage,
2015,October,Madhya Pradesh,Total,28.17,value in Percentage,
2015,October,Madhya Pradesh,Male,28.40,value in Percentage,
2015,October,Madhya Pradesh,Female,27.91,value in Percentage,
2015,October,Lakshadweep,Total,89.20,value in Percentage,
2015,October,Lakshadweep,Male,89.26,value in Percentage,
2015,October,Lakshadweep,Female,89.14,value in Percentage,
2015,October,Ladakh,Total,25.77,value in Percentage,
2015,October,Ladakh,Male,29.78,value in Percentage,
2015,October,Ladakh,Female,20.51,value in Percentage,
2015,October,Kerala,Total,58.60,value in Percentage,
2015,October,Kerala,Male,58.40,value in Percentage,
2015,October,Kerala,Female,58.79,value in Percentage,
2015,October,Karnataka,Total,40.86,value in Percentage,
2015,October,Karnataka,Male,41.06,value in Percentage,
2015,October,Karnataka,Female,40.67,value in Percentage,
2015,October,Jharkhand,Total,24.88,value in Percentage,
2015,October,Jharkhand,Male,25.40,value in Percentage,
2015,October,Jharkhand,Female,24.33,value in Percentage,
2015,October,Jammu and Kashmir,Total,28.65,value in Percentage,
2015,October,Jammu and Kashmir,Male,29.45,value in Percentage,
2015,October,Jammu and Kashmir,Female,27.75,value in Percentage,
2015,October,Himachal Pradesh,Total,10.14,value in Percentage,
2015,October,Himachal Pradesh,Male,10.79,value in Percentage,
2015,October,Himachal Pradesh,Female,9.47,value in Percentage,
2015,October,Haryana,Total,37.68,value in Percentage,
2015,October,Haryana,Male,37.87,value in Percentage,
2015,October,Haryana,Female,37.48,value in Percentage,
2015,October,Gujarat,Total,45.00,value in Percentage,
2015,October,Gujarat,Male,45.78,value in Percentage,
2015,October,Gujarat,Female,44.13,value in Percentage,
2015,October,Goa,Total,67.57,value in Percentage,
2015,October,Goa,Male,68.32,value in Percentage,
2015,October,Goa,Female,66.81,value in Percentage,
2015,October,Delhi,Total,98.53,value in Percentage,
2015,October,Delhi,Male,98.69,value in Percentage,
2015,October,Delhi,Female,98.34,value in Percentage,
2015,October,Daman and Diu,Total,86.39,value in Percentage,
2015,October,Daman and Diu,Male,86.39,value in Percentage,
2015,October,Daman and Diu,Female,86.38,value in Percentage,
2015,October,Dadra and Nagar Haveli,Total,57.49,value in Percentage,
2015,October,Dadra and Nagar Haveli,Male,59.09,value in Percentage,
2015,October,Dadra and Nagar Haveli,Female,55.30,value in Percentage,
2015,October,Chhattisgarh,Total,24.74,value in Percentage,
2015,October,Chhattisgarh,Male,25.21,value in Percentage,
2015,October,Chhattisgarh,Female,24.27,value in Percentage,
2015,October,Chandigarh,Total,98.72,value in Percentage,
2015,October,Chandigarh,Male,99.26,value in Percentage,
2015,October,Chandigarh,Female,98.08,value in Percentage,
2015,October,Bihar,Total,11.68,value in Percentage,
2015,October,Bihar,Male,11.83,value in Percentage,
2015,October,Bihar,Female,11.51,value in Percentage,
2015,October,Assam,Total,14.66,value in Percentage,
2015,October,Assam,Male,14.77,value in Percentage,
2015,October,Assam,Female,14.54,value in Percentage,
2015,October,Arunachal Pradesh,Total,23.98,value in Percentage,
2015,October,Arunachal Pradesh,Male,24.62,value in Percentage,
2015,October,Arunachal Pradesh,Female,23.30,value in Percentage,
2015,October,Andhra Pradesh,Total,32.09,value in Percentage,
2015,October,Andhra Pradesh,Male,32.27,value in Percentage,
2015,October,Andhra Pradesh,Female,31.91,value in Percentage,
2015,October,Andaman and Nicobar Islands,Total,40.10,value in Percentage,
2015,October,Andaman and Nicobar Islands,Male,40.35,value in Percentage,
2015,October,Andaman and Nicobar Islands,Female,39.82,value in Percentage,
2015,October,All India,Total,32.67,value in Percentage,
2015,October,All India,Male,32.91,value in Percentage,
2015,October,All India,Female,32.41,value in Percentage,
2015,March,West Bengal,Total,33.49,value in Percentage,
2015,March,West Bengal,Male,33.65,value in Percentage,
2015,March,West Bengal,Female,33.32,value in Percentage,
2015,March,Uttarakhand,Total,32.13,value in Percentage,
2015,March,Uttarakhand,Male,33.40,value in Percentage,
2015,March,Uttarakhand,Female,30.82,value in Percentage,
2015,March,Uttar Pradesh,Total,22.87,value in Percentage,
2015,March,Uttar Pradesh,Male,23.12,value in Percentage,
2015,March,Uttar Pradesh,Female,22.59,value in Percentage,
2015,March,Tripura,Total,30.41,value in Percentage,
2015,March,Tripura,Male,30.24,value in Percentage,
2015,March,Tripura,Female,30.58,value in Percentage,
2015,March,Telangana,Total,41.76,value in Percentage,
2015,March,Telangana,Male,41.77,value in Percentage,
2015,March,Telangana,Female,41.75,value in Percentage,
2015,March,Tamil Nadu,Total,50.15,value in Percentage,
2015,March,Tamil Nadu,Male,50.11,value in Percentage,
2015,March,Tamil Nadu,Female,50.19,value in Percentage,
2015,March,Sikkim,Total,32.80,value in Percentage,
2015,March,Sikkim,Male,32.44,value in Percentage,
2015,March,Sikkim,Female,33.21,value in Percentage,
2015,March,Rajasthan,Total,25.46,value in Percentage,
2015,March,Rajasthan,Male,25.74,value in Percentage,
2015,March,Rajasthan,Female,25.17,value in Percentage,
2015,March,Punjab,Total,38.93,value in Percentage,
2015,March,Punjab,Male,39.41,value in Percentage,
2015,March,Punjab,Female,38.40,value in Percentage,
2015,March,Puducherry,Total,68.99,value in Percentage,
2015,March,Puducherry,Male,69.48,value in Percentage,
2015,March,Puducherry,Female,68.53,value in Percentage,
2015,March,Odisha,Total,17.39,value in Percentage,
2015,March,Odisha,Male,17.84,value in Percentage,
2015,March,Odisha,Female,16.94,value in Percentage,
2015,March,Nagaland,Total,34.38,value in Percentage,
2015,March,Nagaland,Male,34.83,value in Percentage,
2015,March,Nagaland,Female,33.90,value in Percentage,
2015,March,Mizoram,Total,53.10,value in Percentage,
2015,March,Mizoram,Male,52.56,value in Percentage,
2015,March,Mizoram,Female,53.64,value in Percentage,
2015,March,Meghalaya,Total,20.25,value in Percentage,
2015,March,Meghalaya,Male,20.15,value in Percentage,
2015,March,Meghalaya,Female,20.35,value in Percentage,
2015,March,Manipur,Total,30.30,value in Percentage,
2015,March,Manipur,Male,29.72,value in Percentage,
2015,March,Manipur,Female,30.88,value in Percentage,
2015,March,Maharashtra,Total,46.34,value in Percentage,
2015,March,Maharashtra,Male,46.91,value in Percentage,
2015,March,Maharashtra,Female,45.72,value in Percentage,
2015,March,Madhya Pradesh,Total,28.10,value in Percentage,
2015,March,Madhya Pradesh,Male,28.33,value in Percentage,
2015,March,Madhya Pradesh,Female,27.85,value in Percentage,
2015,March,Lakshadweep,Total,87.75,value in Percentage,
2015,March,Lakshadweep,Male,87.81,value in Percentage,
2015,March,Lakshadweep,Female,87.69,value in Percentage,
2015,March,Ladakh,Total,25.29,value in Percentage,
2015,March,Ladakh,Male,29.20,value in Percentage,
2015,March,Ladakh,Female,20.15,value in Percentage,
2015,March,Kerala,Total,57.22,value in Percentage,
2015,March,Kerala,Male,57.03,value in Percentage,
2015,March,Kerala,Female,57.40,value in Percentage,
2015,March,Karnataka,Total,40.59,value in Percentage,
2015,March,Karnataka,Male,40.78,value in Percentage,
2015,March,Karnataka,Female,40.39,value in Percentage,
2015,March,Jharkhand,Total,24.77,value in Percentage,
2015,March,Jharkhand,Male,25.29,value in Percentage,
2015,March,Jharkhand,Female,24.23,value in Percentage,
2015,March,Jammu and Kashmir,Total,28.50,value in Percentage,
2015,March,Jammu and Kashmir,Male,29.29,value in Percentage,
2015,March,Jammu and Kashmir,Female,27.61,value in Percentage,
2015,March,Himachal Pradesh,Total,10.13,value in Percentage,
2015,March,Himachal Pradesh,Male,10.78,value in Percentage,
2015,March,Himachal Pradesh,Female,9.46,value in Percentage,
2015,March,Haryana,Total,37.33,value in Percentage,
2015,March,Haryana,Male,37.50,value in Percentage,
2015,March,Haryana,Female,37.13,value in Percentage,
2015,March,Gujarat,Total,44.69,value in Percentage,
2015,March,Gujarat,Male,45.49,value in Percentage,
2015,March,Gujarat,Female,43.82,value in Percentage,
2015,March,Goa,Total,66.88,value in Percentage,
2015,March,Goa,Male,67.60,value in Percentage,
2015,March,Goa,Female,66.14,value in Percentage,
2015,March,Delhi,Total,98.41,value in Percentage,
2015,March,Delhi,Male,98.56,value in Percentage,
2015,March,Delhi,Female,98.25,value in Percentage,
2015,March,Daman and Diu,Total,85.24,value in Percentage,
2015,March,Daman and Diu,Male,85.24,value in Percentage,
2015,March,Daman and Diu,Female,85.24,value in Percentage,
2015,March,Dadra and Nagar Haveli,Total,56.20,value in Percentage,
2015,March,Dadra and Nagar Haveli,Male,57.92,value in Percentage,
2015,March,Dadra and Nagar Haveli,Female,53.87,value in Percentage,
2015,March,Chhattisgarh,Total,24.55,value in Percentage,
2015,March,Chhattisgarh,Male,25.01,value in Percentage,
2015,March,Chhattisgarh,Female,24.09,value in Percentage,
2015,March,Chandigarh,Total,98.56,value in Percentage,
2015,March,Chandigarh,Male,99.00,value in Percentage,
2015,March,Chandigarh,Female,98.04,value in Percentage,
2015,March,Bihar,Total,11.63,value in Percentage,
2015,March,Bihar,Male,11.78,value in Percentage,
2015,March,Bihar,Female,11.47,value in Percentage,
2015,March,Assam,Total,14.59,value in Percentage,
2015,March,Assam,Male,14.69,value in Percentage,
2015,March,Assam,Female,14.48,value in Percentage,
2015,March,Arunachal Pradesh,Total,23.82,value in Percentage,
2015,March,Arunachal Pradesh,Male,24.45,value in Percentage,
2015,March,Arunachal Pradesh,Female,23.15,value in Percentage,
2015,March,Andhra Pradesh,Total,31.75,value in Percentage,
2015,March,Andhra Pradesh,Male,31.93,value in Percentage,
2015,March,Andhra Pradesh,Female,31.58,value in Percentage,
2015,March,Andaman and Nicobar Islands,Total,39.78,value in Percentage,
2015,March,Andaman and Nicobar Islands,Male,40.00,value in Percentage,
2015,March,Andaman and Nicobar Islands,Female,39.53,value in Percentage,
2015,March,All India,Total,32.49,value in Percentage,
2015,March,All India,Male,32.72,value in Percentage,
2015,March,All India,Female,32.23,value in Percentage,
2015,July,West Bengal,Total,33.63,value in Percentage,
2015,July,West Bengal,Male,33.80,value in Percentage,
2015,July,West Bengal,Female,33.46,value in Percentage,
2015,July,Uttarakhand,Total,32.29,value in Percentage,
2015,July,Uttarakhand,Male,33.55,value in Percentage,
2015,July,Uttarakhand,Female,30.97,value in Percentage,
2015,July,Uttar Pradesh,Total,22.92,value in Percentage,
2015,July,Uttar Pradesh,Male,23.17,value in Percentage,
2015,July,Uttar Pradesh,Female,22.64,value in Percentage,
2015,July,Tripura,Total,30.80,value in Percentage,
2015,July,Tripura,Male,30.63,value in Percentage,
2015,July,Tripura,Female,30.97,value in Percentage,
2015,July,Telangana,Total,42.03,value in Percentage,
2015,July,Telangana,Male,42.04,value in Percentage,
2015,July,Telangana,Female,42.02,value in Percentage,
2015,July,Tamil Nadu,Total,50.30,value in Percentage,
2015,July,Tamil Nadu,Male,50.26,value in Percentage,
2015,July,Tamil Nadu,Female,50.34,value in Percentage,
2015,July,Sikkim,Total,33.50,value in Percentage,
2015,July,Sikkim,Male,33.13,value in Percentage,
2015,July,Sikkim,Female,33.91,value in Percentage,
2015,July,Rajasthan,Total,25.51,value in Percentage,
2015,July,Rajasthan,Male,25.79,value in Percentage,
2015,July,Rajasthan,Female,25.22,value in Percentage,
2015,July,Punjab,Total,39.05,value in Percentage,
2015,July,Punjab,Male,39.54,value in Percentage,
2015,July,Punjab,Female,38.51,value in Percentage,
2015,July,Puducherry,Total,69.06,value in Percentage,
2015,July,Puducherry,Male,69.59,value in Percentage,
2015,July,Puducherry,Female,68.56,value in Percentage,
2015,July,Odisha,Total,17.45,value in Percentage,
2015,July,Odisha,Male,17.90,value in Percentage,
2015,July,Odisha,Female,16.99,value in Percentage,
2015,July,Nagaland,Total,34.89,value in Percentage,
2015,July,Nagaland,Male,35.35,value in Percentage,
2015,July,Nagaland,Female,34.40,value in Percentage,
2015,July,Mizoram,Total,53.22,value in Percentage,
2015,July,Mizoram,Male,52.68,value in Percentage,
2015,July,Mizoram,Female,53.76,value in Percentage,
2015,July,Meghalaya,Total,20.29,value in Percentage,
2015,July,Meghalaya,Male,20.19,value in Percentage,
2015,July,Meghalaya,Female,20.40,value in Percentage,
2015,July,Manipur,Total,30.41,value in Percentage,
2015,July,Manipur,Male,29.83,value in Percentage,
2015,July,Manipur,Female,30.99,value in Percentage,
2015,July,Maharashtra,Total,46.43,value in Percentage,
2015,July,Maharashtra,Male,47.00,value in Percentage,
2015,July,Maharashtra,Female,45.82,value in Percentage,
2015,July,Madhya Pradesh,Total,28.14,value in Percentage,
2015,July,Madhya Pradesh,Male,28.37,value in Percentage,
2015,July,Madhya Pradesh,Female,27.89,value in Percentage,
2015,July,Lakshadweep,Total,88.58,value in Percentage,
2015,July,Lakshadweep,Male,88.64,value in Percentage,
2015,July,Lakshadweep,Female,88.52,value in Percentage,
2015,July,Ladakh,Total,25.56,value in Percentage,
2015,July,Ladakh,Male,29.54,value in Percentage,
2015,July,Ladakh,Female,20.36,value in Percentage,
2015,July,Kerala,Total,58.01,value in Percentage,
2015,July,Kerala,Male,57.81,value in Percentage,
2015,July,Kerala,Female,58.20,value in Percentage,
2015,July,Karnataka,Total,40.74,value in Percentage,
2015,July,Karnataka,Male,40.94,value in Percentage,
2015,July,Karnataka,Female,40.55,value in Percentage,
2015,July,Jharkhand,Total,24.83,value in Percentage,
2015,July,Jharkhand,Male,25.35,value in Percentage,
2015,July,Jharkhand,Female,24.29,value in Percentage,
2015,July,Jammu and Kashmir,Total,28.58,value in Percentage,
2015,July,Jammu and Kashmir,Male,29.38,value in Percentage,
2015,July,Jammu and Kashmir,Female,27.69,value in Percentage,
2015,July,Himachal Pradesh,Total,10.13,value in Percentage,
2015,July,Himachal Pradesh,Male,10.78,value in Percentage,
2015,July,Himachal Pradesh,Female,9.46,value in Percentage,
2015,July,Haryana,Total,37.53,value in Percentage,
2015,July,Haryana,Male,37.71,value in Percentage,
2015,July,Haryana,Female,37.33,value in Percentage,
2015,July,Gujarat,Total,44.87,value in Percentage,
2015,July,Gujarat,Male,45.66,value in Percentage,
2015,July,Gujarat,Female,44.00,value in Percentage,
2015,July,Goa,Total,67.28,value in Percentage,
2015,July,Goa,Male,68.01,value in Percentage,
2015,July,Goa,Female,66.52,value in Percentage,
2015,July,Delhi,Total,98.48,value in Percentage,
2015,July,Delhi,Male,98.63,value in Percentage,
2015,July,Delhi,Female,98.30,value in Percentage,
2015,July,Daman and Diu,Total,85.91,value in Percentage,
2015,July,Daman and Diu,Male,85.91,value in Percentage,
2015,July,Daman and Diu,Female,85.90,value in Percentage,
2015,July,Dadra and Nagar Haveli,Total,56.95,value in Percentage,
2015,July,Dadra and Nagar Haveli,Male,58.60,value in Percentage,
2015,July,Dadra and Nagar Haveli,Female,54.70,value in Percentage,
2015,July,Chhattisgarh,Total,24.66,value in Percentage,
2015,July,Chhattisgarh,Male,25.12,value in Percentage,
2015,July,Chhattisgarh,Female,24.19,value in Percentage,
2015,July,Chandigarh,Total,98.66,value in Percentage,
2015,July,Chandigarh,Male,99.15,value in Percentage,
2015,July,Chandigarh,Female,98.06,value in Percentage,
2015,July,Bihar,Total,11.66,value in Percentage,
2015,July,Bihar,Male,11.81,value in Percentage,
2015,July,Bihar,Female,11.50,value in Percentage,
2015,July,Assam,Total,14.63,value in Percentage,
2015,July,Assam,Male,14.74,value in Percentage,
2015,July,Assam,Female,14.51,value in Percentage,
2015,July,Arunachal Pradesh,Total,23.92,value in Percentage,
2015,July,Arunachal Pradesh,Male,24.56,value in Percentage,
2015,July,Arunachal Pradesh,Female,23.24,value in Percentage,
2015,July,Andhra Pradesh,Total,31.95,value in Percentage,
2015,July,Andhra Pradesh,Male,32.12,value in Percentage,
2015,July,Andhra Pradesh,Female,31.77,value in Percentage,
2015,July,Andaman and Nicobar Islands,Total,39.96,value in Percentage,
2015,July,Andaman and Nicobar Islands,Male,40.20,value in Percentage,
2015,July,Andaman and Nicobar Islands,Female,39.70,value in Percentage,
2015,July,All India,Total,32.59,value in Percentage,
2015,July,All India,Male,32.83,value in Percentage,
2015,July,All India,Female,32.33,value in Percentage,
2014,October,West Bengal,Total,33.32,value in Percentage,
2014,October,West Bengal,Male,33.48,value in Percentage,
2014,October,West Bengal,Female,33.16,value in Percentage,
2014,October,Uttarakhand,Total,31.94,value in Percentage,
2014,October,Uttarakhand,Male,33.20,value in Percentage,
2014,October,Uttarakhand,Female,30.62,value in Percentage,
2014,October,Uttar Pradesh,Total,22.81,value in Percentage,
2014,October,Uttar Pradesh,Male,23.05,value in Percentage,
2014,October,Uttar Pradesh,Female,22.53,value in Percentage,
2014,October,Tripura,Total,29.99,value in Percentage,
2014,October,Tripura,Male,29.82,value in Percentage,
2014,October,Tripura,Female,30.17,value in Percentage,
2014,October,Telangana,Total,41.48,value in Percentage,
2014,October,Telangana,Male,41.49,value in Percentage,
2014,October,Telangana,Female,41.47,value in Percentage,
2014,October,Tamil Nadu,Total,49.97,value in Percentage,
2014,October,Tamil Nadu,Male,49.92,value in Percentage,
2014,October,Tamil Nadu,Female,50.02,value in Percentage,
2014,October,Sikkim,Total,31.98,value in Percentage,
2014,October,Sikkim,Male,31.63,value in Percentage,
2014,October,Sikkim,Female,32.39,value in Percentage,
2014,October,Rajasthan,Total,25.40,value in Percentage,
2014,October,Rajasthan,Male,25.67,value in Percentage,
2014,October,Rajasthan,Female,25.12,value in Percentage,
2014,October,Punjab,Total,38.78,value in Percentage,
2014,October,Punjab,Male,39.25,value in Percentage,
2014,October,Punjab,Female,38.26,value in Percentage,
2014,October,Puducherry,Total,68.94,value in Percentage,
2014,October,Puducherry,Male,69.36,value in Percentage,
2014,October,Puducherry,Female,68.54,value in Percentage,
2014,October,Odisha,Total,17.32,value in Percentage,
2014,October,Odisha,Male,17.76,value in Percentage,
2014,October,Odisha,Female,16.87,value in Percentage,
2014,October,Nagaland,Total,33.84,value in Percentage,
2014,October,Nagaland,Male,34.27,value in Percentage,
2014,October,Nagaland,Female,33.37,value in Percentage,
2014,October,Mizoram,Total,53.05,value in Percentage,
2014,October,Mizoram,Male,52.50,value in Percentage,
2014,October,Mizoram,Female,53.60,value in Percentage,
2014,October,Meghalaya,Total,20.25,value in Percentage,
2014,October,Meghalaya,Male,20.14,value in Percentage,
2014,October,Meghalaya,Female,20.35,value in Percentage,
2014,October,Manipur,Total,30.20,value in Percentage,
2014,October,Manipur,Male,29.62,value in Percentage,
2014,October,Manipur,Female,30.79,value in Percentage,
2014,October,Maharashtra,Total,46.22,value in Percentage,
2014,October,Maharashtra,Male,46.80,value in Percentage,
2014,October,Maharashtra,Female,45.60,value in Percentage,
2014,October,Madhya Pradesh,Total,28.05,value in Percentage,
2014,October,Madhya Pradesh,Male,28.28,value in Percentage,
2014,October,Madhya Pradesh,Female,27.81,value in Percentage,
2014,October,Lakshadweep,Total,86.71,value in Percentage,
2014,October,Lakshadweep,Male,86.77,value in Percentage,
2014,October,Lakshadweep,Female,86.65,value in Percentage,
2014,October,Ladakh,Total,24.95,value in Percentage,
2014,October,Ladakh,Male,28.79,value in Percentage,
2014,October,Ladakh,Female,19.90,value in Percentage,
2014,October,Kerala,Total,56.24,value in Percentage,
2014,October,Kerala,Male,56.05,value in Percentage,
2014,October,Kerala,Female,56.41,value in Percentage,
2014,October,Karnataka,Total,40.39,value in Percentage,
2014,October,Karnataka,Male,40.58,value in Percentage,
2014,October,Karnataka,Female,40.19,value in Percentage,
2014,October,Jharkhand,Total,24.70,value in Percentage,
2014,October,Jharkhand,Male,25.21,value in Percentage,
2014,October,Jharkhand,Female,24.16,value in Percentage,
2014,October,Jammu and Kashmir,Total,28.39,value in Percentage,
2014,October,Jammu and Kashmir,Male,29.17,value in Percentage,
2014,October,Jammu and Kashmir,Female,27.52,value in Percentage,
2014,October,Himachal Pradesh,Total,10.12,value in Percentage,
2014,October,Himachal Pradesh,Male,10.76,value in Percentage,
2014,October,Himachal Pradesh,Female,9.45,value in Percentage,
2014,October,Haryana,Total,37.08,value in Percentage,
2014,October,Haryana,Male,37.25,value in Percentage,
2014,October,Haryana,Female,36.89,value in Percentage,
2014,October,Gujarat,Total,44.48,value in Percentage,
2014,October,Gujarat,Male,45.29,value in Percentage,
2014,October,Gujarat,Female,43.59,value in Percentage,
2014,October,Goa,Total,66.41,value in Percentage,
2014,October,Goa,Male,67.11,value in Percentage,
2014,October,Goa,Female,65.69,value in Percentage,
2014,October,Delhi,Total,98.33,value in Percentage,
2014,October,Delhi,Male,98.46,value in Percentage,
2014,October,Delhi,Female,98.18,value in Percentage,
2014,October,Daman and Diu,Total,84.38,value in Percentage,
2014,October,Daman and Diu,Male,84.38,value in Percentage,
2014,October,Daman and Diu,Female,84.37,value in Percentage,
2014,October,Dadra and Nagar Haveli,Total,55.34,value in Percentage,
2014,October,Dadra and Nagar Haveli,Male,57.13,value in Percentage,
2014,October,Dadra and Nagar Haveli,Female,52.90,value in Percentage,
2014,October,Chhattisgarh,Total,24.42,value in Percentage,
2014,October,Chhattisgarh,Male,24.87,value in Percentage,
2014,October,Chhattisgarh,Female,23.96,value in Percentage,
2014,October,Chandigarh,Total,98.45,value in Percentage,
2014,October,Chandigarh,Male,98.82,value in Percentage,
2014,October,Chandigarh,Female,98.00,value in Percentage,
2014,October,Bihar,Total,11.60,value in Percentage,
2014,October,Bihar,Male,11.75,value in Percentage,
2014,October,Bihar,Female,11.44,value in Percentage,
2014,October,Assam,Total,14.54,value in Percentage,
2014,October,Assam,Male,14.64,value in Percentage,
2014,October,Assam,Female,14.43,value in Percentage,
2014,October,Arunachal Pradesh,Total,23.74,value in Percentage,
2014,October,Arunachal Pradesh,Male,24.37,value in Percentage,
2014,October,Arunachal Pradesh,Female,23.07,value in Percentage,
2014,October,Andhra Pradesh,Total,31.51,value in Percentage,
2014,October,Andhra Pradesh,Male,31.68,value in Percentage,
2014,October,Andhra Pradesh,Female,31.34,value in Percentage,
2014,October,Andaman and Nicobar Islands,Total,39.56,value in Percentage,
2014,October,Andaman and Nicobar Islands,Male,39.76,value in Percentage,
2014,October,Andaman and Nicobar Islands,Female,39.33,value in Percentage,
2014,October,All India,Total,32.34,value in Percentage,
2014,October,All India,Male,32.58,value in Percentage,
2014,October,All India,Female,32.09,value in Percentage,
2014,March,West Bengal,Total,33.09,value in Percentage,
2014,March,West Bengal,Male,33.23,value in Percentage,
2014,March,West Bengal,Female,32.94,value in Percentage,
2014,March,Uttarakhand,Total,31.66,value in Percentage,
2014,March,Uttarakhand,Male,32.92,value in Percentage,
2014,March,Uttarakhand,Female,30.34,value in Percentage,
2014,March,Uttar Pradesh,Total,22.72,value in Percentage,
2014,March,Uttar Pradesh,Male,22.96,value in Percentage,
2014,March,Uttar Pradesh,Female,22.45,value in Percentage,
2014,March,Tripura,Total,29.33,value in Percentage,
2014,March,Tripura,Male,29.17,value in Percentage,
2014,March,Tripura,Female,29.51,value in Percentage,
2014,March,Telangana,Total,41.03,value in Percentage,
2014,March,Telangana,Male,41.04,value in Percentage,
2014,March,Telangana,Female,41.02,value in Percentage,
2014,March,Tamil Nadu,Total,49.71,value in Percentage,
2014,March,Tamil Nadu,Male,49.66,value in Percentage,
2014,March,Tamil Nadu,Female,49.77,value in Percentage,
2014,March,Sikkim,Total,30.77,value in Percentage,
2014,March,Sikkim,Male,30.42,value in Percentage,
2014,March,Sikkim,Female,31.16,value in Percentage,
2014,March,Rajasthan,Total,25.32,value in Percentage,
2014,March,Rajasthan,Male,25.57,value in Percentage,
2014,March,Rajasthan,Female,25.05,value in Percentage,
2014,March,Punjab,Total,38.57,value in Percentage,
2014,March,Punjab,Male,39.03,value in Percentage,
2014,March,Punjab,Female,38.06,value in Percentage,
2014,March,Puducherry,Total,68.86,value in Percentage,
2014,March,Puducherry,Male,69.20,value in Percentage,
2014,March,Puducherry,Female,68.54,value in Percentage,
2014,March,Odisha,Total,17.22,value in Percentage,
2014,March,Odisha,Male,17.65,value in Percentage,
2014,March,Odisha,Female,16.77,value in Percentage,
2014,March,Nagaland,Total,32.99,value in Percentage,
2014,March,Nagaland,Male,33.41,value in Percentage,
2014,March,Nagaland,Female,32.53,value in Percentage,
2014,March,Mizoram,Total,52.86,value in Percentage,
2014,March,Mizoram,Male,52.32,value in Percentage,
2014,March,Mizoram,Female,53.42,value in Percentage,
2014,March,Meghalaya,Total,20.20,value in Percentage,
2014,March,Meghalaya,Male,20.09,value in Percentage,
2014,March,Meghalaya,Female,20.31,value in Percentage,
2014,March,Manipur,Total,30.01,value in Percentage,
2014,March,Manipur,Male,29.43,value in Percentage,
2014,March,Manipur,Female,30.60,value in Percentage,
2014,March,Maharashtra,Total,46.06,value in Percentage,
2014,March,Maharashtra,Male,46.65,value in Percentage,
2014,March,Maharashtra,Female,45.43,value in Percentage,
2014,March,Madhya Pradesh,Total,27.98,value in Percentage,
2014,March,Madhya Pradesh,Male,28.21,value in Percentage,
2014,March,Madhya Pradesh,Female,27.75,value in Percentage,
2014,March,Lakshadweep,Total,85.25,value in Percentage,
2014,March,Lakshadweep,Male,85.31,value in Percentage,
2014,March,Lakshadweep,Female,85.19,value in Percentage,
2014,March,Ladakh,Total,24.46,value in Percentage,
2014,March,Ladakh,Male,28.20,value in Percentage,
2014,March,Ladakh,Female,19.54,value in Percentage,
2014,March,Kerala,Total,54.85,value in Percentage,
2014,March,Kerala,Male,54.67,value in Percentage,
2014,March,Kerala,Female,55.02,value in Percentage,
2014,March,Karnataka,Total,40.11,value in Percentage,
2014,March,Karnataka,Male,40.30,value in Percentage,
2014,March,Karnataka,Female,39.91,value in Percentage,
2014,March,Jharkhand,Total,24.59,value in Percentage,
2014,March,Jharkhand,Male,25.10,value in Percentage,
2014,March,Jharkhand,Female,24.06,value in Percentage,
2014,March,Jammu and Kashmir,Total,28.24,value in Percentage,
2014,March,Jammu and Kashmir,Male,29.00,value in Percentage,
2014,March,Jammu and Kashmir,Female,27.39,value in Percentage,
2014,March,Himachal Pradesh,Total,10.10,value in Percentage,
2014,March,Himachal Pradesh,Male,10.74,value in Percentage,
2014,March,Himachal Pradesh,Female,9.43,value in Percentage,
2014,March,Haryana,Total,36.72,value in Percentage,
2014,March,Haryana,Male,36.88,value in Percentage,
2014,March,Haryana,Female,36.54,value in Percentage,
2014,March,Gujarat,Total,44.17,value in Percentage,
2014,March,Gujarat,Male,45.00,value in Percentage,
2014,March,Gujarat,Female,43.27,value in Percentage,
2014,March,Goa,Total,65.75,value in Percentage,
2014,March,Goa,Male,66.43,value in Percentage,
2014,March,Goa,Female,65.05,value in Percentage,
2014,March,Delhi,Total,98.21,value in Percentage,
2014,March,Delhi,Male,98.32,value in Percentage,
2014,March,Delhi,Female,98.09,value in Percentage,
2014,March,Daman and Diu,Total,83.09,value in Percentage,
2014,March,Daman and Diu,Male,83.09,value in Percentage,
2014,March,Daman and Diu,Female,83.09,value in Percentage,
2014,March,Dadra and Nagar Haveli,Total,54.05,value in Percentage,
2014,March,Dadra and Nagar Haveli,Male,55.97,value in Percentage,
2014,March,Dadra and Nagar Haveli,Female,51.47,value in Percentage,
2014,March,Chhattisgarh,Total,24.23,value in Percentage,
2014,March,Chhattisgarh,Male,24.67,value in Percentage,
2014,March,Chhattisgarh,Female,23.77,value in Percentage,
2014,March,Chandigarh,Total,98.29,value in Percentage,
2014,March,Chandigarh,Male,98.56,value in Percentage,
2014,March,Chandigarh,Female,97.95,value in Percentage,
2014,March,Bihar,Total,11.55,value in Percentage,
2014,March,Bihar,Male,11.70,value in Percentage,
2014,March,Bihar,Female,11.39,value in Percentage,
2014,March,Assam,Total,14.46,value in Percentage,
2014,March,Assam,Male,14.57,value in Percentage,
2014,March,Assam,Female,14.36,value in Percentage,
2014,March,Arunachal Pradesh,Total,23.58,value in Percentage,
2014,March,Arunachal Pradesh,Male,24.20,value in Percentage,
2014,March,Arunachal Pradesh,Female,22.92,value in Percentage,
2014,March,Andhra Pradesh,Total,31.18,value in Percentage,
2014,March,Andhra Pradesh,Male,31.34,value in Percentage,
2014,March,Andhra Pradesh,Female,31.01,value in Percentage,
2014,March,Andaman and Nicobar Islands,Total,39.24,value in Percentage,
2014,March,Andaman and Nicobar Islands,Male,39.41,value in Percentage,
2014,March,Andaman and Nicobar Islands,Female,39.04,value in Percentage,
2014,March,All India,Total,32.16,value in Percentage,
2014,March,All India,Male,32.39,value in Percentage,
2014,March,All India,Female,31.91,value in Percentage,
2014,July,West Bengal,Total,33.22,value in Percentage,
2014,July,West Bengal,Male,33.37,value in Percentage,
2014,July,West Bengal,Female,33.07,value in Percentage,
2014,July,Uttarakhand,Total,31.82,value in Percentage,
2014,July,Uttarakhand,Male,33.08,value in Percentage,
2014,July,Uttarakhand,Female,30.50,value in Percentage,
2014,July,Uttar Pradesh,Total,22.77,value in Percentage,
2014,July,Uttar Pradesh,Male,23.01,value in Percentage,
2014,July,Uttar Pradesh,Female,22.50,value in Percentage,
2014,July,Tripura,Total,29.72,value in Percentage,
2014,July,Tripura,Male,29.55,value in Percentage,
2014,July,Tripura,Female,29.90,value in Percentage,
2014,July,Telangana,Total,41.30,value in Percentage,
2014,July,Telangana,Male,41.31,value in Percentage,
2014,July,Telangana,Female,41.29,value in Percentage,
2014,July,Tamil Nadu,Total,49.86,value in Percentage,
2014,July,Tamil Nadu,Male,49.81,value in Percentage,
2014,July,Tamil Nadu,Female,49.91,value in Percentage,
2014,July,Sikkim,Total,31.48,value in Percentage,
2014,July,Sikkim,Male,31.12,value in Percentage,
2014,July,Sikkim,Female,31.87,value in Percentage,
2014,July,Rajasthan,Total,25.37,value in Percentage,
2014,July,Rajasthan,Male,25.62,value in Percentage,
2014,July,Rajasthan,Female,25.09,value in Percentage,
2014,July,Punjab,Total,38.69,value in Percentage,
2014,July,Punjab,Male,39.16,value in Percentage,
2014,July,Punjab,Female,38.17,value in Percentage,
2014,July,Puducherry,Total,68.91,value in Percentage,
2014,July,Puducherry,Male,69.29,value in Percentage,
2014,July,Puducherry,Female,68.54,value in Percentage,
2014,July,Odisha,Total,17.28,value in Percentage,
2014,July,Odisha,Male,17.72,value in Percentage,
2014,July,Odisha,Female,16.83,value in Percentage,
2014,July,Nagaland,Total,33.48,value in Percentage,
2014,July,Nagaland,Male,33.92,value in Percentage,
2014,July,Nagaland,Female,33.02,value in Percentage,
2014,July,Mizoram,Total,52.99,value in Percentage,
2014,July,Mizoram,Male,52.44,value in Percentage,
2014,July,Mizoram,Female,53.54,value in Percentage,
2014,July,Meghalaya,Total,20.24,value in Percentage,
2014,July,Meghalaya,Male,20.13,value in Percentage,
2014,July,Meghalaya,Female,20.34,value in Percentage,
2014,July,Manipur,Total,30.13,value in Percentage,
2014,July,Manipur,Male,29.55,value in Percentage,
2014,July,Manipur,Female,30.72,value in Percentage,
2014,July,Maharashtra,Total,46.15,value in Percentage,
2014,July,Maharashtra,Male,46.73,value in Percentage,
2014,July,Maharashtra,Female,45.53,value in Percentage,
2014,July,Madhya Pradesh,Total,28.02,value in Percentage,
2014,July,Madhya Pradesh,Male,28.25,value in Percentage,
2014,July,Madhya Pradesh,Female,27.78,value in Percentage,
2014,July,Lakshadweep,Total,86.09,value in Percentage,
2014,July,Lakshadweep,Male,86.15,value in Percentage,
2014,July,Lakshadweep,Female,86.03,value in Percentage,
2014,July,Ladakh,Total,24.74,value in Percentage,
2014,July,Ladakh,Male,28.53,value in Percentage,
2014,July,Ladakh,Female,19.74,value in Percentage,
2014,July,Kerala,Total,55.64,value in Percentage,
2014,July,Kerala,Male,55.46,value in Percentage,
2014,July,Kerala,Female,55.82,value in Percentage,
2014,July,Karnataka,Total,40.27,value in Percentage,
2014,July,Karnataka,Male,40.46,value in Percentage,
2014,July,Karnataka,Female,40.07,value in Percentage,
2014,July,Jharkhand,Total,24.65,value in Percentage,
2014,July,Jharkhand,Male,25.16,value in Percentage,
2014,July,Jharkhand,Female,24.12,value in Percentage,
2014,July,Jammu and Kashmir,Total,28.33,value in Percentage,
2014,July,Jammu and Kashmir,Male,29.10,value in Percentage,
2014,July,Jammu and Kashmir,Female,27.47,value in Percentage,
2014,July,Himachal Pradesh,Total,10.11,value in Percentage,
2014,July,Himachal Pradesh,Male,10.76,value in Percentage,
2014,July,Himachal Pradesh,Female,9.44,value in Percentage,
2014,July,Haryana,Total,36.93,value in Percentage,
2014,July,Haryana,Male,37.09,value in Percentage,
2014,July,Haryana,Female,36.74,value in Percentage,
2014,July,Gujarat,Total,44.35,value in Percentage,
2014,July,Gujarat,Male,45.16,value in Percentage,
2014,July,Gujarat,Female,43.46,value in Percentage,
2014,July,Goa,Total,66.13,value in Percentage,
2014,July,Goa,Male,66.82,value in Percentage,
2014,July,Goa,Female,65.42,value in Percentage,
2014,July,Delhi,Total,98.28,value in Percentage,
2014,July,Delhi,Male,98.40,value in Percentage,
2014,July,Delhi,Female,98.14,value in Percentage,
2014,July,Daman and Diu,Total,83.84,value in Percentage,
2014,July,Daman and Diu,Male,83.84,value in Percentage,
2014,July,Daman and Diu,Female,83.83,value in Percentage,
2014,July,Dadra and Nagar Haveli,Total,54.80,value in Percentage,
2014,July,Dadra and Nagar Haveli,Male,56.64,value in Percentage,
2014,July,Dadra and Nagar Haveli,Female,52.29,value in Percentage,
2014,July,Chhattisgarh,Total,24.33,value in Percentage,
2014,July,Chhattisgarh,Male,24.79,value in Percentage,
2014,July,Chhattisgarh,Female,23.88,value in Percentage,
2014,July,Chandigarh,Total,98.38,value in Percentage,
2014,July,Chandigarh,Male,98.71,value in Percentage,
2014,July,Chandigarh,Female,97.98,value in Percentage,
2014,July,Bihar,Total,11.58,value in Percentage,
2014,July,Bihar,Male,11.72,value in Percentage,
2014,July,Bihar,Female,11.42,value in Percentage,
2014,July,Assam,Total,14.51,value in Percentage,
2014,July,Assam,Male,14.61,value in Percentage,
2014,July,Assam,Female,14.40,value in Percentage,
2014,July,Arunachal Pradesh,Total,23.68,value in Percentage,
2014,July,Arunachal Pradesh,Male,24.31,value in Percentage,
2014,July,Arunachal Pradesh,Female,23.02,value in Percentage,
2014,July,Andhra Pradesh,Total,31.37,value in Percentage,
2014,July,Andhra Pradesh,Male,31.54,value in Percentage,
2014,July,Andhra Pradesh,Female,31.20,value in Percentage,
2014,July,Andaman and Nicobar Islands,Total,39.42,value in Percentage,
2014,July,Andaman and Nicobar Islands,Male,39.61,value in Percentage,
2014,July,Andaman and Nicobar Islands,Female,39.21,value in Percentage,
2014,July,All India,Total,32.26,value in Percentage,
2014,July,All India,Male,32.49,value in Percentage,
2014,July,All India,Female,32.01,value in Percentage,
2013,October,West Bengal,Total,32.92,value in Percentage,
2013,October,West Bengal,Male,33.06,value in Percentage,
2013,October,West Bengal,Female,32.77,value in Percentage,
2013,October,Uttarakhand,Total,31.46,value in Percentage,
2013,October,Uttarakhand,Male,32.73,value in Percentage,
2013,October,Uttarakhand,Female,30.15,value in Percentage,
2013,October,Uttar Pradesh,Total,22.66,value in Percentage,
2013,October,Uttar Pradesh,Male,22.90,value in Percentage,
2013,October,Uttar Pradesh,Female,22.39,value in Percentage,
2013,October,Tripura,Total,28.92,value in Percentage,
2013,October,Tripura,Male,28.75,value in Percentage,
2013,October,Tripura,Female,29.09,value in Percentage,
2013,October,Telangana,Total,40.76,value in Percentage,
2013,October,Telangana,Male,40.77,value in Percentage,
2013,October,Telangana,Female,40.75,value in Percentage,
2013,October,Tamil Nadu,Total,49.53,value in Percentage,
2013,October,Tamil Nadu,Male,49.47,value in Percentage,
2013,October,Tamil Nadu,Female,49.59,value in Percentage,
2013,October,Sikkim,Total,30.00,value in Percentage,
2013,October,Sikkim,Male,29.66,value in Percentage,
2013,October,Sikkim,Female,30.38,value in Percentage,
2013,October,Rajasthan,Total,25.26,value in Percentage,
2013,October,Rajasthan,Male,25.50,value in Percentage,
2013,October,Rajasthan,Female,25.00,value in Percentage,
2013,October,Punjab,Total,38.42,value in Percentage,
2013,October,Punjab,Male,38.87,value in Percentage,
2013,October,Punjab,Female,37.92,value in Percentage,
2013,October,Puducherry,Total,68.77,value in Percentage,
2013,October,Puducherry,Male,69.04,value in Percentage,
2013,October,Puducherry,Female,68.52,value in Percentage,
2013,October,Odisha,Total,17.14,value in Percentage,
2013,October,Odisha,Male,17.57,value in Percentage,
2013,October,Odisha,Female,16.70,value in Percentage,
2013,October,Nagaland,Total,32.44,value in Percentage,
2013,October,Nagaland,Male,32.86,value in Percentage,
2013,October,Nagaland,Female,32.00,value in Percentage,
2013,October,Mizoram,Total,52.81,value in Percentage,
2013,October,Mizoram,Male,52.26,value in Percentage,
2013,October,Mizoram,Female,53.38,value in Percentage,
2013,October,Meghalaya,Total,20.20,value in Percentage,
2013,October,Meghalaya,Male,20.09,value in Percentage,
2013,October,Meghalaya,Female,20.31,value in Percentage,
2013,October,Manipur,Total,29.93,value in Percentage,
2013,October,Manipur,Male,29.34,value in Percentage,
2013,October,Manipur,Female,30.52,value in Percentage,
2013,October,Maharashtra,Total,45.94,value in Percentage,
2013,October,Maharashtra,Male,46.54,value in Percentage,
2013,October,Maharashtra,Female,45.31,value in Percentage,
2013,October,Madhya Pradesh,Total,27.94,value in Percentage,
2013,October,Madhya Pradesh,Male,28.15,value in Percentage,
2013,October,Madhya Pradesh,Female,27.71,value in Percentage,
2013,October,Lakshadweep,Total,84.20,value in Percentage,
2013,October,Lakshadweep,Male,84.26,value in Percentage,
2013,October,Lakshadweep,Female,84.14,value in Percentage,
2013,October,Ladakh,Total,24.26,value in Percentage,
2013,October,Ladakh,Male,27.94,value in Percentage,
2013,October,Ladakh,Female,19.39,value in Percentage,
2013,October,Kerala,Total,53.86,value in Percentage,
2013,October,Kerala,Male,53.68,value in Percentage,
2013,October,Kerala,Female,54.03,value in Percentage,
2013,October,Karnataka,Total,39.91,value in Percentage,
2013,October,Karnataka,Male,40.10,value in Percentage,
2013,October,Karnataka,Female,39.71,value in Percentage,
2013,October,Jharkhand,Total,24.52,value in Percentage,
2013,October,Jharkhand,Male,25.02,value in Percentage,
2013,October,Jharkhand,Female,23.99,value in Percentage,
2013,October,Jammu and Kashmir,Total,28.14,value in Percentage,
2013,October,Jammu and Kashmir,Male,28.88,value in Percentage,
2013,October,Jammu and Kashmir,Female,27.30,value in Percentage,
2013,October,Himachal Pradesh,Total,10.09,value in Percentage,
2013,October,Himachal Pradesh,Male,10.74,value in Percentage,
2013,October,Himachal Pradesh,Female,9.43,value in Percentage,
2013,October,Haryana,Total,36.47,value in Percentage,
2013,October,Haryana,Male,36.62,value in Percentage,
2013,October,Haryana,Female,36.30,value in Percentage,
2013,October,Gujarat,Total,43.96,value in Percentage,
2013,October,Gujarat,Male,44.79,value in Percentage,
2013,October,Gujarat,Female,43.05,value in Percentage,
2013,October,Goa,Total,65.24,value in Percentage,
2013,October,Goa,Male,65.90,value in Percentage,
2013,October,Goa,Female,64.57,value in Percentage,
2013,October,Delhi,Total,98.12,value in Percentage,
2013,October,Delhi,Male,98.22,value in Percentage,
2013,October,Delhi,Female,98.01,value in Percentage,
2013,October,Daman and Diu,Total,82.12,value in Percentage,
2013,October,Daman and Diu,Male,82.13,value in Percentage,
2013,October,Daman and Diu,Female,82.11,value in Percentage,
2013,October,Dadra and Nagar Haveli,Total,53.09,value in Percentage,
2013,October,Dadra and Nagar Haveli,Male,55.09,value in Percentage,
2013,October,Dadra and Nagar Haveli,Female,50.40,value in Percentage,
2013,October,Chhattisgarh,Total,24.09,value in Percentage,
2013,October,Chhattisgarh,Male,24.53,value in Percentage,
2013,October,Chhattisgarh,Female,23.65,value in Percentage,
2013,October,Chandigarh,Total,98.17,value in Percentage,
2013,October,Chandigarh,Male,98.37,value in Percentage,
2013,October,Chandigarh,Female,97.92,value in Percentage,
2013,October,Bihar,Total,11.51,value in Percentage,
2013,October,Bihar,Male,11.66,value in Percentage,
2013,October,Bihar,Female,11.36,value in Percentage,
2013,October,Assam,Total,14.41,value in Percentage,
2013,October,Assam,Male,14.51,value in Percentage,
2013,October,Assam,Female,14.31,value in Percentage,
2013,October,Arunachal Pradesh,Total,23.53,value in Percentage,
2013,October,Arunachal Pradesh,Male,24.15,value in Percentage,
2013,October,Arunachal Pradesh,Female,22.88,value in Percentage,
2013,October,Andhra Pradesh,Total,30.94,value in Percentage,
2013,October,Andhra Pradesh,Male,31.10,value in Percentage,
2013,October,Andhra Pradesh,Female,30.78,value in Percentage,
2013,October,Andaman and Nicobar Islands,Total,39.01,value in Percentage,
2013,October,Andaman and Nicobar Islands,Male,39.17,value in Percentage,
2013,October,Andaman and Nicobar Islands,Female,38.84,value in Percentage,
2013,October,All India,Total,32.01,value in Percentage,
2013,October,All India,Male,32.24,value in Percentage,
2013,October,All India,Female,31.76,value in Percentage,
2013,March,West Bengal,Total,32.68,value in Percentage,
2013,March,West Bengal,Male,32.81,value in Percentage,
2013,March,West Bengal,Female,32.55,value in Percentage,
2013,March,Uttarakhand,Total,31.19,value in Percentage,
2013,March,Uttarakhand,Male,32.45,value in Percentage,
2013,March,Uttarakhand,Female,29.87,value in Percentage,
2013,March,Uttar Pradesh,Total,22.57,value in Percentage,
2013,March,Uttar Pradesh,Male,22.80,value in Percentage,
2013,March,Uttar Pradesh,Female,22.31,value in Percentage,
2013,March,Tripura,Total,28.26,value in Percentage,
2013,March,Tripura,Male,28.09,value in Percentage,
2013,March,Tripura,Female,28.44,value in Percentage,
2013,March,Telangana,Total,40.32,value in Percentage,
2013,March,Telangana,Male,40.33,value in Percentage,
2013,March,Telangana,Female,40.31,value in Percentage,
2013,March,Tamil Nadu,Total,49.27,value in Percentage,
2013,March,Tamil Nadu,Male,49.21,value in Percentage,
2013,March,Tamil Nadu,Female,49.34,value in Percentage,
2013,March,Sikkim,Total,28.85,value in Percentage,
2013,March,Sikkim,Male,28.52,value in Percentage,
2013,March,Sikkim,Female,29.23,value in Percentage,
2013,March,Rajasthan,Total,25.17,value in Percentage,
2013,March,Rajasthan,Male,25.40,value in Percentage,
2013,March,Rajasthan,Female,24.92,value in Percentage,
2013,March,Punjab,Total,38.21,value in Percentage,
2013,March,Punjab,Male,38.65,value in Percentage,
2013,March,Punjab,Female,37.72,value in Percentage,
2013,March,Puducherry,Total,68.65,value in Percentage,
2013,March,Puducherry,Male,68.83,value in Percentage,
2013,March,Puducherry,Female,68.48,value in Percentage,
2013,March,Odisha,Total,17.04,value in Percentage,
2013,March,Odisha,Male,17.46,value in Percentage,
2013,March,Odisha,Female,16.61,value in Percentage,
2013,March,Nagaland,Total,31.61,value in Percentage,
2013,March,Nagaland,Male,32.00,value in Percentage,
2013,March,Nagaland,Female,31.18,value in Percentage,
2013,March,Mizoram,Total,52.62,value in Percentage,
2013,March,Mizoram,Male,52.07,value in Percentage,
2013,March,Mizoram,Female,53.20,value in Percentage,
2013,March,Meghalaya,Total,20.15,value in Percentage,
2013,March,Meghalaya,Male,20.04,value in Percentage,
2013,March,Meghalaya,Female,20.27,value in Percentage,
2013,March,Manipur,Total,29.75,value in Percentage,
2013,March,Manipur,Male,29.16,value in Percentage,
2013,March,Manipur,Female,30.34,value in Percentage,
2013,March,Maharashtra,Total,45.78,value in Percentage,
2013,March,Maharashtra,Male,46.38,value in Percentage,
2013,March,Maharashtra,Female,45.14,value in Percentage,
2013,March,Madhya Pradesh,Total,27.87,value in Percentage,
2013,March,Madhya Pradesh,Male,28.08,value in Percentage,
2013,March,Madhya Pradesh,Female,27.64,value in Percentage,
2013,March,Lakshadweep,Total,82.72,value in Percentage,
2013,March,Lakshadweep,Male,82.77,value in Percentage,
2013,March,Lakshadweep,Female,82.65,value in Percentage,
2013,March,Ladakh,Total,23.97,value in Percentage,
2013,March,Ladakh,Male,27.59,value in Percentage,
2013,March,Ladakh,Female,19.19,value in Percentage,
2013,March,Kerala,Total,52.47,value in Percentage,
2013,March,Kerala,Male,52.30,value in Percentage,
2013,March,Kerala,Female,52.63,value in Percentage,
2013,March,Karnataka,Total,39.63,value in Percentage,
2013,March,Karnataka,Male,39.82,value in Percentage,
2013,March,Karnataka,Female,39.43,value in Percentage,
2013,March,Jharkhand,Total,24.41,value in Percentage,
2013,March,Jharkhand,Male,24.91,value in Percentage,
2013,March,Jharkhand,Female,23.89,value in Percentage,
2013,March,Jammu and Kashmir,Total,27.99,value in Percentage,
2013,March,Jammu and Kashmir,Male,28.72,value in Percentage,
2013,March,Jammu and Kashmir,Female,27.17,value in Percentage,
2013,March,Himachal Pradesh,Total,10.08,value in Percentage,
2013,March,Himachal Pradesh,Male,10.73,value in Percentage,
2013,March,Himachal Pradesh,Female,9.42,value in Percentage,
2013,March,Haryana,Total,36.11,value in Percentage,
2013,March,Haryana,Male,36.25,value in Percentage,
2013,March,Haryana,Female,35.95,value in Percentage,
2013,March,Gujarat,Total,43.65,value in Percentage,
2013,March,Gujarat,Male,44.50,value in Percentage,
2013,March,Gujarat,Female,42.73,value in Percentage,
2013,March,Goa,Total,64.53,value in Percentage,
2013,March,Goa,Male,65.17,value in Percentage,
2013,March,Goa,Female,63.88,value in Percentage,
2013,March,Delhi,Total,97.99,value in Percentage,
2013,March,Delhi,Male,98.06,value in Percentage,
2013,March,Delhi,Female,97.91,value in Percentage,
2013,March,Daman and Diu,Total,80.68,value in Percentage,
2013,March,Daman and Diu,Male,80.68,value in Percentage,
2013,March,Daman and Diu,Female,80.68,value in Percentage,
2013,March,Dadra and Nagar Haveli,Total,51.66,value in Percentage,
2013,March,Dadra and Nagar Haveli,Male,53.78,value in Percentage,
2013,March,Dadra and Nagar Haveli,Female,48.84,value in Percentage,
2013,March,Chhattisgarh,Total,23.90,value in Percentage,
2013,March,Chhattisgarh,Male,24.34,value in Percentage,
2013,March,Chhattisgarh,Female,23.46,value in Percentage,
2013,March,Chandigarh,Total,98.00,value in Percentage,
2013,March,Chandigarh,Male,98.11,value in Percentage,
2013,March,Chandigarh,Female,97.86,value in Percentage,
2013,March,Bihar,Total,11.46,value in Percentage,
2013,March,Bihar,Male,11.61,value in Percentage,
2013,March,Bihar,Female,11.31,value in Percentage,
2013,March,Assam,Total,14.34,value in Percentage,
2013,March,Assam,Male,14.44,value in Percentage,
2013,March,Assam,Female,14.24,value in Percentage,
2013,March,Arunachal Pradesh,Total,23.41,value in Percentage,
2013,March,Arunachal Pradesh,Male,24.02,value in Percentage,
2013,March,Arunachal Pradesh,Female,22.76,value in Percentage,
2013,March,Andhra Pradesh,Total,30.61,value in Percentage,
2013,March,Andhra Pradesh,Male,30.76,value in Percentage,
2013,March,Andhra Pradesh,Female,30.45,value in Percentage,
2013,March,Andaman and Nicobar Islands,Total,38.69,value in Percentage,
2013,March,Andaman and Nicobar Islands,Male,38.82,value in Percentage,
2013,March,Andaman and Nicobar Islands,Female,38.55,value in Percentage,
2013,March,All India,Total,31.82,value in Percentage,
2013,March,All India,Male,32.05,value in Percentage,
2013,March,All India,Female,31.58,value in Percentage,
2013,July,West Bengal,Total,32.82,value in Percentage,
2013,July,West Bengal,Male,32.95,value in Percentage,
2013,July,West Bengal,Female,32.68,value in Percentage,
2013,July,Uttarakhand,Total,31.35,value in Percentage,
2013,July,Uttarakhand,Male,32.61,value in Percentage,
2013,July,Uttarakhand,Female,30.03,value in Percentage,
2013,July,Uttar Pradesh,Total,22.62,value in Percentage,
2013,July,Uttar Pradesh,Male,22.86,value in Percentage,
2013,July,Uttar Pradesh,Female,22.36,value in Percentage,
2013,July,Tripura,Total,28.65,value in Percentage,
2013,July,Tripura,Male,28.48,value in Percentage,
2013,July,Tripura,Female,28.83,value in Percentage,
2013,July,Telangana,Total,40.58,value in Percentage,
2013,July,Telangana,Male,40.59,value in Percentage,
2013,July,Telangana,Female,40.57,value in Percentage,
2013,July,Tamil Nadu,Total,49.42,value in Percentage,
2013,July,Tamil Nadu,Male,49.36,value in Percentage,
2013,July,Tamil Nadu,Female,49.48,value in Percentage,
2013,July,Sikkim,Total,29.52,value in Percentage,
2013,July,Sikkim,Male,29.18,value in Percentage,
2013,July,Sikkim,Female,29.90,value in Percentage,
2013,July,Rajasthan,Total,25.22,value in Percentage,
2013,July,Rajasthan,Male,25.45,value in Percentage,
2013,July,Rajasthan,Female,24.97,value in Percentage,
2013,July,Punjab,Total,38.33,value in Percentage,
2013,July,Punjab,Male,38.78,value in Percentage,
2013,July,Punjab,Female,37.83,value in Percentage,
2013,July,Puducherry,Total,68.72,value in Percentage,
2013,July,Puducherry,Male,68.95,value in Percentage,
2013,July,Puducherry,Female,68.50,value in Percentage,
2013,July,Odisha,Total,17.10,value in Percentage,
2013,July,Odisha,Male,17.53,value in Percentage,
2013,July,Odisha,Female,16.66,value in Percentage,
2013,July,Nagaland,Total,32.10,value in Percentage,
2013,July,Nagaland,Male,32.50,value in Percentage,
2013,July,Nagaland,Female,31.66,value in Percentage,
2013,July,Mizoram,Total,52.75,value in Percentage,
2013,July,Mizoram,Male,52.19,value in Percentage,
2013,July,Mizoram,Female,53.32,value in Percentage,
2013,July,Meghalaya,Total,20.19,value in Percentage,
2013,July,Meghalaya,Male,20.08,value in Percentage,
2013,July,Meghalaya,Female,20.30,value in Percentage,
2013,July,Manipur,Total,29.86,value in Percentage,
2013,July,Manipur,Male,29.27,value in Percentage,
2013,July,Manipur,Female,30.45,value in Percentage,
2013,July,Maharashtra,Total,45.87,value in Percentage,
2013,July,Maharashtra,Male,46.47,value in Percentage,
2013,July,Maharashtra,Female,45.23,value in Percentage,
2013,July,Madhya Pradesh,Total,27.91,value in Percentage,
2013,July,Madhya Pradesh,Male,28.12,value in Percentage,
2013,July,Madhya Pradesh,Female,27.68,value in Percentage,
2013,July,Lakshadweep,Total,83.56,value in Percentage,
2013,July,Lakshadweep,Male,83.62,value in Percentage,
2013,July,Lakshadweep,Female,83.50,value in Percentage,
2013,July,Ladakh,Total,24.14,value in Percentage,
2013,July,Ladakh,Male,27.79,value in Percentage,
2013,July,Ladakh,Female,19.31,value in Percentage,
2013,July,Kerala,Total,53.27,value in Percentage,
2013,July,Kerala,Male,53.09,value in Percentage,
2013,July,Kerala,Female,53.43,value in Percentage,
2013,July,Karnataka,Total,39.79,value in Percentage,
2013,July,Karnataka,Male,39.98,value in Percentage,
2013,July,Karnataka,Female,39.59,value in Percentage,
2013,July,Jharkhand,Total,24.47,value in Percentage,
2013,July,Jharkhand,Male,24.98,value in Percentage,
2013,July,Jharkhand,Female,23.95,value in Percentage,
2013,July,Jammu and Kashmir,Total,28.07,value in Percentage,
2013,July,Jammu and Kashmir,Male,28.81,value in Percentage,
2013,July,Jammu and Kashmir,Female,27.25,value in Percentage,
2013,July,Himachal Pradesh,Total,10.09,value in Percentage,
2013,July,Himachal Pradesh,Male,10.73,value in Percentage,
2013,July,Himachal Pradesh,Female,9.42,value in Percentage,
2013,July,Haryana,Total,36.32,value in Percentage,
2013,July,Haryana,Male,36.46,value in Percentage,
2013,July,Haryana,Female,36.15,value in Percentage,
2013,July,Gujarat,Total,43.83,value in Percentage,
2013,July,Gujarat,Male,44.67,value in Percentage,
2013,July,Gujarat,Female,42.91,value in Percentage,
2013,July,Goa,Total,64.94,value in Percentage,
2013,July,Goa,Male,65.59,value in Percentage,
2013,July,Goa,Female,64.28,value in Percentage,
2013,July,Delhi,Total,98.07,value in Percentage,
2013,July,Delhi,Male,98.15,value in Percentage,
2013,July,Delhi,Female,97.97,value in Percentage,
2013,July,Daman and Diu,Total,81.52,value in Percentage,
2013,July,Daman and Diu,Male,81.52,value in Percentage,
2013,July,Daman and Diu,Female,81.50,value in Percentage,
2013,July,Dadra and Nagar Haveli,Total,52.49,value in Percentage,
2013,July,Dadra and Nagar Haveli,Male,54.54,value in Percentage,
2013,July,Dadra and Nagar Haveli,Female,49.74,value in Percentage,
2013,July,Chhattisgarh,Total,24.01,value in Percentage,
2013,July,Chhattisgarh,Male,24.45,value in Percentage,
2013,July,Chhattisgarh,Female,23.57,value in Percentage,
2013,July,Chandigarh,Total,98.10,value in Percentage,
2013,July,Chandigarh,Male,98.26,value in Percentage,
2013,July,Chandigarh,Female,97.89,value in Percentage,
2013,July,Bihar,Total,11.49,value in Percentage,
2013,July,Bihar,Male,11.64,value in Percentage,
2013,July,Bihar,Female,11.34,value in Percentage,
2013,July,Assam,Total,14.38,value in Percentage,
2013,July,Assam,Male,14.48,value in Percentage,
2013,July,Assam,Female,14.28,value in Percentage,
2013,July,Arunachal Pradesh,Total,23.49,value in Percentage,
2013,July,Arunachal Pradesh,Male,24.10,value in Percentage,
2013,July,Arunachal Pradesh,Female,22.84,value in Percentage,
2013,July,Andhra Pradesh,Total,30.80,value in Percentage,
2013,July,Andhra Pradesh,Male,30.96,value in Percentage,
2013,July,Andhra Pradesh,Female,30.64,value in Percentage,
2013,July,Andaman and Nicobar Islands,Total,38.88,value in Percentage,
2013,July,Andaman and Nicobar Islands,Male,39.02,value in Percentage,
2013,July,Andaman and Nicobar Islands,Female,38.71,value in Percentage,
2013,July,All India,Total,31.93,value in Percentage,
2013,July,All India,Male,32.16,value in Percentage,
2013,July,All India,Female,31.68,value in Percentage,
2012,October,West Bengal,Total,32.51,value in Percentage,
2012,October,West Bengal,Male,32.64,value in Percentage,
2012,October,West Bengal,Female,32.39,value in Percentage,
2012,October,Uttarakhand,Total,30.99,value in Percentage,
2012,October,Uttarakhand,Male,32.25,value in Percentage,
2012,October,Uttarakhand,Female,29.67,value in Percentage,
2012,October,Uttar Pradesh,Total,22.51,value in Percentage,
2012,October,Uttar Pradesh,Male,22.74,value in Percentage,
2012,October,Uttar Pradesh,Female,22.25,value in Percentage,
2012,October,Tripura,Total,27.86,value in Percentage,
2012,October,Tripura,Male,27.68,value in Percentage,
2012,October,Tripura,Female,28.03,value in Percentage,
2012,October,Telangana,Total,40.04,value in Percentage,
2012,October,Telangana,Male,40.05,value in Percentage,
2012,October,Telangana,Female,40.03,value in Percentage,
2012,October,Tamil Nadu,Total,49.09,value in Percentage,
2012,October,Tamil Nadu,Male,49.02,value in Percentage,
2012,October,Tamil Nadu,Female,49.16,value in Percentage,
2012,October,Sikkim,Total,28.13,value in Percentage,
2012,October,Sikkim,Male,27.80,value in Percentage,
2012,October,Sikkim,Female,28.50,value in Percentage,
2012,October,Rajasthan,Total,25.11,value in Percentage,
2012,October,Rajasthan,Male,25.33,value in Percentage,
2012,October,Rajasthan,Female,24.87,value in Percentage,
2012,October,Punjab,Total,38.06,value in Percentage,
2012,October,Punjab,Male,38.49,value in Percentage,
2012,October,Punjab,Female,37.58,value in Percentage,
2012,October,Puducherry,Total,68.59,value in Percentage,
2012,October,Puducherry,Male,68.70,value in Percentage,
2012,October,Puducherry,Female,68.48,value in Percentage,
2012,October,Odisha,Total,16.97,value in Percentage,
2012,October,Odisha,Male,17.39,value in Percentage,
2012,October,Odisha,Female,16.54,value in Percentage,
2012,October,Nagaland,Total,31.05,value in Percentage,
2012,October,Nagaland,Male,31.44,value in Percentage,
2012,October,Nagaland,Female,30.64,value in Percentage,
2012,October,Mizoram,Total,52.57,value in Percentage,
2012,October,Mizoram,Male,52.01,value in Percentage,
2012,October,Mizoram,Female,53.15,value in Percentage,
2012,October,Meghalaya,Total,20.15,value in Percentage,
2012,October,Meghalaya,Male,20.04,value in Percentage,
2012,October,Meghalaya,Female,20.27,value in Percentage,
2012,October,Manipur,Total,29.66,value in Percentage,
2012,October,Manipur,Male,29.07,value in Percentage,
2012,October,Manipur,Female,30.26,value in Percentage,
2012,October,Maharashtra,Total,45.67,value in Percentage,
2012,October,Maharashtra,Male,46.27,value in Percentage,
2012,October,Maharashtra,Female,45.01,value in Percentage,
2012,October,Madhya Pradesh,Total,27.82,value in Percentage,
2012,October,Madhya Pradesh,Male,28.03,value in Percentage,
2012,October,Madhya Pradesh,Female,27.60,value in Percentage,
2012,October,Lakshadweep,Total,81.65,value in Percentage,
2012,October,Lakshadweep,Male,81.71,value in Percentage,
2012,October,Lakshadweep,Female,81.59,value in Percentage,
2012,October,Ladakh,Total,23.62,value in Percentage,
2012,October,Ladakh,Male,27.16,value in Percentage,
2012,October,Ladakh,Female,18.93,value in Percentage,
2012,October,Kerala,Total,51.48,value in Percentage,
2012,October,Kerala,Male,51.31,value in Percentage,
2012,October,Kerala,Female,51.64,value in Percentage,
2012,October,Karnataka,Total,39.43,value in Percentage,
2012,October,Karnataka,Male,39.62,value in Percentage,
2012,October,Karnataka,Female,39.23,value in Percentage,
2012,October,Jharkhand,Total,24.34,value in Percentage,
2012,October,Jharkhand,Male,24.83,value in Percentage,
2012,October,Jharkhand,Female,23.82,value in Percentage,
2012,October,Jammu and Kashmir,Total,27.88,value in Percentage,
2012,October,Jammu and Kashmir,Male,28.60,value in Percentage,
2012,October,Jammu and Kashmir,Female,27.08,value in Percentage,
2012,October,Himachal Pradesh,Total,10.07,value in Percentage,
2012,October,Himachal Pradesh,Male,10.71,value in Percentage,
2012,October,Himachal Pradesh,Female,9.41,value in Percentage,
2012,October,Haryana,Total,35.86,value in Percentage,
2012,October,Haryana,Male,35.99,value in Percentage,
2012,October,Haryana,Female,35.71,value in Percentage,
2012,October,Gujarat,Total,43.43,value in Percentage,
2012,October,Gujarat,Male,44.29,value in Percentage,
2012,October,Gujarat,Female,42.50,value in Percentage,
2012,October,Goa,Total,64.05,value in Percentage,
2012,October,Goa,Male,64.67,value in Percentage,
2012,October,Goa,Female,63.42,value in Percentage,
2012,October,Delhi,Total,97.89,value in Percentage,
2012,October,Delhi,Male,97.95,value in Percentage,
2012,October,Delhi,Female,97.83,value in Percentage,
2012,October,Daman and Diu,Total,79.58,value in Percentage,
2012,October,Daman and Diu,Male,79.59,value in Percentage,
2012,October,Daman and Diu,Female,79.56,value in Percentage,
2012,October,Dadra and Nagar Haveli,Total,50.69,value in Percentage,
2012,October,Dadra and Nagar Haveli,Male,52.90,value in Percentage,
2012,October,Dadra and Nagar Haveli,Female,47.77,value in Percentage,
2012,October,Chhattisgarh,Total,23.76,value in Percentage,
2012,October,Chhattisgarh,Male,24.19,value in Percentage,
2012,October,Chhattisgarh,Female,23.33,value in Percentage,
2012,October,Chandigarh,Total,97.84,value in Percentage,
2012,October,Chandigarh,Male,97.88,value in Percentage,
2012,October,Chandigarh,Female,97.79,value in Percentage,
2012,October,Bihar,Total,11.43,value in Percentage,
2012,October,Bihar,Male,11.57,value in Percentage,
2012,October,Bihar,Female,11.28,value in Percentage,
2012,October,Assam,Total,14.29,value in Percentage,
2012,October,Assam,Male,14.38,value in Percentage,
2012,October,Assam,Female,14.19,value in Percentage,
2012,October,Arunachal Pradesh,Total,23.33,value in Percentage,
2012,October,Arunachal Pradesh,Male,23.93,value in Percentage,
2012,October,Arunachal Pradesh,Female,22.68,value in Percentage,
2012,October,Andhra Pradesh,Total,30.37,value in Percentage,
2012,October,Andhra Pradesh,Male,30.52,value in Percentage,
2012,October,Andhra Pradesh,Female,30.21,value in Percentage,
2012,October,Andaman and Nicobar Islands,Total,38.46,value in Percentage,
2012,October,Andaman and Nicobar Islands,Male,38.57,value in Percentage,
2012,October,Andaman and Nicobar Islands,Female,38.34,value in Percentage,
2012,October,All India,Total,31.68,value in Percentage,
2012,October,All India,Male,31.90,value in Percentage,
2012,October,All India,Female,31.43,value in Percentage,
2012,March,West Bengal,Total,32.28,value in Percentage,
2012,March,West Bengal,Male,32.39,value in Percentage,
2012,March,West Bengal,Female,32.16,value in Percentage,
2012,March,Uttarakhand,Total,30.70,value in Percentage,
2012,March,Uttarakhand,Male,31.97,value in Percentage,
2012,March,Uttarakhand,Female,29.39,value in Percentage,
2012,March,Uttar Pradesh,Total,22.42,value in Percentage,
2012,March,Uttar Pradesh,Male,22.65,value in Percentage,
2012,March,Uttar Pradesh,Female,22.17,value in Percentage,
2012,March,Tripura,Total,27.22,value in Percentage,
2012,March,Tripura,Male,27.05,value in Percentage,
2012,March,Tripura,Female,27.40,value in Percentage,
2012,March,Telangana,Total,39.59,value in Percentage,
2012,March,Telangana,Male,39.60,value in Percentage,
2012,March,Telangana,Female,39.58,value in Percentage,
2012,March,Tamil Nadu,Total,48.83,value in Percentage,
2012,March,Tamil Nadu,Male,48.76,value in Percentage,
2012,March,Tamil Nadu,Female,48.91,value in Percentage,
2012,March,Sikkim,Total,27.06,value in Percentage,
2012,March,Sikkim,Male,26.74,value in Percentage,
2012,March,Sikkim,Female,27.41,value in Percentage,
2012,March,Rajasthan,Total,25.02,value in Percentage,
2012,March,Rajasthan,Male,25.23,value in Percentage,
2012,March,Rajasthan,Female,24.80,value in Percentage,
2012,March,Punjab,Total,37.85,value in Percentage,
2012,March,Punjab,Male,38.27,value in Percentage,
2012,March,Punjab,Female,37.38,value in Percentage,
2012,March,Puducherry,Total,68.50,value in Percentage,
2012,March,Puducherry,Male,68.52,value in Percentage,
2012,March,Puducherry,Female,68.49,value in Percentage,
2012,March,Odisha,Total,16.86,value in Percentage,
2012,March,Odisha,Male,17.28,value in Percentage,
2012,March,Odisha,Female,16.44,value in Percentage,
2012,March,Nagaland,Total,30.20,value in Percentage,
2012,March,Nagaland,Male,30.57,value in Percentage,
2012,March,Nagaland,Female,29.80,value in Percentage,
2012,March,Mizoram,Total,52.38,value in Percentage,
2012,March,Mizoram,Male,51.81,value in Percentage,
2012,March,Mizoram,Female,52.96,value in Percentage,
2012,March,Meghalaya,Total,20.10,value in Percentage,
2012,March,Meghalaya,Male,19.99,value in Percentage,
2012,March,Meghalaya,Female,20.22,value in Percentage,
2012,March,Manipur,Total,29.48,value in Percentage,
2012,March,Manipur,Male,28.89,value in Percentage,
2012,March,Manipur,Female,30.07,value in Percentage,
2012,March,Maharashtra,Total,45.50,value in Percentage,
2012,March,Maharashtra,Male,46.12,value in Percentage,
2012,March,Maharashtra,Female,44.84,value in Percentage,
2012,March,Madhya Pradesh,Total,27.75,value in Percentage,
2012,March,Madhya Pradesh,Male,27.95,value in Percentage,
2012,March,Madhya Pradesh,Female,27.54,value in Percentage,
2012,March,Lakshadweep,Total,80.15,value in Percentage,
2012,March,Lakshadweep,Male,80.21,value in Percentage,
2012,March,Lakshadweep,Female,80.09,value in Percentage,
2012,March,Ladakh,Total,23.11,value in Percentage,
2012,March,Ladakh,Male,26.55,value in Percentage,
2012,March,Ladakh,Female,18.55,value in Percentage,
2012,March,Kerala,Total,50.09,value in Percentage,
2012,March,Kerala,Male,49.92,value in Percentage,
2012,March,Kerala,Female,50.24,value in Percentage,
2012,March,Karnataka,Total,39.15,value in Percentage,
2012,March,Karnataka,Male,39.34,value in Percentage,
2012,March,Karnataka,Female,38.95,value in Percentage,
2012,March,Jharkhand,Total,24.23,value in Percentage,
2012,March,Jharkhand,Male,24.72,value in Percentage,
2012,March,Jharkhand,Female,23.71,value in Percentage,
2012,March,Jammu and Kashmir,Total,27.73,value in Percentage,
2012,March,Jammu and Kashmir,Male,28.43,value in Percentage,
2012,March,Jammu and Kashmir,Female,26.95,value in Percentage,
2012,March,Himachal Pradesh,Total,10.05,value in Percentage,
2012,March,Himachal Pradesh,Male,10.70,value in Percentage,
2012,March,Himachal Pradesh,Female,9.39,value in Percentage,
2012,March,Haryana,Total,35.50,value in Percentage,
2012,March,Haryana,Male,35.62,value in Percentage,
2012,March,Haryana,Female,35.36,value in Percentage,
2012,March,Gujarat,Total,43.13,value in Percentage,
2012,March,Gujarat,Male,43.99,value in Percentage,
2012,March,Gujarat,Female,42.18,value in Percentage,
2012,March,Goa,Total,63.37,value in Percentage,
2012,March,Goa,Male,63.96,value in Percentage,
2012,March,Goa,Female,62.76,value in Percentage,
2012,March,Delhi,Total,97.76,value in Percentage,
2012,March,Delhi,Male,97.79,value in Percentage,
2012,March,Delhi,Female,97.72,value in Percentage,
2012,March,Daman and Diu,Total,77.94,value in Percentage,
2012,March,Daman and Diu,Male,77.94,value in Percentage,
2012,March,Daman and Diu,Female,77.94,value in Percentage,
2012,March,Dadra and Nagar Haveli,Total,49.26,value in Percentage,
2012,March,Dadra and Nagar Haveli,Male,51.59,value in Percentage,
2012,March,Dadra and Nagar Haveli,Female,46.19,value in Percentage,
2012,March,Chhattisgarh,Total,23.57,value in Percentage,
2012,March,Chhattisgarh,Male,24.00,value in Percentage,
2012,March,Chhattisgarh,Female,23.14,value in Percentage,
2012,March,Chandigarh,Total,97.61,value in Percentage,
2012,March,Chandigarh,Male,97.55,value in Percentage,
2012,March,Chandigarh,Female,97.68,value in Percentage,
2012,March,Bihar,Total,11.38,value in Percentage,
2012,March,Bihar,Male,11.52,value in Percentage,
2012,March,Bihar,Female,11.23,value in Percentage,
2012,March,Assam,Total,14.22,value in Percentage,
2012,March,Assam,Male,14.31,value in Percentage,
2012,March,Assam,Female,14.12,value in Percentage,
2012,March,Arunachal Pradesh,Total,23.16,value in Percentage,
2012,March,Arunachal Pradesh,Male,23.76,value in Percentage,
2012,March,Arunachal Pradesh,Female,22.53,value in Percentage,
2012,March,Andhra Pradesh,Total,30.04,value in Percentage,
2012,March,Andhra Pradesh,Male,30.19,value in Percentage,
2012,March,Andhra Pradesh,Female,29.89,value in Percentage,
2012,March,Andaman and Nicobar Islands,Total,38.14,value in Percentage,
2012,March,Andaman and Nicobar Islands,Male,38.22,value in Percentage,
2012,March,Andaman and Nicobar Islands,Female,38.04,value in Percentage,
2012,March,All India,Total,31.49,value in Percentage,
2012,March,All India,Male,31.72,value in Percentage,
2012,March,All India,Female,31.25,value in Percentage,
2012,July,West Bengal,Total,32.41,value in Percentage,
2012,July,West Bengal,Male,32.53,value in Percentage,
2012,July,West Bengal,Female,32.29,value in Percentage,
2012,July,Uttarakhand,Total,30.87,value in Percentage,
2012,July,Uttarakhand,Male,32.13,value in Percentage,
2012,July,Uttarakhand,Female,29.55,value in Percentage,
2012,July,Uttar Pradesh,Total,22.47,value in Percentage,
2012,July,Uttar Pradesh,Male,22.70,value in Percentage,
2012,July,Uttar Pradesh,Female,22.22,value in Percentage,
2012,July,Tripura,Total,27.60,value in Percentage,
2012,July,Tripura,Male,27.42,value in Percentage,
2012,July,Tripura,Female,27.77,value in Percentage,
2012,July,Telangana,Total,39.86,value in Percentage,
2012,July,Telangana,Male,39.87,value in Percentage,
2012,July,Telangana,Female,39.85,value in Percentage,
2012,July,Tamil Nadu,Total,48.98,value in Percentage,
2012,July,Tamil Nadu,Male,48.91,value in Percentage,
2012,July,Tamil Nadu,Female,49.05,value in Percentage,
2012,July,Sikkim,Total,27.68,value in Percentage,
2012,July,Sikkim,Male,27.36,value in Percentage,
2012,July,Sikkim,Female,28.05,value in Percentage,
2012,July,Rajasthan,Total,25.07,value in Percentage,
2012,July,Rajasthan,Male,25.28,value in Percentage,
2012,July,Rajasthan,Female,24.84,value in Percentage,
2012,July,Punjab,Total,37.97,value in Percentage,
2012,July,Punjab,Male,38.40,value in Percentage,
2012,July,Punjab,Female,37.49,value in Percentage,
2012,July,Puducherry,Total,68.55,value in Percentage,
2012,July,Puducherry,Male,68.62,value in Percentage,
2012,July,Puducherry,Female,68.49,value in Percentage,
2012,July,Odisha,Total,16.92,value in Percentage,
2012,July,Odisha,Male,17.34,value in Percentage,
2012,July,Odisha,Female,16.50,value in Percentage,
2012,July,Nagaland,Total,30.70,value in Percentage,
2012,July,Nagaland,Male,31.08,value in Percentage,
2012,July,Nagaland,Female,30.29,value in Percentage,
2012,July,Mizoram,Total,52.51,value in Percentage,
2012,July,Mizoram,Male,51.94,value in Percentage,
2012,July,Mizoram,Female,53.09,value in Percentage,
2012,July,Meghalaya,Total,20.14,value in Percentage,
2012,July,Meghalaya,Male,20.02,value in Percentage,
2012,July,Meghalaya,Female,20.26,value in Percentage,
2012,July,Manipur,Total,29.59,value in Percentage,
2012,July,Manipur,Male,29.01,value in Percentage,
2012,July,Manipur,Female,30.19,value in Percentage,
2012,July,Maharashtra,Total,45.60,value in Percentage,
2012,July,Maharashtra,Male,46.20,value in Percentage,
2012,July,Maharashtra,Female,44.94,value in Percentage,
2012,July,Madhya Pradesh,Total,27.79,value in Percentage,
2012,July,Madhya Pradesh,Male,27.99,value in Percentage,
2012,July,Madhya Pradesh,Female,27.57,value in Percentage,
2012,July,Lakshadweep,Total,81.01,value in Percentage,
2012,July,Lakshadweep,Male,81.07,value in Percentage,
2012,July,Lakshadweep,Female,80.95,value in Percentage,
2012,July,Ladakh,Total,23.40,value in Percentage,
2012,July,Ladakh,Male,26.90,value in Percentage,
2012,July,Ladakh,Female,18.76,value in Percentage,
2012,July,Kerala,Total,50.88,value in Percentage,
2012,July,Kerala,Male,50.72,value in Percentage,
2012,July,Kerala,Female,51.04,value in Percentage,
2012,July,Karnataka,Total,39.31,value in Percentage,
2012,July,Karnataka,Male,39.51,value in Percentage,
2012,July,Karnataka,Female,39.11,value in Percentage,
2012,July,Jharkhand,Total,24.29,value in Percentage,
2012,July,Jharkhand,Male,24.79,value in Percentage,
2012,July,Jharkhand,Female,23.77,value in Percentage,
2012,July,Jammu and Kashmir,Total,27.82,value in Percentage,
2012,July,Jammu and Kashmir,Male,28.53,value in Percentage,
2012,July,Jammu and Kashmir,Female,27.03,value in Percentage,
2012,July,Himachal Pradesh,Total,10.06,value in Percentage,
2012,July,Himachal Pradesh,Male,10.71,value in Percentage,
2012,July,Himachal Pradesh,Female,9.40,value in Percentage,
2012,July,Haryana,Total,35.70,value in Percentage,
2012,July,Haryana,Male,35.83,value in Percentage,
2012,July,Haryana,Female,35.56,value in Percentage,
2012,July,Gujarat,Total,43.30,value in Percentage,
2012,July,Gujarat,Male,44.16,value in Percentage,
2012,July,Gujarat,Female,42.37,value in Percentage,
2012,July,Goa,Total,63.76,value in Percentage,
2012,July,Goa,Male,64.36,value in Percentage,
2012,July,Goa,Female,63.14,value in Percentage,
2012,July,Delhi,Total,97.84,value in Percentage,
2012,July,Delhi,Male,97.89,value in Percentage,
2012,July,Delhi,Female,97.78,value in Percentage,
2012,July,Daman and Diu,Total,78.89,value in Percentage,
2012,July,Daman and Diu,Male,78.90,value in Percentage,
2012,July,Daman and Diu,Female,78.88,value in Percentage,
2012,July,Dadra and Nagar Haveli,Total,50.09,value in Percentage,
2012,July,Dadra and Nagar Haveli,Male,52.35,value in Percentage,
2012,July,Dadra and Nagar Haveli,Female,47.10,value in Percentage,
2012,July,Chhattisgarh,Total,23.68,value in Percentage,
2012,July,Chhattisgarh,Male,24.11,value in Percentage,
2012,July,Chhattisgarh,Female,23.25,value in Percentage,
2012,July,Chandigarh,Total,97.74,value in Percentage,
2012,July,Chandigarh,Male,97.74,value in Percentage,
2012,July,Chandigarh,Female,97.74,value in Percentage,
2012,July,Bihar,Total,11.41,value in Percentage,
2012,July,Bihar,Male,11.55,value in Percentage,
2012,July,Bihar,Female,11.26,value in Percentage,
2012,July,Assam,Total,14.26,value in Percentage,
2012,July,Assam,Male,14.35,value in Percentage,
2012,July,Assam,Female,14.16,value in Percentage,
2012,July,Arunachal Pradesh,Total,23.27,value in Percentage,
2012,July,Arunachal Pradesh,Male,23.87,value in Percentage,
2012,July,Arunachal Pradesh,Female,22.63,value in Percentage,
2012,July,Andhra Pradesh,Total,30.23,value in Percentage,
2012,July,Andhra Pradesh,Male,30.38,value in Percentage,
2012,July,Andhra Pradesh,Female,30.07,value in Percentage,
2012,July,Andaman and Nicobar Islands,Total,38.32,value in Percentage,
2012,July,Andaman and Nicobar Islands,Male,38.42,value in Percentage,
2012,July,Andaman and Nicobar Islands,Female,38.21,value in Percentage,
2012,July,All India,Total,31.59,value in Percentage,
2012,July,All India,Male,31.82,value in Percentage,
2012,July,All India,Female,31.35,value in Percentage,
2011,October,West Bengal,Total,32.11,value in Percentage,
2011,October,West Bengal,Male,32.22,value in Percentage,
2011,October,West Bengal,Female,32.00,value in Percentage,
2011,October,Uttarakhand,Total,30.51,value in Percentage,
2011,October,Uttarakhand,Male,31.78,value in Percentage,
2011,October,Uttarakhand,Female,29.19,value in Percentage,
2011,October,Uttar Pradesh,Total,22.36,value in Percentage,
2011,October,Uttar Pradesh,Male,22.58,value in Percentage,
2011,October,Uttar Pradesh,Female,22.11,value in Percentage,
2011,October,Tripura,Total,26.80,value in Percentage,
2011,October,Tripura,Male,26.63,value in Percentage,
2011,October,Tripura,Female,26.98,value in Percentage,
2011,October,Telangana,Total,39.32,value in Percentage,
2011,October,Telangana,Male,39.34,value in Percentage,
2011,October,Telangana,Female,39.31,value in Percentage,
2011,October,Tamil Nadu,Total,48.65,value in Percentage,
2011,October,Tamil Nadu,Male,48.57,value in Percentage,
2011,October,Tamil Nadu,Female,48.73,value in Percentage,
2011,October,Sikkim,Total,26.32,value in Percentage,
2011,October,Sikkim,Male,26.01,value in Percentage,
2011,October,Sikkim,Female,26.67,value in Percentage,
2011,October,Rajasthan,Total,24.96,value in Percentage,
2011,October,Rajasthan,Male,25.16,value in Percentage,
2011,October,Rajasthan,Female,24.75,value in Percentage,
2011,October,Punjab,Total,37.70,value in Percentage,
2011,October,Punjab,Male,38.11,value in Percentage,
2011,October,Punjab,Female,37.24,value in Percentage,
2011,October,Puducherry,Total,68.44,value in Percentage,
2011,October,Puducherry,Male,68.39,value in Percentage,
2011,October,Puducherry,Female,68.49,value in Percentage,
2011,October,Odisha,Total,16.79,value in Percentage,
2011,October,Odisha,Male,17.20,value in Percentage,
2011,October,Odisha,Female,16.37,value in Percentage,
2011,October,Nagaland,Total,29.67,value in Percentage,
2011,October,Nagaland,Male,30.03,value in Percentage,
2011,October,Nagaland,Female,29.28,value in Percentage,
2011,October,Mizoram,Total,52.33,value in Percentage,
2011,October,Mizoram,Male,51.75,value in Percentage,
2011,October,Mizoram,Female,52.92,value in Percentage,
2011,October,Meghalaya,Total,20.10,value in Percentage,
2011,October,Meghalaya,Male,19.98,value in Percentage,
2011,October,Meghalaya,Female,20.22,value in Percentage,
2011,October,Manipur,Total,29.39,value in Percentage,
2011,October,Manipur,Male,28.80,value in Percentage,
2011,October,Manipur,Female,29.99,value in Percentage,
2011,October,Maharashtra,Total,45.39,value in Percentage,
2011,October,Maharashtra,Male,46.01,value in Percentage,
2011,October,Maharashtra,Female,44.72,value in Percentage,
2011,October,Madhya Pradesh,Total,27.70,value in Percentage,
2011,October,Madhya Pradesh,Male,27.90,value in Percentage,
2011,October,Madhya Pradesh,Female,27.50,value in Percentage,
2011,October,Lakshadweep,Total,79.07,value in Percentage,
2011,October,Lakshadweep,Male,79.13,value in Percentage,
2011,October,Lakshadweep,Female,79.01,value in Percentage,
2011,October,Ladakh,Total,22.90,value in Percentage,
2011,October,Ladakh,Male,26.29,value in Percentage,
2011,October,Ladakh,Female,18.40,value in Percentage,
2011,October,Kerala,Total,49.10,value in Percentage,
2011,October,Kerala,Male,48.94,value in Percentage,
2011,October,Kerala,Female,49.24,value in Percentage,
2011,October,Karnataka,Total,38.95,value in Percentage,
2011,October,Karnataka,Male,39.15,value in Percentage,
2011,October,Karnataka,Female,38.75,value in Percentage,
2011,October,Jharkhand,Total,24.16,value in Percentage,
2011,October,Jharkhand,Male,24.64,value in Percentage,
2011,October,Jharkhand,Female,23.64,value in Percentage,
2011,October,Jammu and Kashmir,Total,27.63,value in Percentage,
2011,October,Jammu and Kashmir,Male,28.31,value in Percentage,
2011,October,Jammu and Kashmir,Female,26.86,value in Percentage,
2011,October,Himachal Pradesh,Total,10.05,value in Percentage,
2011,October,Himachal Pradesh,Male,10.69,value in Percentage,
2011,October,Himachal Pradesh,Female,9.38,value in Percentage,
2011,October,Haryana,Total,35.24,value in Percentage,
2011,October,Haryana,Male,35.36,value in Percentage,
2011,October,Haryana,Female,35.11,value in Percentage,
2011,October,Gujarat,Total,42.91,value in Percentage,
2011,October,Gujarat,Male,43.78,value in Percentage,
2011,October,Gujarat,Female,41.95,value in Percentage,
2011,October,Goa,Total,62.88,value in Percentage,
2011,October,Goa,Male,63.45,value in Percentage,
2011,October,Goa,Female,62.29,value in Percentage,
2011,October,Delhi,Total,97.65,value in Percentage,
2011,October,Delhi,Male,97.67,value in Percentage,
2011,October,Delhi,Female,97.63,value in Percentage,
2011,October,Daman and Diu,Total,76.86,value in Percentage,
2011,October,Daman and Diu,Male,76.87,value in Percentage,
2011,October,Daman and Diu,Female,76.84,value in Percentage,
2011,October,Dadra and Nagar Haveli,Total,48.29,value in Percentage,
2011,October,Dadra and Nagar Haveli,Male,50.72,value in Percentage,
2011,October,Dadra and Nagar Haveli,Female,45.12,value in Percentage,
2011,October,Chhattisgarh,Total,23.44,value in Percentage,
2011,October,Chhattisgarh,Male,23.85,value in Percentage,
2011,October,Chhattisgarh,Female,23.01,value in Percentage,
2011,October,Chandigarh,Total,97.44,value in Percentage,
2011,October,Chandigarh,Male,97.31,value in Percentage,
2011,October,Chandigarh,Female,97.60,value in Percentage,
2011,October,Bihar,Total,11.35,value in Percentage,
2011,October,Bihar,Male,11.48,value in Percentage,
2011,October,Bihar,Female,11.19,value in Percentage,
2011,October,Assam,Total,14.17,value in Percentage,
2011,October,Assam,Male,14.26,value in Percentage,
2011,October,Assam,Female,14.08,value in Percentage,
2011,October,Arunachal Pradesh,Total,23.08,value in Percentage,
2011,October,Arunachal Pradesh,Male,23.67,value in Percentage,
2011,October,Arunachal Pradesh,Female,22.45,value in Percentage,
2011,October,Andhra Pradesh,Total,29.80,value in Percentage,
2011,October,Andhra Pradesh,Male,29.95,value in Percentage,
2011,October,Andhra Pradesh,Female,29.65,value in Percentage,
2011,October,Andaman and Nicobar Islands,Total,37.90,value in Percentage,
2011,October,Andaman and Nicobar Islands,Male,37.97,value in Percentage,
2011,October,Andaman and Nicobar Islands,Female,37.83,value in Percentage,
2011,October,All India,Total,31.34,value in Percentage,
2011,October,All India,Male,31.57,value in Percentage,
2011,October,All India,Female,31.10,value in Percentage,
2011,March,West Bengal,Total,31.87,value in Percentage,
2011,March,West Bengal,Male,31.97,value in Percentage,
2011,March,West Bengal,Female,31.77,value in Percentage,
2011,March,Uttarakhand,Total,30.23,value in Percentage,
2011,March,Uttarakhand,Male,31.50,value in Percentage,
2011,March,Uttarakhand,Female,28.91,value in Percentage,
2011,March,Uttar Pradesh,Total,22.27,value in Percentage,
2011,March,Uttar Pradesh,Male,22.49,value in Percentage,
2011,March,Uttar Pradesh,Female,22.03,value in Percentage,
2011,March,Tripura,Total,26.16,value in Percentage,
2011,March,Tripura,Male,25.99,value in Percentage,
2011,March,Tripura,Female,26.34,value in Percentage,
2011,March,Telangana,Total,38.88,value in Percentage,
2011,March,Telangana,Male,38.89,value in Percentage,
2011,March,Telangana,Female,38.87,value in Percentage,
2011,March,Tamil Nadu,Total,48.40,value in Percentage,
2011,March,Tamil Nadu,Male,48.31,value in Percentage,
2011,March,Tamil Nadu,Female,48.48,value in Percentage,
2011,March,Sikkim,Total,25.22,value in Percentage,
2011,March,Sikkim,Male,24.92,value in Percentage,
2011,March,Sikkim,Female,25.56,value in Percentage,
2011,March,Rajasthan,Total,24.87,value in Percentage,
2011,March,Rajasthan,Male,25.05,value in Percentage,
2011,March,Rajasthan,Female,24.67,value in Percentage,
2011,March,Punjab,Total,37.48,value in Percentage,
2011,March,Punjab,Male,37.88,value in Percentage,
2011,March,Punjab,Female,37.03,value in Percentage,
2011,March,Puducherry,Total,68.35,value in Percentage,
2011,March,Puducherry,Male,68.20,value in Percentage,
2011,March,Puducherry,Female,68.50,value in Percentage,
2011,March,Odisha,Total,16.69,value in Percentage,
2011,March,Odisha,Male,17.09,value in Percentage,
2011,March,Odisha,Female,16.27,value in Percentage,
2011,March,Nagaland,Total,28.86,value in Percentage,
2011,March,Nagaland,Male,29.21,value in Percentage,
2011,March,Nagaland,Female,28.49,value in Percentage,
2011,March,Mizoram,Total,52.13,value in Percentage,
2011,March,Mizoram,Male,51.55,value in Percentage,
2011,March,Mizoram,Female,52.73,value in Percentage,
2011,March,Meghalaya,Total,20.05,value in Percentage,
2011,March,Meghalaya,Male,19.93,value in Percentage,
2011,March,Meghalaya,Female,20.18,value in Percentage,
2011,March,Manipur,Total,29.20,value in Percentage,
2011,March,Manipur,Male,28.61,value in Percentage,
2011,March,Manipur,Female,29.80,value in Percentage,
2011,March,Maharashtra,Total,45.22,value in Percentage,
2011,March,Maharashtra,Male,45.85,value in Percentage,
2011,March,Maharashtra,Female,44.55,value in Percentage,
2011,March,Madhya Pradesh,Total,27.63,value in Percentage,
2011,March,Madhya Pradesh,Male,27.82,value in Percentage,
2011,March,Madhya Pradesh,Female,27.43,value in Percentage,
2011,March,Lakshadweep,Total,77.55,value in Percentage,
2011,March,Lakshadweep,Male,77.61,value in Percentage,
2011,March,Lakshadweep,Female,77.49,value in Percentage,
2011,March,Ladakh,Total,22.60,value in Percentage,
2011,March,Ladakh,Male,25.92,value in Percentage,
2011,March,Ladakh,Female,18.18,value in Percentage,
2011,March,Kerala,Total,47.70,value in Percentage,
2011,March,Kerala,Male,47.55,value in Percentage,
2011,March,Kerala,Female,47.84,value in Percentage,
2011,March,Karnataka,Total,38.67,value in Percentage,
2011,March,Karnataka,Male,38.87,value in Percentage,
2011,March,Karnataka,Female,38.47,value in Percentage,
2011,March,Jharkhand,Total,24.05,value in Percentage,
2011,March,Jharkhand,Male,24.53,value in Percentage,
2011,March,Jharkhand,Female,23.54,value in Percentage,
2011,March,Jammu and Kashmir,Total,27.48,value in Percentage,
2011,March,Jammu and Kashmir,Male,28.15,value in Percentage,
2011,March,Jammu and Kashmir,Female,26.73,value in Percentage,
2011,March,Himachal Pradesh,Total,10.04,value in Percentage,
2011,March,Himachal Pradesh,Male,10.68,value in Percentage,
2011,March,Himachal Pradesh,Female,9.38,value in Percentage,
2011,March,Haryana,Total,34.88,value in Percentage,
2011,March,Haryana,Male,34.98,value in Percentage,
2011,March,Haryana,Female,34.76,value in Percentage,
2011,March,Gujarat,Total,42.60,value in Percentage,
2011,March,Gujarat,Male,43.49,value in Percentage,
2011,March,Gujarat,Female,41.63,value in Percentage,
2011,March,Goa,Total,62.19,value in Percentage,
2011,March,Goa,Male,62.74,value in Percentage,
2011,March,Goa,Female,61.62,value in Percentage,
2011,March,Delhi,Total,97.50,value in Percentage,
2011,March,Delhi,Male,97.50,value in Percentage,
2011,March,Delhi,Female,97.51,value in Percentage,
2011,March,Daman and Diu,Total,75.23,value in Percentage,
2011,March,Daman and Diu,Male,75.23,value in Percentage,
2011,March,Daman and Diu,Female,75.23,value in Percentage,
2011,March,Dadra and Nagar Haveli,Total,46.84,value in Percentage,
2011,March,Dadra and Nagar Haveli,Male,49.40,value in Percentage,
2011,March,Dadra and Nagar Haveli,Female,43.54,value in Percentage,
2011,March,Chhattisgarh,Total,23.24,value in Percentage,
2011,March,Chhattisgarh,Male,23.65,value in Percentage,
2011,March,Chhattisgarh,Female,22.83,value in Percentage,
2011,March,Chandigarh,Total,97.21,value in Percentage,
2011,March,Chandigarh,Male,96.98,value in Percentage,
2011,March,Chandigarh,Female,97.49,value in Percentage,
2011,March,Bihar,Total,11.29,value in Percentage,
2011,March,Bihar,Male,11.43,value in Percentage,
2011,March,Bihar,Female,11.15,value in Percentage,
2011,March,Assam,Total,14.10,value in Percentage,
2011,March,Assam,Male,14.18,value in Percentage,
2011,March,Assam,Female,14.01,value in Percentage,
2011,March,Arunachal Pradesh,Total,22.91,value in Percentage,
2011,March,Arunachal Pradesh,Male,23.49,value in Percentage,
2011,March,Arunachal Pradesh,Female,22.29,value in Percentage,
2011,March,Andhra Pradesh,Total,29.47,value in Percentage,
2011,March,Andhra Pradesh,Male,29.61,value in Percentage,
2011,March,Andhra Pradesh,Female,29.33,value in Percentage,
2011,March,Andaman and Nicobar Islands,Total,37.57,value in Percentage,
2011,March,Andaman and Nicobar Islands,Male,37.61,value in Percentage,
2011,March,Andaman and Nicobar Islands,Female,37.53,value in Percentage,
2011,March,All India,Total,31.14,value in Percentage,
2011,March,All India,Male,31.37,value in Percentage,
2011,March,All India,Female,30.91,value in Percentage,
2011,July,West Bengal,Total,32.01,value in Percentage,
2011,July,West Bengal,Male,32.11,value in Percentage,
2011,July,West Bengal,Female,31.90,value in Percentage,
2011,July,Uttarakhand,Total,30.39,value in Percentage,
2011,July,Uttarakhand,Male,31.66,value in Percentage,
2011,July,Uttarakhand,Female,29.07,value in Percentage,
2011,July,Uttar Pradesh,Total,22.32,value in Percentage,
2011,July,Uttar Pradesh,Male,22.54,value in Percentage,
2011,July,Uttar Pradesh,Female,22.08,value in Percentage,
2011,July,Tripura,Total,26.54,value in Percentage,
2011,July,Tripura,Male,26.37,value in Percentage,
2011,July,Tripura,Female,26.72,value in Percentage,
2011,July,Telangana,Total,39.15,value in Percentage,
2011,July,Telangana,Male,39.16,value in Percentage,
2011,July,Telangana,Female,39.14,value in Percentage,
2011,July,Tamil Nadu,Total,48.54,value in Percentage,
2011,July,Tamil Nadu,Male,48.46,value in Percentage,
2011,July,Tamil Nadu,Female,48.63,value in Percentage,
2011,July,Sikkim,Total,25.86,value in Percentage,
2011,July,Sikkim,Male,25.55,value in Percentage,
2011,July,Sikkim,Female,26.21,value in Percentage,
2011,July,Rajasthan,Total,24.92,value in Percentage,
2011,July,Rajasthan,Male,25.11,value in Percentage,
2011,July,Rajasthan,Female,24.71,value in Percentage,
2011,July,Punjab,Total,37.61,value in Percentage,
2011,July,Punjab,Male,38.01,value in Percentage,
2011,July,Punjab,Female,37.15,value in Percentage,
2011,July,Puducherry,Total,68.40,value in Percentage,
2011,July,Puducherry,Male,68.31,value in Percentage,
2011,July,Puducherry,Female,68.50,value in Percentage,
2011,July,Odisha,Total,16.75,value in Percentage,
2011,July,Odisha,Male,17.15,value in Percentage,
2011,July,Odisha,Female,16.33,value in Percentage,
2011,July,Nagaland,Total,29.34,value in Percentage,
2011,July,Nagaland,Male,29.69,value in Percentage,
2011,July,Nagaland,Female,28.96,value in Percentage,
2011,July,Mizoram,Total,52.26,value in Percentage,
2011,July,Mizoram,Male,51.68,value in Percentage,
2011,July,Mizoram,Female,52.86,value in Percentage,
2011,July,Meghalaya,Total,20.09,value in Percentage,
2011,July,Meghalaya,Male,19.97,value in Percentage,
2011,July,Meghalaya,Female,20.21,value in Percentage,
2011,July,Manipur,Total,29.32,value in Percentage,
2011,July,Manipur,Male,28.73,value in Percentage,
2011,July,Manipur,Female,29.92,value in Percentage,
2011,July,Maharashtra,Total,45.32,value in Percentage,
2011,July,Maharashtra,Male,45.94,value in Percentage,
2011,July,Maharashtra,Female,44.65,value in Percentage,
2011,July,Madhya Pradesh,Total,27.67,value in Percentage,
2011,July,Madhya Pradesh,Male,27.86,value in Percentage,
2011,July,Madhya Pradesh,Female,27.47,value in Percentage,
2011,July,Lakshadweep,Total,78.42,value in Percentage,
2011,July,Lakshadweep,Male,78.48,value in Percentage,
2011,July,Lakshadweep,Female,78.36,value in Percentage,
2011,July,Ladakh,Total,22.77,value in Percentage,
2011,July,Ladakh,Male,26.13,value in Percentage,
2011,July,Ladakh,Female,18.31,value in Percentage,
2011,July,Kerala,Total,48.50,value in Percentage,
2011,July,Kerala,Male,48.34,value in Percentage,
2011,July,Kerala,Female,48.64,value in Percentage,
2011,July,Karnataka,Total,38.83,value in Percentage,
2011,July,Karnataka,Male,39.03,value in Percentage,
2011,July,Karnataka,Female,38.63,value in Percentage,
2011,July,Jharkhand,Total,24.11,value in Percentage,
2011,July,Jharkhand,Male,24.60,value in Percentage,
2011,July,Jharkhand,Female,23.60,value in Percentage,
2011,July,Jammu and Kashmir,Total,27.57,value in Percentage,
2011,July,Jammu and Kashmir,Male,28.24,value in Percentage,
2011,July,Jammu and Kashmir,Female,26.80,value in Percentage,
2011,July,Himachal Pradesh,Total,10.04,value in Percentage,
2011,July,Himachal Pradesh,Male,10.68,value in Percentage,
2011,July,Himachal Pradesh,Female,9.38,value in Percentage,
2011,July,Haryana,Total,35.09,value in Percentage,
2011,July,Haryana,Male,35.20,value in Percentage,
2011,July,Haryana,Female,34.96,value in Percentage,
2011,July,Gujarat,Total,42.77,value in Percentage,
2011,July,Gujarat,Male,43.66,value in Percentage,
2011,July,Gujarat,Female,41.81,value in Percentage,
2011,July,Goa,Total,62.58,value in Percentage,
2011,July,Goa,Male,63.15,value in Percentage,
2011,July,Goa,Female,62.00,value in Percentage,
2011,July,Delhi,Total,97.59,value in Percentage,
2011,July,Delhi,Male,97.60,value in Percentage,
2011,July,Delhi,Female,97.58,value in Percentage,
2011,July,Daman and Diu,Total,76.18,value in Percentage,
2011,July,Daman and Diu,Male,76.19,value in Percentage,
2011,July,Daman and Diu,Female,76.16,value in Percentage,
2011,July,Dadra and Nagar Haveli,Total,47.68,value in Percentage,
2011,July,Dadra and Nagar Haveli,Male,50.16,value in Percentage,
2011,July,Dadra and Nagar Haveli,Female,44.45,value in Percentage,
2011,July,Chhattisgarh,Total,23.35,value in Percentage,
2011,July,Chhattisgarh,Male,23.77,value in Percentage,
2011,July,Chhattisgarh,Female,22.93,value in Percentage,
2011,July,Chandigarh,Total,97.34,value in Percentage,
2011,July,Chandigarh,Male,97.17,value in Percentage,
2011,July,Chandigarh,Female,97.56,value in Percentage,
2011,July,Bihar,Total,11.32,value in Percentage,
2011,July,Bihar,Male,11.46,value in Percentage,
2011,July,Bihar,Female,11.17,value in Percentage,
2011,July,Assam,Total,14.14,value in Percentage,
2011,July,Assam,Male,14.23,value in Percentage,
2011,July,Assam,Female,14.05,value in Percentage,
2011,July,Arunachal Pradesh,Total,23.01,value in Percentage,
2011,July,Arunachal Pradesh,Male,23.60,value in Percentage,
2011,July,Arunachal Pradesh,Female,22.39,value in Percentage,
2011,July,Andhra Pradesh,Total,29.66,value in Percentage,
2011,July,Andhra Pradesh,Male,29.80,value in Percentage,
2011,July,Andhra Pradesh,Female,29.51,value in Percentage,
2011,July,Andaman and Nicobar Islands,Total,37.76,value in Percentage,
2011,July,Andaman and Nicobar Islands,Male,37.82,value in Percentage,
2011,July,Andaman and Nicobar Islands,Female,37.70,value in Percentage,
2011,July,All India,Total,31.26,value in Percentage,
2011,July,All India,Male,31.48,value in Percentage,
2011,July,All India,Female,31.02,value in Percentage,
